NAME,B25091_001E,B25091_001M,B25091_002E,B25091_002M,B25091_003E,B25091_003M,B25091_004E,B25091_004M,B25091_005E,B25091_005M,B25091_006E,B25091_006M,B25091_007E,B25091_007M,B25091_008E,B25091_008M,B25091_009E,B25091_009M,B25091_010E,B25091_010M,B25091_011E,B25091_011M,B25091_012E,B25091_012M,B25091_013E,B25091_013M,B25091_014E,B25091_014M,B25091_015E,B25091_015M,B25091_016E,B25091_016M,B25091_017E,B25091_017M,B25091_018E,B25091_018M,B25091_019E,B25091_019M,B25091_020E,B25091_020M,B25091_021E,B25091_021M,B25091_022E,B25091_022M,B25091_023E,B25091_023M,state,place
"Acalanes Ridge CDP, California",307,90,241,80,20,32,25,30,50,41,39,38,28,33,7,12,0,14,22,32,50,38,0,14,66,45,13,16,21,33,17,26,0,14,0,14,0,14,0,14,0,14,15,24,0,14,06,00135
"Acampo CDP, California",42,67,0,14,0,14,0,14,0,14,0,14,0,14,0,14,0,14,0,14,0,14,0,14,42,67,42,67,0,14,0,14,0,14,0,14,0,14,0,14,0,14,0,14,0,14,06,00156
"Acton CDP, California",2482,211,1830,226,169,92,121,79,255,102,139,71,239,131,190,98,84,68,232,92,387,152,14,24,652,175,212,111,84,56,72,54,43,46,25,27,6,9,0,19,35,57,167,139,8,13,06,00212
"Adelanto city, California",5728,570,4257,554,121,71,535,169,635,168,431,155,523,241,606,234,342,142,442,225,600,187,22,25,1471,329,465,157,373,148,209,153,18,22,281,179,24,28,8,17,48,51,21,33,24,44,06,00296
"Adin CDP, California",58,36,2,5,0,14,0,14,0,14,0,14,0,14,0,14,2,5,0,14,0,14,0,14,56,35,45,31,0,14,0,14,0,14,11,18,0,14,0,14,0,14,0,14,0,14,06,00310
"Agoura Hills city, California",5849,339,4691,365,307,139,797,253,851,194,586,218,483,166,376,185,154,86,344,158,703,215,90,84,1158,239,486,175,223,111,155,68,81,50,18,31,23,27,32,36,11,17,83,65,46,54,06,00394
"Agua Dulce CDP, California",968,136,561,98,25,42,70,53,119,55,88,64,154,85,30,26,13,20,18,18,44,37,0,14,407,120,158,80,53,37,89,85,0,14,15,16,0,14,0,14,0,14,78,62,14,21,06,00450
"Aguanga CDP, California",288,161,44,44,0,14,0,14,6,20,38,39,0,14,0,14,0,14,0,14,0,14,0,14,244,147,77,64,50,47,58,77,0,14,0,14,59,91,0,14,0,14,0,14,0,14,06,00464
"Ahwahnee CDP, California",598,146,281,108,16,21,56,65,58,52,39,32,12,20,14,19,13,20,23,25,32,30,18,29,317,117,42,45,136,87,10,16,47,58,11,17,0,14,0,14,43,68,17,20,11,19,06,00478
"Airport CDP, California",73,50,40,31,0,14,17,21,0,14,0,14,6,16,0,14,10,17,0,14,7,11,0,14,33,45,33,45,0,14,0,14,0,14,0,14,0,14,0,14,0,14,0,14,0,14,06,00535
"Alameda city, California",15194,701,10338,523,764,221,1404,228,2073,361,1715,300,886,205,885,247,540,145,684,226,1376,226,11,19,4856,582,2111,314,849,217,375,112,282,92,85,58,203,105,40,35,221,231,537,254,153,207,06,00562
"Alamo CDP, California",4655,369,3136,328,268,99,624,217,466,146,354,111,288,137,217,94,146,71,308,132,447,122,18,31,1519,266,555,147,353,144,160,81,70,41,58,71,22,26,92,110,47,34,142,72,20,31,06,00618
"Albany city, California",4055,251,2550,220,250,98,387,97,473,96,292,75,361,120,86,36,150,71,103,49,448,149,0,21,1505,231,735,192,302,99,131,77,78,50,68,53,33,26,15,22,57,64,86,39,0,21,06,00674
"Albion CDP, California",89,81,32,42,0,14,0,14,0,14,0,14,32,42,0,14,0,14,0,14,0,14,0,14,57,68,0,14,0,14,0,14,40,63,0,14,0,14,17,28,0,14,0,14,0,14,06,00716
"Alderpoint CDP, California",37,58,0,14,0,14,0,14,0,14,0,14,0,14,0,14,0,14,0,14,0,14,0,14,37,58,0,14,0,14,0,14,0,14,0,14,0,14,0,14,0,14,0,14,37,58,06,00786
"Alhambra city, California",12490,562,7137,554,373,128,789,198,1359,264,1018,197,632,159,504,189,390,171,536,143,1415,351,121,76,5353,479,2444,324,874,216,470,146,351,99,108,61,165,78,112,64,256,144,522,160,51,37,06,00884
"Alhambra Valley CDP, California",297,128,187,78,0,14,10,16,16,18,11,17,96,74,0,14,0,14,0,14,54,48,0,14,110,92,27,27,0,14,35,40,0,14,0,14,0,14,0,14,0,14,48,78,0,14,06,00898
"Aliso Viejo city, California",11138,636,8705,584,652,189,1143,244,1694,341,1685,356,668,184,791,209,666,198,395,117,959,208,52,51,2433,392,1488,367,256,103,346,130,12,14,61,45,67,61,5,9,78,69,98,57,22,35,06,00947
"Alleghany CDP, California",0,14,0,14,0,14,0,14,0,14,0,14,0,14,0,14,0,14,0,14,0,14,0,14,0,14,0,14,0,14,0,14,0,14,0,14,0,14,0,14,0,14,0,14,0,14,06,00982
"Allendale CDP, California",479,138,240,93,16,24,11,18,61,47,17,29,0,14,65,59,19,30,10,17,41,38,0,14,239,120,109,82,75,71,0,14,55,77,0,14,0,14,0,14,0,14,0,14,0,14,06,00996
"Allensworth CDP, California",65,24,21,12,0,14,0,14,2,4,0,14,9,9,8,9,0,14,0,14,2,3,0,14,44,20,21,14,0,14,8,6,10,14,0,14,0,14,0,14,0,14,3,5,2,3,06,01010
"Almanor CDP, California",0,14,0,14,0,14,0,14,0,14,0,14,0,14,0,14,0,14,0,14,0,14,0,14,0,14,0,14,0,14,0,14,0,14,0,14,0,14,0,14,0,14,0,14,0,14,06,01094
"Alondra Park CDP, California",1484,218,1053,209,68,42,157,71,186,79,119,66,93,63,95,79,19,26,55,46,261,160,0,19,431,170,283,155,25,22,22,22,8,13,12,19,32,35,0,19,35,41,14,16,0,19,06,01150
"Alpaugh CDP, California",58,32,11,13,0,14,0,14,4,6,0,14,0,14,0,14,7,11,0,14,0,14,0,14,47,29,25,24,12,14,10,12,0,14,0,14,0,14,0,14,0,14,0,14,0,14,06,01164
"Alpine CDP, California",4002,380,2999,374,268,153,179,152,214,70,525,165,414,170,250,110,328,189,155,71,657,188,9,14,1003,202,304,121,145,97,143,84,61,55,73,46,33,46,14,20,16,22,174,94,40,48,06,01192
"Alpine Village CDP, California",78,29,29,21,3,5,7,13,0,14,6,8,5,9,0,14,0,14,0,14,8,7,0,14,49,21,21,14,9,10,0,14,5,6,0,14,0,14,4,6,4,6,6,7,0,14,06,01228
"Alta CDP, California",240,81,151,64,4,6,22,11,12,12,9,13,4,5,4,6,29,45,44,40,23,16,0,14,89,48,54,44,0,14,8,11,0,14,16,18,0,14,0,14,0,14,11,10,0,14,06,01276
"Altadena CDP, California",11603,636,8426,572,703,201,1295,277,1390,294,816,198,804,210,523,164,529,153,692,219,1666,409,8,12,3177,426,1436,309,551,156,222,137,274,123,88,55,83,59,81,74,42,34,321,127,79,84,06,01290
"Alta Sierra CDP (Kern County), California",12,22,12,22,0,14,0,14,0,14,0,14,0,14,0,14,0,14,0,14,12,22,0,14,0,14,0,14,0,14,0,14,0,14,0,14,0,14,0,14,0,14,0,14,0,14,06,01358
"Alta Sierra CDP (Nevada County), California",2674,313,1655,266,0,19,151,129,247,136,245,147,229,114,174,126,71,59,187,137,351,161,0,19,1019,276,261,116,290,185,86,74,145,93,0,19,0,19,0,19,31,35,161,118,45,70,06,01360
"Alto CDP, California",212,109,200,106,29,46,0,14,10,16,35,42,0,14,0,14,17,28,42,66,67,102,0,14,12,18,12,18,0,14,0,14,0,14,0,14,0,14,0,14,0,14,0,14,0,14,06,01416
"Alturas city, California",719,141,410,112,58,51,85,61,27,29,0,14,51,53,101,73,0,14,7,13,81,64,0,14,309,125,104,88,45,40,51,64,69,91,6,11,0,14,9,17,0,14,25,31,0,14,06,01444
"Alum Rock CDP, California",1859,276,1425,260,67,55,149,96,246,112,251,99,179,188,114,71,77,53,128,63,203,85,11,20,434,114,219,84,103,66,6,11,61,56,0,21,21,21,0,21,0,21,24,32,0,21,06,01458
"Amador City city, California",51,27,23,15,4,4,2,4,2,2,2,3,0,14,0,14,0,14,1,4,11,10,1,4,28,23,9,10,7,11,1,4,6,9,0,14,0,14,0,14,0,14,0,14,5,9,06,01514
"Amador Pines CDP, California",417,106,269,94,14,15,30,27,15,25,67,68,24,24,46,51,48,40,13,16,12,16,0,14,148,72,10,14,15,18,31,25,23,22,0,14,7,12,39,50,0,14,23,37,0,14,06,01518
"American Canyon city, California",4447,265,3197,266,270,110,275,85,579,149,572,151,389,125,296,122,114,57,246,100,456,143,0,25,1250,233,649,159,127,45,123,62,54,45,39,30,10,16,4,7,71,79,138,84,35,33,06,01640
"Amesti CDP, California",684,99,457,119,65,49,26,18,27,20,85,47,45,36,53,48,19,25,64,56,73,37,0,14,227,85,149,77,40,32,6,9,0,14,0,14,0,14,0,14,14,20,18,21,0,14,06,01651
"Anaheim city, California",49155,1466,34221,1381,2101,456,3363,485,5490,536,5302,740,4027,511,3070,452,1804,321,2817,414,6052,674,195,128,14934,858,7089,563,2398,407,1731,293,938,210,521,145,488,196,176,89,248,128,1168,244,177,91,06,02000
"Anchor Bay CDP, California",75,64,43,41,0,14,0,14,0,14,0,14,24,25,0,14,0,14,0,14,19,28,0,14,32,49,0,14,0,14,0,14,0,14,0,14,0,14,0,14,0,14,32,49,0,14,06,02028
"Anderson city, California",2801,241,1874,227,107,81,245,102,238,113,306,146,254,102,186,110,70,47,271,152,197,89,0,21,927,200,257,109,72,44,94,82,86,79,51,40,87,87,0,21,17,19,183,145,80,65,06,02042
"Angels city, California",1259,276,602,193,13,19,43,52,42,33,42,34,117,78,67,47,4,7,37,36,237,132,0,14,657,220,102,74,264,165,40,32,52,60,8,14,8,14,31,51,31,48,121,80,0,14,06,02112
"Angwin CDP, California",505,119,315,108,65,45,11,13,17,17,80,38,80,79,9,12,10,11,4,7,30,20,9,14,190,63,66,45,54,42,25,25,13,15,14,16,8,10,0,14,0,14,10,18,0,14,06,02168
"Antelope CDP, California",10706,616,8192,586,582,220,1075,287,1394,393,1027,189,1261,309,739,190,361,158,686,206,1067,370,0,29,2514,340,1169,221,420,157,320,132,238,214,105,74,50,51,0,29,55,40,121,76,36,31,06,02210
"Antioch city, California",23789,930,17418,949,755,176,1878,347,2851,459,2486,514,1981,355,1535,312,1354,366,1570,351,2959,490,49,55,6371,831,2870,596,1336,369,621,199,326,104,305,138,95,56,167,89,109,71,508,179,34,32,06,02252
"Anza CDP, California",559,202,217,113,17,28,69,76,0,14,104,93,0,14,0,14,13,21,0,14,14,22,0,14,342,162,48,57,59,44,76,81,12,20,14,21,11,19,0,14,0,14,90,110,32,53,06,02294
"Apple Valley town, California",17598,905,11903,613,571,188,1494,282,1872,325,1788,297,1590,347,1087,309,507,156,731,225,2218,338,45,44,5695,640,1918,344,1039,222,988,282,352,150,271,121,204,78,182,113,105,59,578,223,58,45,06,02364
"Aptos CDP, California",1779,152,1126,172,42,43,192,81,255,102,141,73,108,53,107,68,88,57,79,47,114,65,0,19,653,133,311,99,133,98,55,38,96,70,7,14,16,19,0,19,0,19,35,33,0,19,06,02378
"Aptos Hills-Larkin Valley CDP, California",658,126,367,132,20,26,67,67,50,47,11,17,25,29,45,33,29,27,54,47,66,57,0,14,291,95,141,68,102,65,0,14,16,24,21,24,0,14,0,14,0,14,11,18,0,14,06,02382
"Arbuckle CDP, California",663,188,339,127,11,17,35,32,56,41,76,58,22,24,45,55,17,26,0,14,77,74,0,14,324,159,247,156,0,14,24,29,34,54,19,30,0,14,0,14,0,14,0,14,0,14,06,02420
"Arcadia city, California",11178,580,6129,533,353,133,475,137,911,226,872,274,577,146,458,144,523,250,617,154,1308,343,35,28,5049,494,1894,302,809,177,378,129,440,212,235,89,216,127,86,62,159,107,740,231,92,61,06,02462
"Arcata city, California",2873,367,1367,276,114,68,160,82,197,79,185,100,233,114,81,55,51,39,96,58,250,140,0,21,1506,269,588,175,268,124,94,57,99,60,103,68,35,34,0,21,29,33,166,122,124,127,06,02476
"Arden-Arcade CDP, California",17714,930,11437,769,775,193,1904,436,2020,344,1936,339,1173,227,1230,393,523,174,535,197,1327,308,14,18,6277,663,2847,410,942,215,425,122,252,101,410,269,242,129,95,62,123,96,820,296,121,81,06,02553
"Armona CDP, California",538,214,462,196,6,10,40,47,24,37,52,56,106,117,90,85,22,36,97,126,25,37,0,14,76,59,60,56,0,14,0,14,5,9,0,14,0,14,0,14,0,14,11,16,0,14,06,02700
"Arnold CDP, California",1077,220,462,151,32,55,65,56,32,40,96,89,74,72,57,39,53,45,0,14,53,50,0,14,615,193,167,95,220,109,53,82,118,101,0,14,0,14,0,14,0,14,57,59,0,14,06,02770
"Aromas CDP, California",816,188,396,186,27,22,43,51,120,146,107,90,23,24,26,25,3,6,24,26,23,24,0,14,420,128,157,90,145,103,44,53,0,14,19,30,20,32,0,14,22,35,13,21,0,14,06,02812
"Arroyo Grande city, California",4674,474,2950,410,126,75,348,127,564,137,417,150,371,163,168,101,189,104,246,125,521,159,0,21,1724,286,859,215,293,115,264,123,61,46,63,55,22,25,36,38,43,38,49,37,34,38,06,02868
"Artesia city, California",2235,337,1474,312,60,41,129,57,208,111,206,112,141,106,37,39,245,233,131,73,307,143,10,16,761,178,336,107,173,103,119,88,55,35,0,21,27,26,0,21,0,21,51,47,0,21,06,02896
"Artois CDP, California",105,72,48,34,0,14,0,14,16,24,4,6,0,14,0,14,0,14,28,26,0,14,0,14,57,60,57,60,0,14,0,14,0,14,0,14,0,14,0,14,0,14,0,14,0,14,06,02910
"Arvin city, California",2548,230,1652,220,123,75,75,50,249,106,233,101,181,99,83,58,170,129,93,75,426,150,19,30,896,163,343,105,152,96,125,69,19,23,68,53,53,62,9,14,29,44,65,54,33,39,06,02924
"Ashland CDP, California",2652,362,1788,355,142,79,143,72,157,97,241,122,379,163,107,65,41,53,128,76,450,259,0,25,864,195,394,138,152,94,83,63,66,55,8,13,11,17,26,41,33,36,45,36,46,50,06,02980
"Aspen Springs CDP, California",42,65,42,65,0,14,42,65,0,14,0,14,0,14,0,14,0,14,0,14,0,14,0,14,0,14,0,14,0,14,0,14,0,14,0,14,0,14,0,14,0,14,0,14,0,14,06,03026
"Atascadero city, California",7485,380,5403,402,338,179,567,163,827,186,773,229,765,208,456,143,180,111,357,145,1060,245,80,70,2082,281,944,207,374,139,295,114,146,87,111,71,58,52,49,50,14,15,80,46,11,18,06,03064
"Atherton town, California",1950,142,962,131,114,43,137,72,125,55,71,40,75,54,44,27,42,29,28,32,326,102,0,19,988,135,276,82,172,65,115,77,39,22,49,40,0,19,109,70,39,38,155,77,34,37,06,03092
"Atwater city, California",5141,479,3415,400,242,88,522,184,541,176,489,138,292,129,221,112,112,73,257,155,689,172,50,51,1726,310,743,191,302,101,126,80,112,74,119,75,32,27,0,29,202,180,61,59,29,31,06,03162
"Auberry CDP, California",940,186,505,154,1,2,52,35,132,85,87,67,19,14,51,70,84,60,44,31,35,22,0,14,435,152,86,49,84,66,126,101,41,35,4,6,38,50,0,14,14,18,42,27,0,14,06,03190
"Auburn city, California",3776,327,2538,261,145,70,188,77,437,143,352,119,348,126,187,93,75,48,158,59,529,177,119,134,1238,200,528,146,193,82,96,52,137,69,36,29,41,45,31,31,84,73,86,60,6,9,06,03204
"Auburn Lake Trails CDP, California",1281,202,1026,176,74,74,127,106,259,120,95,74,103,79,12,21,45,43,127,99,184,99,0,14,255,124,58,52,24,30,29,32,43,54,0,14,0,14,35,55,0,14,66,85,0,14,06,03205
"August CDP, California",1287,267,880,262,29,28,305,212,140,101,94,97,55,49,34,37,38,57,40,45,145,93,0,19,407,130,129,69,50,67,11,19,21,26,14,21,74,82,38,47,6,9,44,43,20,31,06,03209
"Avalon city, California",706,192,354,223,0,14,0,14,0,14,72,114,0,14,85,111,74,83,0,14,123,134,0,14,352,151,96,99,62,99,0,14,56,90,50,77,0,14,0,14,0,14,88,108,0,14,06,03274
"Avenal city, California",1274,218,888,176,105,118,55,66,135,108,37,36,118,98,170,93,41,49,134,145,64,64,29,44,386,138,180,91,119,92,9,14,0,21,0,21,0,21,0,21,49,58,16,24,13,21,06,03302
"Avery CDP, California",98,68,38,40,0,14,0,14,0,14,13,24,0,14,0,14,0,14,9,19,16,25,0,14,60,53,0,14,9,15,0,14,0,14,20,31,31,39,0,14,0,14,0,14,0,14,06,03316
"Avila Beach CDP, California",506,216,357,197,104,164,66,63,0,14,61,62,31,47,33,50,37,47,0,14,25,26,0,14,149,104,0,14,5,9,56,66,27,44,0,14,0,14,30,47,0,14,31,44,0,14,06,03330
"Avocado Heights CDP, California",2630,281,1655,230,151,97,135,90,336,155,126,59,231,137,104,62,114,79,132,72,326,167,0,21,975,176,490,161,213,92,64,49,56,41,4,6,24,26,0,21,46,38,78,58,0,21,06,03344
"Azusa city, California",8214,597,5741,597,167,70,644,214,972,222,670,167,791,176,505,167,361,293,440,158,1132,277,59,64,2473,305,1147,219,396,128,311,94,169,85,70,51,116,74,26,25,113,97,106,54,19,31,06,03386
"Baker CDP, California",37,57,34,56,0,14,34,56,0,14,0,14,0,14,0,14,0,14,0,14,0,14,0,14,3,5,3,5,0,14,0,14,0,14,0,14,0,14,0,14,0,14,0,14,0,14,06,03512
"Bakersfield city, California",78521,1857,56316,1538,3739,487,8073,766,10489,820,7912,820,6663,915,4146,497,2877,521,4057,600,8090,732,270,111,22205,1121,9816,697,3792,442,2210,349,1394,329,1109,288,740,177,431,186,430,134,1872,374,411,185,06,03526
"Bakersfield Country Club CDP, California",519,98,384,79,42,41,56,46,39,34,57,38,72,65,35,25,21,21,37,45,25,29,0,14,135,56,37,37,39,30,0,14,22,22,0,14,0,14,0,14,11,17,26,37,0,14,06,03546
"Baldwin Park city, California",10547,519,6967,433,441,123,667,145,961,197,900,184,775,192,630,175,617,183,560,141,1389,217,27,27,3580,385,1569,227,626,204,428,128,246,89,214,77,85,41,16,18,77,54,265,90,54,46,06,03666
"Ballard CDP, California",205,62,84,28,0,14,3,6,28,21,4,6,6,8,0,14,9,9,3,5,23,15,8,11,121,59,74,50,22,16,10,11,0,14,0,14,0,14,0,14,0,14,15,19,0,14,06,03694
"Ballico CDP, California",111,57,94,52,34,39,12,13,4,6,17,20,10,16,0,14,0,14,0,14,17,17,0,14,17,17,14,17,0,14,3,5,0,14,0,14,0,14,0,14,0,14,0,14,0,14,06,03708
"Bangor CDP, California",215,73,114,52,38,32,11,9,17,21,0,14,10,18,0,14,8,9,4,7,26,29,0,14,101,48,46,28,24,21,19,30,0,14,0,14,4,7,0,14,0,14,8,9,0,14,06,03792
"Banning city, California",8157,566,4343,433,160,94,528,149,507,178,493,174,536,153,465,179,226,114,385,206,951,282,92,141,3814,550,1289,250,675,274,403,171,278,141,308,257,37,41,0,29,103,65,640,283,81,96,06,03820
"Barstow city, California",4000,404,2161,356,198,115,440,193,311,161,256,132,126,91,239,151,114,62,53,44,390,213,34,39,1839,337,752,248,440,215,96,77,111,77,83,67,40,38,8,11,37,34,255,139,17,29,06,04030
"Bass Lake CDP, California",215,119,169,115,0,14,8,14,26,37,0,14,84,91,0,14,0,14,0,14,14,17,37,56,46,38,0,14,23,25,19,26,0,14,0,14,4,7,0,14,0,14,0,14,0,14,06,04198
"Bay Point CDP, California",3758,352,2321,304,269,140,359,190,388,142,31,31,213,102,270,148,186,97,251,120,354,167,0,25,1437,270,600,191,255,100,130,73,99,68,29,31,83,49,21,35,74,78,146,97,0,25,06,04415
"Bayview CDP (Contra Costa County), California",575,155,344,119,14,23,30,38,68,64,142,98,11,19,0,14,14,17,0,14,65,53,0,14,231,116,150,97,21,33,36,56,17,31,7,12,0,14,0,14,0,14,0,14,0,14,06,04470
"Bayview CDP (Humboldt County), California",661,168,225,95,22,35,10,19,52,53,9,15,5,9,17,29,38,26,30,29,42,38,0,14,436,170,201,165,18,23,85,57,18,29,35,39,0,14,8,13,8,16,40,40,23,34,06,04478
"Baywood Park CDP, California",515,81,306,85,37,36,34,31,41,39,12,16,68,50,14,16,14,23,46,37,24,22,16,17,209,76,88,46,39,39,46,36,9,14,0,14,19,29,0,14,8,13,0,14,0,14,06,04549
"Beale AFB CDP, California",6,11,6,11,0,14,0,14,0,14,0,14,0,14,0,14,0,14,0,14,6,11,0,14,0,14,0,14,0,14,0,14,0,14,0,14,0,14,0,14,0,14,0,14,0,14,06,04576
"Bear Creek CDP, California",43,46,14,26,0,14,14,26,0,14,0,14,0,14,0,14,0,14,0,14,0,14,0,14,29,37,12,20,0,14,17,29,0,14,0,14,0,14,0,14,0,14,0,14,0,14,06,04632
"Bear Valley CDP (Alpine County), California",35,30,23,23,0,14,0,14,13,16,0,14,10,17,0,14,0,14,0,14,0,14,0,14,12,17,0,14,12,17,0,14,0,14,0,14,0,14,0,14,0,14,0,14,0,14,06,04716
"Bear Valley CDP (Mariposa County), California",57,43,47,40,0,14,0,14,0,14,0,14,0,14,28,38,0,14,0,14,19,29,0,14,10,18,0,14,10,18,0,14,0,14,0,14,0,14,0,14,0,14,0,14,0,14,06,04730
"Bear Valley Springs CDP, California",2271,345,1498,215,86,62,209,100,281,111,236,99,159,107,92,63,115,96,157,100,163,78,0,19,773,290,320,242,108,61,41,40,91,58,74,65,19,21,8,14,20,22,92,69,0,19,06,04734
"Beaumont city, California",14326,711,11022,618,427,149,995,309,2109,342,1918,350,1363,391,842,342,615,237,1126,310,1551,352,76,67,3304,503,1013,270,826,245,508,235,313,168,125,91,63,64,40,37,88,92,259,150,69,52,06,04758
"Beckwourth CDP, California",177,99,62,52,0,14,0,14,17,27,0,14,0,14,0,14,0,14,24,34,21,32,0,14,115,101,57,85,0,14,14,22,0,14,44,63,0,14,0,14,0,14,0,14,0,14,06,04772
"Belden CDP, California",0,14,0,14,0,14,0,14,0,14,0,14,0,14,0,14,0,14,0,14,0,14,0,14,0,14,0,14,0,14,0,14,0,14,0,14,0,14,0,14,0,14,0,14,0,14,06,04856
"Bell city, California",2427,316,1458,277,138,127,63,45,278,104,203,118,83,58,190,117,105,87,73,61,298,153,27,43,969,219,526,215,127,91,88,56,47,41,54,48,68,62,0,29,45,66,14,23,0,29,06,04870
"Bella Vista CDP, California",1277,171,796,132,17,14,119,73,153,78,114,71,55,34,56,55,45,31,82,73,155,72,0,14,481,140,129,74,64,41,106,91,67,50,8,8,16,17,68,84,3,4,20,17,0,14,06,04926
"Bell Canyon CDP, California",608,96,461,111,11,17,65,67,91,72,93,57,0,14,38,42,11,17,36,34,116,51,0,14,147,76,44,40,18,29,66,54,0,14,0,14,0,14,0,14,0,14,19,22,0,14,06,04938
"Bellflower city, California",9352,510,6185,455,303,105,773,161,970,196,1171,260,613,207,566,165,372,131,337,118,1070,244,10,16,3167,314,1451,232,563,138,345,116,172,81,96,64,160,97,30,31,43,37,238,95,69,53,06,04982
"Bell Gardens city, California",2060,307,1024,203,20,27,129,69,106,61,144,95,168,98,41,32,80,64,110,67,226,105,0,29,1036,248,526,184,152,71,82,64,90,60,26,26,20,24,0,29,16,27,124,90,0,29,06,04996
"Belmont city, California",5759,398,4112,393,604,274,707,183,729,192,457,144,290,116,465,231,150,83,222,101,442,154,46,60,1647,259,876,194,341,129,187,86,55,44,42,42,20,28,0,25,24,28,102,65,0,25,06,05108
"Belvedere city, California",602,98,382,81,60,36,54,32,47,28,39,37,33,24,4,6,14,12,58,41,73,42,0,14,220,61,83,34,28,23,16,14,13,19,0,14,0,14,7,9,15,14,58,42,0,14,06,05164
"Benbow CDP, California",69,44,51,44,0,14,0,14,0,14,11,18,0,14,0,14,0,14,0,14,40,49,0,14,18,22,0,14,0,14,0,14,6,9,12,22,0,14,0,14,0,14,0,14,0,14,06,05262
"Bend CDP, California",230,104,111,85,0,14,97,84,0,14,0,14,0,14,0,14,0,14,0,14,14,21,0,14,119,68,33,36,24,29,33,40,0,14,14,23,0,14,0,14,0,14,15,23,0,14,06,05276
"Benicia city, California",7679,494,5183,454,534,275,825,189,844,142,715,200,647,179,369,163,217,91,360,136,666,266,6,11,2496,288,1403,214,264,90,149,79,241,125,22,20,64,53,81,69,49,42,156,80,67,92,06,05290
"Ben Lomond CDP, California",2034,234,1368,200,161,110,132,83,242,105,208,93,171,83,109,62,17,27,51,50,277,129,0,19,666,190,396,155,66,41,60,51,48,50,21,30,7,12,0,19,18,28,50,49,0,19,06,05332
"Benton CDP, California",131,111,89,109,0,14,0,14,0,14,6,13,0,14,0,14,0,14,83,109,0,14,0,14,42,34,19,16,4,7,0,14,0,14,0,14,0,14,0,14,0,14,19,28,0,14,06,05346
"Benton Park CDP, California",957,183,592,175,20,20,79,52,79,56,63,50,19,22,66,65,4,7,111,111,151,80,0,19,365,117,128,75,101,58,16,17,49,46,12,14,0,19,9,14,11,18,39,55,0,19,06,05356
"Berkeley city, California",20829,792,13560,754,1088,217,1968,352,2290,366,2089,367,1232,202,843,176,698,164,729,148,2541,375,82,74,7269,563,3041,394,1563,294,678,165,373,95,235,78,160,85,155,78,301,178,640,147,123,77,06,06000
"Bermuda Dunes CDP, California",1617,218,1264,218,59,58,184,95,271,155,199,145,47,45,76,54,127,78,100,83,197,100,4,13,353,122,215,107,48,41,27,35,48,45,0,19,0,19,0,19,0,19,15,26,0,19,06,06028
"Berry Creek CDP, California",303,98,80,60,0,14,12,20,0,14,16,13,0,14,30,49,3,6,4,6,15,23,0,14,223,77,96,58,35,33,15,16,8,10,19,26,0,14,3,4,5,8,38,25,4,7,06,06070
"Bertsch-Oceanview CDP, California",641,137,406,127,23,24,73,58,125,101,73,54,46,40,25,30,3,6,0,14,38,35,0,14,235,88,133,71,27,28,9,19,30,32,7,13,0,14,12,17,0,14,17,23,0,14,06,06150
"Bethel Island CDP, California",554,250,139,110,0,14,20,34,0,14,47,73,0,14,0,14,0,14,19,33,53,70,0,14,415,225,111,82,161,150,80,117,0,14,0,14,0,14,0,14,0,14,63,103,0,14,06,06210
"Beverly Hills city, California",5927,421,3416,420,216,105,393,134,458,196,475,167,373,230,119,75,97,69,222,129,1036,229,27,39,2511,349,726,208,326,131,192,102,216,125,207,160,28,25,150,108,82,66,532,172,52,59,06,06308
"Bieber CDP, California",74,34,29,23,15,21,0,14,0,14,0,14,0,14,0,14,0,14,14,21,0,14,0,14,45,25,16,15,2,6,9,14,9,8,0,14,0,14,0,14,0,14,9,11,0,14,06,06336
"Big Bear City CDP, California",3723,413,2559,350,166,91,332,136,377,145,236,85,321,131,214,109,128,76,183,97,575,167,27,34,1164,289,262,148,186,98,60,43,210,128,25,36,9,16,65,74,95,85,252,141,0,21,06,06406
"Big Bear Lake city, California",1499,214,851,160,101,66,188,111,116,68,107,66,101,54,46,37,29,31,16,25,147,88,0,19,648,179,212,90,113,65,53,38,41,47,48,43,22,34,26,30,38,45,95,62,0,19,06,06434
"Big Bend CDP, California",25,13,6,6,0,14,0,14,0,14,0,14,0,14,0,14,0,14,0,14,6,6,0,14,19,12,8,8,3,5,0,14,0,14,7,11,0,14,0,14,0,14,0,14,1,2,06,06475
"Big Creek CDP, California",21,20,17,19,0,14,6,10,0,14,0,14,0,14,0,14,0,14,0,14,11,17,0,14,4,6,4,6,0,14,0,14,0,14,0,14,0,14,0,14,0,14,0,14,0,14,06,06518
"Biggs city, California",531,105,309,91,20,25,58,59,68,40,14,18,63,63,6,8,0,14,11,17,69,45,0,14,222,80,67,42,49,50,13,19,54,39,30,32,0,14,0,14,9,13,0,14,0,14,06,06560
"Big Lagoon CDP, California",74,34,51,34,0,14,0,14,3,4,0,14,20,27,0,14,5,7,17,18,6,9,0,14,23,12,2,3,9,9,5,5,0,14,0,14,2,4,0,14,0,14,5,8,0,14,06,06567
"Big Pine CDP, California",510,89,242,66,24,19,69,42,42,27,25,16,34,26,7,9,27,29,8,10,6,8,0,14,268,70,70,27,49,29,21,10,32,37,2,4,4,5,5,7,25,24,56,41,4,5,06,06616
"Big River CDP, California",474,78,66,39,7,11,0,14,7,11,0,14,11,16,0,14,13,14,11,17,17,17,0,14,408,75,212,61,108,41,39,30,8,13,0,14,8,12,8,11,0,14,17,15,8,12,06,06635
"Biola CDP, California",164,73,113,64,0,14,0,14,0,14,35,37,20,33,13,22,0,14,30,33,15,22,0,14,51,38,16,25,12,22,0,14,0,14,0,14,0,14,0,14,0,14,23,31,0,14,06,06728
"Bishop city, California",1243,209,537,182,52,70,63,74,95,88,186,124,17,27,11,21,26,44,0,14,87,76,0,14,706,236,192,124,107,124,114,144,39,62,11,23,36,45,40,59,94,124,42,65,31,46,06,06798
"Blackhawk CDP, California",3378,348,2386,287,146,58,330,122,366,118,337,124,152,82,131,82,107,62,124,70,683,260,10,15,992,239,461,128,118,67,189,181,12,19,16,26,55,46,13,21,42,53,86,63,0,21,06,06928
"Blacklake CDP, California",433,155,271,139,31,42,41,46,61,59,6,14,49,44,13,21,0,14,15,35,55,84,0,14,162,103,41,40,13,20,0,14,8,12,35,40,13,21,0,14,0,14,52,80,0,14,06,06935
"Black Point-Green Point CDP, California",608,141,374,95,21,24,3,5,101,70,33,30,0,14,29,33,0,14,45,32,142,70,0,14,234,143,151,133,32,28,0,14,0,14,0,14,0,14,0,14,0,14,20,23,31,40,06,06982
"Blairsden CDP, California",0,14,0,14,0,14,0,14,0,14,0,14,0,14,0,14,0,14,0,14,0,14,0,14,0,14,0,14,0,14,0,14,0,14,0,14,0,14,0,14,0,14,0,14,0,14,06,06994
"Bloomfield CDP, California",135,60,78,63,0,14,12,19,16,25,7,12,42,52,0,14,0,14,0,14,1,5,0,14,57,30,27,21,5,8,0,14,10,16,0,14,7,11,0,14,0,14,8,13,0,14,06,07036
"Bloomington CDP, California",4465,403,2801,352,137,75,413,250,378,167,467,159,256,132,355,145,202,123,195,105,398,146,0,25,1664,252,950,219,274,125,126,84,88,101,53,45,10,17,0,25,53,42,110,72,0,25,06,07064
"Blue Lake city, California",312,79,139,58,25,32,25,25,0,14,11,14,18,18,27,25,5,8,14,17,14,18,0,14,173,60,44,34,69,39,41,25,19,25,0,14,0,14,0,14,0,14,0,14,0,14,06,07162
"Bluewater CDP, California",88,36,0,14,0,14,0,14,0,14,0,14,0,14,0,14,0,14,0,14,0,14,0,14,88,36,41,24,26,22,0,14,0,14,9,14,6,12,0,14,0,14,6,8,0,14,06,07172
"Blythe city, California",2370,254,1484,233,121,61,243,111,247,184,187,91,256,105,47,32,47,59,0,21,324,131,12,12,886,198,360,113,223,133,115,64,83,52,34,31,0,21,5,9,17,14,35,30,14,16,06,07218
"Bodega CDP, California",48,42,26,14,0,14,0,14,0,14,0,14,0,14,18,6,0,14,8,13,0,14,0,14,22,38,0,14,0,14,0,14,0,14,0,14,0,14,22,38,0,14,0,14,0,14,06,07246
"Bodega Bay CDP, California",360,174,302,163,0,14,39,59,38,56,29,48,21,33,0,14,0,14,134,123,41,47,0,14,58,43,43,40,15,23,0,14,0,14,0,14,0,14,0,14,0,14,0,14,0,14,06,07260
"Bodfish CDP, California",516,127,181,87,0,14,0,14,38,51,0,14,84,71,0,14,0,14,10,17,49,44,0,14,335,118,75,61,100,64,48,58,10,15,16,24,16,25,23,26,29,42,18,27,0,14,06,07274
"Bolinas CDP, California",483,135,205,91,34,42,26,38,0,14,36,39,10,16,0,14,8,14,8,11,83,60,0,14,278,106,106,67,45,33,20,34,0,14,21,32,20,32,15,24,0,14,25,41,26,32,06,07316
"Bombay Beach CDP, California",133,77,22,38,0,14,0,14,0,14,0,14,0,14,0,14,0,14,0,14,22,38,0,14,111,69,40,51,39,40,9,14,4,9,0,14,0,14,0,14,0,14,19,32,0,14,06,07372
"Bonadelle Ranchos CDP, California",1532,223,1118,205,67,72,217,119,163,94,256,126,75,43,97,65,17,17,85,86,123,64,18,27,414,118,232,112,70,46,45,41,42,36,8,13,0,19,6,9,0,19,11,20,0,19,06,07378
"Bonita CDP, California",3371,406,2161,299,111,69,381,174,425,159,293,103,239,119,121,98,94,73,175,90,322,97,0,21,1210,343,614,196,197,125,71,49,88,83,166,244,27,34,14,17,4,8,29,28,0,21,06,07414
"Bonny Doon CDP, California",802,149,641,131,92,62,14,16,93,69,130,59,36,23,51,33,0,14,33,23,181,89,11,16,161,85,24,19,22,18,81,80,8,13,8,12,0,14,3,4,9,13,6,9,0,14,06,07470
"Bonsall CDP, California",1127,172,740,163,18,21,35,29,113,88,159,121,65,39,47,35,77,61,47,34,179,65,0,14,387,108,145,76,36,28,75,46,38,34,18,19,8,13,0,14,7,12,60,46,0,14,06,07498
"Boonville CDP, California",154,66,45,33,0,14,0,14,9,13,0,14,0,14,0,14,0,14,0,14,36,30,0,14,109,66,51,54,5,8,12,20,14,23,11,18,4,8,0,14,0,14,12,17,0,14,06,07512
"Bootjack CDP, California",113,63,73,52,43,34,0,14,0,14,0,14,0,14,0,14,0,14,14,26,16,20,0,14,40,45,32,42,0,14,0,14,0,14,0,14,0,14,0,14,0,14,8,16,0,14,06,07525
"Boron CDP, California",392,96,147,68,41,36,12,17,14,21,20,27,6,12,0,14,0,14,4,8,50,47,0,14,245,74,108,46,60,40,31,27,9,7,0,14,4,9,28,41,0,14,5,7,0,14,06,07568
"Boronda CDP, California",171,94,109,72,0,14,31,47,0,14,22,34,29,38,0,14,7,13,0,14,20,23,0,14,62,70,25,40,0,14,37,57,0,14,0,14,0,14,0,14,0,14,0,14,0,14,06,07578
"Borrego Springs CDP, California",1035,258,479,244,22,32,35,30,84,71,0,14,91,72,46,52,133,202,19,29,49,46,0,14,556,169,165,93,118,97,117,85,34,40,48,57,16,26,0,14,58,65,0,14,0,14,06,07596
"Bostonia CDP, California",2449,336,1271,245,117,98,96,82,153,106,353,132,127,80,64,60,101,59,59,71,201,126,0,21,1178,251,364,124,283,171,176,102,29,33,82,67,44,36,17,27,58,49,116,73,9,14,06,07624
"Boulder Creek CDP, California",1542,249,910,199,49,45,38,44,95,72,51,52,96,95,111,75,103,116,62,54,251,147,54,68,632,221,334,172,47,43,67,56,0,14,0,14,36,43,14,24,59,91,75,77,0,14,06,07652
"Boulevard CDP, California",163,90,131,84,0,14,0,14,0,14,0,14,0,14,107,84,0,14,24,39,0,14,0,14,32,49,0,14,0,14,0,14,0,14,0,14,0,14,0,14,0,14,32,49,0,14,06,07694
"Bowles CDP, California",16,23,16,23,0,14,16,23,0,14,0,14,0,14,0,14,0,14,0,14,0,14,0,14,0,14,0,14,0,14,0,14,0,14,0,14,0,14,0,14,0,14,0,14,0,14,06,07750
"Boyes Hot Springs CDP, California",1567,254,1115,225,124,108,205,105,158,116,108,64,104,71,32,30,67,47,45,38,272,127,0,19,452,167,180,115,154,89,16,19,56,45,34,34,8,14,0,19,4,6,0,19,0,19,06,07848
"Bradbury city, California",281,46,195,43,8,7,11,11,29,20,18,11,3,4,40,32,10,9,17,13,59,23,0,14,86,22,18,12,7,11,15,9,0,14,5,5,4,5,14,11,4,4,19,11,0,14,06,07946
"Bradley CDP, California",10,12,10,12,0,14,10,12,0,14,0,14,0,14,0,14,0,14,0,14,0,14,0,14,0,14,0,14,0,14,0,14,0,14,0,14,0,14,0,14,0,14,0,14,0,14,06,07974
"Brawley city, California",4065,456,2627,415,315,150,434,173,452,215,308,154,243,143,166,106,235,121,208,137,231,127,35,52,1438,293,532,188,359,176,165,118,82,59,58,64,49,48,34,55,63,69,61,54,35,42,06,08058
"Brea city, California",10028,536,6890,452,454,149,1015,239,1249,298,899,275,813,224,612,221,557,186,395,138,876,248,20,33,3138,384,1467,337,529,168,265,117,297,105,174,97,97,60,13,20,37,31,239,116,20,32,06,08100
"Brentwood city, California",17512,640,13472,611,806,204,1396,413,2232,334,2295,404,1762,376,1299,352,824,293,875,218,1976,442,7,12,4040,507,1452,302,509,140,464,161,437,155,207,121,175,113,89,60,160,100,511,239,36,36,06,08142
"Bret Harte CDP, California",419,130,251,87,20,31,70,55,28,35,23,37,12,18,28,44,10,17,17,25,31,35,12,20,168,117,72,48,83,108,6,11,0,14,0,14,0,14,0,14,7,11,0,14,0,14,06,08172
"Bridgeport CDP, California",154,124,110,107,0,14,0,14,75,99,0,14,0,14,0,14,0,14,0,14,35,58,0,14,44,54,39,53,0,14,3,8,0,14,2,4,0,14,0,14,0,14,0,14,0,14,06,08240
"Brisbane city, California",1046,202,737,185,0,14,62,51,112,62,50,46,70,62,98,67,0,14,86,54,259,152,0,14,309,102,91,54,58,61,25,30,59,63,0,14,29,57,32,36,15,23,0,14,0,14,06,08310
"Broadmoor CDP, California",979,207,724,209,0,14,162,97,94,109,196,134,110,69,60,54,20,35,0,14,82,77,0,14,255,86,146,76,33,42,11,19,0,14,0,14,14,23,17,27,0,14,34,39,0,14,06,08338
"Brookdale CDP, California",299,121,139,87,0,14,0,14,0,14,25,40,71,58,0,14,0,14,0,14,43,59,0,14,160,112,26,34,14,24,0,14,105,108,0,14,0,14,0,14,0,14,15,24,0,14,06,08478
"Brooks CDP, California",0,14,0,14,0,14,0,14,0,14,0,14,0,14,0,14,0,14,0,14,0,14,0,14,0,14,0,14,0,14,0,14,0,14,0,14,0,14,0,14,0,14,0,14,0,14,06,08506
"Brooktrails CDP, California",1259,262,1068,263,26,43,200,118,278,190,113,110,63,66,85,77,64,51,111,88,119,72,9,15,191,99,53,63,30,36,37,39,26,28,0,14,0,14,13,19,0,14,15,27,17,27,06,08530
"Buckhorn CDP, California",1338,206,883,178,66,50,145,100,92,62,69,54,172,79,62,47,114,78,47,30,90,51,26,28,455,126,145,76,76,45,44,41,9,15,6,11,64,57,22,23,21,21,46,51,22,20,06,08680
"Buck Meadows CDP, California",0,14,0,14,0,14,0,14,0,14,0,14,0,14,0,14,0,14,0,14,0,14,0,14,0,14,0,14,0,14,0,14,0,14,0,14,0,14,0,14,0,14,0,14,0,14,06,08716
"Bucks Lake CDP, California",20,32,20,32,0,14,0,14,0,14,0,14,20,32,0,14,0,14,0,14,0,14,0,14,0,14,0,14,0,14,0,14,0,14,0,14,0,14,0,14,0,14,0,14,0,14,06,08744
"Buellton city, California",1107,221,739,176,54,58,95,71,41,33,151,77,85,58,82,103,42,38,93,71,96,79,0,19,368,134,159,77,124,94,33,39,9,18,0,19,6,9,13,15,0,19,24,24,0,19,06,08758
"Buena Park city, California",13378,594,8760,527,657,224,1157,272,1725,354,1557,272,793,201,758,242,322,167,696,184,1045,201,50,58,4618,510,2759,423,683,191,342,138,197,90,131,95,72,76,10,15,36,41,284,141,104,76,06,08786
"Buena Vista CDP, California",150,92,45,43,0,14,18,31,4,10,0,14,0,14,0,14,0,14,0,14,23,28,0,14,105,85,68,66,0,14,0,14,0,14,37,53,0,14,0,14,0,14,0,14,0,14,06,08828
"Burbank city, California",18598,894,12907,910,1012,311,1685,360,1968,435,1675,328,1418,360,930,248,728,376,1271,319,2182,333,38,39,5691,577,2527,379,923,232,470,164,501,188,224,101,158,105,168,212,160,101,461,229,99,81,06,08954
"Burbank CDP, California",1058,175,823,161,109,66,137,77,157,125,59,54,130,70,47,39,32,34,20,23,132,92,0,19,235,105,80,54,49,41,20,24,0,19,11,17,0,19,0,19,12,19,63,77,0,19,06,08968
"Burlingame city, California",5915,354,4139,378,422,157,641,176,468,122,754,209,443,183,207,79,148,86,102,57,830,246,124,89,1776,301,949,259,326,130,110,65,42,38,55,42,38,40,62,39,29,28,83,56,82,72,06,09066
"Burney CDP, California",756,179,450,124,0,14,61,51,140,87,52,49,71,50,74,51,8,13,28,34,16,18,0,14,306,112,107,62,63,54,40,48,52,49,0,14,0,14,0,14,0,14,44,39,0,14,06,09122
"Burnt Ranch CDP, California",43,40,9,13,0,14,3,5,0,14,0,14,0,14,0,14,6,12,0,14,0,14,0,14,34,38,21,33,0,14,9,16,4,7,0,14,0,14,0,14,0,14,0,14,0,14,06,09150
"Butte Creek Canyon CDP, California",269,101,119,64,0,14,10,18,16,23,11,20,17,19,47,39,0,14,0,14,18,30,0,14,150,80,39,54,50,36,17,19,0,14,44,42,0,14,0,14,0,14,0,14,0,14,06,09310
"Butte Meadows CDP, California",15,18,0,14,0,14,0,14,0,14,0,14,0,14,0,14,0,14,0,14,0,14,0,14,15,18,9,14,0,14,0,14,0,14,0,14,0,14,0,14,0,14,6,10,0,14,06,09318
"Butte Valley CDP, California",532,270,223,123,0,14,52,64,57,84,19,28,0,14,15,21,0,14,0,14,80,92,0,14,309,239,207,216,13,20,0,14,11,13,0,14,0,14,20,33,12,20,46,49,0,14,06,09324
"Buttonwillow CDP, California",138,48,53,38,0,14,4,6,12,17,21,28,0,14,7,12,0,14,0,14,9,14,0,14,85,33,7,7,26,22,11,18,4,5,0,14,0,14,0,14,0,14,37,24,0,14,06,09332
"Byron CDP, California",320,149,200,134,0,14,29,29,33,48,0,14,9,13,84,104,0,14,0,14,45,49,0,14,120,66,16,18,41,42,9,14,0,14,0,14,0,14,22,32,24,29,8,12,0,14,06,09346
"Bystrom CDP, California",683,141,426,107,8,14,56,54,85,51,65,59,36,33,55,52,0,14,47,39,74,58,0,14,257,105,97,55,27,45,9,14,0,14,14,22,10,15,0,14,55,44,45,73,0,14,06,09353
"Cabazon CDP, California",418,150,300,123,0,14,46,70,65,73,30,30,0,14,0,14,0,14,29,40,130,94,0,14,118,81,26,30,37,59,0,14,0,14,27,38,0,14,0,14,0,14,28,41,0,14,06,09360
"Calabasas city, California",6064,388,4541,439,555,258,413,143,741,222,486,163,578,169,404,262,175,86,366,158,786,203,37,34,1523,250,647,167,214,92,159,78,108,67,57,45,51,35,39,33,47,45,187,96,14,23,06,09598
"Calexico city, California",5052,482,3518,467,196,110,496,253,574,184,411,184,314,167,362,183,321,167,188,96,656,192,0,29,1534,296,742,225,274,116,271,127,61,62,59,53,0,29,42,40,25,32,60,49,0,29,06,09710
"California City city, California",2535,310,1734,286,154,70,290,132,206,116,198,131,148,96,140,120,150,89,172,125,245,143,31,49,801,186,396,157,151,75,73,57,8,13,46,51,19,20,31,46,8,14,50,42,19,20,06,09780
"California Hot Springs CDP, California",8,14,8,14,8,14,0,14,0,14,0,14,0,14,0,14,0,14,0,14,0,14,0,14,0,14,0,14,0,14,0,14,0,14,0,14,0,14,0,14,0,14,0,14,0,14,06,09822
"California Pines CDP, California",116,85,58,66,0,14,0,14,0,14,42,60,0,14,0,14,0,14,0,14,0,14,16,25,58,52,0,14,58,52,0,14,0,14,0,14,0,14,0,14,0,14,0,14,0,14,06,09834
"California Polytechnic State University CDP, California",43,33,30,23,0,19,13,20,5,8,0,19,0,19,0,19,6,9,6,11,0,19,0,19,13,21,13,21,0,19,0,19,0,19,0,19,0,19,0,19,0,19,0,19,0,19,06,09835
"Calimesa city, California",3540,279,2291,255,88,75,307,182,287,146,546,208,232,123,212,137,126,91,106,84,387,197,0,21,1249,225,303,119,283,162,242,95,86,59,50,40,86,59,27,35,65,57,107,74,0,21,06,09864
"Calipatria city, California",778,247,341,160,57,45,67,61,21,36,69,60,0,19,21,33,0,19,41,51,65,102,0,19,437,227,154,116,133,192,16,26,13,20,55,65,0,19,0,19,0,19,66,101,0,19,06,09878
"Calistoga city, California",1003,255,328,128,7,12,25,30,17,32,55,79,0,19,37,45,12,19,17,29,127,76,31,49,675,231,195,130,141,110,71,88,53,46,12,19,14,23,58,61,5,10,126,86,0,19,06,09892
"Callender CDP, California",520,231,319,198,30,55,23,43,76,127,0,14,56,80,0,14,64,102,18,31,52,64,0,14,201,106,117,76,0,14,0,14,0,14,0,14,0,14,0,14,0,14,84,94,0,14,06,09948
"Calpella CDP, California",218,119,100,73,0,14,17,28,0,14,0,14,13,20,40,64,0,14,0,14,30,27,0,14,118,101,17,27,84,96,6,12,0,14,0,14,0,14,0,14,0,14,11,18,0,14,06,09990
"Calpine CDP, California",34,29,27,27,0,14,7,13,8,14,0,14,0,14,0,14,0,14,12,16,0,14,0,14,7,13,7,13,0,14,0,14,0,14,0,14,0,14,0,14,0,14,0,14,0,14,06,10004
"Calwa CDP, California",269,123,159,106,15,24,0,14,12,20,33,54,41,66,28,39,0,14,0,14,30,47,0,14,110,85,40,38,19,29,41,63,0,14,0,14,0,14,0,14,0,14,10,16,0,14,06,10032
"Camanche North Shore CDP, California",427,147,266,138,8,14,38,56,9,16,45,38,77,118,26,41,0,14,13,21,24,30,26,43,161,70,0,14,42,62,8,16,30,29,23,34,0,14,0,14,13,17,26,31,19,21,06,10042
"Camanche Village CDP, California",663,251,653,253,83,114,90,77,128,133,121,107,56,50,25,32,38,58,32,30,28,30,52,76,10,14,5,12,0,14,0,14,0,14,5,9,0,14,0,14,0,14,0,14,0,14,06,10044
"Camarillo city, California",16950,730,11476,638,605,168,1619,378,1896,319,1681,273,1647,313,741,159,682,221,625,153,1924,332,56,61,5474,466,2562,354,814,169,489,133,377,134,183,87,83,64,103,80,225,122,531,150,107,67,06,10046
"Cambria CDP, California",2247,212,1366,195,55,39,100,64,184,81,140,74,187,113,111,49,101,50,149,76,297,102,42,65,881,130,306,112,162,70,92,45,43,27,74,46,38,32,28,34,48,43,90,49,0,19,06,10074
"Cambrian Park CDP, California",864,150,674,159,51,38,120,68,126,71,79,42,29,29,68,62,12,18,55,80,134,77,0,14,190,88,52,35,88,69,23,26,0,14,10,16,17,21,0,14,0,14,0,14,0,14,06,10088
"Cameron Park CDP, California",5087,389,3939,377,249,93,421,161,739,158,650,179,505,138,281,112,263,109,176,90,634,223,21,24,1148,194,401,112,172,67,167,84,93,85,51,43,56,36,5,8,55,24,136,68,12,19,06,10256
"Camino CDP, California",516,163,351,142,42,48,89,91,43,40,24,26,13,19,0,14,73,45,41,40,26,31,0,14,165,76,59,41,24,27,33,34,10,16,10,19,15,24,0,14,0,14,14,22,0,14,06,10270
"Camino Tassajara CDP, California",1361,292,1149,287,67,41,324,227,184,114,206,98,86,61,54,50,43,41,43,42,133,76,9,15,212,86,85,48,20,24,57,54,0,19,0,19,0,19,0,19,0,19,40,44,10,17,06,10301
"Campbell city, California",8743,574,5754,455,624,180,1010,209,1019,209,649,187,443,171,547,202,288,99,254,109,894,255,26,40,2989,327,1535,264,461,156,262,107,210,141,82,61,52,42,28,35,109,59,241,152,9,14,06,10345
"Camp Nelson CDP, California",117,99,45,57,0,14,0,14,0,14,37,57,0,14,0,14,0,14,0,14,8,11,0,14,72,86,15,24,57,84,0,14,0,14,0,14,0,14,0,14,0,14,0,14,0,14,06,10494
"Campo CDP, California",711,189,491,161,48,42,98,62,35,42,48,57,56,48,37,49,24,38,0,14,145,85,0,14,220,116,94,75,61,78,18,26,16,22,0,14,19,32,2,5,0,14,10,17,0,14,06,10508
"Campo Seco CDP, California",30,51,30,51,0,14,30,51,0,14,0,14,0,14,0,14,0,14,0,14,0,14,0,14,0,14,0,14,0,14,0,14,0,14,0,14,0,14,0,14,0,14,0,14,0,14,06,10536
"Camp Pendleton Mainside CDP, California",0,19,0,19,0,19,0,19,0,19,0,19,0,19,0,19,0,19,0,19,0,19,0,19,0,19,0,19,0,19,0,19,0,19,0,19,0,19,0,19,0,19,0,19,0,19,06,10554
"Camp Pendleton South CDP, California",41,70,0,21,0,21,0,21,0,21,0,21,0,21,0,21,0,21,0,21,0,21,0,21,41,70,0,21,41,70,0,21,0,21,0,21,0,21,0,21,0,21,0,21,0,21,06,10561
"Camptonville CDP, California",23,16,8,9,0,14,0,14,0,14,4,7,4,6,0,14,0,14,0,14,0,14,0,14,15,17,7,12,0,14,0,14,0,14,0,14,8,13,0,14,0,14,0,14,0,14,06,10676
"Canby CDP, California",20,27,0,14,0,14,0,14,0,14,0,14,0,14,0,14,0,14,0,14,0,14,0,14,20,27,9,19,11,19,0,14,0,14,0,14,0,14,0,14,0,14,0,14,0,14,06,10732
"Cantua Creek CDP, California",49,56,0,14,0,14,0,14,0,14,0,14,0,14,0,14,0,14,0,14,0,14,0,14,49,56,0,14,0,14,0,14,0,14,0,14,0,14,22,35,0,14,27,43,0,14,06,10816
"Canyondam CDP, California",0,14,0,14,0,14,0,14,0,14,0,14,0,14,0,14,0,14,0,14,0,14,0,14,0,14,0,14,0,14,0,14,0,14,0,14,0,14,0,14,0,14,0,14,0,14,06,10914
"Canyon Lake city, California",3483,295,2427,252,96,86,295,135,457,129,269,119,245,95,247,132,59,44,249,142,510,174,0,21,1056,234,420,141,100,50,261,122,61,67,37,36,35,39,0,21,16,26,126,93,0,21,06,10928
"Capitola city, California",2381,248,1307,234,138,69,146,119,131,73,136,73,268,128,73,69,78,49,104,72,219,119,14,20,1074,224,398,131,314,129,119,84,65,43,41,28,11,19,9,15,43,41,74,49,0,19,06,11040
"Caribou CDP, California",0,14,0,14,0,14,0,14,0,14,0,14,0,14,0,14,0,14,0,14,0,14,0,14,0,14,0,14,0,14,0,14,0,14,0,14,0,14,0,14,0,14,0,14,0,14,06,11166
"Carlsbad city, California",27688,1032,19143,858,1409,265,2979,434,3481,436,2882,403,1470,262,1360,269,1002,230,1333,310,3114,430,113,84,8545,720,3300,419,1575,332,1119,288,409,162,358,129,205,83,159,87,341,149,649,179,430,356,06,11194
"Carmel-by-the-Sea city, California",973,212,387,160,203,177,6,11,59,44,25,39,0,14,8,12,0,14,13,21,73,60,0,14,586,277,194,114,53,51,147,183,14,23,22,30,0,14,14,21,0,14,115,93,27,43,06,11250
"Carmel Valley Village CDP, California",1604,268,1075,199,119,87,226,127,123,66,111,98,114,58,75,45,72,39,110,63,106,66,19,28,529,192,338,191,57,38,66,43,0,14,16,19,19,29,21,35,0,14,12,19,0,14,06,11324
"Carmet CDP, California",36,27,36,27,0,14,0,14,10,14,0,14,9,13,0,14,0,14,0,14,17,27,0,14,0,14,0,14,0,14,0,14,0,14,0,14,0,14,0,14,0,14,0,14,0,14,06,11376
"Carmichael CDP, California",16281,789,10208,705,787,207,1855,384,1807,267,1817,299,976,245,733,184,427,158,420,112,1376,272,10,15,6073,509,3181,360,1213,259,534,161,266,105,192,104,62,38,107,81,163,78,330,102,25,28,06,11390
"Carnelian Bay CDP, California",165,110,141,104,0,14,14,23,41,63,14,20,43,65,0,14,0,14,29,31,0,14,0,14,24,29,0,14,9,13,0,14,15,26,0,14,0,14,0,14,0,14,0,14,0,14,06,11418
"Carpinteria city, California",3162,297,1818,284,160,104,172,88,215,104,266,142,202,86,146,95,208,106,181,70,268,175,0,21,1344,249,538,163,238,96,245,141,79,53,67,64,25,23,27,26,16,18,84,53,25,28,06,11446
"Carrick CDP, California",10,14,0,14,0,14,0,14,0,14,0,14,0,14,0,14,0,14,0,14,0,14,0,14,10,14,0,14,0,14,0,14,0,14,0,14,10,14,0,14,0,14,0,14,0,14,06,11481
"Carson city, California",19974,882,13292,701,755,218,1492,339,1943,337,2102,329,1989,376,1138,292,651,186,854,210,2267,359,101,102,6682,665,3610,489,1286,377,508,165,391,235,109,67,57,43,80,46,204,84,358,129,79,47,06,11530
"Cartago CDP, California",7,10,0,14,0,14,0,14,0,14,0,14,0,14,0,14,0,14,0,14,0,14,0,14,7,10,7,10,0,14,0,14,0,14,0,14,0,14,0,14,0,14,0,14,0,14,06,11600
"Caruthers CDP, California",269,105,103,60,25,27,16,27,43,34,0,14,0,14,19,24,0,14,0,14,0,14,0,14,166,84,106,69,20,27,0,14,0,14,0,14,0,14,31,50,9,16,0,14,0,14,06,11614
"Casa Conejo CDP, California",739,123,601,129,11,19,51,41,121,85,120,71,41,39,71,48,44,59,107,100,35,38,0,14,138,77,78,62,30,35,0,14,11,16,0,14,0,14,19,30,0,14,0,14,0,14,06,11656
"Casa de Oro-Mount Helix CDP, California",5523,374,3769,334,163,66,448,163,681,208,672,201,329,115,297,110,209,108,429,157,541,120,0,21,1754,272,984,225,270,90,124,70,172,125,50,34,0,21,31,39,26,24,97,80,0,21,06,11691
"Casa Loma CDP, California",172,121,29,27,0,14,8,13,0,14,0,14,0,14,0,14,0,14,5,8,16,23,0,14,143,123,6,10,88,102,0,14,0,14,25,46,0,14,0,14,24,40,0,14,0,14,06,11696
"Casmalia CDP, California",16,22,16,22,0,14,0,14,16,22,0,14,0,14,0,14,0,14,0,14,0,14,0,14,0,14,0,14,0,14,0,14,0,14,0,14,0,14,0,14,0,14,0,14,0,14,06,11754
"Caspar CDP, California",99,57,81,49,0,14,0,14,37,34,26,37,0,14,0,14,0,14,0,14,18,29,0,14,18,22,10,16,0,14,0,14,0,14,0,14,0,14,0,14,0,14,8,14,0,14,06,11768
"Cassel CDP, California",75,73,42,49,13,19,0,14,0,14,0,14,0,14,29,46,0,14,0,14,0,14,0,14,33,52,0,14,0,14,0,14,0,14,0,14,33,52,0,14,0,14,0,14,0,14,06,11782
"Castaic CDP, California",4817,257,4101,292,125,52,551,133,550,156,664,164,573,184,271,90,251,102,404,128,639,160,73,72,716,129,355,93,133,53,86,50,78,57,13,16,13,21,7,11,6,9,17,20,8,13,06,11796
"Castella CDP, California",94,38,40,20,2,3,0,14,11,11,1,3,1,4,7,7,6,8,0,14,12,8,0,14,54,27,8,8,9,11,3,4,10,13,2,3,9,10,2,3,3,3,8,11,0,14,06,11824
"Castle Hill CDP, California",322,103,212,90,28,22,17,27,58,55,17,27,43,41,19,33,0,14,0,14,30,33,0,14,110,64,47,42,19,24,0,14,24,36,0,14,0,14,0,14,20,40,0,14,0,14,06,11915
"Castro Valley CDP, California",15975,756,10694,765,610,202,1636,421,1685,331,1720,315,1141,213,764,234,616,199,603,186,1900,348,19,31,5281,567,2695,421,734,186,565,157,265,109,216,94,116,74,82,61,128,77,425,169,55,66,06,11964
"Castroville CDP, California",719,146,532,139,14,22,131,100,100,67,13,15,29,34,49,49,38,56,52,37,97,75,9,15,187,93,123,85,27,28,37,34,0,19,0,19,0,19,0,19,0,19,0,19,0,19,06,11978
"Cathedral City city, California",12616,515,7711,479,450,131,793,183,1311,268,1220,280,808,195,822,208,533,181,468,136,1275,212,31,31,4905,439,1501,224,828,164,449,106,339,97,245,74,318,129,156,55,301,104,692,174,76,34,06,12048
"Catheys Valley CDP, California",460,160,289,138,19,26,52,56,82,82,0,14,13,15,0,14,91,83,7,12,25,33,0,14,171,112,83,97,0,14,0,14,48,54,7,13,0,14,0,14,20,31,13,11,0,14,06,12062
"Cayucos CDP, California",781,190,410,163,17,20,34,30,20,23,122,137,42,31,0,14,46,34,70,75,59,42,0,14,371,121,85,57,97,81,51,45,81,57,0,14,0,14,9,14,12,18,36,34,0,14,06,12132
"Cazadero CDP, California",146,68,122,64,11,16,0,14,0,14,31,30,25,35,38,38,0,14,11,11,6,9,0,14,24,20,7,10,8,15,0,14,5,7,0,14,4,5,0,14,0,14,0,14,0,14,06,12146
"Cedar Flat CDP, California",368,93,252,67,35,34,12,17,31,40,36,28,36,44,31,42,15,22,27,38,29,39,0,14,116,60,29,48,51,45,0,14,16,25,0,14,20,29,0,14,0,14,0,14,0,14,06,12216
"Cedar Ridge CDP, California",593,94,436,98,6,11,12,11,38,29,85,58,43,23,98,66,51,32,54,29,49,24,0,14,157,49,62,42,12,10,34,19,6,7,4,6,4,6,6,6,11,10,12,12,6,8,06,12300
"Cedar Slope CDP, California",0,14,0,14,0,14,0,14,0,14,0,14,0,14,0,14,0,14,0,14,0,14,0,14,0,14,0,14,0,14,0,14,0,14,0,14,0,14,0,14,0,14,0,14,0,14,06,12314
"Cedarville CDP, California",170,64,63,35,9,6,7,9,13,22,0,14,18,24,0,14,4,6,0,14,12,20,0,14,107,59,61,50,0,14,16,21,17,17,0,14,0,14,0,14,13,23,0,14,0,14,06,12328
"Centerville CDP (Fresno County), California",72,35,21,17,5,8,6,9,0,14,0,14,0,14,0,14,0,14,7,10,3,8,0,14,51,34,42,34,0,14,0,14,0,14,9,13,0,14,0,14,0,14,0,14,0,14,06,12412
"Centerville CDP (Shasta County), California",630,81,401,77,60,36,50,39,79,42,43,26,48,25,34,21,31,31,10,11,46,26,0,14,229,47,92,35,59,31,19,16,3,5,8,10,12,20,8,16,11,20,17,18,0,14,06,12415
"Ceres city, California",8983,605,5877,445,338,133,703,221,1182,294,850,219,602,210,362,124,426,155,358,175,955,273,101,103,3106,483,1457,278,445,154,102,60,305,207,154,105,99,81,87,72,34,35,355,211,68,84,06,12524
"Cerritos city, California",12193,533,6919,471,440,162,743,155,1465,288,1255,220,736,158,493,159,412,149,426,133,914,186,35,32,5274,476,3038,359,779,190,370,133,264,101,85,62,137,96,137,77,126,63,262,107,76,51,06,12552
"Chalfant CDP, California",182,80,131,80,0,14,0,14,40,53,13,21,29,35,0,14,9,14,0,14,40,47,0,14,51,29,8,12,22,22,11,18,0,14,10,15,0,14,0,14,0,14,0,14,0,14,06,12594
"Challenge-Brownsville CDP, California",304,188,224,183,0,14,120,163,0,14,0,14,0,14,0,14,0,14,17,25,87,86,0,14,80,68,59,66,9,13,0,14,12,16,0,14,0,14,0,14,0,14,0,14,0,14,06,12612
"Channel Islands Beach CDP, California",717,148,479,133,33,48,78,53,106,72,78,55,13,22,24,32,0,14,9,15,134,64,4,8,238,96,113,72,13,20,56,47,0,14,0,14,0,14,0,14,0,14,28,23,28,39,06,12669
"Charleston View CDP, California",0,14,0,14,0,14,0,14,0,14,0,14,0,14,0,14,0,14,0,14,0,14,0,14,0,14,0,14,0,14,0,14,0,14,0,14,0,14,0,14,0,14,0,14,0,14,06,12730
"Charter Oak CDP, California",1819,297,1288,260,95,63,160,99,131,91,196,95,152,120,79,61,113,66,69,63,293,190,0,19,531,204,232,129,86,73,49,58,35,61,0,19,59,53,0,19,24,37,46,45,0,19,06,12734
"Cherokee CDP, California",28,38,5,8,0,14,5,8,0,14,0,14,0,14,0,14,0,14,0,14,0,14,0,14,23,38,23,38,0,14,0,14,0,14,0,14,0,14,0,14,0,14,0,14,0,14,06,12818
"Cherokee Strip CDP, California",17,27,17,27,0,14,0,14,0,14,0,14,0,14,0,14,0,14,0,14,17,27,0,14,0,14,0,14,0,14,0,14,0,14,0,14,0,14,0,14,0,14,0,14,0,14,06,12860
"Cherryland CDP, California",1734,281,1068,243,160,139,41,35,160,104,205,92,129,77,84,61,11,16,101,76,177,93,0,21,666,160,328,117,61,48,109,94,38,56,0,21,33,40,0,21,0,21,97,67,0,21,06,12902
"Cherry Valley CDP, California",2038,241,1180,262,69,70,103,81,152,92,380,172,74,49,34,32,127,102,104,69,100,55,37,61,858,179,273,134,88,57,218,102,89,106,88,99,12,15,26,41,35,45,29,29,0,19,06,12916
"Chester CDP, California",584,187,215,120,18,33,85,85,21,37,0,14,0,14,72,92,19,32,0,14,0,14,0,14,369,156,233,127,52,36,49,69,0,14,0,14,6,9,0,14,0,14,29,42,0,14,06,12930
"Chico city, California",18639,881,11900,692,686,153,2132,409,2028,299,2210,344,1721,307,580,224,546,161,543,167,1392,299,62,41,6739,564,2936,400,1013,195,753,199,522,177,189,100,234,121,270,119,228,101,437,143,157,97,06,13014
"Chilcoot-Vinton CDP, California",161,134,129,123,0,14,0,14,90,122,0,14,39,38,0,14,0,14,0,14,0,14,0,14,32,49,0,14,0,14,0,14,32,49,0,14,0,14,0,14,0,14,0,14,0,14,06,13077
"China Lake Acres CDP, California",625,154,291,146,115,115,14,24,10,18,50,55,5,8,9,15,0,14,52,53,36,30,0,14,334,110,148,82,44,42,62,75,14,23,0,14,0,14,0,14,0,14,38,31,28,44,06,13157
"Chinese Camp CDP, California",52,45,0,14,0,14,0,14,0,14,0,14,0,14,0,14,0,14,0,14,0,14,0,14,52,45,16,25,0,14,0,14,6,9,0,14,0,14,0,14,0,14,30,36,0,14,06,13182
"Chino city, California",17452,832,12352,810,415,131,1533,385,2355,400,2004,379,1306,294,922,202,793,236,844,193,2162,457,18,22,5100,565,2396,451,960,223,588,172,227,84,144,96,123,83,126,87,70,44,346,156,120,84,06,13210
"Chino Hills city, California",17524,749,11547,606,579,153,1565,335,2251,364,1974,337,1390,300,845,223,463,127,766,254,1537,267,177,135,5977,657,2831,452,795,186,676,232,441,141,297,117,165,76,84,60,144,85,446,164,98,68,06,13214
"Choctaw Valley CDP, California",27,17,27,17,0,14,0,14,0,14,12,18,7,11,0,14,0,14,0,14,8,13,0,14,0,14,0,14,0,14,0,14,0,14,0,14,0,14,0,14,0,14,0,14,0,14,06,13278
"Chowchilla city, California",2383,339,1658,225,99,62,184,93,268,106,115,54,87,61,144,99,131,114,272,190,340,154,18,29,725,224,246,127,144,120,65,78,76,84,8,13,0,21,57,69,11,19,86,82,32,34,06,13294
"Chualar CDP, California",68,39,68,39,0,14,11,16,9,15,27,26,0,14,0,14,0,14,10,16,11,19,0,14,0,14,0,14,0,14,0,14,0,14,0,14,0,14,0,14,0,14,0,14,0,14,06,13364
"Chula Vista city, California",51281,1193,37117,1068,1723,500,4073,569,5920,675,5556,610,4307,580,3743,455,2466,430,2952,588,6147,683,230,137,14164,987,6954,717,2465,326,1137,264,863,262,759,197,307,109,218,105,317,148,993,290,151,90,06,13392
"Citrus CDP, California",1956,239,1461,232,77,58,124,79,282,114,264,117,113,70,98,63,104,54,198,136,193,98,8,14,495,151,196,73,43,30,95,87,42,69,31,37,37,52,0,21,25,29,26,36,0,21,06,13560
"Citrus Heights city, California",20460,858,13727,693,649,183,1981,339,1951,329,2411,440,1707,342,854,244,971,295,1026,245,2146,353,31,38,6733,600,2719,341,1207,263,777,273,443,183,254,100,149,76,89,48,176,72,809,215,110,86,06,13588
"Claremont city, California",7557,405,5320,333,455,152,687,212,760,162,672,153,784,215,296,96,502,228,340,132,747,157,77,62,2237,367,1344,287,267,116,201,78,60,38,90,98,73,66,33,30,54,70,95,47,20,22,06,13756
"Clarksburg CDP, California",23,27,23,27,0,14,12,18,11,17,0,14,0,14,0,14,0,14,0,14,0,14,0,14,0,14,0,14,0,14,0,14,0,14,0,14,0,14,0,14,0,14,0,14,0,14,06,13784
"Clay CDP, California",399,96,336,101,0,14,6,9,71,43,75,35,70,75,45,46,16,25,7,10,46,35,0,14,63,35,23,18,14,15,11,12,15,23,0,14,0,14,0,14,0,14,0,14,0,14,06,13854
"Clayton city, California",3553,236,2696,233,114,66,332,129,409,151,416,126,459,193,256,109,165,82,162,108,349,108,34,50,857,150,397,117,151,69,48,30,29,25,35,29,4,7,32,51,33,45,123,65,5,9,06,13882
"Clear Creek CDP, California",88,66,62,63,0,14,0,14,0,14,0,14,0,14,0,14,0,14,58,62,4,7,0,14,26,22,0,14,7,11,14,15,0,14,5,8,0,14,0,14,0,14,0,14,0,14,06,13910
"Clearlake city, California",3622,303,1916,302,100,73,135,92,348,137,234,119,180,101,43,42,234,130,158,93,475,178,9,14,1706,324,449,175,296,122,272,129,176,124,125,110,56,52,127,85,55,46,150,100,0,21,06,13945
"Clearlake Oaks CDP, California",763,205,314,158,31,34,0,14,0,14,68,84,36,55,34,57,54,55,0,14,51,82,40,68,449,169,107,84,49,38,21,26,28,28,116,108,66,84,15,23,0,14,47,73,0,14,06,13966
"Clearlake Riviera CDP, California",1252,230,829,184,95,74,167,108,107,59,95,62,139,93,72,54,19,24,42,50,93,61,0,14,423,164,103,69,113,103,45,37,72,90,8,17,0,14,14,21,0,14,56,57,12,19,06,13985
"Cleone CDP, California",178,88,111,81,0,14,30,47,0,14,3,12,10,15,0,14,15,26,0,14,53,63,0,14,67,45,23,30,18,21,10,16,0,14,0,14,0,14,0,14,0,14,16,20,0,14,06,14008
"Clio CDP, California",7,13,0,14,0,14,0,14,0,14,0,14,0,14,0,14,0,14,0,14,0,14,0,14,7,13,0,14,0,14,0,14,0,14,0,14,0,14,0,14,7,13,0,14,0,14,06,14106
"Clipper Mills CDP, California",0,14,0,14,0,14,0,14,0,14,0,14,0,14,0,14,0,14,0,14,0,14,0,14,0,14,0,14,0,14,0,14,0,14,0,14,0,14,0,14,0,14,0,14,0,14,06,14148
"Cloverdale city, California",2481,267,1916,280,37,30,279,151,223,104,593,290,100,67,225,120,101,83,122,90,236,130,0,19,565,162,167,80,200,89,94,58,28,34,0,19,0,19,0,19,25,37,51,45,0,19,06,14190
"Clovis city, California",27495,998,20091,888,1505,327,3508,470,4139,478,2712,446,2365,386,1227,286,719,219,1310,349,2415,367,191,128,7404,553,3789,408,1397,291,665,209,363,114,184,77,175,71,145,84,192,144,384,122,110,68,06,14218
"Clyde CDP, California",228,87,144,62,6,12,21,24,13,20,40,31,30,34,27,31,7,12,0,14,0,14,0,14,84,56,73,53,0,14,0,14,0,14,0,14,0,14,0,14,0,14,0,14,11,18,06,14232
"Coachella city, California",7947,588,5157,438,176,94,671,182,584,205,875,197,718,257,526,201,425,202,364,130,803,245,15,26,2790,500,1033,236,679,276,266,207,308,132,168,82,58,48,124,76,76,55,57,53,21,25,06,14260
"Coalinga city, California",2232,235,1691,228,31,34,363,159,503,215,273,126,155,90,95,67,52,47,75,64,119,77,25,35,541,155,273,93,58,65,43,55,33,54,11,18,7,11,31,31,0,21,71,69,14,21,06,14274
"Coarsegold CDP, California",1415,260,844,229,10,17,33,29,120,91,141,108,59,53,84,68,224,193,29,33,144,107,0,14,571,158,251,99,56,40,80,74,58,43,25,27,0,14,42,54,15,16,44,31,0,14,06,14288
"Cobb CDP, California",350,100,139,101,0,14,0,14,44,71,0,14,15,25,0,14,0,14,23,35,57,59,0,14,211,110,112,68,58,64,41,60,0,14,0,14,0,14,0,14,0,14,0,14,0,14,06,14302
"Coffee Creek CDP, California",121,60,63,41,19,34,0,14,12,13,10,8,3,6,9,13,2,6,3,5,4,8,1,2,58,39,22,22,10,9,11,17,3,8,2,4,0,14,0,14,0,14,7,8,3,5,06,14406
"Cohasset CDP, California",186,77,52,38,0,14,0,14,15,22,10,18,13,21,0,14,0,14,14,24,0,14,0,14,134,79,28,43,54,64,14,24,0,14,38,41,0,14,0,14,0,14,0,14,0,14,06,14442
"Cold Springs CDP (El Dorado County), California",202,97,82,49,0,14,0,14,0,14,27,41,15,23,6,11,34,34,0,14,0,14,0,14,120,82,35,44,23,28,24,37,0,14,0,14,22,34,0,14,0,14,16,28,0,14,06,14450
"Cold Springs CDP (Tuolumne County), California",19,26,0,14,0,14,0,14,0,14,0,14,0,14,0,14,0,14,0,14,0,14,0,14,19,26,0,14,0,14,6,12,0,14,0,14,0,14,0,14,13,23,0,14,0,14,06,14454
"Coleville CDP, California",0,14,0,14,0,14,0,14,0,14,0,14,0,14,0,14,0,14,0,14,0,14,0,14,0,14,0,14,0,14,0,14,0,14,0,14,0,14,0,14,0,14,0,14,0,14,06,14484
"Colfax city, California",454,121,250,93,0,14,57,58,28,29,34,24,7,10,40,41,13,16,40,33,31,44,0,14,204,97,65,70,12,17,35,44,33,36,10,16,3,6,11,14,30,47,5,8,0,14,06,14498
"College City CDP, California",83,70,0,14,0,14,0,14,0,14,0,14,0,14,0,14,0,14,0,14,0,14,0,14,83,70,32,38,51,60,0,14,0,14,0,14,0,14,0,14,0,14,0,14,0,14,06,14554
"Collierville CDP, California",572,137,392,120,18,29,182,111,0,14,120,104,0,14,0,14,0,14,51,50,21,30,0,14,180,100,86,78,6,10,59,78,22,27,7,14,0,14,0,14,0,14,0,14,0,14,06,14708
"Colma town, California",251,60,135,50,0,14,22,16,17,13,12,13,18,16,43,27,9,10,9,10,5,7,0,14,116,40,88,31,17,23,10,16,0,14,0,14,0,14,0,14,0,14,1,2,0,14,06,14736
"Coloma CDP, California",42,34,30,33,9,15,0,14,0,14,0,14,0,14,0,14,0,14,14,25,7,11,0,14,12,19,12,19,0,14,0,14,0,14,0,14,0,14,0,14,0,14,0,14,0,14,06,14764
"Colton city, California",8920,605,5612,492,189,83,817,252,807,180,733,183,622,158,625,174,435,205,378,149,918,215,88,73,3308,519,1720,414,476,170,241,120,217,138,137,76,64,57,45,41,187,117,215,107,6,10,06,14890
"Columbia CDP, California",698,129,230,92,0,14,4,15,42,42,14,20,19,27,29,42,37,39,10,16,75,60,0,14,468,115,154,88,55,51,30,26,41,35,17,20,30,27,8,12,50,60,67,43,16,27,06,14904
"Colusa city, California",1484,193,880,182,39,38,156,123,143,68,104,54,65,41,95,75,48,40,141,73,53,32,36,52,604,150,256,110,66,39,31,31,58,73,41,42,24,26,6,13,57,79,53,41,12,17,06,14946
"Commerce city, California",1819,218,1050,190,144,109,150,110,111,79,105,80,94,56,168,88,57,50,51,42,170,95,0,21,769,187,433,176,59,46,76,69,23,29,63,46,24,38,6,10,39,40,46,27,0,21,06,14974
"Comptche CDP, California",59,52,0,14,0,14,0,14,0,14,0,14,0,14,0,14,0,14,0,14,0,14,0,14,59,52,32,25,27,46,0,14,0,14,0,14,0,14,0,14,0,14,0,14,0,14,06,15030
"Compton city, California",13544,725,9501,596,415,117,985,254,1464,290,921,234,790,177,1142,296,648,188,915,205,2140,325,81,50,4043,503,2148,401,597,155,205,98,223,118,136,66,77,59,96,74,221,138,269,140,71,68,06,15044
"Concord city, California",28473,1129,20691,1129,1024,244,2641,394,3581,370,3581,607,2408,391,1772,411,1297,264,1479,334,2774,476,134,88,7782,657,3396,398,1298,253,824,229,523,170,241,77,305,109,189,87,179,88,705,147,122,79,06,16000
"Concow CDP, California",98,44,38,25,0,14,18,20,0,14,13,18,0,14,7,10,0,14,0,14,0,14,0,14,60,39,0,14,0,14,27,35,7,10,16,19,0,14,0,14,5,8,5,9,0,14,06,16035
"Contra Costa Centre CDP, California",539,158,413,126,14,25,123,73,80,62,46,57,41,40,50,48,34,39,25,31,0,19,0,19,126,76,29,36,16,25,12,20,31,48,15,23,0,19,0,19,0,19,23,33,0,19,06,16090
"Copperopolis CDP, California",1438,196,1014,192,77,66,148,86,92,77,106,74,132,96,84,57,32,27,160,91,177,86,6,10,424,127,188,91,42,27,37,41,9,15,20,25,10,18,9,14,31,40,73,53,5,9,06,16210
"Corcoran city, California",2233,279,1503,266,106,59,230,145,218,94,157,116,152,98,136,86,113,66,117,87,274,130,0,25,730,163,274,95,133,67,67,42,128,97,16,27,11,17,12,20,0,25,82,67,7,10,06,16224
"Corning city, California",1369,239,1006,220,61,55,105,100,167,125,173,116,110,83,166,105,112,99,18,28,94,85,0,19,363,124,196,93,80,64,52,41,12,20,0,19,0,19,0,19,0,19,23,28,0,19,06,16322
"Corona city, California",31431,833,22956,810,1141,256,3017,322,3805,530,3756,387,2633,326,1938,356,1593,339,1555,313,3327,441,191,119,8475,660,4047,515,1483,272,763,214,425,140,193,89,188,107,179,150,301,170,745,223,151,110,06,16350
"Coronado city, California",3991,320,2168,261,152,78,248,95,351,139,180,57,165,67,143,53,69,42,186,87,671,139,3,6,1823,255,875,211,160,54,120,60,118,69,64,38,80,55,54,39,141,150,189,65,22,19,06,16378
"Coronita CDP, California",648,182,308,119,0,14,19,25,74,87,67,62,87,49,11,19,12,14,0,14,38,40,0,14,340,169,159,101,97,129,33,42,0,14,0,14,36,42,8,13,0,14,7,11,0,14,06,16420
"Corralitos CDP, California",795,295,595,298,10,16,66,66,28,31,58,49,15,19,0,14,91,64,20,23,307,266,0,14,200,94,72,60,10,16,34,36,7,12,0,14,0,14,8,18,0,14,0,14,69,95,06,16434
"Corte Madera town, California",2778,269,1794,265,121,90,278,117,512,204,288,118,80,62,188,109,92,65,102,78,133,85,0,21,984,189,484,174,217,124,65,64,49,48,19,30,21,34,0,21,56,53,55,67,18,28,06,16462
"Costa Mesa city, California",16728,913,12355,809,1322,345,1748,351,2185,408,1484,337,1367,322,1037,241,650,165,578,136,1945,322,39,46,4373,451,2218,313,706,182,454,171,236,82,168,64,81,61,143,78,122,74,222,101,23,36,06,16532
"Cotati city, California",1893,250,1447,259,16,24,174,77,201,78,348,128,157,90,79,74,109,83,172,107,191,98,0,19,446,152,177,113,87,65,54,69,0,19,36,47,11,18,11,18,39,36,12,18,19,30,06,16560
"Coto de Caza CDP, California",4637,320,3674,315,392,130,541,162,559,136,580,130,385,135,172,82,194,111,279,174,515,125,57,52,963,186,407,118,219,141,104,55,38,30,64,48,29,27,13,20,15,19,66,40,8,13,06,16580
"Cottonwood CDP (Kern County), California",127,70,103,65,0,14,0,14,25,38,0,14,12,19,0,14,5,8,29,45,32,46,0,14,24,43,8,33,0,14,16,26,0,14,0,14,0,14,0,14,0,14,0,14,0,14,06,16623
"Cottonwood CDP (Shasta County), California",1795,337,1246,295,196,235,281,147,290,136,125,73,119,111,30,35,0,19,10,17,195,110,0,19,549,187,203,123,122,99,37,57,29,40,21,39,9,14,0,19,37,54,81,90,10,15,06,16630
"Coulterville CDP, California",0,14,0,14,0,14,0,14,0,14,0,14,0,14,0,14,0,14,0,14,0,14,0,14,0,14,0,14,0,14,0,14,0,14,0,14,0,14,0,14,0,14,0,14,0,14,06,16644
"Country Club CDP, California",2424,330,1441,330,44,39,148,101,144,75,224,156,126,90,215,101,201,145,223,151,105,88,11,18,983,223,378,157,206,126,211,102,53,49,28,28,49,50,0,21,0,21,18,20,40,49,06,16651
"Courtland CDP, California",183,147,114,144,0,14,0,14,9,15,0,14,105,150,0,14,0,14,0,14,0,14,0,14,69,77,0,14,0,14,42,67,0,14,0,14,0,14,0,14,0,14,27,42,0,14,06,16714
"Covelo CDP, California",234,93,122,65,0,14,8,12,0,14,10,13,9,13,24,36,23,34,1,3,47,42,0,14,112,69,22,19,37,49,17,21,8,12,7,10,20,22,0,14,0,14,1,3,0,14,06,16728
"Covina city, California",9572,606,6797,570,414,135,700,232,1216,258,1026,234,761,268,525,165,368,120,789,255,862,167,136,168,2775,396,1241,247,501,200,247,130,136,78,141,58,112,86,150,133,36,29,175,90,36,35,06,16742
"Cowan CDP, California",46,48,18,30,18,30,0,14,0,14,0,14,0,14,0,14,0,14,0,14,0,14,0,14,28,33,0,14,14,24,14,24,0,14,0,14,0,14,0,14,0,14,0,14,0,14,06,16762
"Crescent City city, California",547,143,354,133,49,59,113,59,40,39,9,14,11,19,0,19,63,85,33,47,36,52,0,19,193,87,107,65,9,17,41,42,0,19,26,40,0,19,10,16,0,19,0,19,0,19,06,17022
"Crescent Mills CDP, California",50,51,25,46,0,14,0,14,0,14,0,14,0,14,0,14,0,14,0,14,25,46,0,14,25,27,0,14,0,14,9,14,0,14,0,14,0,14,0,14,0,14,16,25,0,14,06,17050
"Cressey CDP, California",80,37,42,30,0,14,0,14,23,27,0,14,4,6,6,9,0,14,9,9,0,14,0,14,38,23,12,11,19,19,4,6,3,5,0,14,0,14,0,14,0,14,0,14,0,14,06,17078
"Crest CDP, California",959,147,720,131,19,23,21,20,112,57,179,95,94,70,103,71,19,21,64,45,109,64,0,14,239,89,36,27,59,38,17,14,23,37,28,42,23,35,0,14,26,41,8,13,19,23,06,17106
"Crestline CDP, California",3125,371,2187,334,71,69,204,106,316,150,314,133,232,103,183,106,230,148,207,112,430,157,0,19,938,199,218,116,149,83,234,126,83,69,48,67,47,51,60,74,53,51,46,61,0,19,06,17162
"Creston CDP, California",0,14,0,14,0,14,0,14,0,14,0,14,0,14,0,14,0,14,0,14,0,14,0,14,0,14,0,14,0,14,0,14,0,14,0,14,0,14,0,14,0,14,0,14,0,14,06,17232
"C-Road CDP, California",0,14,0,14,0,14,0,14,0,14,0,14,0,14,0,14,0,14,0,14,0,14,0,14,0,14,0,14,0,14,0,14,0,14,0,14,0,14,0,14,0,14,0,14,0,14,06,17267
"Crockett CDP, California",869,173,652,138,56,47,125,90,73,40,91,53,0,14,134,92,26,29,28,23,119,62,0,14,217,108,117,76,46,32,0,14,32,47,0,14,10,17,0,14,0,14,0,14,12,20,06,17274
"Cromberg CDP, California",65,44,18,24,6,10,0,14,0,14,0,14,12,21,0,14,0,14,0,14,0,14,0,14,47,41,12,10,12,19,0,14,23,36,0,14,0,14,0,14,0,14,0,14,0,14,06,17288
"Crowley Lake CDP, California",430,145,205,118,0,14,83,85,32,35,12,15,0,14,78,88,0,14,0,14,0,14,0,14,225,90,17,25,56,59,8,13,8,13,0,14,0,14,0,14,0,14,136,108,0,14,06,17372
"Crows Landing CDP, California",90,52,48,32,8,14,0,14,0,14,3,6,0,14,15,16,0,14,0,14,22,27,0,14,42,42,0,14,21,32,0,14,0,14,0,14,0,14,0,14,21,30,0,14,0,14,06,17428
"Cudahy city, California",824,162,346,115,49,40,18,27,63,46,64,55,20,23,29,26,0,25,0,25,103,79,0,25,478,130,250,123,111,75,3,6,42,34,0,25,36,39,0,25,4,8,15,15,17,24,06,17498
"Culver City city, California",9565,572,6350,545,496,155,844,232,1125,250,871,366,862,241,471,181,131,73,447,166,1074,417,29,33,3215,522,1216,230,558,251,339,105,135,72,187,107,102,91,55,44,198,180,425,244,0,29,06,17568
"Cupertino city, California",12741,509,7205,458,1010,294,1519,214,1287,217,708,147,509,199,541,200,282,110,330,130,1006,207,13,21,5536,490,2543,331,964,217,506,122,478,239,121,66,218,121,40,34,179,97,451,157,36,32,06,17610
"Cutler CDP, California",407,157,63,54,0,14,11,18,29,39,0,14,7,21,0,14,0,14,16,20,0,14,0,14,344,149,215,132,33,39,41,49,0,14,0,14,0,14,0,14,0,14,55,62,0,14,06,17708
"Cutten CDP, California",895,242,518,220,0,14,109,106,55,50,51,41,143,166,92,76,32,34,20,35,16,25,0,14,377,159,162,128,48,46,46,42,0,14,0,14,36,41,0,14,28,33,0,14,57,90,06,17722
"Cuyama CDP, California",7,7,7,7,3,5,4,6,0,14,0,14,0,14,0,14,0,14,0,14,0,14,0,14,0,14,0,14,0,14,0,14,0,14,0,14,0,14,0,14,0,14,0,14,0,14,06,17727
"Cypress city, California",11089,460,7507,478,597,153,1065,203,1092,229,1294,256,938,255,488,130,515,164,400,139,1111,194,7,12,3582,404,1802,269,542,146,358,139,169,75,99,52,58,48,0,29,186,174,353,163,15,17,06,17750
"Dales CDP, California",45,39,0,14,0,14,0,14,0,14,0,14,0,14,0,14,0,14,0,14,0,14,0,14,45,39,18,27,27,43,0,14,0,14,0,14,0,14,0,14,0,14,0,14,0,14,06,17876
"Daly City city, California",19424,865,12111,738,546,122,1547,261,2071,315,1621,353,1253,268,715,201,958,308,1157,402,2231,367,12,20,7313,573,3566,445,1343,318,624,163,312,123,335,126,157,66,106,71,229,128,534,170,107,70,06,17918
"Dana Point city, California",8648,514,6180,510,334,151,574,189,987,247,900,232,631,201,353,154,412,151,626,205,1305,286,58,43,2468,348,1088,223,461,135,206,128,119,68,126,91,102,104,54,40,18,20,177,94,117,83,06,17946
"Danville town, California",13286,494,10427,500,796,204,1661,306,1794,252,1764,349,849,204,833,187,551,265,491,191,1628,329,60,75,2859,324,1401,261,457,148,243,90,235,106,28,27,92,73,48,50,36,40,267,139,52,59,06,17988
"Daphnedale Park CDP, California",28,40,28,40,0,14,28,40,0,14,0,14,0,14,0,14,0,14,0,14,0,14,0,14,0,14,0,14,0,14,0,14,0,14,0,14,0,14,0,14,0,14,0,14,0,14,06,17995
"Darwin CDP, California",34,42,29,41,0,14,0,14,0,14,0,14,0,14,29,41,0,14,0,14,0,14,0,14,5,7,5,7,0,14,0,14,0,14,0,14,0,14,0,14,0,14,0,14,0,14,06,18030
"Davenport CDP, California",41,21,25,16,0,14,2,4,0,14,1,4,0,14,7,8,6,8,2,3,7,10,0,14,16,13,2,3,0,14,0,14,3,5,7,11,0,14,0,14,0,14,4,5,0,14,06,18086
"Davis city, California",11037,496,6536,422,487,130,1350,236,1352,229,1131,173,525,127,458,109,147,59,306,133,767,186,13,20,4501,418,2488,287,729,235,309,96,213,99,63,47,99,55,105,79,53,44,367,153,75,42,06,18100
"Day Valley CDP, California",1100,210,530,120,63,53,77,48,141,64,23,22,76,58,34,29,51,40,13,22,52,36,0,14,570,161,223,89,138,104,39,41,11,17,9,17,73,105,8,13,37,36,32,44,0,14,06,18153
"Deer Park CDP, California",213,80,141,64,0,14,25,28,9,14,12,17,4,9,14,20,0,14,39,42,29,36,9,16,72,44,14,16,20,21,30,30,0,14,0,14,0,14,0,14,0,14,8,13,0,14,06,18324
"Del Aire CDP, California",2318,286,1702,250,181,76,187,128,277,117,258,95,134,72,127,79,98,70,189,105,237,122,14,15,616,204,457,180,63,40,27,25,21,23,0,21,0,21,0,21,0,21,48,61,0,21,06,18352
"Delano city, California",7580,575,4609,511,326,141,699,214,728,237,865,299,615,187,419,177,146,87,273,126,529,193,9,15,2971,483,1327,278,602,159,310,222,107,89,103,97,157,161,65,77,114,95,113,101,73,65,06,18394
"Del Dios CDP, California",115,44,74,39,0,14,5,7,16,16,25,22,0,14,6,9,0,14,17,24,5,9,0,14,41,26,17,13,5,7,5,8,0,14,14,21,0,14,0,14,0,14,0,14,0,14,06,18422
"Delft Colony CDP, California",84,106,64,90,0,14,0,14,0,14,0,14,0,14,64,90,0,14,0,14,0,14,0,14,20,28,20,28,0,14,0,14,0,14,0,14,0,14,0,14,0,14,0,14,0,14,06,18450
"Delhi CDP, California",2088,316,1449,224,42,50,311,135,136,86,193,149,176,101,87,67,110,67,142,100,252,122,0,21,639,266,287,172,169,175,31,40,19,24,23,30,12,20,0,21,0,21,40,41,58,75,06,18464
"Delleker CDP, California",216,124,161,122,0,14,0,14,0,14,10,16,0,14,92,113,0,14,0,14,59,63,0,14,55,53,24,38,0,14,17,28,0,14,14,21,0,14,0,14,0,14,0,14,0,14,06,18485
"Del Mar city, California",987,174,551,138,57,47,96,50,85,63,24,22,67,41,51,40,4,9,31,25,136,66,0,14,436,136,237,125,112,55,16,20,13,18,21,33,16,28,0,14,0,14,21,25,0,14,06,18506
"Del Monte Forest CDP, California",1458,205,701,131,106,64,44,27,72,39,119,53,78,42,14,16,42,33,34,25,169,93,23,14,757,179,261,110,112,46,107,127,39,23,58,35,12,14,7,11,0,14,126,69,35,31,06,18590
"Del Rey CDP, California",234,74,170,69,0,14,44,42,60,45,0,14,7,11,34,34,0,14,5,8,20,30,0,14,64,48,28,31,17,27,0,14,19,29,0,14,0,14,0,14,0,14,0,14,0,14,06,18674
"Del Rey Oaks city, California",496,67,352,58,52,38,43,23,60,24,40,24,30,16,32,14,25,13,14,10,56,18,0,14,144,36,68,28,17,15,11,9,11,10,4,5,6,7,0,14,8,7,16,11,3,4,06,18688
"Del Rio CDP, California",526,145,314,135,0,14,135,122,18,29,0,14,32,41,10,17,77,84,0,14,42,52,0,14,212,112,149,114,25,31,0,14,0,14,16,27,0,14,0,14,0,14,22,34,0,14,06,18695
"Denair CDP, California",1115,295,941,278,28,39,359,219,75,59,29,52,64,72,45,43,11,13,110,80,220,116,0,14,174,89,121,74,44,49,0,14,6,10,0,14,0,14,0,14,0,14,3,14,0,14,06,18856
"Derby Acres CDP, California",66,28,23,16,0,14,0,14,7,8,5,6,6,8,0,14,0,14,0,14,5,9,0,14,43,20,17,9,5,8,2,3,1,4,11,12,0,14,1,2,0,14,6,6,0,14,06,18926
"Descanso CDP, California",400,116,292,92,7,11,33,34,41,29,45,40,17,23,46,38,38,35,43,53,22,33,0,14,108,74,40,66,15,24,0,14,14,23,0,14,0,14,7,11,0,14,7,11,25,38,06,18940
"Desert Center CDP, California",31,21,16,16,0,14,0,14,7,11,2,3,7,10,0,14,0,14,0,14,0,14,0,14,15,13,6,7,3,5,6,10,0,14,0,14,0,14,0,14,0,14,0,14,0,14,06,18982
"Desert Edge CDP, California",1805,277,200,123,7,13,36,51,0,14,24,47,0,14,0,14,6,12,0,14,127,101,0,14,1605,270,457,167,320,149,217,109,61,58,79,48,80,55,52,56,55,61,226,98,58,44,06,18986
"Desert Hot Springs city, California",5770,640,3819,505,173,112,375,144,439,182,434,187,266,156,343,177,345,200,472,230,919,271,53,56,1951,428,704,275,300,151,301,147,183,137,87,59,66,44,0,29,115,107,142,126,53,70,06,18996
"Desert Palms CDP, California",3347,372,1407,322,58,49,68,97,244,114,182,107,225,139,75,52,66,51,184,99,288,95,17,27,1940,279,554,145,269,116,306,182,155,95,72,52,18,15,50,46,60,42,373,155,83,69,06,19022
"Desert Shores CDP, California",249,133,22,26,0,14,9,14,0,14,0,14,0,14,0,14,13,21,0,14,0,14,0,14,227,132,58,63,91,88,0,14,17,29,17,30,44,70,0,14,0,14,0,14,0,14,06,19024
"Desert View Highlands CDP, California",489,180,390,174,71,83,66,80,18,31,0,14,52,66,28,40,54,53,0,14,101,128,0,14,99,83,14,17,36,42,0,14,0,14,46,72,0,14,0,14,0,14,3,7,0,14,06,19052
"Diablo CDP, California",437,159,206,135,13,22,0,14,0,14,0,14,87,109,0,14,0,14,55,64,51,46,0,14,231,98,66,71,34,53,11,18,0,14,0,14,0,14,0,14,0,14,120,87,0,14,06,19150
"Diablo Grande CDP, California",483,104,422,100,0,14,80,59,64,55,60,38,64,50,33,23,10,15,56,63,55,37,0,14,61,37,8,13,20,23,0,14,0,14,15,13,0,14,18,29,0,14,0,14,0,14,06,19155
"Diamond Bar city, California",13917,667,8391,491,480,184,903,224,1240,224,1262,222,1062,201,593,134,273,94,835,244,1673,290,70,60,5526,559,1830,272,1129,260,627,331,200,86,236,136,221,131,119,68,204,91,715,268,245,152,06,19192
"Diamond Springs CDP, California",3164,378,1896,367,100,62,223,110,164,85,199,100,261,115,180,89,185,118,237,196,347,123,0,21,1268,264,226,104,267,96,80,56,183,86,52,45,158,119,52,57,21,32,215,135,14,21,06,19220
"Di Giorgio CDP, California",25,18,5,9,0,14,0,14,0,14,0,14,0,14,0,14,0,14,0,14,5,9,0,14,20,14,11,9,0,14,0,14,0,14,3,5,6,10,0,14,0,14,0,14,0,14,06,19248
"Dillon Beach CDP, California",114,77,30,38,30,38,0,14,0,14,0,14,0,14,0,14,0,14,0,14,0,14,0,14,84,66,0,14,44,49,0,14,40,45,0,14,0,14,0,14,0,14,0,14,0,14,06,19262
"Dinuba city, California",3935,399,2649,343,360,166,489,196,448,187,216,137,96,67,248,194,132,81,237,123,390,126,33,43,1286,282,542,166,257,105,101,75,59,44,52,46,92,90,15,24,0,25,100,63,68,117,06,19318
"Discovery Bay CDP, California",4886,375,3738,324,133,76,480,171,681,205,496,146,415,136,363,172,150,64,131,69,872,198,17,20,1148,286,525,245,198,110,106,60,53,40,58,35,21,20,21,31,82,61,84,67,0,21,06,19339
"Dixon city, California",4173,448,3237,399,41,49,365,155,508,175,443,176,520,218,230,119,164,116,555,265,384,119,27,44,936,215,438,161,218,93,85,70,66,43,17,17,21,23,11,19,7,11,62,51,11,20,06,19402
"Dixon Lane-MeadowCreek CDP, California",944,142,383,117,12,27,156,98,97,97,31,43,48,51,10,16,0,14,17,20,12,13,0,14,561,136,100,49,92,68,46,38,109,102,13,13,36,24,45,57,16,21,102,62,2,4,06,19406
"Dobbins CDP, California",248,139,202,143,0,14,53,71,0,14,0,14,13,20,55,77,0,14,0,14,81,87,0,14,46,40,6,10,13,20,0,14,0,14,16,26,0,14,0,14,0,14,6,11,5,9,06,19416
"Dogtown CDP, California",855,222,617,217,43,26,25,26,265,197,20,25,70,52,25,28,37,39,41,39,60,41,31,37,238,75,108,57,54,34,16,15,0,14,31,36,0,14,0,14,16,15,13,11,0,14,06,19440
"Dollar Point CDP, California",486,131,268,96,13,19,17,28,48,50,55,46,0,14,36,38,0,14,14,21,65,50,20,30,218,108,35,37,98,92,17,26,50,46,0,14,18,27,0,14,0,14,0,14,0,14,06,19455
"Dorrington CDP, California",228,109,150,95,51,61,41,43,0,14,30,46,0,14,0,14,0,14,0,14,28,47,0,14,78,46,71,45,7,12,0,14,0,14,0,14,0,14,0,14,0,14,0,14,0,14,06,19570
"Dorris city, California",205,53,127,49,7,7,20,18,26,25,4,5,22,24,2,4,3,4,27,29,16,11,0,14,78,22,28,14,11,8,3,4,0,14,12,8,9,12,9,8,0,14,4,5,2,3,06,19584
"Dos Palos city, California",1264,350,687,225,9,17,204,145,72,57,109,84,0,19,30,35,0,19,45,69,218,160,0,19,577,287,38,35,29,35,74,73,55,51,65,77,16,19,34,49,0,19,99,118,167,191,06,19612
"Dos Palos Y CDP, California",58,55,29,44,0,14,0,14,0,14,0,14,29,44,0,14,0,14,0,14,0,14,0,14,29,33,0,14,0,14,0,14,0,14,0,14,20,31,9,14,0,14,0,14,0,14,06,19654
"Douglas City CDP, California",272,80,133,58,5,9,0,14,0,14,62,50,14,18,0,14,10,16,0,14,18,23,24,38,139,62,16,26,11,19,33,30,13,14,13,20,21,21,0,14,0,14,32,29,0,14,06,19724
"Douglas Flat CDP, California",114,133,101,131,0,14,0,14,91,130,0,14,0,14,10,15,0,14,0,14,0,14,0,14,13,22,0,14,0,14,0,14,0,14,0,14,13,22,0,14,0,14,0,14,0,14,06,19738
"Downey city, California",17807,802,12128,742,466,129,1455,288,1987,362,1816,349,1216,305,990,265,621,132,887,225,2653,563,37,37,5679,564,3081,461,939,215,519,145,193,86,206,112,128,78,79,53,191,118,244,105,99,92,06,19766
"Downieville CDP, California",23,26,12,19,0,14,0,14,12,19,0,14,0,14,0,14,0,14,0,14,0,14,0,14,11,18,0,14,11,18,0,14,0,14,0,14,0,14,0,14,0,14,0,14,0,14,06,19794
"Doyle CDP, California",264,110,145,82,0,14,0,14,0,14,0,14,8,12,61,62,36,54,18,28,22,29,0,14,119,71,26,28,0,14,21,34,32,46,22,33,18,24,0,14,0,14,0,14,0,14,06,19878
"Drytown CDP, California",53,60,39,59,39,59,0,14,0,14,0,14,0,14,0,14,0,14,0,14,0,14,0,14,14,13,14,13,0,14,0,14,0,14,0,14,0,14,0,14,0,14,0,14,0,14,06,19976
"Duarte city, California",4581,380,3083,371,139,78,319,170,443,126,509,162,365,139,341,139,117,85,394,144,456,182,0,25,1498,227,753,180,240,95,161,92,102,60,46,48,18,21,5,10,35,43,112,71,26,30,06,19990
"Dublin city, California",15866,744,12532,659,729,212,2151,380,2005,302,2340,407,1331,233,950,209,721,203,1088,253,1209,354,8,13,3334,438,1877,353,595,161,297,154,117,64,47,45,75,51,95,85,26,27,205,93,0,32,06,20018
"Ducor CDP, California",84,43,62,37,9,14,26,24,6,10,4,8,17,18,0,14,0,14,0,14,0,14,0,14,22,22,12,15,0,14,0,14,10,16,0,14,0,14,0,14,0,14,0,14,0,14,06,20032
"Dunnigan CDP, California",195,124,12,21,0,14,0,14,0,14,0,14,0,14,0,14,0,14,0,14,12,21,0,14,183,119,20,31,0,14,24,38,31,38,0,14,19,30,26,40,0,14,63,79,0,14,06,20228
"Dunsmuir city, California",425,92,212,70,14,12,14,14,33,20,39,31,28,37,14,16,4,7,7,8,59,34,0,14,213,72,95,51,28,31,25,16,26,35,8,10,0,14,2,3,17,20,12,11,0,14,06,20242
"Durham CDP, California",1503,286,748,177,79,119,45,48,203,118,149,95,150,88,16,25,18,30,13,24,75,67,0,19,755,254,278,117,92,61,186,198,63,90,28,33,0,19,0,19,48,75,60,45,0,19,06,20270
"Dustin Acres CDP, California",188,69,153,71,5,6,24,24,37,25,24,26,0,14,0,14,0,14,36,37,27,31,0,14,35,20,14,16,9,8,0,14,7,9,5,7,0,14,0,14,0,14,0,14,0,14,06,20284
"Dutch Flat CDP, California",65,28,38,24,3,5,0,14,17,20,4,6,4,6,0,14,0,14,10,14,0,14,0,14,27,18,2,5,11,13,0,14,0,14,7,8,0,14,4,6,0,14,3,4,0,14,06,20298
"Eagleville CDP, California",22,24,3,5,0,14,0,14,0,14,0,14,0,14,0,14,3,5,0,14,0,14,0,14,19,23,19,23,0,14,0,14,0,14,0,14,0,14,0,14,0,14,0,14,0,14,06,20424
"Earlimart CDP, California",1013,177,594,155,41,55,73,67,62,54,111,64,102,62,47,47,70,77,35,39,53,44,0,19,419,127,171,88,100,62,26,42,26,41,0,19,0,19,21,35,0,19,57,51,18,30,06,20438
"East Bakersfield CDP, California",562,129,317,116,5,9,33,33,72,55,10,18,24,35,31,51,0,21,23,31,119,87,0,21,245,93,101,64,60,44,13,19,0,21,21,27,9,14,0,21,0,21,41,44,0,21,06,20515
"Eastern Goleta Valley CDP, California",7686,471,4686,473,291,110,536,158,824,256,779,178,446,157,401,120,332,127,289,83,788,191,0,25,3000,339,1185,227,422,130,483,177,250,119,46,50,81,43,65,43,145,68,273,78,50,44,06,20574
"East Foothills CDP, California",1796,211,1370,205,132,82,243,136,192,103,243,90,112,84,86,51,67,43,101,60,194,89,0,19,426,87,177,65,73,45,65,46,22,22,21,23,0,19,21,24,0,19,27,26,20,23,06,20598
"East Hemet CDP, California",3792,362,2806,306,136,72,227,107,483,138,515,171,369,161,169,87,208,92,159,88,451,174,89,82,986,242,453,214,158,77,86,67,112,73,24,28,24,23,11,17,20,29,67,51,31,49,06,20697
"East Los Angeles CDP, California",10205,649,5951,475,370,128,677,159,780,196,797,172,641,177,489,135,314,110,570,183,1300,300,13,13,4254,492,2197,356,543,172,497,190,259,123,140,59,117,83,97,64,98,65,251,125,55,38,06,20802
"East Nicolaus CDP, California",44,21,29,17,2,2,0,14,6,6,5,6,5,6,0,14,0,14,0,14,11,11,0,14,15,10,6,6,0,14,0,14,4,5,3,4,0,14,0,14,0,14,2,2,0,14,06,20900
"East Niles CDP, California",4626,412,2787,358,69,43,323,141,280,123,430,174,441,185,389,195,52,45,206,91,538,147,59,67,1839,299,751,205,373,122,196,93,73,69,90,97,36,26,48,51,141,135,110,76,21,28,06,20903
"East Oakdale CDP, California",882,146,497,129,7,11,110,52,46,39,41,32,48,37,23,25,49,32,58,60,85,65,30,44,385,103,204,91,31,31,42,36,24,25,0,14,36,40,7,11,8,12,31,26,2,4,06,20907
"Easton CDP, California",501,97,404,94,53,46,56,36,35,28,53,48,88,63,6,9,0,14,11,12,102,60,0,14,97,41,57,31,27,18,8,13,0,14,0,14,0,14,0,14,5,8,0,14,0,14,06,20928
"East Orosi CDP, California",53,49,13,21,0,14,13,21,0,14,0,14,0,14,0,14,0,14,0,14,0,14,0,14,40,44,5,8,0,14,29,42,6,12,0,14,0,14,0,14,0,14,0,14,0,14,06,20942
"East Palo Alto city, California",4056,409,2694,377,127,68,212,101,326,120,586,201,343,154,205,106,28,26,214,135,653,313,0,25,1362,316,784,286,308,174,82,55,12,19,42,68,43,59,29,44,11,16,51,44,0,25,06,20956
"East Pasadena CDP, California",1514,189,1110,194,47,40,196,121,114,75,175,100,85,74,45,50,114,114,159,89,165,111,10,15,404,140,141,67,31,27,44,47,34,35,84,100,0,19,0,19,14,16,56,70,0,19,06,20984
"East Porterville CDP, California",594,177,264,150,33,49,31,28,34,35,23,33,6,9,3,5,0,19,18,29,116,110,0,19,330,95,193,84,14,14,72,49,13,21,20,34,6,8,5,8,0,19,2,4,5,8,06,21012
"East Quincy CDP, California",589,207,296,147,41,63,11,19,63,64,0,14,6,9,47,37,92,95,0,14,36,61,0,14,293,156,51,71,149,130,12,19,0,14,31,41,29,47,0,14,0,14,21,32,0,14,06,21026
"East Rancho Dominguez CDP, California",1942,212,1440,210,47,31,210,128,322,138,179,102,102,65,54,34,82,56,162,80,221,94,61,56,502,116,246,92,58,46,58,47,30,22,9,15,24,22,10,17,0,21,56,58,11,15,06,21034
"East Richmond Heights CDP, California",1094,177,673,112,13,22,104,73,124,61,150,65,74,41,78,45,62,50,18,22,50,28,0,14,421,146,158,102,102,95,66,59,9,14,30,46,7,14,10,15,0,14,32,40,7,11,06,21061
"East San Gabriel CDP, California",4437,462,2718,374,184,172,249,86,501,149,352,140,177,76,373,152,131,66,299,188,452,151,0,25,1719,290,923,255,310,95,89,51,56,52,90,64,43,35,9,15,30,27,57,37,112,67,06,21096
"East Shore CDP, California",88,54,50,43,0,14,4,7,7,10,16,28,0,14,19,29,0,14,0,14,4,6,0,14,38,31,0,14,0,14,0,14,0,14,6,9,8,13,17,26,7,11,0,14,0,14,06,21138
"East Sonora CDP, California",916,220,344,192,0,14,35,35,22,25,22,38,6,11,119,170,51,69,0,14,89,58,0,14,572,141,98,72,200,126,34,28,8,12,7,13,16,20,48,51,53,37,101,68,7,12,06,21188
"East Tulare Villa CDP, California",140,52,83,40,13,11,3,5,36,31,9,17,5,7,15,23,0,14,0,14,0,14,2,4,57,33,38,27,4,5,3,4,0,14,0,14,0,14,0,14,0,14,12,16,0,14,06,21210
"Eastvale city, California",14179,745,11659,741,437,193,1142,271,2348,526,2187,519,1508,323,628,213,658,224,1159,338,1539,333,53,63,2520,410,978,271,529,244,285,123,173,98,130,102,125,105,118,135,67,46,100,65,15,24,06,21230
"East Whittier CDP, California",2105,196,1419,198,48,43,111,60,339,148,297,137,147,85,73,44,41,42,111,72,252,106,0,19,686,169,427,127,107,83,36,39,71,45,9,14,8,12,0,19,0,19,13,15,15,17,06,21292
"Edgewood CDP, California",0,14,0,14,0,14,0,14,0,14,0,14,0,14,0,14,0,14,0,14,0,14,0,14,0,14,0,14,0,14,0,14,0,14,0,14,0,14,0,14,0,14,0,14,0,14,06,21530
"Edison CDP, California",39,43,39,43,0,14,26,36,0,14,0,14,0,14,0,14,0,14,13,23,0,14,0,14,0,14,0,14,0,14,0,14,0,14,0,14,0,14,0,14,0,14,0,14,0,14,06,21544
"Edmundson Acres CDP, California",38,24,26,16,0,14,6,7,2,5,4,5,0,14,0,14,2,7,6,7,6,9,0,14,12,17,0,14,2,3,0,14,10,16,0,14,0,14,0,14,0,14,0,14,0,14,06,21558
"Edna CDP, California",88,61,51,43,0,14,10,17,15,26,0,14,0,14,26,29,0,14,0,14,0,14,0,14,37,41,18,30,19,29,0,14,0,14,0,14,0,14,0,14,0,14,0,14,0,14,06,21565
"Edwards AFB CDP, California",29,29,0,14,0,14,0,14,0,14,0,14,0,14,0,14,0,14,0,14,0,14,0,14,29,29,0,14,0,14,16,22,0,14,0,14,0,14,0,14,0,14,13,18,0,14,06,21600
"El Adobe CDP, California",32,24,15,16,0,14,0,14,0,14,0,14,0,14,8,13,7,10,0,14,0,14,0,14,17,18,1,7,0,14,0,14,5,9,0,14,11,15,0,14,0,14,0,14,0,14,06,21691
"El Cajon city, California",14066,770,9905,658,467,137,917,241,1234,240,1803,307,1387,321,863,235,592,159,577,143,2050,484,15,23,4161,437,1426,240,809,212,479,160,241,86,256,117,187,127,146,108,91,70,499,157,27,32,06,21712
"El Centro city, California",6377,469,3948,458,154,96,574,192,774,216,580,203,403,178,164,86,225,125,377,198,686,199,11,17,2429,375,1086,242,388,157,229,104,160,77,99,73,97,81,45,47,138,96,153,99,34,45,06,21782
"El Centro Naval Air Facility CDP, California",0,14,0,14,0,14,0,14,0,14,0,14,0,14,0,14,0,14,0,14,0,14,0,14,0,14,0,14,0,14,0,14,0,14,0,14,0,14,0,14,0,14,0,14,0,14,06,21788
"El Cerrito city, California",6351,425,4102,359,322,98,630,178,579,121,642,160,448,126,338,100,169,69,390,132,582,153,2,5,2249,269,960,164,508,160,225,68,196,85,82,41,41,28,38,24,3,6,145,58,51,34,06,21796
"El Cerrito CDP, California",1226,179,806,209,7,13,56,41,111,72,99,88,13,25,173,136,18,26,86,74,243,137,0,19,420,133,244,101,21,28,14,17,60,83,0,19,0,19,0,19,0,19,81,82,0,19,06,21810
"El Dorado Hills CDP, California",15860,637,11757,576,738,226,1618,323,2381,378,1853,295,1391,317,976,260,357,150,727,209,1691,312,25,28,4103,472,1564,284,777,206,473,170,390,182,286,151,109,75,81,54,74,48,324,148,25,28,06,21880
"Eldridge CDP, California",365,94,238,87,16,19,30,35,23,28,83,57,9,14,25,26,9,13,0,14,43,46,0,14,127,68,104,60,0,14,16,25,0,14,0,14,0,14,0,14,0,14,7,12,0,14,06,21894
"Elfin Forest CDP, California",182,68,140,67,24,35,0,14,12,13,29,31,6,9,17,28,22,28,22,24,8,12,0,14,42,44,5,8,30,43,0,14,0,14,0,14,0,14,0,14,7,11,0,14,0,14,06,21916
"El Granada CDP, California",1968,302,1279,294,90,93,136,127,181,138,179,135,118,114,139,128,0,19,18,47,418,252,0,19,689,223,397,217,93,99,0,19,69,80,20,41,0,19,0,19,55,85,55,72,0,19,06,21936
"Elizabeth Lake CDP, California",644,79,496,100,45,45,73,40,144,71,48,55,27,20,52,43,14,15,36,31,57,41,0,14,148,59,50,47,23,20,0,14,11,16,7,11,25,29,0,14,32,36,0,14,0,14,06,21964
"Elk Creek CDP, California",14,15,8,12,0,14,0,14,8,12,0,14,0,14,0,14,0,14,0,14,0,14,0,14,6,9,6,9,0,14,0,14,0,14,0,14,0,14,0,14,0,14,0,14,0,14,06,22006
"Elk Grove city, California",41023,1126,29900,1083,2198,351,4112,389,6069,669,4784,537,3480,411,2430,322,1407,313,2236,294,3080,420,104,65,11123,695,5690,531,2113,288,975,254,546,167,402,126,240,82,81,49,305,141,672,166,99,52,06,22020
"Elkhorn CDP, California",367,108,200,81,52,61,9,14,13,19,19,20,0,14,46,52,10,18,21,23,30,29,0,14,167,90,70,64,48,48,39,67,0,14,10,15,0,14,0,14,0,14,0,14,0,14,06,22034
"El Macero CDP, California",341,69,180,64,27,31,61,42,11,19,31,35,0,14,7,11,21,23,0,14,22,22,0,14,161,55,65,45,34,22,21,24,0,14,25,23,16,19,0,14,0,14,0,14,0,14,06,22104
"Elmira CDP, California",39,61,39,61,0,14,0,14,0,14,0,14,39,61,0,14,0,14,0,14,0,14,0,14,0,14,0,14,0,14,0,14,0,14,0,14,0,14,0,14,0,14,0,14,0,14,06,22146
"El Monte city, California",11792,641,6316,492,343,117,667,170,883,164,782,227,588,154,391,136,523,190,411,119,1723,316,5,8,5476,504,2505,414,851,170,504,133,324,115,317,137,177,100,176,125,122,90,451,143,49,33,06,22230
"El Monte Mobile Village CDP, California",0,14,0,14,0,14,0,14,0,14,0,14,0,14,0,14,0,14,0,14,0,14,0,14,0,14,0,14,0,14,0,14,0,14,0,14,0,14,0,14,0,14,0,14,0,14,06,22235
"El Nido CDP, California",48,31,18,17,0,14,6,9,0,14,0,14,10,14,2,4,0,14,0,14,0,14,0,14,30,25,5,6,16,19,0,14,0,14,0,14,0,14,0,14,9,14,0,14,0,14,06,22286
"El Paso de Robles (Paso Robles) city, California",7346,534,5105,554,199,99,547,173,897,230,479,151,1158,351,555,168,267,98,295,123,675,155,33,44,2241,352,819,183,448,197,373,229,136,71,24,27,46,31,60,59,44,32,237,124,54,49,06,22300
"El Portal CDP, California",153,89,31,20,0,14,0,14,9,14,7,11,15,21,0,14,0,14,0,14,0,14,0,14,122,88,75,74,0,14,26,40,0,14,0,14,0,14,0,14,0,14,21,32,0,14,06,22328
"El Rancho CDP, California",8,13,8,13,0,14,0,14,0,14,0,14,0,14,0,14,0,14,0,14,0,14,8,13,0,14,0,14,0,14,0,14,0,14,0,14,0,14,0,14,0,14,0,14,0,14,06,22360
"El Rio CDP, California",906,175,689,151,60,41,59,35,56,44,106,50,167,68,32,33,16,19,31,26,162,122,0,19,217,92,136,76,31,31,8,13,8,11,0,19,0,19,0,19,0,19,34,33,0,19,06,22370
"El Segundo city, California",3162,372,2329,353,133,75,248,109,295,112,473,127,259,108,193,87,45,40,116,75,542,274,25,37,833,185,294,99,212,137,155,85,0,21,13,21,37,31,32,34,7,12,71,53,12,20,06,22412
"El Sobrante CDP (Contra Costa County), California",3768,394,2470,339,120,80,210,97,651,214,409,181,221,113,158,84,56,46,180,118,454,163,11,18,1298,311,768,295,298,120,90,50,7,12,13,15,0,21,16,18,7,11,91,55,8,13,06,22454
"El Sobrante CDP (Riverside County), California",3480,327,2989,354,136,147,594,209,529,218,278,160,612,242,102,108,68,52,287,136,383,216,0,21,491,124,271,110,24,29,91,74,13,22,22,34,13,17,0,21,0,21,57,71,0,21,06,22457
"El Verano CDP, California",751,217,540,186,0,14,52,50,42,66,196,148,49,47,0,14,34,42,23,27,144,90,0,14,211,132,110,112,51,48,17,28,17,27,16,25,0,14,0,14,0,14,0,14,0,14,06,22510
"Elverta CDP, California",1270,145,835,139,49,44,138,72,147,54,102,51,71,59,40,30,94,69,48,29,146,76,0,14,435,108,269,90,63,43,60,48,6,10,15,18,4,6,0,14,0,14,18,19,0,14,06,22524
"Emerald Lake Hills CDP, California",1397,165,1001,153,80,51,236,89,135,74,152,79,72,51,100,54,37,43,33,27,156,72,0,14,396,105,171,70,133,82,17,23,34,33,7,11,18,29,7,11,9,14,0,14,0,14,06,22587
"Emeryville city, California",1899,285,1172,248,113,61,166,91,131,86,243,113,103,72,87,56,46,41,122,86,161,101,0,21,727,173,222,106,111,103,142,80,36,41,0,21,52,56,24,26,63,61,46,33,31,41,06,22594
"Empire CDP, California",665,160,307,145,0,14,24,30,42,37,57,64,0,14,42,47,13,20,33,47,96,95,0,14,358,148,149,96,66,62,10,17,24,39,35,39,0,14,32,53,12,20,0,14,30,43,06,22622
"Encinitas city, California",15900,759,9815,569,909,182,1530,210,1652,279,1151,196,1176,249,674,181,473,144,723,192,1504,316,23,28,6085,615,2966,419,828,196,528,122,375,153,300,175,230,107,55,38,122,57,624,176,57,52,06,22678
"Escalon city, California",2065,348,1039,229,148,133,197,97,117,68,96,64,144,99,50,65,51,49,95,75,141,77,0,19,1026,363,336,126,410,314,24,21,145,159,4,8,28,24,0,19,37,35,42,33,0,19,06,22790
"Escondido city, California",26889,1061,18707,1019,929,230,2101,299,2977,333,3059,423,2357,300,2029,386,1055,419,1431,230,2639,446,130,146,8182,781,3456,487,1331,237,911,240,498,139,187,91,285,144,157,61,185,84,982,384,190,86,06,22804
"Esparto CDP, California",830,192,543,173,54,46,18,31,44,36,243,159,86,62,0,14,21,23,50,73,27,29,0,14,287,96,112,67,54,45,12,19,12,21,29,32,7,11,0,14,26,30,35,34,0,14,06,22846
"Etna city, California",194,68,81,47,0,14,26,25,11,19,37,32,0,14,0,14,0,14,0,14,7,10,0,14,113,45,60,35,25,26,4,6,9,14,13,18,0,14,0,14,0,14,2,4,0,14,06,22972
"Eucalyptus Hills CDP, California",1611,324,1230,323,113,120,83,76,281,147,279,229,135,109,0,19,112,122,81,72,146,109,0,19,381,132,134,100,50,46,89,65,22,36,0,19,11,18,23,37,20,33,32,37,0,19,06,23000
"Eureka city, California",4965,467,3214,403,171,91,439,176,533,208,577,206,270,132,329,136,203,95,185,115,480,174,27,31,1751,309,805,173,312,123,121,98,127,102,77,63,36,38,124,136,9,14,88,64,52,45,06,23042
"Exeter city, California",1784,239,1288,204,191,104,143,65,210,100,166,71,167,100,101,86,50,49,45,49,206,89,9,14,496,136,221,85,118,58,41,29,25,26,0,21,26,26,0,21,10,16,55,40,0,21,06,23126
"Fairbanks Ranch CDP, California",765,205,446,219,0,14,81,88,43,68,66,79,0,14,66,62,29,46,37,62,124,169,0,14,319,133,24,39,41,66,64,74,38,60,0,14,32,50,0,14,0,14,120,88,0,14,06,23150
"Fairfax CDP, California",219,69,124,68,0,14,0,14,21,29,4,8,0,14,35,47,18,31,13,22,28,36,5,10,95,62,52,48,9,17,0,14,9,19,0,14,12,21,13,22,0,14,0,14,0,14,06,23158
"Fairfax town, California",2249,213,1416,207,87,59,212,98,180,84,288,136,165,97,65,51,55,46,207,117,142,84,15,20,833,202,251,107,228,145,32,32,86,61,52,40,25,28,0,19,14,21,145,115,0,19,06,23168
"Fairfield city, California",23757,874,17612,769,866,191,2338,391,3269,503,2630,386,2005,364,1480,291,862,281,1424,262,2636,453,102,92,6145,531,3136,331,1035,251,589,204,388,151,231,108,101,72,108,79,95,55,311,118,151,110,06,23182
"Fairhaven CDP, California",78,43,32,20,6,10,2,4,2,3,4,4,0,14,14,18,4,5,0,14,0,14,0,14,46,40,25,25,18,30,2,3,0,14,0,14,0,14,0,14,1,4,0,14,0,14,06,23196
"Fairmead CDP, California",193,83,115,68,0,14,0,14,8,9,24,38,31,51,0,14,15,25,8,12,29,31,0,14,78,57,40,37,4,8,20,31,9,12,0,14,5,8,0,14,0,14,0,14,0,14,06,23210
"Fair Oaks CDP, California",9329,487,5983,462,461,144,910,320,1245,245,997,215,571,158,450,162,200,93,231,86,902,267,16,25,3346,321,1769,257,722,183,314,142,125,65,20,23,59,56,89,70,34,32,134,68,80,91,06,23294
"Fairview CDP, California",2670,334,1916,293,116,63,174,72,278,90,394,137,121,64,156,85,163,86,201,93,313,193,0,21,754,220,252,84,194,92,183,154,20,24,22,24,0,21,0,21,27,38,56,43,0,21,06,23350
"Fallbrook CDP, California",5696,524,3847,442,185,114,391,155,460,135,701,277,372,145,349,117,238,109,429,158,692,226,30,35,1849,315,551,149,406,147,277,130,200,125,78,75,26,20,66,71,72,57,152,82,21,24,06,23462
"Fall River Mills CDP, California",58,68,58,68,0,14,0,14,29,44,0,14,0,14,0,14,0,14,0,14,29,48,0,14,0,14,0,14,0,14,0,14,0,14,0,14,0,14,0,14,0,14,0,14,0,14,06,23532
"Farmersville city, California",1661,184,1161,235,45,40,119,67,134,76,193,90,112,98,179,102,47,53,178,115,154,87,0,21,500,177,311,180,47,38,81,62,7,12,10,15,0,21,31,36,2,6,11,18,0,21,06,23616
"Farmington CDP, California",14,17,6,11,0,14,0,14,0,14,0,14,6,11,0,14,0,14,0,14,0,14,0,14,8,13,0,14,0,14,0,14,0,14,8,13,0,14,0,14,0,14,0,14,0,14,06,23630
"Fellows CDP, California",20,14,0,14,0,14,0,14,0,14,0,14,0,14,0,14,0,14,0,14,0,14,0,14,20,14,13,9,0,14,3,4,4,7,0,14,0,14,0,14,0,14,0,14,0,14,06,23812
"Felton CDP, California",1338,206,957,185,21,29,142,115,272,133,135,76,86,60,80,59,58,47,36,36,127,62,0,14,381,145,198,89,45,45,22,26,0,14,60,48,15,25,0,14,5,9,36,58,0,14,06,23826
"Ferndale city, California",459,120,288,92,0,14,17,21,24,18,38,36,60,56,33,27,10,12,50,39,43,34,13,20,171,68,69,49,37,34,20,19,18,20,0,14,0,14,0,14,9,16,18,22,0,14,06,23910
"Fetters Hot Springs-Agua Caliente CDP, California",702,133,477,116,80,70,124,62,41,32,22,25,54,38,20,20,0,14,45,36,77,57,14,24,225,86,56,39,13,17,45,38,0,14,0,14,6,11,2,4,31,37,72,49,0,14,06,23973
"Fiddletown CDP, California",80,51,48,46,0,14,0,14,0,14,0,14,0,14,0,14,0,14,22,30,26,38,0,14,32,32,32,32,0,14,0,14,0,14,0,14,0,14,0,14,0,14,0,14,0,14,06,23980
"Fieldbrook CDP, California",265,55,142,51,3,5,12,11,15,11,12,10,1,4,16,15,11,10,16,20,56,39,0,14,123,38,54,22,20,10,21,19,5,6,2,3,0,14,0,14,8,12,13,10,0,14,06,24008
"Fields Landing CDP, California",40,36,22,29,0,14,0,14,0,14,13,24,9,15,0,14,0,14,0,14,0,14,0,14,18,28,0,14,0,14,0,14,18,28,0,14,0,14,0,14,0,14,0,14,0,14,06,24022
"Fillmore city, California",3540,440,2361,377,96,65,425,177,251,134,316,122,169,106,141,95,268,186,310,146,385,229,0,21,1179,355,315,112,258,261,80,76,25,30,50,53,113,115,92,94,51,83,195,156,0,21,06,24092
"Firebaugh city, California",1154,226,726,163,86,110,71,54,100,84,86,92,62,73,24,41,57,54,62,62,146,98,32,51,428,213,200,143,115,76,7,11,19,31,0,19,0,19,0,19,24,31,63,69,0,19,06,24134
"Fish Camp CDP, California",0,14,0,14,0,14,0,14,0,14,0,14,0,14,0,14,0,14,0,14,0,14,0,14,0,14,0,14,0,14,0,14,0,14,0,14,0,14,0,14,0,14,0,14,0,14,06,24218
"Florence-Graham CDP, California",5302,485,3260,351,323,92,268,111,570,205,323,116,289,122,352,154,215,101,259,107,661,197,0,32,2042,347,1171,316,355,128,168,99,79,56,42,50,32,50,23,39,54,38,94,49,24,28,06,24477
"Florin CDP, California",8422,476,4763,438,275,124,571,137,803,220,638,172,662,196,337,119,406,176,438,166,551,149,82,80,3659,430,1522,267,761,232,332,137,224,95,161,87,107,78,74,62,98,65,373,141,7,12,06,24498
"Floriston CDP, California",15,16,15,16,0,14,0,14,7,13,0,14,2,7,0,14,6,9,0,14,0,14,0,14,0,14,0,14,0,14,0,14,0,14,0,14,0,14,0,14,0,14,0,14,0,14,06,24526
"Flournoy CDP, California",37,23,22,20,0,14,4,5,2,3,2,4,0,14,0,14,11,18,0,14,3,5,0,14,15,13,13,13,0,14,0,14,0,14,0,14,0,14,2,4,0,14,0,14,0,14,06,24568
"Folsom city, California",20898,673,15074,628,1224,286,2101,305,3515,534,2385,432,1614,315,763,215,794,191,721,233,1928,404,29,29,5824,576,3006,413,965,251,366,116,291,177,185,98,213,258,169,115,147,75,463,167,19,24,06,24638
"Fontana city, California",38997,1002,30212,991,1197,241,3809,423,4873,441,4849,648,3870,476,2613,395,1851,368,2115,350,4956,599,79,54,8785,684,4362,492,2078,405,885,225,435,131,216,105,225,127,139,116,117,63,297,115,31,28,06,24680
"Foothill Farms CDP, California",6468,504,4205,436,311,145,461,133,716,214,459,185,471,145,317,150,385,220,448,141,607,164,30,50,2263,341,1212,263,324,130,198,142,96,52,92,73,77,49,32,30,59,54,138,83,35,30,06,24722
"Forbestown CDP, California",30,37,30,37,0,14,0,14,0,14,0,14,0,14,0,14,0,14,0,14,30,37,0,14,0,14,0,14,0,14,0,14,0,14,0,14,0,14,0,14,0,14,0,14,0,14,06,24750
"Ford City CDP, California",475,170,217,92,0,14,117,89,0,14,42,40,0,14,20,31,0,14,16,26,22,25,0,14,258,126,105,95,24,31,39,33,7,11,0,14,0,14,14,20,28,33,27,43,14,22,06,24764
"Foresta CDP, California",25,39,25,39,0,14,0,14,0,14,0,14,0,14,0,14,0,14,0,14,25,39,0,14,0,14,0,14,0,14,0,14,0,14,0,14,0,14,0,14,0,14,0,14,0,14,06,24792
"Foresthill CDP, California",394,183,314,160,0,14,0,14,0,14,82,104,68,75,71,101,0,14,0,14,93,104,0,14,80,102,0,14,18,29,0,14,0,14,0,14,0,14,0,14,0,14,0,14,62,97,06,24834
"Forest Meadows CDP, California",639,156,367,114,11,17,62,46,45,42,55,50,74,52,12,20,9,19,23,26,76,68,0,14,272,125,30,36,26,43,31,29,95,94,36,29,0,14,9,15,19,21,26,40,0,14,06,24897
"Forest Ranch CDP, California",666,254,505,242,29,13,10,16,38,60,157,200,138,131,45,45,0,14,0,14,88,73,0,14,161,121,83,102,40,39,29,34,0,14,0,14,8,22,0,14,0,14,1,11,0,14,06,24918
"Forestville CDP, California",1044,140,804,144,33,30,151,78,118,58,121,61,68,49,60,62,112,54,76,63,65,41,0,14,240,73,58,35,74,36,71,41,11,18,0,14,6,11,0,14,5,9,15,17,0,14,06,24960
"Fort Bidwell CDP, California",41,24,17,16,0,14,5,9,0,14,0,14,0,14,0,14,0,14,11,14,1,3,0,14,24,16,14,12,1,3,5,8,1,3,0,14,3,5,0,14,0,14,0,14,0,14,06,25030
"Fort Bragg city, California",1451,237,887,197,24,30,153,83,33,31,84,80,125,73,81,75,69,49,115,132,203,107,0,19,564,167,114,59,244,136,26,23,25,24,64,59,23,28,6,9,0,19,62,47,0,19,06,25058
"Fort Dick CDP, California",411,167,223,94,0,14,15,43,98,64,14,22,12,18,41,37,0,14,9,15,34,37,0,14,188,133,40,37,108,128,14,22,0,14,0,14,0,14,0,14,12,19,14,22,0,14,06,25086
"Fort Hunter Liggett CDP, California",0,14,0,14,0,14,0,14,0,14,0,14,0,14,0,14,0,14,0,14,0,14,0,14,0,14,0,14,0,14,0,14,0,14,0,14,0,14,0,14,0,14,0,14,0,14,06,25093
"Fort Irwin CDP, California",30,37,0,19,0,19,0,19,0,19,0,19,0,19,0,19,0,19,0,19,0,19,0,19,30,37,14,26,0,19,16,25,0,19,0,19,0,19,0,19,0,19,0,19,0,19,06,25114
"Fort Jones city, California",152,48,90,40,0,14,0,14,19,18,0,14,13,22,7,12,19,19,14,15,18,21,0,14,62,34,8,12,11,12,28,23,6,10,0,14,9,13,0,14,0,14,0,14,0,14,06,25128
"Fortuna city, California",2764,274,1793,248,60,52,288,151,278,100,159,84,191,82,289,133,70,51,117,58,331,184,10,16,971,227,398,157,217,86,57,39,136,101,40,28,34,40,12,19,50,53,27,26,0,21,06,25296
"Fort Washington CDP, California",109,52,94,56,0,14,10,16,84,58,0,14,0,14,0,14,0,14,0,14,0,14,0,14,15,15,10,11,0,14,5,9,0,14,0,14,0,14,0,14,0,14,0,14,0,14,06,25300
"Foster City city, California",6606,412,4272,295,412,99,647,146,812,178,480,119,653,160,405,99,200,84,127,53,504,118,32,36,2334,276,1015,182,511,136,199,85,121,57,88,58,94,84,20,23,68,43,181,78,37,35,06,25338
"Fountain Valley city, California",12166,653,7339,496,405,130,1137,228,1191,243,1010,204,793,212,577,161,293,97,583,172,1318,281,32,30,4827,467,2318,267,1002,205,440,162,351,252,119,58,76,41,72,48,44,36,392,132,13,14,06,25380
"Fowler city, California",1389,243,851,186,99,67,159,81,74,43,52,42,49,41,120,82,57,65,34,31,155,100,52,71,538,153,215,79,114,78,52,64,29,35,53,56,8,13,9,14,0,19,58,61,0,19,06,25436
"Franklin CDP (Merced County), California",1738,380,1189,265,22,30,37,32,224,196,132,89,92,74,252,158,142,139,93,72,195,123,0,19,549,242,115,74,50,42,30,28,9,14,42,63,2,4,0,19,54,83,247,232,0,19,06,25488
"Franklin CDP (Sacramento County), California",10,17,10,17,0,14,0,14,0,14,0,14,10,17,0,14,0,14,0,14,0,14,0,14,0,14,0,14,0,14,0,14,0,14,0,14,0,14,0,14,0,14,0,14,0,14,06,25506
"Frazier Park CDP, California",747,249,529,232,0,14,166,191,111,89,32,48,0,14,0,14,82,75,36,60,72,71,30,47,218,118,61,78,0,14,0,14,0,14,0,14,30,48,0,14,0,14,99,85,28,44,06,25534
"Freedom CDP, California",483,81,378,82,25,21,64,44,23,17,77,49,33,25,46,41,44,43,17,17,49,25,0,14,105,45,67,38,12,17,0,14,0,14,11,13,0,14,0,14,0,14,15,20,0,14,06,25576
"Freeport CDP, California",0,14,0,14,0,14,0,14,0,14,0,14,0,14,0,14,0,14,0,14,0,14,0,14,0,14,0,14,0,14,0,14,0,14,0,14,0,14,0,14,0,14,0,14,0,14,06,25590
"Fremont city, California",47484,1193,33729,949,2881,365,6562,609,6751,546,5214,499,3243,403,2299,355,1666,273,1645,268,3328,324,140,84,13755,785,7991,612,1995,380,805,188,707,176,401,128,220,88,240,107,323,137,896,278,177,77,06,26000
"French Camp CDP, California",207,70,159,68,8,16,14,23,8,13,69,35,25,32,0,14,0,14,0,14,35,42,0,14,48,39,26,31,7,11,0,14,0,14,0,14,0,14,0,14,0,14,15,22,0,14,06,26028
"French Gulch CDP, California",62,31,14,11,0,14,4,5,3,5,0,14,0,14,0,14,0,14,0,14,7,9,0,14,48,28,8,11,1,3,0,14,1,3,9,10,8,10,3,5,0,14,18,16,0,14,06,26056
"French Valley CDP, California",10208,676,8603,657,293,123,828,249,1473,346,1886,426,1162,288,729,245,634,219,442,163,1111,394,45,45,1605,350,722,228,240,123,159,81,234,225,41,43,42,41,21,34,63,63,30,35,53,54,06,26067
"Fresno city, California",90465,1640,59752,1446,4835,592,9695,858,10178,900,7819,707,6598,708,5167,646,2912,396,3632,451,8379,840,537,183,30713,1245,14839,1078,4789,517,3131,462,1568,278,1243,292,788,211,630,190,863,273,2466,439,396,141,06,27000
"Friant CDP, California",150,91,78,70,0,14,4,7,0,14,0,14,35,57,0,14,0,14,0,14,39,39,0,14,72,63,22,32,27,42,0,14,0,14,0,14,0,14,0,14,0,14,23,33,0,14,06,27014
"Fruitdale CDP, California",221,135,163,130,0,14,18,28,0,14,0,14,8,13,100,120,0,14,0,14,37,41,0,14,58,46,21,20,3,5,25,37,0,14,0,14,0,14,0,14,0,14,9,16,0,14,06,27080
"Fruitridge Pocket CDP, California",1158,195,741,180,0,19,139,95,168,88,29,30,91,61,43,44,66,65,56,49,135,88,14,21,417,118,194,86,84,54,8,13,34,35,10,15,23,23,0,19,0,19,64,76,0,19,06,27130
"Fuller Acres CDP, California",82,45,30,28,0,14,0,14,0,14,13,14,0,14,0,14,0,14,0,14,17,24,0,14,52,37,18,26,11,14,3,6,0,14,20,25,0,14,0,14,0,14,0,14,0,14,06,27190
"Fullerton city, California",24947,845,16855,732,1094,234,2000,336,2894,421,2425,351,2186,376,1547,397,728,188,1158,295,2730,387,93,52,8092,568,4069,496,1536,296,527,136,761,221,216,114,78,57,110,69,243,118,468,143,84,44,06,28000
"Fulton CDP, California",149,104,131,101,0,14,0,14,13,20,38,44,38,42,0,14,0,14,0,14,42,65,0,14,18,29,18,29,0,14,0,14,0,14,0,14,0,14,0,14,0,14,0,14,0,14,06,28014
"Furnace Creek CDP, California",14,11,0,14,0,14,0,14,0,14,0,14,0,14,0,14,0,14,0,14,0,14,0,14,14,11,6,8,4,6,2,4,0,14,0,14,0,14,0,14,0,14,2,4,0,14,06,28021
"Galt city, California",6465,422,4272,423,242,136,589,153,914,238,791,332,446,136,251,106,142,76,241,93,642,186,14,21,2193,324,1085,273,418,156,296,155,108,69,59,57,51,59,49,48,19,19,102,62,6,10,06,28112
"Garberville CDP, California",364,128,54,58,0,14,0,14,0,14,7,11,0,14,0,14,0,14,0,14,47,57,0,14,310,120,46,59,88,65,0,14,75,82,0,14,31,49,0,14,27,39,43,49,0,14,06,28154
"Gardena city, California",10169,556,6438,545,236,83,802,220,953,194,928,243,693,195,709,200,553,301,216,98,1319,287,29,31,3731,428,1861,292,750,253,243,78,143,67,142,77,50,38,61,45,119,74,292,107,70,50,06,28168
"Garden Acres CDP, California",1503,244,1001,203,93,94,139,86,147,97,186,91,167,88,80,56,28,28,33,33,128,70,0,21,502,162,287,115,54,51,81,58,28,39,0,21,0,21,30,48,0,21,22,23,0,21,06,28182
"Garden Farms CDP, California",96,83,34,39,0,14,0,14,0,14,14,22,20,32,0,14,0,14,0,14,0,14,0,14,62,73,0,14,0,14,0,14,0,14,0,14,0,14,0,14,19,31,43,68,0,14,06,28210
"Garden Grove city, California",26073,946,16710,800,974,193,2187,396,2584,307,2124,316,1695,312,1243,227,1186,195,1595,308,3058,444,64,42,9363,694,4673,467,1611,274,783,220,634,192,138,67,315,129,170,95,302,116,480,149,257,120,06,29000
"Garey CDP, California",15,11,8,7,0,14,0,14,1,2,7,7,0,14,0,14,0,14,0,14,0,14,0,14,7,11,7,11,0,14,0,14,0,14,0,14,0,14,0,14,0,14,0,14,0,14,06,29070
"Garnet CDP, California",1663,301,1075,239,63,55,204,116,189,127,95,75,58,66,121,110,141,109,24,41,180,103,0,19,588,202,279,190,58,49,29,42,108,75,45,49,2,12,14,24,18,22,35,48,0,19,06,29112
"Gasquet CDP, California",252,126,86,79,0,14,38,51,0,14,37,56,11,18,0,14,0,14,0,14,0,14,0,14,166,109,75,82,34,55,42,55,0,14,0,14,0,14,0,14,15,25,0,14,0,14,06,29154
"Gazelle CDP, California",21,10,1,3,0,14,0,14,0,14,0,14,0,14,0,14,0,14,1,3,0,14,0,14,20,10,7,6,0,14,8,8,3,7,2,4,0,14,0,14,0,14,0,14,0,14,06,29252
"Georgetown CDP, California",994,326,646,262,5,8,38,47,76,63,180,215,69,66,63,63,50,77,85,57,80,62,0,14,348,194,128,129,121,109,15,25,33,38,26,44,5,9,0,14,2,5,18,15,0,14,06,29350
"Gerber CDP, California",256,104,74,72,0,14,0,14,12,19,0,14,0,14,0,14,0,14,14,23,48,64,0,14,182,99,172,101,10,17,0,14,0,14,0,14,0,14,0,14,0,14,0,14,0,14,06,29392
"Geyserville CDP, California",231,70,156,54,23,20,13,11,28,22,6,7,14,15,11,15,7,7,19,24,35,29,0,14,75,45,38,37,5,5,8,9,0,14,3,5,0,14,0,14,0,14,21,19,0,14,06,29420
"Gilroy city, California",10889,524,8493,580,393,154,1062,268,1304,261,1094,243,1107,313,982,362,622,247,649,185,1229,235,51,38,2396,331,1330,298,339,121,283,113,66,42,47,33,33,30,45,50,102,76,122,71,29,36,06,29504
"Glencoe CDP, California",79,51,28,30,0,14,0,14,0,14,0,14,0,14,0,14,0,14,10,16,18,25,0,14,51,47,11,18,40,44,0,14,0,14,0,14,0,14,0,14,0,14,0,14,0,14,06,29714
"Glendale city, California",25525,1035,18244,925,1505,373,2229,420,2306,367,2635,408,1708,383,1007,211,1347,289,1607,445,3825,573,75,50,7281,686,2808,369,1310,275,601,199,353,130,471,186,395,159,143,106,284,114,810,228,106,59,06,30000
"Glendora city, California",11359,560,7832,446,503,151,822,171,1090,173,1186,185,1102,261,625,189,395,116,850,186,1240,250,19,22,3527,409,1506,252,848,255,217,84,201,85,85,38,137,74,28,35,89,54,399,138,17,19,06,30014
"Glen Ellen CDP, California",409,345,134,83,63,70,6,10,0,14,12,20,20,24,0,14,0,14,0,14,21,32,12,18,275,338,250,337,7,11,0,14,10,15,8,12,0,14,0,14,0,14,0,14,0,14,06,30028
"Glennville CDP, California",12,12,3,5,0,14,0,14,0,14,0,14,0,14,0,14,0,14,0,14,3,5,0,14,9,11,3,5,0,14,0,14,6,10,0,14,0,14,0,14,0,14,0,14,0,14,06,30126
"Golden Hills CDP, California",3098,583,1951,491,133,86,353,132,525,389,105,62,135,105,117,62,112,164,147,126,324,165,0,19,1147,317,527,180,194,133,258,199,87,93,18,20,0,19,0,19,0,19,53,50,10,16,06,30282
"Gold Mountain CDP, California",0,14,0,14,0,14,0,14,0,14,0,14,0,14,0,14,0,14,0,14,0,14,0,14,0,14,0,14,0,14,0,14,0,14,0,14,0,14,0,14,0,14,0,14,0,14,06,30339
"Gold River CDP, California",3089,334,1935,347,165,86,400,131,317,108,494,261,168,102,86,62,65,48,64,50,176,89,0,19,1154,266,558,204,248,119,143,106,47,38,70,58,0,19,26,32,20,21,24,29,18,29,06,30345
"Goleta city, California",6266,394,4069,370,152,60,479,166,818,214,620,142,434,186,346,123,351,103,365,142,490,142,14,20,2197,255,1214,238,307,91,179,90,112,77,80,50,44,42,67,54,83,92,86,56,25,28,06,30378
"Gonzales city, California",1255,235,854,212,10,19,77,90,130,87,244,96,126,98,23,38,46,51,85,67,113,73,0,19,401,139,235,119,75,65,27,40,0,19,33,52,12,18,0,19,0,19,19,30,0,19,06,30392
"Good Hope CDP, California",1216,211,455,147,45,56,19,24,58,54,26,33,108,49,0,19,22,28,19,24,158,99,0,19,761,183,211,89,161,107,98,85,72,80,50,47,115,93,14,25,20,32,0,19,20,31,06,30410
"Goodmanville CDP, California",61,35,33,42,0,14,0,14,11,19,0,14,0,14,0,14,0,14,0,14,22,36,0,14,28,20,11,14,0,14,9,14,0,14,0,14,0,14,0,14,0,14,8,13,0,14,06,30412
"Goodyears Bar CDP, California",12,18,12,18,0,14,0,14,12,18,0,14,0,14,0,14,0,14,0,14,0,14,0,14,0,14,0,14,0,14,0,14,0,14,0,14,0,14,0,14,0,14,0,14,0,14,06,30420
"Goshen CDP, California",675,179,490,188,99,112,68,68,46,51,106,97,65,61,0,19,11,17,46,41,49,69,0,19,185,88,98,71,7,11,49,52,0,19,0,19,31,48,0,19,0,19,0,19,0,19,06,30476
"Graeagle CDP, California",235,103,111,73,11,18,0,14,45,54,0,14,0,14,0,14,0,14,0,14,55,50,0,14,124,77,56,54,34,41,34,38,0,14,0,14,0,14,0,14,0,14,0,14,0,14,06,30560
"Grand Terrace city, California",3051,300,1915,260,162,84,182,96,295,114,322,130,335,199,44,42,100,75,46,35,429,196,0,21,1136,252,416,122,206,104,279,194,54,37,0,21,12,18,0,21,88,98,42,40,39,45,06,30658
"Grangeville CDP, California",188,87,137,99,19,22,15,24,61,84,0,14,0,14,24,39,0,14,18,24,0,14,0,14,51,37,30,33,10,17,0,14,0,14,0,14,0,14,11,17,0,14,0,14,0,14,06,30686
"Granite Bay CDP, California",6805,478,4373,483,379,172,620,179,586,195,823,233,546,221,248,113,93,69,282,221,783,188,13,20,2432,306,938,229,592,166,204,88,153,86,69,53,101,103,112,104,40,39,204,117,19,29,06,30693
"Granite Hills CDP, California",1004,208,805,206,54,45,82,63,122,81,116,72,108,56,123,128,23,25,16,18,161,100,0,14,199,83,51,31,55,55,25,20,20,23,0,14,0,14,0,14,0,14,48,35,0,14,06,30703
"Graniteville CDP, California",0,14,0,14,0,14,0,14,0,14,0,14,0,14,0,14,0,14,0,14,0,14,0,14,0,14,0,14,0,14,0,14,0,14,0,14,0,14,0,14,0,14,0,14,0,14,06,30714
"Grass Valley city, California",2721,430,1654,263,48,54,14,21,221,119,234,118,195,132,353,231,133,80,116,74,340,187,0,21,1067,294,351,260,169,113,124,75,20,24,35,35,99,82,20,33,40,44,209,124,0,21,06,30798
"Graton CDP, California",601,132,285,77,28,27,9,14,32,22,22,21,51,45,17,19,7,10,20,19,99,62,0,14,316,146,71,58,65,68,6,9,31,31,16,18,6,9,7,10,0,14,7,10,107,148,06,30812
"Grayson CDP, California",183,112,119,95,0,14,0,14,16,18,78,91,19,30,0,14,0,14,0,14,6,10,0,14,64,64,36,33,0,14,0,14,0,14,0,14,0,14,0,14,0,14,28,54,0,14,06,30882
"Greeley Hill CDP, California",323,142,145,99,0,14,22,28,10,16,12,19,9,14,0,14,0,14,30,40,62,90,0,14,178,114,31,38,1,21,23,29,8,14,0,14,10,17,0,14,66,97,39,45,0,14,06,30900
"Greenacres CDP, California",1246,163,831,158,110,71,158,89,142,89,37,22,38,45,106,72,100,46,26,26,105,54,9,14,415,113,155,62,83,55,34,30,16,19,6,10,19,28,52,69,0,14,23,21,27,28,06,30938
"Green Acres CDP, California",710,316,462,238,11,17,13,22,0,14,171,200,67,73,31,53,0,14,51,67,118,97,0,14,248,216,144,195,95,84,0,14,9,22,0,14,0,14,0,14,0,14,0,14,0,14,06,30944
"Greenfield CDP, California",497,121,213,103,6,15,70,51,18,20,51,52,0,14,24,32,36,61,8,14,0,14,0,14,284,127,84,58,104,80,24,40,9,17,0,14,9,15,27,49,11,19,16,24,0,14,06,30987
"Greenfield city, California",2412,279,1684,268,119,98,209,104,275,156,170,125,184,106,196,121,185,110,130,89,216,127,0,25,728,201,426,153,34,38,61,52,53,58,82,76,26,41,11,18,0,25,0,25,35,51,06,30994
"Greenhorn CDP, California",131,70,75,58,0,14,0,14,0,14,18,24,46,53,11,19,0,14,0,14,0,14,0,14,56,45,0,14,28,25,0,14,0,14,0,14,0,14,0,14,0,14,28,36,0,14,06,31029
"Green Valley CDP (Los Angeles County), California",308,70,189,58,10,12,21,22,34,29,40,32,10,14,0,14,22,18,8,13,39,32,5,8,119,56,57,32,8,12,0,14,6,11,29,44,0,14,0,14,3,7,4,7,12,18,06,31092
"Green Valley CDP (Solano County), California",545,116,399,97,46,53,54,41,42,39,48,38,43,68,39,37,42,46,10,17,53,51,22,35,146,77,96,61,0,14,0,14,13,21,0,14,0,14,0,14,0,14,37,41,0,14,06,31099
"Greenview CDP, California",41,33,24,33,0,14,0,14,24,33,0,14,0,14,0,14,0,14,0,14,0,14,0,14,17,19,0,14,11,16,0,14,0,14,0,14,0,14,0,14,0,14,6,10,0,14,06,31134
"Greenville CDP, California",161,97,69,79,18,39,45,66,3,5,0,14,0,14,3,5,0,14,0,14,0,14,0,14,92,75,53,38,0,14,0,14,0,14,0,14,0,14,39,65,0,14,0,14,0,14,06,31162
"Grenada CDP, California",61,34,0,14,0,14,0,14,0,14,0,14,0,14,0,14,0,14,0,14,0,14,0,14,61,34,40,30,3,4,9,15,0,14,0,14,0,14,0,14,0,14,9,14,0,14,06,31246
"Gridley city, California",1203,281,826,235,213,138,49,41,139,109,87,59,74,50,101,80,35,31,30,29,98,61,0,19,377,127,155,81,102,57,19,23,10,17,29,22,22,25,0,19,0,19,40,31,0,19,06,31260
"Grimes CDP, California",55,58,31,48,0,14,31,48,0,14,0,14,0,14,0,14,0,14,0,14,0,14,0,14,24,29,24,29,0,14,0,14,0,14,0,14,0,14,0,14,0,14,0,14,0,14,06,31288
"Grizzly Flats CDP, California",437,201,437,201,0,14,19,30,99,100,58,70,22,25,126,178,26,30,0,14,87,74,0,14,0,14,0,14,0,14,0,14,0,14,0,14,0,14,0,14,0,14,0,14,0,14,06,31302
"Groveland CDP, California",175,75,81,56,9,14,0,14,5,9,0,14,0,14,5,10,0,14,11,12,51,48,0,14,94,58,51,40,0,14,5,8,0,14,0,14,0,14,29,47,9,18,0,14,0,14,06,31372
"Grover Beach city, California",2495,373,1713,279,118,68,179,94,254,155,268,137,122,72,207,89,71,68,221,105,273,149,0,21,782,248,310,118,159,127,40,48,9,14,8,15,28,30,105,167,41,52,82,53,0,21,06,31393
"Guadalupe city, California",1160,210,928,196,62,44,148,92,156,88,79,58,41,48,52,40,71,52,35,54,274,114,10,15,232,82,112,69,45,46,24,25,0,19,0,19,0,19,0,19,0,19,27,41,24,36,06,31414
"Guerneville CDP, California",1487,203,962,173,64,38,31,25,148,66,164,64,51,49,170,83,50,31,104,75,180,125,0,14,525,125,161,71,187,103,0,14,40,44,27,28,56,46,27,26,5,9,18,19,4,8,06,31470
"Guinda CDP, California",111,89,44,43,0,14,0,14,15,23,29,47,0,14,0,14,0,14,0,14,0,14,0,14,67,78,50,73,17,26,0,14,0,14,0,14,0,14,0,14,0,14,0,14,0,14,06,31540
"Gustine city, California",1416,380,907,376,55,54,22,34,83,111,136,122,64,66,147,102,152,180,63,76,185,219,0,19,509,206,322,189,54,56,19,31,22,37,41,50,0,19,19,33,32,52,0,19,0,19,06,31568
"Hacienda Heights CDP, California",12485,647,7084,564,378,110,993,311,1125,225,862,245,749,163,519,136,397,100,576,179,1465,257,20,23,5401,519,2358,321,1051,261,602,147,412,152,193,74,61,42,113,46,166,84,424,115,21,21,06,31596
"Half Moon Bay city, California",2894,317,1976,275,147,70,288,108,335,159,256,104,216,88,106,77,43,48,269,246,298,96,18,21,918,204,375,128,92,44,152,84,27,41,104,72,37,32,26,26,23,23,82,38,0,21,06,31708
"Hamilton Branch CDP, California",168,52,113,42,19,21,0,14,19,23,12,13,5,8,11,13,8,13,0,14,39,32,0,14,55,28,35,24,8,9,0,14,4,8,0,14,0,14,0,14,8,9,0,14,0,14,06,31883
"Hamilton City CDP, California",420,125,241,105,10,15,21,28,56,77,50,35,10,14,9,12,6,9,0,14,79,64,0,14,179,67,61,39,41,31,12,18,14,21,14,25,0,14,0,14,21,20,16,26,0,14,06,31890
"Hanford city, California",12112,593,8091,603,387,143,1325,300,1682,316,1017,222,1041,273,477,154,555,169,526,162,1006,283,75,73,4021,432,2171,333,513,189,308,129,223,131,35,34,165,135,101,64,232,132,244,104,29,32,06,31960
"Happy Camp CDP, California",169,64,59,32,12,19,8,12,13,14,21,22,0,14,3,6,0,14,0,14,2,4,0,14,110,57,35,27,20,28,20,24,12,19,23,31,0,14,0,14,0,14,0,14,0,14,06,32030
"Happy Valley CDP, California",1769,312,1241,323,39,49,181,156,247,126,41,50,202,126,157,221,69,111,134,112,171,126,0,19,528,157,139,102,137,83,36,39,77,38,21,36,76,73,0,19,0,19,35,43,7,13,06,32036
"Harbison Canyon CDP, California",1262,195,641,151,53,51,128,75,73,59,92,41,65,44,53,48,26,22,45,34,106,67,0,14,621,131,239,94,133,76,105,84,20,20,31,28,19,24,22,25,8,11,44,40,0,14,06,32044
"Hardwick CDP, California",6,11,6,11,0,14,0,14,0,14,0,14,0,14,0,14,0,14,0,14,6,11,0,14,0,14,0,14,0,14,0,14,0,14,0,14,0,14,0,14,0,14,0,14,0,14,06,32156
"Harmony Grove CDP, California",769,158,711,155,0,14,101,76,230,129,93,70,56,40,27,30,83,77,79,72,42,40,0,14,58,43,26,26,0,14,0,14,0,14,21,25,0,14,0,14,0,14,11,19,0,14,06,32212
"Hartland CDP, California",0,14,0,14,0,14,0,14,0,14,0,14,0,14,0,14,0,14,0,14,0,14,0,14,0,14,0,14,0,14,0,14,0,14,0,14,0,14,0,14,0,14,0,14,0,14,06,32324
"Hartley CDP, California",721,207,555,199,0,14,55,57,109,62,86,105,70,87,104,102,11,19,28,43,78,65,14,29,166,96,61,60,79,80,0,14,14,24,0,14,0,14,0,14,0,14,12,20,0,14,06,32340
"Hasley Canyon CDP, California",373,98,231,82,0,14,3,4,11,12,8,9,36,27,22,30,0,14,23,30,128,73,0,14,142,63,77,41,36,43,9,11,10,10,5,8,0,14,0,14,0,14,5,9,0,14,06,32385
"Hat Creek CDP, California",22,24,22,24,0,14,0,14,0,14,9,15,0,14,0,14,0,14,0,14,13,19,0,14,0,14,0,14,0,14,0,14,0,14,0,14,0,14,0,14,0,14,0,14,0,14,06,32408
"Hathaway Pines CDP, California",85,53,44,34,0,14,0,14,0,14,0,14,22,27,0,14,0,14,4,9,18,30,0,14,41,48,0,14,27,45,4,7,0,14,0,14,0,14,10,15,0,14,0,14,0,14,06,32436
"Hawaiian Gardens city, California",1730,282,1032,259,27,27,111,83,207,107,57,34,145,143,131,90,8,13,89,49,257,133,0,21,698,152,429,130,46,43,56,44,25,24,24,31,24,29,28,32,12,19,54,43,0,21,06,32506
"Hawthorne city, California",8165,462,5797,427,337,112,691,171,777,202,885,266,477,129,601,169,213,102,561,164,1201,247,54,44,2368,300,1035,217,632,194,201,106,108,66,12,16,11,15,16,20,86,63,191,107,76,45,06,32548
"Hayfork CDP, California",593,248,75,85,0,14,0,14,22,33,0,14,0,14,0,14,0,14,0,14,53,79,0,14,518,255,307,222,90,108,14,23,107,146,0,14,0,14,0,14,0,14,0,14,0,14,06,32562
"Hayward city, California",28799,1072,19875,849,985,220,2340,323,3174,364,3568,494,2286,325,1527,298,1298,283,1227,238,3293,507,177,109,8924,647,4432,511,1281,256,957,229,558,175,224,126,249,124,151,75,245,130,668,189,159,76,06,33000
"Healdsburg city, California",2797,316,1728,257,159,81,228,107,129,54,293,110,275,121,217,81,52,46,61,40,304,124,10,16,1069,259,352,109,308,150,60,39,36,32,19,22,32,26,0,21,18,21,193,116,51,63,06,33056
"Heber CDP, California",1234,332,653,248,15,22,0,19,169,105,92,75,77,62,70,65,181,198,0,19,49,43,0,19,581,216,258,95,97,110,175,192,0,19,13,22,23,37,0,19,0,19,15,25,0,19,06,33084
"Hemet city, California",20315,1008,11584,803,428,177,1282,357,1999,419,1432,337,918,247,923,270,1061,368,841,283,2597,464,103,85,8731,811,2681,527,1554,318,1288,371,474,170,470,149,427,195,310,147,433,175,929,258,165,100,06,33182
"Herald CDP, California",387,132,266,133,13,16,22,24,31,21,19,19,32,21,16,17,0,14,7,11,126,131,0,14,121,46,45,27,66,42,0,14,5,8,5,9,0,14,0,14,0,14,0,14,0,14,06,33294
"Hercules city, California",7411,539,5374,550,270,107,497,142,892,214,781,237,639,191,502,155,365,241,313,133,1060,399,55,60,2037,291,845,194,440,148,236,112,114,72,88,76,12,18,14,16,72,62,198,113,18,26,06,33308
"Herlong CDP, California",0,14,0,14,0,14,0,14,0,14,0,14,0,14,0,14,0,14,0,14,0,14,0,14,0,14,0,14,0,14,0,14,0,14,0,14,0,14,0,14,0,14,0,14,0,14,06,33336
"Hermosa Beach city, California",4521,376,3175,328,208,109,583,175,337,126,491,164,263,126,106,79,185,131,212,120,766,243,24,26,1346,247,720,171,201,112,138,101,116,67,28,32,61,45,0,21,14,19,68,47,0,21,06,33364
"Hesperia city, California",19646,904,13826,697,857,273,1787,361,2088,446,1540,340,1245,232,1072,284,1219,321,1302,315,2597,418,119,111,5820,611,2014,302,1385,345,633,181,287,122,187,124,209,110,91,74,329,378,626,167,59,52,06,33434
"Hickman CDP, California",172,56,148,54,0,14,9,12,44,37,36,20,4,5,12,20,4,5,21,29,18,13,0,14,24,17,13,15,4,4,3,4,0,14,0,14,0,14,0,14,2,3,2,4,0,14,06,33504
"Hidden Hills city, California",633,112,352,59,7,7,52,25,41,27,24,18,44,27,12,12,34,23,25,20,102,39,11,16,281,96,77,31,54,44,17,13,5,7,58,70,0,14,24,22,10,10,33,21,3,4,06,33518
"Hidden Meadows CDP, California",1570,472,1095,443,38,38,62,64,59,49,94,73,360,375,100,63,111,87,112,73,159,72,0,14,475,189,115,67,75,65,76,64,0,14,52,43,20,34,0,14,17,29,120,127,0,14,06,33532
"Hidden Valley Lake CDP, California",2024,289,1378,253,44,49,28,35,317,161,159,101,97,57,139,82,34,32,101,69,453,149,6,9,646,222,167,84,155,112,18,22,40,34,93,95,9,14,17,29,94,117,10,16,43,64,06,33549
"Highgrove CDP, California",1762,326,1491,299,76,66,240,115,298,160,118,69,117,96,190,116,113,117,121,110,218,151,0,19,271,165,152,156,62,53,12,20,16,26,0,19,9,15,0,19,20,32,0,19,0,19,06,33574
"Highland city, California",10420,628,7209,593,585,207,900,315,1527,257,876,213,876,254,248,95,451,148,462,175,1275,389,9,14,3211,473,1470,318,557,200,360,140,217,103,227,129,73,60,65,75,61,47,81,55,100,88,06,33588
"Highlands CDP, California",690,106,469,94,81,57,120,63,75,30,48,25,27,19,40,25,4,6,12,12,62,38,0,14,221,48,129,39,25,20,10,11,13,15,7,10,0,14,0,14,5,8,19,16,13,14,06,33632
"Hillcrest CDP, California",1501,205,953,184,117,122,67,47,82,51,180,79,165,94,62,58,42,40,64,43,174,94,0,21,548,173,156,75,52,46,118,71,49,35,99,108,3,5,22,31,12,19,37,50,0,21,06,33689
"Hillsborough town, California",3375,201,2163,188,232,125,458,103,222,96,212,91,160,83,128,78,66,39,74,47,598,189,13,19,1212,210,394,112,140,66,217,125,123,73,16,19,47,51,12,19,16,19,203,81,44,55,06,33798
"Hilmar-Irwin CDP, California",1075,210,665,187,61,81,146,102,125,63,114,92,59,56,64,48,17,26,47,72,32,28,0,19,410,115,183,80,61,41,55,39,33,29,6,11,9,17,0,19,9,16,46,53,8,14,06,33861
"Hiouchi CDP, California",72,49,9,15,0,14,0,14,0,14,9,15,0,14,0,14,0,14,0,14,0,14,0,14,63,48,7,12,0,14,0,14,33,41,0,14,0,14,12,21,0,14,11,18,0,14,06,33935
"Hollister city, California",8239,515,6460,510,377,135,730,198,799,225,726,201,1052,272,644,167,518,204,772,255,810,209,32,38,1779,261,779,180,358,115,112,62,148,98,241,115,22,28,25,35,58,70,8,13,28,27,06,34120
"Holtville city, California",773,161,419,141,60,55,21,26,120,92,67,67,40,45,56,65,30,36,0,19,25,34,0,19,354,136,262,124,30,30,15,24,0,19,0,19,0,19,0,19,0,19,31,46,16,20,06,34246
"Home Garden CDP, California",273,86,119,59,15,13,1,4,9,12,34,32,8,10,0,14,5,8,6,12,35,40,6,12,154,80,60,44,3,5,11,11,0,14,38,61,27,31,8,13,0,14,7,8,0,14,06,34281
"Home Gardens CDP, California",2170,312,1404,290,81,46,119,66,181,93,297,128,172,87,112,73,77,46,79,69,286,177,0,21,766,185,371,167,37,29,94,53,114,65,12,12,6,10,41,56,22,16,57,37,12,16,06,34302
"Homeland CDP, California",1728,395,644,213,94,126,73,54,15,25,92,89,0,19,116,120,0,19,72,69,126,88,56,87,1084,406,532,348,108,94,89,58,101,97,94,78,36,58,16,19,11,24,97,62,0,19,06,34316
"Homestead Valley CDP, California",1125,186,494,147,4,7,44,62,37,35,14,21,45,39,38,42,30,28,0,14,254,115,28,46,631,180,183,94,62,45,67,52,119,69,44,71,63,74,53,50,0,14,40,33,0,14,06,34392
"Homewood Canyon CDP, California",35,36,0,14,0,14,0,14,0,14,0,14,0,14,0,14,0,14,0,14,0,14,0,14,35,36,16,27,0,14,19,33,0,14,0,14,0,14,0,14,0,14,0,14,0,14,06,34405
"Honcut CDP, California",55,52,0,14,0,14,0,14,0,14,0,14,0,14,0,14,0,14,0,14,0,14,0,14,55,52,43,49,0,14,0,14,12,18,0,14,0,14,0,14,0,14,0,14,0,14,06,34428
"Hood CDP, California",61,50,0,14,0,14,0,14,0,14,0,14,0,14,0,14,0,14,0,14,0,14,0,14,61,50,12,18,0,14,16,24,12,18,0,14,0,14,0,14,0,14,21,35,0,14,06,34484
"Hoopa CDP, California",531,94,113,43,34,26,6,10,35,27,6,10,11,19,0,14,5,9,8,13,8,12,0,14,418,93,254,72,66,35,64,47,8,12,0,14,0,14,9,15,10,12,0,14,7,11,06,34540
"Hopland CDP, California",108,50,59,33,3,4,6,8,6,9,31,30,0,14,0,14,0,14,0,14,13,10,0,14,49,38,10,15,4,6,7,10,12,21,0,14,0,14,0,14,0,14,16,24,0,14,06,34652
"Hornbrook CDP, California",75,34,14,10,5,7,0,14,3,4,4,5,0,14,0,14,0,14,0,14,2,3,0,14,61,33,16,14,14,27,14,12,5,5,0,14,3,3,0,14,0,14,0,14,9,9,06,34694
"Hornitos CDP, California",0,14,0,14,0,14,0,14,0,14,0,14,0,14,0,14,0,14,0,14,0,14,0,14,0,14,0,14,0,14,0,14,0,14,0,14,0,14,0,14,0,14,0,14,0,14,06,34708
"Hughson city, California",1808,304,1288,270,83,77,106,71,320,176,199,88,126,96,177,125,106,98,111,83,60,54,0,19,520,162,163,75,44,32,90,99,68,79,14,23,0,19,32,50,36,46,73,51,0,19,06,34904
"Humboldt Hill CDP, California",784,174,418,115,0,14,70,51,67,41,115,86,31,33,56,51,42,52,8,13,29,33,0,14,366,126,115,70,55,52,24,31,11,17,0,14,0,14,11,18,71,84,79,72,0,14,06,34928
"Huntington Beach city, California",43400,1237,27882,1113,1783,308,3613,481,4966,513,3962,544,3072,542,2058,345,1504,346,2077,330,4691,616,156,90,15518,766,7634,588,2342,335,1094,229,997,193,466,166,356,118,328,141,274,113,1805,382,222,90,06,36000
"Huntington Park city, California",3545,338,2332,250,129,73,201,87,418,128,373,140,173,84,114,71,140,82,195,90,565,186,24,28,1213,228,677,149,180,90,81,43,49,30,100,127,58,45,5,7,0,32,63,47,0,32,06,36056
"Huron city, California",470,197,312,174,21,34,0,19,0,19,89,109,74,73,0,19,84,93,26,42,18,31,0,19,158,115,114,104,18,30,0,19,26,44,0,19,0,19,0,19,0,19,0,19,0,19,06,36084
"Hyampom CDP, California",0,14,0,14,0,14,0,14,0,14,0,14,0,14,0,14,0,14,0,14,0,14,0,14,0,14,0,14,0,14,0,14,0,14,0,14,0,14,0,14,0,14,0,14,0,14,06,36098
"Hydesville CDP, California",451,101,287,87,21,28,10,10,18,13,50,34,36,40,39,41,8,11,53,51,52,41,0,14,164,63,81,45,39,30,15,13,0,14,5,7,5,8,0,14,0,14,0,14,19,29,06,36126
"Hypericum CDP, California",12,13,5,7,0,14,0,14,0,14,0,14,0,14,5,7,0,14,0,14,0,14,0,14,7,11,0,14,0,14,0,14,0,14,0,14,0,14,7,11,0,14,0,14,0,14,06,36135
"Idlewild CDP, California",10,16,10,16,0,14,0,14,0,14,0,14,0,14,0,14,10,16,0,14,0,14,0,14,0,14,0,14,0,14,0,14,0,14,0,14,0,14,0,14,0,14,0,14,0,14,06,36168
"Idyllwild-Pine Cove CDP, California",1181,202,649,133,42,37,32,35,13,21,142,81,115,81,76,54,16,24,85,65,111,62,17,28,532,152,272,124,32,34,40,33,30,36,39,43,48,43,14,21,11,18,46,43,0,14,06,36203
"Igo CDP, California",41,32,30,33,0,14,0,14,0,14,20,31,0,14,0,14,0,14,10,14,0,14,0,14,11,7,3,5,0,14,4,5,4,6,0,14,0,14,0,14,0,14,0,14,0,14,06,36252
"Imperial city, California",4154,552,3124,535,277,160,350,178,567,238,764,244,285,204,243,209,135,89,109,86,355,216,39,59,1030,291,469,220,183,155,186,130,43,51,25,42,38,46,0,25,42,45,22,27,22,34,06,36280
"Imperial Beach city, California",2928,341,1998,333,194,175,308,125,190,86,195,75,365,149,183,106,160,107,145,79,258,92,0,25,930,192,546,132,140,71,53,61,45,50,5,11,0,25,24,27,10,17,91,64,16,16,06,36294
"Independence CDP, California",266,64,79,37,2,5,8,8,33,28,12,12,8,13,12,12,0,14,0,14,4,5,0,14,187,56,104,52,24,12,21,16,0,14,22,18,9,10,0,14,2,3,2,3,3,6,06,36350
"Indian Falls CDP, California",0,14,0,14,0,14,0,14,0,14,0,14,0,14,0,14,0,14,0,14,0,14,0,14,0,14,0,14,0,14,0,14,0,14,0,14,0,14,0,14,0,14,0,14,0,14,06,36364
"Indianola CDP, California",214,54,102,49,0,14,6,9,27,26,6,9,12,16,8,12,3,8,0,14,40,36,0,14,112,33,38,20,13,15,18,16,0,14,7,12,0,14,0,14,12,13,24,16,0,14,06,36420
"Indian Wells city, California",1969,226,920,170,95,59,147,57,122,66,83,45,72,38,13,15,59,29,63,49,266,122,0,14,1049,164,474,126,145,59,49,29,93,42,84,64,28,33,14,18,23,21,130,47,9,13,06,36434
"Indio city, California",20975,911,13040,813,752,301,1628,361,2277,415,1664,253,1392,324,1306,258,523,165,1516,383,1956,330,26,31,7935,650,2849,465,1396,296,837,228,603,192,446,145,387,239,284,177,253,107,807,278,73,46,06,36448
"Indio Hills CDP, California",282,115,114,86,0,14,0,14,21,26,0,14,0,14,20,29,27,46,0,14,46,76,0,14,168,100,126,94,42,65,0,14,0,14,0,14,0,14,0,14,0,14,0,14,0,14,06,36452
"Industry city, California",3,3,1,2,0,14,0,14,0,14,0,14,0,14,0,14,0,14,1,2,0,14,0,14,2,3,2,3,0,14,0,14,0,14,0,14,0,14,0,14,0,14,0,14,0,14,06,36490
"Inglewood city, California",13590,661,9891,640,466,132,1108,255,1439,274,1090,231,1157,233,1117,261,702,234,798,189,1959,376,55,63,3699,322,1653,256,636,206,355,136,157,93,91,53,155,78,86,59,141,77,381,140,44,33,06,36546
"Interlaken CDP, California",1313,221,1008,215,46,47,241,153,150,76,104,66,59,56,96,65,22,24,44,58,246,125,0,19,305,97,101,42,146,79,10,15,12,18,0,19,12,13,0,19,14,22,10,17,0,19,06,36613
"Inverness CDP, California",661,162,271,90,50,54,16,22,9,14,50,49,14,2,0,14,0,14,31,36,101,53,0,14,390,154,79,59,47,42,137,101,101,101,0,14,0,14,0,14,0,14,26,28,0,14,06,36616
"Inyokern CDP, California",300,144,178,118,4,10,16,24,48,69,0,14,14,19,45,71,8,13,19,32,24,39,0,14,122,96,34,41,9,15,0,14,0,14,21,33,0,14,0,14,0,14,0,14,58,90,06,36658
"Ione city, California",1883,258,1194,251,0,19,184,144,202,113,200,156,50,45,177,112,71,89,111,96,199,122,0,19,689,259,273,205,204,143,69,56,6,10,19,31,0,19,0,19,0,19,54,47,64,96,06,36672
"Iron Horse CDP, California",169,163,100,144,0,14,0,14,100,144,0,14,0,14,0,14,0,14,0,14,0,14,0,14,69,75,69,75,0,14,0,14,0,14,0,14,0,14,0,14,0,14,0,14,0,14,06,36735
"Irvine city, California",49830,1496,32175,1318,2492,411,4618,642,5819,630,4446,453,3370,592,2813,523,1549,319,1819,339,4907,539,342,153,17655,1334,7539,987,2580,471,1311,329,1125,295,645,191,624,213,463,159,473,176,1827,393,1068,374,06,36770
"Irwindale city, California",321,61,224,52,9,8,64,43,30,20,54,30,25,20,15,13,3,5,12,12,12,11,0,14,97,36,45,22,14,15,15,16,0,14,5,5,0,14,0,14,12,11,6,8,0,14,06,36826
"Isla Vista CDP, California",58,34,51,35,7,12,0,21,0,21,8,13,0,21,15,18,0,21,0,21,21,25,0,21,7,11,0,21,0,21,0,21,0,21,7,11,0,21,0,21,0,21,0,21,0,21,06,36868
"Isleton city, California",162,68,84,39,0,14,0,14,8,12,3,7,13,12,22,20,5,8,4,7,29,22,0,14,78,50,11,15,8,13,17,17,0,14,7,9,0,14,5,6,0,14,30,39,0,14,06,36882
"Ivanhoe CDP, California",831,141,388,137,43,53,79,88,11,19,105,100,40,66,15,23,8,12,0,14,87,74,0,14,443,151,116,61,126,103,90,96,87,72,17,29,0,14,0,14,0,14,7,11,0,14,06,36910
"Jackson city, California",1444,237,578,146,33,35,63,32,130,59,114,80,75,46,24,29,3,5,0,19,136,92,0,19,866,193,218,88,230,152,101,67,126,97,83,70,41,42,15,23,0,19,52,45,0,19,06,36980
"Jacumba CDP, California",64,91,64,91,0,14,0,14,0,14,0,14,0,14,64,91,0,14,0,14,0,14,0,14,0,14,0,14,0,14,0,14,0,14,0,14,0,14,0,14,0,14,0,14,0,14,06,37022
"Jamestown CDP, California",1092,225,701,221,64,65,91,61,0,14,170,120,223,165,36,49,31,33,16,27,70,50,0,14,391,153,86,97,36,42,50,68,53,51,25,43,17,25,0,14,0,14,124,88,0,14,06,37106
"Jamul CDP, California",1982,273,1422,288,115,73,60,40,218,118,200,100,110,56,107,64,72,48,212,210,305,151,23,24,560,140,187,78,165,89,45,37,68,56,26,26,59,72,0,19,5,7,5,7,0,19,06,37120
"Janesville CDP, California",732,129,351,119,14,18,104,73,55,38,44,39,59,52,11,17,28,26,21,24,15,16,0,14,381,109,150,76,74,70,48,40,60,63,0,14,8,13,10,15,0,14,31,40,0,14,06,37134
"Jenner CDP, California",9,12,0,14,0,14,0,14,0,14,0,14,0,14,0,14,0,14,0,14,0,14,0,14,9,12,0,14,9,12,0,14,0,14,0,14,0,14,0,14,0,14,0,14,0,14,06,37274
"Johannesburg CDP, California",33,35,0,14,0,14,0,14,0,14,0,14,0,14,0,14,0,14,0,14,0,14,0,14,33,35,0,14,0,14,17,25,0,14,0,14,0,14,0,14,0,14,16,24,0,14,06,37400
"Johnson Park CDP, California",160,96,67,62,5,7,0,14,10,15,0,14,14,22,38,58,0,14,0,14,0,14,0,14,93,74,63,68,0,14,0,14,18,27,0,14,0,14,0,14,12,18,0,14,0,14,06,37442
"Johnstonville CDP, California",279,71,166,59,15,15,44,27,10,10,15,13,39,36,7,8,0,14,31,30,5,6,0,14,113,35,67,33,23,12,11,12,0,14,0,14,2,4,2,3,0,14,8,6,0,14,06,37484
"Johnsville CDP, California",0,14,0,14,0,14,0,14,0,14,0,14,0,14,0,14,0,14,0,14,0,14,0,14,0,14,0,14,0,14,0,14,0,14,0,14,0,14,0,14,0,14,0,14,0,14,06,37512
"Jones Valley CDP, California",361,79,277,82,13,17,9,14,36,30,39,42,33,30,0,14,43,43,64,46,40,35,0,14,84,48,45,38,4,7,0,14,11,16,0,14,0,14,10,15,0,14,14,20,0,14,06,37533
"Joshua Tree CDP, California",1673,325,994,249,56,60,301,199,66,46,125,78,120,100,46,33,42,41,112,78,126,78,0,19,679,225,286,150,155,99,47,46,45,38,18,28,19,21,13,21,4,10,92,92,0,19,06,37554
"Jovista CDP, California",12,15,0,14,0,14,0,14,0,14,0,14,0,14,0,14,0,14,0,14,0,14,0,14,12,15,12,15,0,14,0,14,0,14,0,14,0,14,0,14,0,14,0,14,0,14,06,37568
"Julian CDP, California",759,318,521,309,10,15,29,47,27,30,28,45,31,51,172,263,0,14,127,105,97,92,0,14,238,115,113,95,39,56,27,44,0,14,0,14,23,24,0,14,0,14,36,52,0,14,06,37582
"Junction City CDP, California",202,72,88,56,0,14,0,14,32,33,0,14,0,14,26,23,9,15,0,14,17,28,4,5,114,51,65,42,32,27,5,6,3,4,5,7,0,14,0,14,4,6,0,14,0,14,06,37596
"June Lake CDP, California",79,64,42,50,0,14,0,14,0,14,42,50,0,14,0,14,0,14,0,14,0,14,0,14,37,41,14,20,0,14,0,14,23,38,0,14,0,14,0,14,0,14,0,14,0,14,06,37624
"Jurupa Valley city, California",19663,678,13635,667,842,232,1851,340,2313,413,2059,403,1292,269,1365,301,720,221,1030,242,2067,359,96,44,6028,569,3393,495,790,201,536,129,219,111,204,91,233,114,88,77,146,82,365,114,54,48,06,37692
"Keddie CDP, California",0,14,0,14,0,14,0,14,0,14,0,14,0,14,0,14,0,14,0,14,0,14,0,14,0,14,0,14,0,14,0,14,0,14,0,14,0,14,0,14,0,14,0,14,0,14,06,37904
"Keeler CDP, California",0,14,0,14,0,14,0,14,0,14,0,14,0,14,0,14,0,14,0,14,0,14,0,14,0,14,0,14,0,14,0,14,0,14,0,14,0,14,0,14,0,14,0,14,0,14,06,37918
"Keene CDP, California",173,84,74,56,0,14,15,24,29,39,30,39,0,14,0,14,0,14,0,14,0,14,0,14,99,67,35,35,34,46,27,30,0,14,3,19,0,14,0,14,0,14,0,14,0,14,06,37946
"Kelly Ridge CDP, California",1219,246,595,186,0,14,94,93,36,30,30,25,74,39,106,78,16,19,61,73,138,87,40,64,624,191,99,49,175,119,84,63,34,31,79,94,40,54,7,10,10,15,86,71,10,16,06,38024
"Kelseyville CDP, California",890,205,313,164,8,14,65,96,0,14,0,14,0,14,62,73,64,88,99,95,15,25,0,14,577,179,91,110,95,99,70,90,0,14,98,96,119,114,31,51,0,14,73,72,0,14,06,38044
"Kennedy CDP, California",362,94,171,78,12,20,7,12,42,32,25,28,17,21,20,24,0,14,36,47,12,21,0,14,191,77,122,67,0,14,12,21,0,14,29,48,0,14,0,14,0,14,24,29,4,6,06,38065
"Kennedy Meadows CDP, California",36,52,36,52,0,14,0,14,0,14,0,14,0,14,0,14,0,14,0,14,0,14,36,52,0,14,0,14,0,14,0,14,0,14,0,14,0,14,0,14,0,14,0,14,0,14,06,38076
"Kensington CDP, California",1861,160,1219,144,98,47,264,91,210,77,187,100,150,83,44,33,35,24,72,51,159,76,0,19,642,104,336,85,119,55,51,49,26,23,21,22,18,20,15,23,0,19,56,42,0,19,06,38086
"Kentfield CDP, California",2187,237,1541,214,137,73,253,98,339,128,164,90,166,63,132,53,60,37,56,38,234,86,0,19,646,171,191,69,217,119,30,32,22,24,42,42,28,28,9,16,46,73,29,27,32,30,06,38114
"Kenwood CDP, California",298,129,152,96,37,49,0,14,22,36,6,9,9,16,0,14,0,14,56,62,22,28,0,14,146,85,81,70,0,14,21,25,0,14,6,10,0,14,0,14,0,14,38,55,0,14,06,38156
"Kep'el CDP, California",10,5,0,14,0,14,0,14,0,14,0,14,0,14,0,14,0,14,0,14,0,14,0,14,10,5,2,4,8,5,0,14,0,14,0,14,0,14,0,14,0,14,0,14,0,14,06,38177
"Kerman city, California",2692,332,2047,257,264,132,394,189,125,79,263,149,150,110,207,128,91,67,193,133,331,141,29,35,645,238,278,142,121,77,56,56,9,19,0,21,15,26,0,21,0,21,166,170,0,21,06,38226
"Kernville CDP, California",473,189,295,186,0,14,0,14,16,25,0,14,42,72,0,14,117,133,45,63,75,109,0,14,178,110,82,78,2,3,13,21,25,40,34,55,0,14,0,14,22,40,0,14,0,14,06,38310
"Keswick CDP, California",79,36,29,27,0,14,2,4,3,5,24,27,0,14,0,14,0,14,0,14,0,14,0,14,50,29,27,24,3,5,8,11,0,14,0,14,0,14,0,14,12,16,0,14,0,14,06,38352
"Kettleman City CDP, California",65,53,0,14,0,14,0,14,0,14,0,14,0,14,0,14,0,14,0,14,0,14,0,14,65,53,22,27,43,49,0,14,0,14,0,14,0,14,0,14,0,14,0,14,0,14,06,38394
"Keyes CDP, California",1157,214,585,169,19,32,74,57,200,155,50,69,46,44,74,73,18,28,22,35,82,66,0,19,572,212,180,117,43,52,93,110,182,173,5,15,6,10,0,19,43,68,20,30,0,19,06,38422
"King City city, California",1365,267,706,149,34,25,32,42,89,64,147,78,155,87,108,62,10,20,53,39,64,48,14,21,659,202,471,155,45,32,22,27,75,102,35,48,0,21,0,21,0,21,11,20,0,21,06,38520
"Kings Beach CDP, California",711,195,381,163,0,14,60,64,128,99,42,69,0,14,28,35,0,14,58,66,65,88,0,14,330,147,25,38,44,50,77,86,37,58,56,86,39,63,0,14,0,14,52,61,0,14,06,38548
"Kingsburg city, California",3175,377,1982,271,105,66,198,112,274,112,438,198,306,157,153,103,55,49,132,91,312,141,9,15,1193,295,482,150,264,139,70,53,45,35,28,26,62,68,24,38,75,108,108,56,35,48,06,38562
"Kingvale CDP, California",0,14,0,14,0,14,0,14,0,14,0,14,0,14,0,14,0,14,0,14,0,14,0,14,0,14,0,14,0,14,0,14,0,14,0,14,0,14,0,14,0,14,0,14,0,14,06,38604
"Kirkwood CDP, California",44,31,35,30,0,14,0,14,10,15,0,14,0,14,0,14,0,14,0,14,25,26,0,14,9,11,0,14,0,14,0,14,0,14,0,14,0,14,0,14,0,14,9,11,0,14,06,38646
"Klamath CDP, California",235,49,94,48,5,6,9,11,5,5,3,4,27,24,11,9,2,4,26,33,6,7,0,14,141,45,27,16,41,21,33,33,5,6,0,14,12,16,6,8,3,5,8,10,6,6,06,38702
"Knightsen CDP, California",553,150,363,147,15,23,5,9,121,99,33,59,20,32,66,68,57,62,14,23,32,30,0,14,190,124,122,99,62,76,0,14,0,14,0,14,6,12,0,14,0,14,0,14,0,14,06,38772
"Knights Ferry CDP, California",10,15,0,14,0,14,0,14,0,14,0,14,0,14,0,14,0,14,0,14,0,14,0,14,10,15,0,14,10,15,0,14,0,14,0,14,0,14,0,14,0,14,0,14,0,14,06,38786
"Knights Landing CDP, California",415,168,253,181,0,14,0,14,2,25,0,14,8,16,117,119,36,57,0,14,90,141,0,14,162,115,3,8,22,33,28,44,0,14,0,14,35,57,0,14,0,14,74,104,0,14,06,38800
"La Cañada Flintridge city, California",5531,302,3674,230,233,101,778,217,557,174,432,120,305,109,287,103,197,67,185,136,668,174,32,32,1857,272,1070,204,242,89,127,50,50,31,103,73,0,21,28,27,27,25,210,93,0,21,06,39003
"La Crescenta-Montrose CDP, California",4374,276,3182,280,267,97,364,134,509,166,428,116,334,128,354,144,271,156,135,68,497,120,23,25,1192,224,640,188,203,83,104,66,39,34,22,24,10,16,38,37,5,10,65,47,66,84,06,39045
"La Cresta CDP, California",1166,202,810,179,32,38,120,61,79,51,125,67,98,58,85,72,84,66,17,25,170,121,0,19,356,122,196,110,53,45,54,43,11,16,0,19,20,24,0,19,0,19,8,15,14,17,06,39052
"Ladera CDP, California",504,177,239,96,20,32,96,78,25,30,26,42,8,14,0,14,0,14,10,15,54,44,0,14,265,178,106,69,115,160,14,23,17,27,0,14,0,14,0,14,0,14,13,22,0,14,06,39094
"Ladera Heights CDP, California",1739,258,1111,246,73,41,90,78,285,155,96,73,135,85,60,66,32,38,71,62,257,116,12,20,628,204,300,150,148,80,0,19,0,19,0,19,19,28,0,19,13,21,148,141,0,19,06,39108
"Ladera Ranch CDP, California",5440,386,4782,403,254,139,327,116,883,214,684,219,639,179,411,168,234,121,566,208,784,277,0,25,658,223,264,136,124,96,17,26,35,43,27,43,26,44,27,34,25,37,113,90,0,25,06,39114
"Lafayette city, California",7420,360,5183,422,481,154,850,187,872,219,645,178,550,194,393,135,191,87,282,108,919,248,0,25,2237,318,1039,237,320,113,350,157,122,62,40,40,66,56,25,29,45,47,230,120,0,25,06,39122
"La Grange CDP, California",25,17,11,8,0,14,3,4,0,14,2,3,3,5,0,14,0,14,0,14,3,4,0,14,14,16,0,14,0,14,0,14,8,13,0,14,0,14,0,14,0,14,6,10,0,14,06,39164
"Laguna Beach city, California",7165,415,4314,425,331,144,429,158,416,114,441,141,429,135,286,112,359,173,436,158,1159,284,28,34,2851,391,1144,278,398,139,173,108,218,108,98,61,108,65,66,56,142,71,495,208,9,13,06,39178
"Laguna Hills city, California",7909,548,5536,467,405,177,632,173,932,215,1107,221,453,136,486,206,289,105,370,127,814,189,48,35,2373,391,936,226,316,141,310,127,161,119,39,34,106,73,15,18,43,48,415,177,32,35,06,39220
"Laguna Niguel city, California",17293,743,12211,710,857,328,1666,325,1989,355,1446,369,1214,261,1048,246,656,195,968,324,2271,421,96,56,5082,470,2036,304,1158,253,437,117,403,139,133,85,103,67,104,68,198,148,417,170,93,63,06,39248
"Laguna Woods city, California",8387,482,2123,370,64,46,99,59,173,77,183,97,249,113,194,105,125,65,122,86,897,281,17,27,6264,491,1461,294,913,213,706,170,629,200,542,226,250,95,218,96,294,120,1161,268,90,75,06,39259
"Lagunitas-Forest Knolls CDP, California",625,179,372,172,0,14,23,36,8,28,74,66,50,54,93,80,42,69,0,14,82,83,0,14,253,119,107,83,0,14,19,22,0,14,48,54,34,53,18,30,0,14,27,42,0,14,06,39283
"La Habra city, California",11972,564,8325,526,456,130,742,197,1324,266,1169,231,1011,205,792,287,470,167,831,221,1530,334,0,32,3647,409,1706,333,493,127,387,142,153,65,134,76,124,103,59,50,93,73,402,136,96,69,06,39290
"La Habra Heights city, California",1785,149,1128,166,31,27,159,141,256,160,188,98,64,33,108,58,57,41,40,31,225,112,0,19,657,131,311,88,102,63,29,21,23,23,33,27,56,56,0,19,42,53,49,42,12,22,06,39304
"La Honda CDP, California",426,221,264,130,56,85,84,74,56,65,53,63,0,14,0,14,0,14,15,23,0,14,0,14,162,194,144,193,0,14,8,12,0,14,0,14,10,16,0,14,0,14,0,14,0,14,06,39318
"Lake Almanor Country Club CDP, California",296,94,181,81,0,14,6,9,21,35,8,10,19,19,22,37,19,20,12,12,74,53,0,14,115,50,24,22,34,35,16,15,4,6,0,14,9,13,0,14,9,15,19,20,0,14,06,39411
"Lake Almanor Peninsula CDP, California",152,72,45,38,0,14,8,14,0,14,3,6,8,13,0,14,0,14,18,30,8,13,0,14,107,62,17,15,30,24,30,21,30,53,0,14,0,14,0,14,0,14,0,14,0,14,06,39420
"Lake Almanor West CDP, California",217,107,137,92,0,14,5,8,63,77,7,11,12,12,3,5,12,14,0,14,35,46,0,14,80,39,37,28,15,19,5,7,5,8,7,12,0,14,11,16,0,14,0,14,0,14,06,39425
"Lake Arrowhead CDP, California",3762,405,2482,372,37,32,431,226,248,111,297,125,194,104,123,82,137,95,257,136,707,167,51,61,1280,290,659,243,240,124,84,62,65,67,76,57,0,21,0,21,13,19,125,68,18,21,06,39444
"Lake California CDP, California",1157,168,823,187,16,29,103,97,72,61,175,125,138,105,176,127,23,26,43,42,77,50,0,14,334,106,100,67,44,49,38,38,25,32,8,13,14,17,6,10,28,24,71,72,0,14,06,39460
"Lake City CDP, California",17,17,7,9,0,14,7,9,0,14,0,14,0,14,0,14,0,14,0,14,0,14,0,14,10,13,4,7,6,10,0,14,0,14,0,14,0,14,0,14,0,14,0,14,0,14,06,39472
"Lake Davis CDP, California",0,14,0,14,0,14,0,14,0,14,0,14,0,14,0,14,0,14,0,14,0,14,0,14,0,14,0,14,0,14,0,14,0,14,0,14,0,14,0,14,0,14,0,14,0,14,06,39483
"Lake Don Pedro CDP, California",556,210,459,197,14,17,112,104,7,15,64,42,61,55,0,14,9,34,34,42,158,125,0,14,97,60,30,32,27,30,0,14,28,40,0,14,0,14,0,14,0,14,12,19,0,14,06,39484
"Lake Elsinore city, California",14532,645,11260,767,379,140,1477,338,1570,499,1840,404,1533,337,818,194,759,251,741,262,2092,423,51,55,3272,456,1363,334,580,261,181,74,208,124,187,128,93,59,91,65,116,85,402,200,51,46,06,39486
"Lake Forest city, California",21471,861,16046,748,944,205,2280,403,2980,527,2247,352,2263,422,1323,320,873,228,1046,242,2065,347,25,33,5425,564,2626,385,930,268,298,114,290,107,292,248,54,41,26,29,188,105,595,235,126,114,06,39496
"Lakehead CDP, California",146,57,28,23,0,14,0,14,0,14,3,8,7,10,0,14,0,14,8,8,10,15,0,14,118,55,22,22,38,32,4,7,0,14,0,14,5,7,0,14,43,44,6,8,0,14,06,39514
"Lake Hughes CDP, California",177,137,143,127,0,14,64,88,0,14,21,24,0,14,0,14,58,90,0,14,0,14,0,14,34,53,0,14,34,53,0,14,0,14,0,14,0,14,0,14,0,14,0,14,0,14,06,39556
"Lake Isabella CDP, California",981,242,199,110,0,14,35,40,33,47,33,42,0,14,26,41,23,31,12,19,37,52,0,14,782,226,128,97,203,136,37,36,18,20,63,83,25,26,89,84,20,26,199,118,0,14,06,39570
"Lakeland Village CDP, California",2424,364,1782,326,63,77,149,84,354,183,218,121,363,171,190,103,127,84,72,52,246,118,0,21,642,247,345,218,102,87,22,24,26,23,20,23,62,73,13,23,7,12,33,33,12,19,06,39598
"Lake Los Angeles CDP, California",2521,247,1969,257,86,53,256,150,145,95,228,110,179,102,295,142,160,145,149,122,459,182,12,19,552,151,203,67,119,90,66,52,26,26,23,25,30,47,7,11,12,19,28,32,38,42,06,39612
"Lake Mathews CDP, California",1286,256,900,265,34,38,14,22,53,54,105,83,277,173,76,64,61,92,8,15,272,176,0,19,386,145,135,65,22,36,119,93,42,44,0,19,0,19,17,27,17,27,34,40,0,19,06,39645
"Lake Nacimiento CDP, California",1091,192,838,182,42,41,114,102,108,70,145,70,47,41,68,60,53,44,100,51,161,103,0,14,253,80,78,47,87,55,8,16,19,20,0,14,0,14,7,12,20,24,0,14,34,51,06,39670
"Lake of the Pines CDP, California",1934,296,1381,251,155,95,111,68,232,143,269,154,108,74,83,82,39,41,166,132,218,121,0,19,553,160,121,67,173,123,55,37,35,41,58,46,8,13,22,36,0,19,66,69,15,25,06,39690
"Lake of the Woods CDP, California",242,105,172,96,0,14,9,16,11,17,30,33,0,14,37,57,0,14,41,45,13,22,31,48,70,75,50,66,0,14,20,33,0,14,0,14,0,14,0,14,0,14,0,14,0,14,06,39696
"Lakeport city, California",1543,194,818,171,42,46,201,170,124,80,68,48,119,86,8,29,36,49,66,51,154,112,0,19,725,205,247,104,89,68,42,38,101,77,41,63,88,99,39,62,21,27,57,59,0,19,06,39710
"Lake Riverside CDP, California",402,82,304,86,0,14,13,21,40,42,122,60,11,17,63,79,0,14,24,40,31,35,0,14,98,63,14,22,21,37,39,44,0,14,24,28,0,14,0,14,0,14,0,14,0,14,06,39715
"Lake San Marcos CDP, California",1581,203,882,197,10,16,123,90,24,20,68,50,69,35,194,127,52,34,98,64,244,98,0,14,699,150,230,100,72,51,102,78,47,48,90,73,7,13,22,34,32,31,78,52,19,29,06,39724
"Lake Shastina CDP, California",1094,137,750,120,62,42,52,29,185,80,119,47,51,33,48,34,45,26,48,31,137,58,3,4,344,75,139,47,35,18,46,25,27,18,18,15,40,35,5,8,14,12,20,13,0,14,06,39728
"Lake Sherwood CDP, California",566,121,471,113,82,61,57,27,25,24,35,34,59,44,74,79,32,32,15,24,92,53,0,14,95,39,4,7,5,8,27,20,6,9,0,14,19,16,0,14,15,18,19,16,0,14,06,39735
"Lakeside CDP (Kern County), California",252,157,82,59,57,63,4,10,5,13,3,6,0,14,0,14,0,14,0,14,13,21,0,14,170,147,21,18,16,24,0,14,18,21,0,14,0,14,0,14,0,14,109,144,6,10,06,39759
"Lakeside CDP (San Diego County), California",4995,447,3126,342,76,51,399,174,446,122,555,160,515,191,229,112,204,90,162,77,524,186,16,23,1869,304,788,298,272,88,119,72,204,103,67,61,32,31,69,56,134,100,131,67,53,69,06,39766
"Lakeview CDP, California",362,125,267,115,4,13,64,76,5,12,16,30,54,51,0,14,0,14,0,14,124,95,0,14,95,60,35,34,14,17,8,14,0,14,5,10,0,14,0,14,0,14,33,42,0,14,06,39836
"Lake Wildwood CDP, California",1754,255,1013,232,0,14,29,31,162,88,166,76,59,57,182,169,35,41,138,75,242,156,0,14,741,199,159,102,70,60,183,116,101,61,32,39,72,99,0,14,14,23,110,91,0,14,06,39885
"Lakewood city, California",18722,615,13079,541,505,124,1942,332,2111,265,2416,330,1599,270,1201,235,793,220,786,173,1716,257,10,17,5643,456,2938,366,954,212,464,161,266,123,166,76,182,103,73,56,255,154,249,96,96,69,06,39892
"La Mesa city, California",11933,615,8358,611,269,93,1042,255,1295,261,1591,313,1240,270,800,237,516,212,504,218,1058,221,43,41,3575,429,1811,334,602,157,275,117,246,107,169,116,86,70,11,18,118,102,243,83,14,19,06,40004
"La Mirada city, California",11641,511,7852,425,466,136,805,173,1234,248,995,208,991,190,756,184,635,188,596,179,1345,232,29,26,3789,493,1628,234,576,139,676,462,198,94,198,109,69,45,8,13,112,83,268,96,56,54,06,40032
"Lamont CDP, California",1714,284,926,250,38,38,82,48,94,62,205,202,8,11,67,53,29,31,62,57,234,116,107,97,788,162,286,106,112,71,35,50,74,60,16,21,9,15,90,85,125,95,41,34,0,21,06,40088
"Lanare CDP, California",47,60,35,58,0,14,35,58,0,14,0,14,0,14,0,14,0,14,0,14,0,14,0,14,12,18,0,14,0,14,0,14,0,14,0,14,0,14,0,14,0,14,0,14,12,18,06,40116
"Lancaster city, California",31615,1023,22506,989,986,233,2744,519,3364,436,3669,589,2800,463,1676,435,1511,284,1568,343,3920,571,268,171,9109,731,3475,393,1739,356,950,221,534,148,499,173,465,217,199,107,285,136,832,219,131,88,06,40130
"La Palma city, California",3458,253,2043,225,109,61,267,133,422,132,380,122,132,61,221,77,104,64,101,57,298,115,9,14,1415,202,693,167,255,107,103,64,83,50,105,79,0,21,16,19,37,31,88,60,35,47,06,40256
"La Porte CDP, California",16,26,0,14,0,14,0,14,0,14,0,14,0,14,0,14,0,14,0,14,0,14,0,14,16,26,0,14,16,26,0,14,0,14,0,14,0,14,0,14,0,14,0,14,0,14,06,40312
"La Presa CDP, California",7347,594,5304,567,197,90,759,341,749,224,554,155,356,118,549,159,607,211,559,200,954,257,20,23,2043,282,1010,212,334,108,132,60,131,78,134,81,28,24,65,43,98,68,103,62,8,12,06,40326
"La Puente city, California",5813,404,3809,399,419,194,424,146,610,169,482,135,439,167,317,108,107,57,197,101,804,261,10,16,2004,321,949,196,347,113,172,83,117,71,88,77,33,34,151,151,8,13,111,54,28,41,06,40340
"La Quinta city, California",12082,778,7300,623,346,115,817,204,1126,221,996,230,853,170,783,226,517,381,560,165,1270,250,32,42,4782,496,1892,305,818,206,530,173,417,141,240,126,131,110,79,42,105,48,427,139,143,85,06,40354
"La Riviera CDP, California",2677,288,1852,228,194,81,387,135,257,84,305,105,279,130,127,54,96,51,55,47,144,87,8,12,825,229,554,143,37,30,39,28,111,151,43,32,0,21,12,16,19,24,10,17,0,21,06,40410
"Larkfield-Wikiup CDP, California",2282,318,1335,271,93,105,126,70,254,125,178,125,195,95,116,78,93,65,63,57,217,145,0,19,947,190,296,114,182,82,70,56,110,79,79,111,13,21,78,57,26,32,93,88,0,19,06,40426
"Larkspur city, California",2799,259,1800,211,107,65,314,129,274,109,322,98,131,81,156,104,70,45,112,62,314,108,0,21,999,181,384,102,201,99,30,28,119,90,56,36,45,44,0,21,11,16,137,117,16,25,06,40438
"La Selva Beach CDP, California",712,125,268,78,3,8,31,26,50,46,28,24,31,41,18,22,6,9,32,30,53,46,16,25,444,126,208,91,48,37,31,28,27,35,0,14,0,14,0,14,0,14,130,100,0,14,06,40508
"Las Flores CDP (Orange County), California",1307,193,1101,201,65,49,257,161,262,102,183,99,131,57,46,39,55,51,67,65,35,33,0,19,206,95,176,93,23,20,0,19,0,19,0,19,0,19,0,19,0,19,7,14,0,19,06,40526
"Las Flores CDP (Tehama County), California",56,55,46,53,0,14,0,14,0,14,0,14,0,14,23,36,0,14,0,14,23,40,0,14,10,17,0,14,0,14,10,17,0,14,0,14,0,14,0,14,0,14,0,14,0,14,06,40536
"Las Lomas CDP, California",403,150,353,138,35,55,12,20,63,74,17,19,66,60,0,14,70,112,32,52,58,57,0,14,50,57,0,14,8,13,42,56,0,14,0,14,0,14,0,14,0,14,0,14,0,14,06,40592
"Lathrop city, California",7491,473,5904,416,230,153,613,203,1164,259,887,223,569,184,533,177,200,132,601,285,1092,312,15,23,1587,277,437,157,271,125,176,100,112,68,123,92,112,89,58,53,0,29,276,172,22,31,06,40704
"Laton CDP, California",355,116,249,101,15,23,6,8,82,67,41,46,48,45,44,44,0,14,7,10,6,9,0,14,106,57,43,38,34,37,6,9,23,36,0,14,0,14,0,14,0,14,0,14,0,14,06,40746
"La Verne city, California",7975,435,5234,385,222,99,633,183,1046,263,648,188,557,192,456,183,213,119,353,119,1106,259,0,29,2741,317,985,198,383,114,263,97,214,123,141,74,83,49,106,90,137,95,422,140,7,13,06,40830
"La Vina CDP, California",72,54,37,40,0,14,6,11,0,14,0,14,0,14,0,14,0,14,0,14,31,39,0,14,35,42,14,24,21,34,0,14,0,14,0,14,0,14,0,14,0,14,0,14,0,14,06,40872
"Lawndale city, California",3603,440,2267,364,90,74,283,136,430,172,181,68,323,121,272,124,81,60,125,77,482,150,0,29,1336,353,777,326,277,104,90,55,54,43,37,47,23,27,35,48,26,25,17,24,0,29,06,40886
"Laytonville CDP, California",301,136,88,82,0,14,0,14,0,14,0,14,31,46,17,29,40,61,0,14,0,14,0,14,213,136,41,68,0,14,1,4,51,79,13,19,48,73,3,6,52,68,4,7,0,14,06,40928
"Lebec CDP, California",300,183,109,75,0,14,50,59,26,43,0,14,0,14,0,14,0,14,0,14,33,37,0,14,191,185,66,63,0,14,0,14,0,14,17,29,0,14,0,14,108,171,0,14,0,14,06,40956
"Lee Vining CDP, California",134,104,102,87,0,14,0,14,102,87,0,14,0,14,0,14,0,14,0,14,0,14,0,14,32,58,0,14,0,14,0,14,0,14,32,58,0,14,0,14,0,14,0,14,0,14,06,40998
"Leggett CDP, California",5,9,0,14,0,14,0,14,0,14,0,14,0,14,0,14,0,14,0,14,0,14,0,14,5,9,0,14,0,14,0,14,5,9,0,14,0,14,0,14,0,14,0,14,0,14,06,41026
"Le Grand CDP, California",316,61,229,58,7,8,55,34,30,18,27,21,16,14,29,29,21,26,12,8,29,25,3,5,87,32,43,23,7,9,9,9,15,18,5,7,0,14,0,14,0,14,8,7,0,14,06,41040
"Lemon Cove CDP, California",114,65,96,59,26,28,14,23,2,3,10,11,0,14,21,33,0,14,0,14,23,24,0,14,18,26,2,4,0,14,0,14,0,14,0,14,0,14,0,14,0,14,16,25,0,14,06,41110
"Lemon Grove city, California",4750,476,4037,469,298,155,518,186,512,130,562,238,377,131,353,143,202,124,386,184,829,229,0,25,713,134,476,99,94,59,31,31,12,18,8,13,15,20,12,14,9,14,56,45,0,25,06,41124
"Lemon Hill CDP, California",1769,245,1049,240,62,51,131,70,122,66,83,53,190,158,184,104,40,34,20,21,217,102,0,21,720,156,394,118,107,67,40,32,11,18,79,61,16,18,18,28,18,22,37,34,0,21,06,41142
"Lemoore city, California",4542,513,3335,518,123,74,448,163,868,276,722,244,281,119,261,131,81,70,206,105,345,209,0,25,1207,221,604,158,150,77,103,79,129,105,19,24,34,53,13,22,37,37,88,55,30,34,06,41152
"Lemoore Station CDP, California",7,12,0,19,0,19,0,19,0,19,0,19,0,19,0,19,0,19,0,19,0,19,0,19,7,12,7,12,0,19,0,19,0,19,0,19,0,19,0,19,0,19,0,19,0,19,06,41166
"Lennox CDP, California",1476,297,1043,258,57,50,89,63,92,65,288,120,67,54,43,34,0,21,0,21,396,230,11,16,433,127,277,103,71,48,29,40,1,3,7,10,18,23,0,21,0,21,30,28,0,21,06,41180
"Lenwood CDP, California",708,321,338,142,37,33,21,35,19,26,30,50,39,63,38,37,0,14,57,49,97,80,0,14,370,291,324,296,20,24,12,17,0,14,14,24,0,14,0,14,0,14,0,14,0,14,06,41194
"Leona Valley CDP, California",536,113,409,114,9,10,19,30,125,57,45,48,34,23,4,8,58,54,6,9,109,83,0,14,127,54,64,48,17,16,32,26,0,14,0,14,0,14,0,14,0,14,14,14,0,14,06,41208
"Lewiston CDP, California",317,99,169,70,0,14,9,18,66,55,27,22,4,7,13,17,0,14,14,11,21,31,15,23,148,74,3,5,64,49,24,23,20,23,25,30,3,5,0,14,0,14,0,14,9,12,06,41278
"Lexington Hills CDP, California",850,151,660,142,110,95,90,66,40,33,104,65,80,62,11,16,95,77,40,38,90,56,0,14,190,74,97,56,24,25,14,21,0,14,0,14,11,17,13,20,8,12,23,35,0,14,06,41282
"Likely CDP, California",0,14,0,14,0,14,0,14,0,14,0,14,0,14,0,14,0,14,0,14,0,14,0,14,0,14,0,14,0,14,0,14,0,14,0,14,0,14,0,14,0,14,0,14,0,14,06,41390
"Lincoln city, California",16851,595,11606,502,502,154,1579,228,1944,276,1557,300,1580,251,1035,214,802,197,991,250,1550,266,66,49,5245,406,1748,230,1072,181,744,162,398,114,232,102,141,69,55,36,154,99,589,194,112,120,06,41474
"Lincoln Village CDP, California",1262,235,766,199,61,72,130,101,231,141,79,63,0,14,43,47,21,37,47,60,154,109,0,14,496,156,267,120,83,77,28,43,55,71,38,57,0,14,0,14,0,14,25,31,0,14,06,41558
"Linda CDP, California",4141,391,2668,344,126,70,283,137,255,115,602,218,348,162,251,126,111,61,245,123,436,151,11,18,1473,284,843,245,298,112,84,45,69,59,10,15,43,48,11,17,14,20,79,45,22,25,06,41572
"Lindcove CDP, California",31,27,18,25,0,14,0,14,0,14,13,22,0,14,0,14,0,14,5,9,0,14,0,14,13,11,6,9,1,2,3,5,0,14,3,5,0,14,0,14,0,14,0,14,0,14,06,41656
"Linden CDP, California",555,188,305,138,21,25,25,34,91,81,63,71,20,22,43,53,0,14,0,14,42,56,0,14,250,139,69,40,13,16,57,66,68,105,0,14,0,14,0,14,0,14,9,16,34,52,06,41670
"Lindsay city, California",1797,288,1202,301,66,52,140,108,116,68,80,67,171,118,264,293,42,53,52,57,271,177,0,21,595,167,175,89,202,98,58,55,42,34,62,49,0,21,22,35,0,21,34,32,0,21,06,41712
"Linnell Camp CDP, California",0,14,0,14,0,14,0,14,0,14,0,14,0,14,0,14,0,14,0,14,0,14,0,14,0,14,0,14,0,14,0,14,0,14,0,14,0,14,0,14,0,14,0,14,0,14,06,41740
"Litchfield CDP, California",21,24,11,17,0,14,0,14,0,14,0,14,0,14,0,14,0,14,11,17,0,14,0,14,10,17,0,14,0,14,0,14,0,14,0,14,0,14,0,14,10,17,0,14,0,14,06,41782
"Little Grass Valley CDP, California",10,16,0,14,0,14,0,14,0,14,0,14,0,14,0,14,0,14,0,14,0,14,0,14,10,16,10,16,0,14,0,14,0,14,0,14,0,14,0,14,0,14,0,14,0,14,06,41789
"Little River CDP, California",28,22,12,19,0,14,0,14,0,14,0,14,0,14,0,14,0,14,12,19,0,14,0,14,16,19,8,13,0,14,0,14,0,14,0,14,8,13,0,14,0,14,0,14,0,14,06,41866
"Littlerock CDP, California",281,119,184,111,53,61,0,14,41,64,0,14,47,60,19,31,0,14,24,46,0,14,0,14,97,69,18,21,28,28,13,23,0,14,0,14,0,14,0,14,0,14,38,53,0,14,06,41880
"Little Valley CDP, California",21,18,0,14,0,14,0,14,0,14,0,14,0,14,0,14,0,14,0,14,0,14,0,14,21,18,8,12,0,14,8,9,1,5,0,14,0,14,0,14,0,14,0,14,4,6,06,41908
"Live Oak CDP, California",3858,344,2454,284,204,91,341,112,321,121,298,117,366,110,153,64,70,44,340,161,339,113,22,34,1404,260,569,127,373,163,103,62,106,71,34,26,29,28,45,43,18,20,108,57,19,21,06,41922
"Live Oak city, California",1871,271,1177,201,114,85,173,104,154,90,188,138,117,75,117,99,100,93,92,64,122,84,0,19,694,224,119,67,220,96,10,16,38,39,34,39,21,24,48,52,73,88,131,140,0,19,06,41936
"Livermore city, California",22250,771,16698,734,1088,228,2079,299,3163,456,2817,355,2155,324,1393,296,1045,290,1103,212,1835,341,20,26,5552,480,3023,372,822,159,516,152,386,151,134,82,156,118,74,46,64,58,309,97,68,66,06,41992
"Livingston city, California",2203,308,1122,214,41,34,144,77,195,87,177,88,155,89,64,56,95,75,103,89,112,85,36,47,1081,229,525,188,259,122,72,53,62,56,34,40,49,60,0,21,45,48,35,39,0,21,06,42006
"Lockeford CDP, California",1215,278,682,277,31,41,90,88,132,86,30,34,56,50,27,29,143,196,4,6,169,132,0,14,533,152,267,113,83,64,94,75,5,8,0,14,0,14,13,16,30,35,41,36,0,14,06,42104
"Lockwood CDP (Amador County), California",306,127,257,128,47,64,56,80,0,14,75,49,11,13,15,16,11,16,0,14,42,31,0,14,49,32,23,20,0,14,8,12,0,14,13,21,0,14,5,8,0,14,0,14,0,14,06,42142
"Lockwood CDP (Monterey County), California",49,43,24,37,0,14,0,14,0,14,24,37,0,14,0,14,0,14,0,14,0,14,0,14,25,23,7,8,0,14,0,14,0,14,0,14,0,14,0,14,0,14,0,14,18,22,06,42146
"Lodi city, California",13173,660,9005,599,659,140,1438,282,1586,292,1434,274,1153,323,554,171,446,144,640,214,1080,247,15,30,4168,398,1843,290,891,251,280,86,275,102,157,60,58,41,119,72,246,120,286,109,13,15,06,42202
"Lodoga CDP, California",83,41,27,19,0,14,9,11,0,14,3,4,6,9,4,5,0,14,0,14,5,8,0,14,56,36,18,19,12,12,0,14,7,11,0,14,17,26,0,14,0,14,2,3,0,14,06,42230
"Loleta CDP, California",137,48,76,42,0,14,0,14,12,12,18,26,4,7,4,7,0,14,7,13,23,23,8,14,61,29,23,22,15,15,12,11,0,14,0,14,4,6,0,14,3,5,4,6,0,14,06,42328
"Loma Linda city, California",3556,376,2261,325,184,108,409,215,385,165,387,178,182,85,75,65,142,103,152,90,296,114,49,53,1295,272,705,212,363,172,103,73,45,46,32,25,15,21,7,11,0,25,7,11,18,19,06,42370
"Loma Mar CDP, California",92,83,31,32,0,14,0,14,0,14,0,14,14,21,0,14,0,14,17,25,0,14,0,14,61,78,61,78,0,14,0,14,0,14,0,14,0,14,0,14,0,14,0,14,0,14,06,42384
"Loma Rica CDP, California",859,266,579,214,0,14,12,22,60,72,60,59,59,61,35,38,58,54,17,20,278,203,0,14,280,115,150,92,50,41,46,40,34,40,0,14,0,14,0,14,0,14,0,14,0,14,06,42412
"Lomita city, California",3362,351,2393,304,127,68,482,145,277,100,385,151,369,136,164,81,145,83,118,67,326,131,0,25,969,213,416,129,117,64,95,64,62,47,48,55,0,25,18,21,59,51,135,78,19,23,06,42468
"Lompico CDP, California",416,119,263,90,5,8,48,51,23,24,46,41,20,25,32,34,29,40,35,40,25,25,0,14,153,92,29,34,27,34,50,74,8,13,0,14,0,14,8,13,15,16,16,18,0,14,06,42510
"Lompoc city, California",6959,497,4185,456,391,145,356,107,767,200,607,162,419,140,343,114,184,98,320,137,798,360,0,29,2774,374,1208,213,346,119,309,145,153,60,122,92,90,83,12,17,102,68,284,156,148,116,06,42524
"London CDP, California",161,50,66,30,4,6,0,14,58,32,0,14,4,6,0,14,0,14,0,14,0,14,0,14,95,49,57,41,0,14,10,13,28,31,0,14,0,14,0,14,0,14,0,14,0,14,06,42566
"Lone Pine CDP, California",337,100,88,55,0,14,9,13,0,14,12,17,37,41,0,14,17,28,0,14,7,9,6,11,249,91,120,76,67,46,2,3,26,36,2,4,8,10,0,14,21,29,3,4,0,14,06,42580
"Long Barn CDP, California",24,24,18,28,0,14,0,14,0,14,0,14,0,14,0,14,0,14,18,28,0,14,0,14,6,9,0,14,0,14,0,14,0,14,0,14,0,14,0,14,0,14,6,9,0,14,06,42622
"Long Beach city, California",70363,1876,49441,1634,3034,390,5968,746,7828,705,7762,604,5271,534,4826,689,3168,415,3411,493,7775,705,398,159,20922,1014,10426,738,3687,421,1835,340,946,185,653,205,389,156,525,230,733,246,1617,297,111,56,06,43000
"Lookout CDP, California",6,7,6,7,0,14,3,4,0,14,3,6,0,14,0,14,0,14,0,14,0,14,0,14,0,14,0,14,0,14,0,14,0,14,0,14,0,14,0,14,0,14,0,14,0,14,06,43126
"Loomis town, California",2658,329,1956,365,134,98,64,63,351,146,142,86,105,81,171,100,174,129,107,78,579,399,129,170,702,198,221,143,218,104,25,49,73,54,0,19,52,60,16,25,23,34,58,71,16,27,06,43140
"Los Alamitos city, California",1872,184,1122,172,35,32,152,73,144,63,132,69,148,85,42,40,96,71,75,55,298,155,0,21,750,171,439,144,83,51,82,42,47,45,32,28,5,14,8,14,0,21,54,31,0,21,06,43224
"Los Alamos CDP, California",404,130,340,129,0,14,0,14,85,80,33,25,33,46,0,14,11,18,0,14,178,130,0,14,64,57,26,40,11,18,11,18,0,14,0,14,0,14,0,14,0,14,0,14,16,26,06,43252
"Los Altos city, California",8852,321,5436,383,838,181,922,154,716,153,552,132,514,105,374,123,380,148,319,233,800,171,21,23,3416,288,1463,169,659,143,287,94,158,92,134,63,68,40,103,56,149,66,329,115,66,53,06,43280
"Los Altos Hills town, California",2826,209,1654,221,153,78,161,70,286,136,84,43,276,184,140,76,48,34,60,38,446,150,0,19,1172,210,353,111,108,58,95,47,73,57,77,54,50,41,0,19,122,114,284,118,10,15,06,43294
"Los Angeles city, California",518423,4594,361673,3441,19952,1150,37294,1513,48606,1502,47420,1904,38387,1458,28714,1201,22705,1161,30067,1519,85539,2336,2989,429,156750,2733,58465,1895,26851,1123,17343,1060,10588,825,6967,715,5167,504,3764,453,5054,605,19495,1136,3056,390,06,44000
"Los Banos city, California",8020,657,5534,542,343,151,522,199,768,206,857,251,613,257,260,141,258,140,500,200,1281,288,132,102,2486,475,981,295,448,213,332,215,81,67,104,90,50,47,120,105,56,51,261,120,53,78,06,44028
"Los Berros CDP, California",29,38,13,24,0,14,13,24,0,14,0,14,0,14,0,14,0,14,0,14,0,14,0,14,16,30,0,14,0,14,0,14,0,14,0,14,0,14,0,14,0,14,16,30,0,14,06,44042
"Los Gatos town, California",8250,371,5754,369,533,134,860,156,882,213,718,165,567,142,489,195,301,126,551,187,791,197,62,59,2496,310,1260,289,389,148,227,102,109,62,43,37,76,40,60,62,114,67,180,76,38,39,06,44112
"Los Molinos CDP, California",377,112,149,80,0,14,3,5,35,44,0,14,53,54,0,14,21,33,8,12,29,26,0,14,228,96,72,74,52,53,39,53,31,28,0,14,0,14,13,21,0,14,21,22,0,14,06,44140
"Los Olivos CDP, California",432,96,265,76,0,14,36,38,25,24,20,23,14,17,40,37,15,24,69,46,46,38,0,14,167,74,108,62,12,16,0,14,11,16,32,36,4,8,0,14,0,14,0,14,0,14,06,44168
"Los Osos CDP, California",4372,337,2778,292,95,63,385,142,338,134,514,158,397,120,244,115,151,117,153,86,501,134,0,21,1594,229,777,178,348,132,168,77,86,53,68,80,14,23,0,21,33,44,100,61,0,21,06,44182
"Los Ranchos CDP, California",567,130,342,118,0,14,32,32,86,70,0,14,26,23,113,77,46,55,35,45,4,7,0,14,225,81,113,58,35,32,23,26,0,14,21,24,0,14,0,14,27,32,6,9,0,14,06,44242
"Lost Hills CDP, California",198,66,123,51,14,16,12,16,14,18,17,17,9,14,8,13,26,24,10,16,13,11,0,14,75,44,58,40,0,14,0,14,0,14,0,14,8,10,0,14,0,14,9,14,0,14,06,44280
"Lower Lake CDP, California",145,94,74,76,0,14,0,14,0,14,18,28,0,14,0,14,0,14,56,71,0,14,0,14,71,58,31,35,11,19,21,33,0,14,8,13,0,14,0,14,0,14,0,14,0,14,06,44350
"Loyalton city, California",296,92,154,74,43,46,26,30,19,24,9,16,19,34,11,15,0,14,0,14,27,26,0,14,142,66,18,22,38,32,7,13,35,41,12,15,0,14,0,14,10,20,22,26,0,14,06,44364
"Loyola CDP, California",1014,126,628,103,113,49,67,34,37,25,90,53,79,37,21,20,16,17,32,25,173,72,0,14,386,92,192,67,48,30,29,20,8,12,26,22,41,44,6,9,0,14,36,27,0,14,06,44378
"Lucas Valley-Marinwood CDP, California",2058,269,1377,235,101,77,237,98,350,167,176,100,101,94,114,63,32,41,76,71,190,117,0,19,681,188,351,170,60,46,83,65,32,37,21,35,0,19,18,28,0,19,116,80,0,19,06,44399
"Lucerne CDP, California",1003,216,413,177,15,28,56,45,162,151,20,25,66,55,28,48,0,14,13,20,53,55,0,14,590,161,87,69,244,134,91,95,29,38,0,14,0,14,15,26,79,84,36,44,9,14,06,44406
"Lucerne Valley CDP, California",1552,210,770,214,28,31,91,68,17,22,98,44,93,56,40,42,95,92,16,26,255,159,37,42,782,220,351,168,133,101,13,21,54,53,4,7,8,15,4,6,9,14,184,136,22,34,06,44420
"Lynwood city, California",7274,420,5078,414,245,107,882,213,535,163,721,177,384,158,487,147,419,242,482,241,871,214,52,49,2196,298,1210,280,360,149,188,88,151,69,28,24,44,67,53,45,0,32,70,49,92,76,06,44574
"Lytle Creek CDP, California",284,78,169,71,6,9,37,44,33,31,25,35,26,38,13,14,0,14,11,12,13,14,5,7,115,49,15,17,20,31,17,15,25,27,0,14,0,14,16,24,8,12,14,22,0,14,06,44644
"Mabie CDP, California",52,71,52,71,0,14,52,71,0,14,0,14,0,14,0,14,0,14,0,14,0,14,0,14,0,14,0,14,0,14,0,14,0,14,0,14,0,14,0,14,0,14,0,14,0,14,06,44672
"McArthur CDP, California",90,72,15,14,0,14,0,14,8,13,0,14,7,11,0,14,0,14,0,14,0,14,0,14,75,73,0,14,52,66,0,14,0,14,0,14,0,14,0,14,0,14,23,38,0,14,06,44700
"McClellan Park CDP, California",0,14,0,14,0,14,0,14,0,14,0,14,0,14,0,14,0,14,0,14,0,14,0,14,0,14,0,14,0,14,0,14,0,14,0,14,0,14,0,14,0,14,0,14,0,14,06,44760
"McClenney Tract CDP, California",3,5,3,5,0,14,0,14,0,14,0,14,0,14,0,14,0,14,0,14,0,14,3,5,0,14,0,14,0,14,0,14,0,14,0,14,0,14,0,14,0,14,0,14,0,14,06,44770
"McCloud CDP, California",312,58,113,46,2,5,30,24,10,11,21,20,5,7,7,10,9,11,0,14,26,20,3,7,199,50,59,32,30,22,15,14,33,19,17,15,6,9,29,27,10,13,0,14,0,14,06,44784
"Macdoel CDP, California",25,31,0,14,0,14,0,14,0,14,0,14,0,14,0,14,0,14,0,14,0,14,0,14,25,31,25,31,0,14,0,14,0,14,0,14,0,14,0,14,0,14,0,14,0,14,06,44812
"McFarland city, California",2030,234,1151,205,50,49,208,78,154,78,135,84,164,107,131,68,67,54,84,64,158,94,0,21,879,213,340,138,263,121,61,52,0,21,22,26,0,21,68,60,0,21,125,102,0,21,06,44826
"McGee Creek CDP, California",0,14,0,14,0,14,0,14,0,14,0,14,0,14,0,14,0,14,0,14,0,14,0,14,0,14,0,14,0,14,0,14,0,14,0,14,0,14,0,14,0,14,0,14,0,14,06,44830
"McKinleyville CDP, California",4194,365,2228,297,123,91,224,97,210,102,389,139,145,82,345,122,147,90,162,115,475,177,8,12,1966,321,891,251,324,137,189,88,83,61,91,56,0,21,55,55,51,61,282,141,0,21,06,44910
"McKittrick CDP, California",8,7,0,14,0,14,0,14,0,14,0,14,0,14,0,14,0,14,0,14,0,14,0,14,8,7,0,14,2,3,5,6,0,14,0,14,0,14,0,14,1,3,0,14,0,14,06,44924
"McSwain CDP, California",1160,190,816,191,127,87,265,120,97,58,23,23,81,64,83,89,65,67,11,19,64,42,0,19,344,125,185,84,49,65,61,59,17,19,0,19,0,19,0,19,0,19,22,27,10,15,06,45006
"Madeline CDP, California",0,14,0,14,0,14,0,14,0,14,0,14,0,14,0,14,0,14,0,14,0,14,0,14,0,14,0,14,0,14,0,14,0,14,0,14,0,14,0,14,0,14,0,14,0,14,06,45008
"Madera city, California",9588,547,6506,513,397,132,1009,271,937,178,1080,279,614,199,482,187,464,213,361,195,1134,240,28,39,3082,398,1415,323,563,196,363,135,268,144,66,46,40,36,15,22,111,96,219,115,22,28,06,45022
"Madera Acres CDP, California",2144,314,1440,264,59,64,267,126,240,168,45,41,195,133,118,74,148,68,64,75,304,159,0,19,704,240,434,225,52,48,62,56,15,26,25,28,22,25,6,12,0,19,15,19,73,62,06,45050
"Madera Ranchos CDP, California",1087,225,697,186,83,96,133,102,89,58,56,48,87,72,61,82,42,65,0,14,146,101,0,14,390,132,186,105,61,43,19,20,24,31,24,29,0,14,0,14,0,14,76,75,0,14,06,45054
"Madison CDP, California",220,143,50,56,40,62,0,14,0,14,0,14,10,16,0,14,0,14,0,14,0,14,0,14,170,136,27,45,67,101,27,44,0,14,0,14,49,76,0,14,0,14,0,14,0,14,06,45064
"Mad River CDP, California",98,85,32,34,4,10,0,14,4,8,0,14,0,14,0,14,0,14,0,14,24,34,0,14,66,69,32,51,4,7,26,35,0,14,0,14,0,14,4,8,0,14,0,14,0,14,06,45092
"Magalia CDP, California",2494,280,1511,293,74,77,210,170,62,95,251,124,100,53,122,81,228,115,172,120,276,115,16,25,983,199,247,114,116,78,85,66,122,71,63,43,143,105,57,64,52,62,75,49,23,24,06,45120
"Malaga CDP, California",91,39,42,28,0,14,2,3,15,14,0,14,0,14,7,12,0,14,13,19,5,8,0,14,49,38,7,10,42,38,0,14,0,14,0,14,0,14,0,14,0,14,0,14,0,14,06,45232
"Malibu city, California",3317,280,1767,253,75,49,253,90,213,133,107,48,92,57,122,81,250,118,121,56,534,205,0,21,1550,303,398,136,326,153,80,54,64,42,113,91,78,114,44,51,124,102,298,150,25,22,06,45246
"Mammoth Lakes town, California",1845,347,1445,384,124,118,157,135,232,134,40,66,42,64,0,19,360,242,371,234,119,117,0,19,400,186,158,134,137,95,0,19,0,19,0,19,0,19,0,19,0,19,105,124,0,19,06,45358
"Manchester CDP, California",0,14,0,14,0,14,0,14,0,14,0,14,0,14,0,14,0,14,0,14,0,14,0,14,0,14,0,14,0,14,0,14,0,14,0,14,0,14,0,14,0,14,0,14,0,14,06,45386
"Manhattan Beach city, California",8662,452,5883,408,553,127,785,165,1171,220,556,153,617,164,410,160,327,110,399,168,1052,182,13,20,2779,398,1210,247,688,252,230,111,85,43,136,75,70,48,21,23,32,27,253,89,54,50,06,45400
"Manila CDP, California",240,66,88,36,3,6,35,23,11,16,8,13,9,16,0,14,0,14,0,14,22,33,0,14,152,67,80,55,10,11,14,15,0,14,0,14,7,8,6,10,0,14,19,30,16,24,06,45414
"Manteca city, California",19989,849,14306,849,588,165,1976,378,2369,470,2094,367,1322,294,1333,259,873,203,1137,353,2581,552,33,35,5683,673,2379,458,1174,262,504,149,260,111,169,96,74,49,144,88,251,146,687,257,41,65,06,45484
"Manton CDP, California",134,111,11,18,0,14,0,14,0,14,11,18,0,14,0,14,0,14,0,14,0,14,0,14,123,111,31,46,92,102,0,14,0,14,0,14,0,14,0,14,0,14,0,14,0,14,06,45512
"March ARB CDP, California",22,35,0,14,0,14,0,14,0,14,0,14,0,14,0,14,0,14,0,14,0,14,0,14,22,35,0,14,0,14,0,14,0,14,0,14,0,14,0,14,0,14,0,14,22,35,06,45680
"Maricopa city, California",238,66,72,31,0,14,8,8,0,14,11,13,6,6,7,8,6,9,10,14,24,20,0,14,166,62,60,44,28,19,11,12,9,14,11,12,17,19,0,14,7,8,14,14,9,16,06,45736
"Marina city, California",3328,290,2260,304,98,42,266,117,361,135,299,118,225,101,149,75,200,95,220,116,442,148,0,25,1068,161,602,152,144,73,93,48,41,33,51,32,58,60,5,10,40,32,23,23,11,17,06,45778
"Marina del Rey CDP, California",297,245,275,244,0,19,0,19,0,19,82,99,0,19,17,39,0,19,176,228,0,19,0,19,22,39,22,39,0,19,0,19,0,19,0,19,0,19,0,19,0,19,0,19,0,19,06,45806
"Marin City CDP, California",567,203,409,168,108,102,14,23,38,41,0,14,64,53,55,67,14,24,56,69,43,36,17,28,158,120,0,14,104,118,0,14,0,14,0,14,18,29,12,19,0,14,24,33,0,14,06,45820
"Mariposa CDP, California",310,118,79,61,0,14,0,14,24,35,2,3,30,47,11,18,12,16,0,14,0,14,0,14,231,105,85,69,17,20,44,53,17,18,0,14,39,61,0,14,0,14,29,32,0,14,06,45932
"Markleeville CDP, California",34,21,24,19,0,14,4,5,2,3,0,14,0,14,0,14,0,14,0,14,18,18,0,14,10,10,4,6,0,14,0,14,0,14,0,14,0,14,0,14,6,8,0,14,0,14,06,45988
"Martell CDP, California",18,30,18,30,0,14,0,14,0,14,4,12,0,14,0,14,0,14,0,14,14,25,0,14,0,14,0,14,0,14,0,14,0,14,0,14,0,14,0,14,0,14,0,14,0,14,06,46100
"Martinez city, California",10430,438,7925,446,370,154,790,217,1581,327,1452,317,820,193,648,212,458,152,723,223,1083,278,0,29,2505,307,1176,215,378,139,370,146,107,60,133,81,27,29,89,75,40,41,159,89,26,41,06,46114
"Marysville city, California",1823,265,1197,244,145,98,179,116,146,91,192,97,203,106,103,57,85,70,29,29,115,81,0,21,626,199,197,86,89,47,106,103,93,107,18,26,41,44,0,21,0,21,82,87,0,21,06,46170
"Matheny CDP, California",85,35,29,21,7,6,0,14,0,14,0,14,12,16,0,14,0,14,6,10,0,14,4,5,56,26,31,21,9,12,2,5,0,14,0,14,3,5,0,14,4,5,0,14,7,11,06,46223
"Mather CDP, California",1225,132,979,142,7,11,256,73,162,63,201,90,161,118,67,69,55,33,14,13,56,30,0,14,246,91,111,59,67,48,50,41,0,14,0,14,0,14,0,14,13,14,5,8,0,14,06,46226
"Maxwell CDP, California",243,108,104,65,0,14,18,17,10,18,0,14,0,14,18,21,0,14,0,14,44,52,14,19,139,79,25,19,34,27,4,8,28,31,4,7,5,8,0,14,39,67,0,14,0,14,06,46338
"Mayfair CDP, California",778,182,438,163,11,17,87,78,51,45,123,85,98,82,44,36,9,15,0,19,15,19,0,19,340,129,66,51,90,71,16,17,50,65,47,41,0,19,0,19,20,24,33,52,18,30,06,46400
"Mayflower Village CDP, California",1215,173,736,157,17,18,38,32,167,105,111,77,65,53,33,23,65,42,70,49,156,63,14,19,479,125,151,60,80,37,70,47,22,25,42,40,44,67,17,19,0,14,50,40,3,5,06,46436
"Maywood city, California",2009,257,1121,179,51,35,96,63,163,75,181,67,52,40,147,100,55,52,93,55,264,95,19,25,888,219,536,224,123,62,32,27,70,54,6,9,5,8,34,44,24,34,58,48,0,25,06,46492
"Meadowbrook CDP, California",439,135,152,77,6,12,10,16,10,17,21,39,0,14,0,14,20,33,11,18,74,58,0,14,287,118,112,68,41,45,0,14,15,19,0,14,0,14,18,20,0,14,47,65,54,71,06,46520
"Meadow Valley CDP, California",119,73,60,46,15,18,0,14,0,14,11,18,0,14,0,14,0,14,17,27,17,29,0,14,59,57,10,17,0,14,32,47,17,28,0,14,0,14,0,14,0,14,0,14,0,14,06,46618
"Meadow Vista CDP, California",1157,163,787,160,51,45,151,75,94,70,82,46,53,41,24,25,127,115,73,54,132,78,0,14,370,106,91,48,107,92,75,73,49,33,10,16,18,19,0,14,0,14,20,23,0,14,06,46632
"Mead Valley CDP, California",2984,419,2021,423,78,75,228,185,290,156,367,226,196,111,212,111,11,16,192,167,447,201,0,21,963,250,497,191,205,111,61,65,39,39,51,55,0,21,10,15,40,64,60,52,0,21,06,46646
"Mecca CDP, California",1175,317,446,183,52,39,54,42,73,48,22,25,121,144,16,19,52,49,10,15,46,77,0,19,729,267,352,222,84,105,25,40,20,32,28,45,58,58,59,59,103,97,0,19,0,19,06,46660
"Meiners Oaks CDP, California",1108,304,480,164,0,14,7,12,109,85,48,49,62,47,37,46,9,15,49,54,159,88,0,14,628,297,120,75,238,212,128,187,31,35,18,30,0,14,0,14,13,21,80,94,0,14,06,46702
"Mendocino CDP, California",280,118,132,103,0,14,0,14,46,74,12,20,0,14,0,14,24,28,39,64,11,17,0,14,148,98,12,19,11,18,61,45,0,14,6,15,0,14,0,14,58,78,0,14,0,14,06,46814
"Mendota city, California",1454,201,1021,204,41,40,85,76,114,82,170,122,173,117,111,80,27,35,63,66,223,121,14,28,433,132,229,108,74,64,57,60,69,51,0,21,0,21,4,13,0,21,0,21,0,21,06,46828
"Menifee city, California",29333,863,21934,859,913,238,2632,383,3087,548,2772,384,2880,422,2242,417,1276,328,1818,427,4070,476,244,142,7399,672,2898,533,1197,238,850,253,490,196,372,149,359,154,112,67,169,97,864,210,88,96,06,46842
"Menlo Park city, California",6417,351,4006,323,559,152,662,157,759,177,603,207,262,92,275,108,173,81,281,102,432,108,0,29,2411,294,1177,234,311,118,199,74,198,86,51,29,51,31,105,61,61,40,211,99,47,40,06,46870
"Mentone CDP, California",2414,318,1403,272,13,20,214,123,339,169,247,90,136,86,164,143,68,53,37,39,185,178,0,19,1011,308,576,265,95,99,124,72,19,32,26,27,6,9,7,13,127,168,31,22,0,19,06,46884
"Merced city, California",12828,732,8660,691,670,221,1172,214,1577,302,1048,268,843,217,801,251,534,214,513,172,1502,300,0,32,4168,510,1757,356,818,265,463,139,294,174,274,112,126,86,33,31,81,62,261,129,61,53,06,46898
"Meridian CDP, California",85,36,44,26,9,14,3,5,11,9,0,14,0,14,0,14,8,12,0,14,13,18,0,14,41,22,7,7,11,17,8,7,12,18,0,14,0,14,0,14,0,14,3,5,0,14,06,46926
"Mesa CDP, California",121,43,70,28,0,14,10,13,22,17,8,8,2,3,5,8,14,12,2,4,4,7,3,5,51,32,26,26,8,8,0,14,0,14,0,14,0,14,0,14,0,14,17,18,0,14,06,47013
"Mesa Verde CDP, California",169,72,49,30,0,14,7,10,7,11,23,27,0,14,0,14,0,14,0,14,12,9,0,14,120,60,33,43,62,47,0,14,25,24,0,14,0,14,0,14,0,14,0,14,0,14,06,47066
"Mesa Vista CDP, California",65,22,51,21,5,7,0,14,9,9,17,14,4,7,0,14,4,6,3,4,9,8,0,14,14,11,0,14,7,8,5,5,2,5,0,14,0,14,0,14,0,14,0,14,0,14,06,47086
"Mettler CDP, California",37,26,28,23,0,14,0,14,0,14,8,12,9,14,0,14,0,14,11,14,0,14,0,14,9,11,3,5,0,14,0,14,0,14,0,14,6,10,0,14,0,14,0,14,0,14,06,47164
"Mexican Colony CDP, California",21,26,21,26,0,14,5,7,0,14,16,26,0,14,0,14,0,14,0,14,0,14,0,14,0,14,0,14,0,14,0,14,0,14,0,14,0,14,0,14,0,14,0,14,0,14,06,47192
"Meyers CDP, California",697,146,452,118,35,33,51,42,48,32,77,46,74,68,0,14,13,15,5,7,129,88,20,34,245,110,119,64,75,69,18,19,9,16,11,18,0,14,0,14,0,14,13,14,0,14,06,47206
"Middletown CDP, California",346,177,195,146,0,14,0,14,9,17,49,60,79,105,0,14,36,57,11,15,11,17,0,14,151,115,65,85,0,14,45,57,0,14,0,14,0,14,0,14,0,14,41,63,0,14,06,47332
"Midpines CDP, California",79,90,22,27,0,14,0,14,22,27,0,14,0,14,0,14,0,14,0,14,0,14,0,14,57,84,0,14,57,84,0,14,0,14,0,14,0,14,0,14,0,14,0,14,0,14,06,47374
"Midway City CDP, California",722,162,302,117,33,32,33,28,55,45,35,39,0,19,14,17,15,25,31,38,86,94,0,19,420,127,225,93,95,88,26,29,0,19,0,19,0,19,41,28,0,19,33,33,0,19,06,47430
"Milford CDP, California",0,14,0,14,0,14,0,14,0,14,0,14,0,14,0,14,0,14,0,14,0,14,0,14,0,14,0,14,0,14,0,14,0,14,0,14,0,14,0,14,0,14,0,14,0,14,06,47472
"Millbrae city, California",4937,308,3010,295,216,81,300,91,579,142,454,118,414,174,204,74,93,55,226,79,516,113,8,12,1927,263,794,162,204,64,257,120,142,69,73,45,68,45,17,21,37,37,304,168,31,47,06,47486
"Millerton CDP, California",322,153,294,154,50,74,55,60,50,50,106,114,12,20,10,17,0,14,11,17,0,14,0,14,28,30,22,27,0,14,0,14,6,11,0,14,0,14,0,14,0,14,0,14,0,14,06,47592
"Mill Valley city, California",3767,278,2608,239,199,82,376,154,402,134,478,156,264,93,106,66,77,51,145,89,546,165,15,26,1159,216,489,138,212,90,76,61,98,59,55,49,26,29,19,29,51,79,118,67,15,24,06,47710
"Millville CDP, California",276,81,167,75,3,6,60,63,4,5,19,13,11,10,43,30,0,14,13,18,14,9,0,14,109,42,28,21,19,12,21,11,0,14,4,6,3,5,0,14,6,8,28,33,0,14,06,47724
"Milpitas city, California",14647,737,9790,622,1068,227,1467,231,1715,282,1433,301,857,226,758,232,482,192,493,160,1378,320,139,124,4857,412,2571,320,849,191,362,122,147,85,129,89,147,101,43,35,102,63,468,130,39,29,06,47766
"Mineral CDP, California",0,14,0,14,0,14,0,14,0,14,0,14,0,14,0,14,0,14,0,14,0,14,0,14,0,14,0,14,0,14,0,14,0,14,0,14,0,14,0,14,0,14,0,14,0,14,06,47794
"Minkler CDP, California",322,170,281,166,0,14,0,14,12,22,25,24,4,7,0,14,116,150,25,28,99,49,0,14,41,31,18,15,0,14,0,14,0,14,4,8,0,14,0,14,15,22,0,14,4,8,06,47822
"Mira Monte CDP, California",2466,342,1219,236,23,24,131,94,322,173,145,86,234,147,23,26,40,37,90,62,193,113,18,20,1247,330,261,125,110,64,135,75,73,69,177,186,34,34,7,11,57,55,341,178,52,56,06,48046
"Miranda CDP, California",120,111,54,86,0,14,0,14,0,14,0,14,0,14,0,14,0,14,0,14,0,14,54,86,66,74,0,14,25,41,0,14,0,14,0,14,41,65,0,14,0,14,0,14,0,14,06,48060
"Mission Canyon CDP, California",636,121,396,103,56,52,63,51,72,52,28,28,27,28,14,21,0,14,62,48,74,48,0,14,240,76,119,72,56,38,12,21,0,14,9,16,0,14,7,11,6,10,15,18,16,25,06,48147
"Mission Hills CDP, California",1003,128,791,142,30,29,123,63,117,71,56,45,87,57,109,82,23,27,130,101,116,91,0,14,212,75,108,65,27,24,62,43,0,14,15,21,0,14,0,14,0,14,0,14,0,14,06,48186
"Mission Viejo city, California",25334,950,18971,821,1366,304,2265,376,3487,413,2765,300,1899,356,1689,361,1076,255,1392,423,2979,371,53,52,6363,459,3324,290,928,222,696,200,317,108,161,92,133,90,84,61,191,132,498,148,31,32,06,48256
"Mi-Wuk Village CDP, California",386,143,216,104,8,13,24,37,98,81,20,34,12,22,0,14,0,14,13,32,41,35,0,14,170,111,14,25,48,72,16,25,19,30,0,14,36,56,21,33,16,25,0,14,0,14,06,48298
"Modesto city, California",42973,1115,28395,1078,1891,423,4707,566,4853,606,4188,510,2915,383,2159,398,1474,310,1834,396,4048,505,326,190,14578,901,6918,665,2490,420,1174,239,783,205,588,190,561,249,348,165,438,138,1082,238,196,109,06,48354
"Modjeska CDP, California",195,55,175,55,14,15,32,40,50,23,13,14,0,14,21,18,5,9,0,14,40,27,0,14,20,14,0,14,15,13,0,14,0,14,0,14,0,14,5,8,0,14,0,14,0,14,06,48410
"Mohawk Vista CDP, California",16,17,9,12,0,14,9,12,0,14,0,14,0,14,0,14,0,14,0,14,0,14,0,14,7,12,0,14,0,14,0,14,0,14,0,14,0,14,0,14,0,14,0,14,7,12,06,48448
"Mojave CDP, California",662,208,392,189,114,70,43,58,86,83,0,19,0,19,86,133,18,20,0,19,45,33,0,19,270,102,169,82,12,19,40,50,0,19,0,19,31,47,0,19,4,6,14,23,0,19,06,48452
"Mokelumne Hill CDP, California",357,205,307,205,0,14,29,37,65,72,22,28,38,56,153,182,0,14,0,14,0,14,0,14,50,40,23,28,10,17,0,14,8,13,0,14,9,17,0,14,0,14,0,14,0,14,06,48480
"Monmouth CDP, California",11,9,3,5,0,14,0,14,0,14,0,14,0,14,0,14,3,5,0,14,0,14,0,14,8,7,0,14,3,5,2,5,3,4,0,14,0,14,0,14,0,14,0,14,0,14,06,48592
"Mono City CDP, California",89,71,0,14,0,14,0,14,0,14,0,14,0,14,0,14,0,14,0,14,0,14,0,14,89,71,45,55,44,63,0,14,0,14,0,14,0,14,0,14,0,14,0,14,0,14,06,48602
"Mono Vista CDP, California",1008,208,710,156,43,41,25,30,87,72,152,93,21,26,63,59,60,44,97,74,162,108,0,14,298,135,212,122,0,14,16,23,19,26,0,14,14,24,0,14,0,14,37,43,0,14,06,48641
"Monrovia city, California",6572,524,4201,387,268,110,431,124,687,167,628,194,316,105,331,144,173,82,389,145,978,278,0,29,2371,326,974,254,242,92,395,135,241,163,97,77,28,25,36,51,107,53,199,89,52,85,06,48648
"Monson CDP, California",21,23,0,14,0,14,0,14,0,14,0,14,0,14,0,14,0,14,0,14,0,14,0,14,21,23,12,18,9,14,0,14,0,14,0,14,0,14,0,14,0,14,0,14,0,14,06,48676
"Montague city, California",401,99,201,61,6,6,39,28,50,36,23,24,12,18,6,6,25,21,20,23,20,27,0,14,200,77,81,51,58,34,21,23,13,17,0,14,0,14,2,3,0,14,21,29,4,5,06,48690
"Montalvin Manor CDP, California",473,118,310,111,33,37,78,66,51,54,17,20,9,14,14,18,80,68,6,10,22,25,0,14,163,71,59,46,33,27,11,15,0,14,37,56,0,14,13,20,0,14,10,18,0,14,06,48718
"Montara CDP, California",784,222,558,214,17,28,169,170,57,73,73,72,66,81,44,42,49,62,50,46,33,47,0,14,226,110,145,92,52,60,0,14,15,25,0,14,0,14,0,14,0,14,14,23,0,14,06,48760
"Montclair city, California",5839,451,3713,384,283,100,295,108,640,167,677,219,512,138,245,107,141,65,396,157,512,175,12,20,2126,291,1114,241,289,99,149,86,115,68,41,35,16,19,49,53,73,70,280,147,0,29,06,48788
"Montebello city, California",9043,503,5449,424,294,100,577,178,957,222,771,197,557,160,490,175,306,123,286,101,1183,266,28,30,3594,368,1708,273,675,224,312,111,172,89,186,106,79,65,39,37,90,69,264,167,69,51,06,48816
"Montecito CDP, California",2568,294,1292,172,217,94,121,58,183,68,89,54,36,28,86,39,48,34,159,79,334,107,19,23,1276,256,588,226,86,40,109,61,69,45,157,113,0,19,30,24,37,36,150,68,50,40,06,48844
"Monterey city, California",4535,422,2937,361,255,140,312,105,540,172,459,157,257,99,300,163,184,107,160,117,470,178,0,25,1598,344,793,252,198,85,140,67,8,12,56,54,123,127,20,33,38,35,199,115,23,23,06,48872
"Monterey Park city, California",10649,601,5712,414,298,101,918,271,636,159,693,213,631,205,334,185,241,107,786,252,1061,226,114,111,4937,436,2423,302,651,154,446,152,279,85,173,82,125,72,97,69,264,186,329,113,150,74,06,48914
"Monterey Park Tract CDP, California",18,29,18,29,0,14,0,14,7,25,0,14,0,14,11,19,0,14,0,14,0,14,0,14,0,14,0,14,0,14,0,14,0,14,0,14,0,14,0,14,0,14,0,14,0,14,06,48916
"Monte Rio CDP, California",389,109,290,78,23,20,40,36,34,30,29,25,9,11,10,16,0,14,36,31,109,66,0,14,99,92,11,12,52,83,17,29,0,14,19,31,0,14,0,14,0,14,0,14,0,14,06,48928
"Monte Sereno city, California",1253,138,811,163,66,45,123,60,68,51,108,56,78,59,46,40,5,7,93,63,224,171,0,14,442,104,239,74,73,52,51,56,34,32,0,14,19,23,0,14,0,14,16,18,10,16,06,48956
"Montgomery Creek CDP, California",40,22,13,13,0,14,6,9,0,14,4,5,0,14,3,6,0,14,0,14,0,14,0,14,27,20,0,14,6,7,0,14,6,7,14,19,1,2,0,14,0,14,0,14,0,14,06,48998
"Monument Hills CDP, California",541,105,334,90,46,47,73,53,109,69,29,20,7,11,25,19,28,30,0,14,17,16,0,14,207,74,88,51,11,13,19,29,18,27,5,9,14,22,10,11,10,17,32,36,0,14,06,49045
"Moorpark city, California",8873,381,6906,474,365,109,1245,319,1068,208,1186,257,722,169,566,167,390,147,526,147,816,224,22,37,1967,265,1000,200,389,115,185,84,160,87,27,27,3,8,8,15,43,41,109,81,43,38,06,49138
"Morada CDP, California",1243,190,687,170,29,32,123,88,0,14,176,103,33,31,56,41,43,35,12,18,215,111,0,14,556,148,312,129,11,20,24,20,23,25,46,36,62,95,10,16,0,14,68,76,0,14,06,49180
"Moraga town, California",4613,295,2991,298,276,112,500,152,615,166,377,113,372,150,239,89,67,37,127,61,418,132,0,21,1622,255,746,185,373,129,95,47,65,49,30,35,12,17,30,28,30,30,209,127,32,40,06,49187
"Moreno Valley city, California",35169,978,27305,974,1583,297,3315,438,4752,604,3248,448,3213,410,2396,426,1445,270,2103,346,5095,549,155,85,7864,545,4235,424,1391,251,645,155,499,169,159,62,75,74,139,88,107,57,520,157,94,62,06,49270
"Morgan Hill city, California",10624,529,7826,486,560,141,1213,239,1254,250,1423,242,1084,206,609,159,406,120,145,72,1122,279,10,15,2798,334,1302,268,472,116,326,121,154,69,162,71,60,43,18,21,153,90,141,61,10,15,06,49278
"Morongo Valley CDP, California",1264,174,679,137,88,60,31,27,45,36,76,58,36,40,145,94,76,63,56,44,115,74,11,19,585,163,138,70,139,97,28,36,120,106,15,17,62,77,0,14,0,14,60,57,23,25,06,49348
"Morro Bay city, California",3343,307,1974,272,105,63,455,289,235,79,274,116,201,96,78,49,56,39,313,152,257,111,0,21,1369,221,549,150,318,135,141,78,44,30,100,88,94,63,34,25,8,15,74,44,7,11,06,49362
"Moskowite Corner CDP, California",72,25,33,24,0,14,0,14,10,13,0,14,23,21,0,14,0,14,0,14,0,14,0,14,39,24,0,14,0,14,22,19,0,14,14,15,0,14,0,14,0,14,3,5,0,14,06,49432
"Moss Beach CDP, California",906,198,421,171,0,14,33,57,81,78,96,101,66,74,22,35,29,46,24,39,70,53,0,14,485,144,210,129,79,61,49,55,28,54,0,14,0,14,34,60,0,14,67,78,18,28,06,49446
"Moss Landing CDP, California",15,17,0,14,0,14,0,14,0,14,0,14,0,14,0,14,0,14,0,14,0,14,0,14,15,17,15,17,0,14,0,14,0,14,0,14,0,14,0,14,0,14,0,14,0,14,06,49488
"Mountain Center CDP, California",24,18,0,14,0,14,0,14,0,14,0,14,0,14,0,14,0,14,0,14,0,14,0,14,24,18,18,20,0,14,6,9,0,14,0,14,0,14,0,14,0,14,0,14,0,14,06,49544
"Mountain Gate CDP, California",312,117,102,51,0,14,10,17,0,14,10,16,13,18,0,14,10,15,27,27,32,40,0,14,210,123,54,56,25,30,0,14,0,14,15,25,0,14,0,14,75,113,41,39,0,14,06,49558
"Mountain House CDP, California",4942,547,4125,451,138,97,417,197,708,244,940,302,606,232,367,202,190,128,425,221,334,179,0,25,817,396,433,356,178,162,77,57,36,45,0,25,0,25,0,25,50,62,43,54,0,25,06,49582
"Mountain Meadows CDP, California",77,62,55,47,11,18,16,27,0,14,0,14,10,32,0,14,0,14,18,29,0,14,0,14,22,39,0,14,0,14,0,14,22,39,0,14,0,14,0,14,0,14,0,14,0,14,06,49592
"Mountain Mesa CDP, California",215,88,195,88,0,14,76,80,55,38,0,14,0,14,0,14,0,14,46,46,18,23,0,14,20,21,14,18,0,14,0,14,0,14,0,14,0,14,0,14,0,14,6,10,0,14,06,49600
"Mountain Ranch CDP, California",167,173,161,173,121,170,0,14,0,14,0,14,11,19,0,14,0,14,0,14,29,43,0,14,6,9,0,14,0,14,0,14,0,14,0,14,0,14,0,14,0,14,6,9,0,14,06,49628
"Mountain View CDP, California",666,204,499,208,8,13,0,14,91,60,54,71,81,60,83,86,9,13,121,146,52,53,0,14,167,77,81,55,18,28,18,29,8,14,0,14,0,14,0,14,0,14,0,14,42,49,06,49651
"Mountain View city, California",13815,689,9003,536,1113,226,1425,245,1590,278,1326,250,976,200,651,188,603,224,432,160,887,219,0,32,4812,503,2361,358,783,188,356,126,194,98,70,53,156,89,68,55,209,102,566,210,49,50,06,49670
"Mountain View Acres CDP, California",662,148,436,144,32,37,50,60,102,72,62,50,36,32,11,17,7,11,69,67,51,47,16,25,226,79,101,55,69,62,0,14,12,18,0,14,0,14,0,14,0,14,44,49,0,14,06,49684
"Mt. Bullion CDP, California",29,31,16,28,0,14,0,14,0,14,0,14,0,14,0,14,0,14,0,14,16,28,0,14,13,16,6,11,7,12,0,14,0,14,0,14,0,14,0,14,0,14,0,14,0,14,06,49726
"Mount Hebron CDP, California",20,24,0,14,0,14,0,14,0,14,0,14,0,14,0,14,0,14,0,14,0,14,0,14,20,24,4,5,16,24,0,14,0,14,0,14,0,14,0,14,0,14,0,14,0,14,06,49768
"Mount Hermon CDP, California",321,163,241,146,17,28,78,117,8,14,36,35,7,11,0,14,38,52,0,14,57,78,0,14,80,58,20,25,27,44,0,14,16,25,7,10,0,14,0,14,0,14,10,15,0,14,06,49796
"Mount Laguna CDP, California",46,44,0,14,0,14,0,14,0,14,0,14,0,14,0,14,0,14,0,14,0,14,0,14,46,44,9,14,0,14,0,14,0,14,19,31,0,14,18,29,0,14,0,14,0,14,06,49810
"Mount Shasta city, California",876,175,463,166,33,51,31,53,49,62,49,55,49,56,46,51,70,80,57,58,79,63,0,14,413,158,119,92,78,61,133,121,0,14,25,40,0,14,0,14,0,14,58,66,0,14,06,49852
"Muir Beach CDP, California",142,37,83,34,5,8,0,14,6,10,0,14,18,20,22,26,0,14,0,14,32,22,0,14,59,22,23,17,9,14,12,15,4,8,0,14,0,14,0,14,0,14,11,14,0,14,06,49950
"Murphys CDP, California",721,158,312,113,25,27,43,63,44,45,28,27,46,58,37,43,7,12,9,15,73,48,0,14,409,126,30,28,26,27,53,50,59,57,15,18,44,38,0,14,44,64,138,90,0,14,06,50034
"Murrieta city, California",25125,1090,19271,1083,976,333,2436,466,3333,548,3112,546,2350,432,1961,349,1436,371,1088,246,2500,444,79,67,5854,607,2271,377,989,236,481,174,485,202,247,150,340,164,160,106,327,185,519,166,35,32,06,50076
"Muscoy CDP, California",1167,274,822,241,29,22,124,72,123,73,26,52,155,205,112,119,15,26,54,54,184,109,0,21,345,135,170,88,87,90,30,33,7,12,19,31,0,21,8,15,24,29,0,21,0,21,06,50132
"Myers Flat CDP, California",31,49,0,14,0,14,0,14,0,14,0,14,0,14,0,14,0,14,0,14,0,14,0,14,31,49,0,14,0,14,0,14,31,49,0,14,0,14,0,14,0,14,0,14,0,14,06,50146
"Myrtletown CDP, California",1122,262,415,166,22,35,68,70,32,51,85,61,24,31,45,55,21,38,0,19,118,122,0,19,707,219,383,177,126,77,50,60,57,44,19,31,19,29,0,19,23,36,30,32,0,19,06,50188
"Napa city, California",17602,747,11604,780,604,141,1317,261,1683,216,1869,348,1265,231,1200,251,784,188,820,185,1922,291,140,92,5998,521,2880,436,1112,231,569,166,338,109,218,95,140,59,64,50,187,122,413,112,77,47,06,50258
"National City city, California",6330,467,3810,440,232,114,315,111,592,183,379,133,426,132,436,158,144,70,269,124,968,293,49,62,2520,334,1338,279,450,162,276,161,62,45,85,86,46,36,27,26,19,21,182,134,35,38,06,50398
"Needles city, California",1156,219,461,205,46,38,78,59,11,16,9,15,34,32,0,14,58,61,34,38,191,180,0,14,695,172,330,131,191,111,84,71,28,25,3,4,33,35,14,18,2,4,0,14,10,13,06,50734
"Nevada City city, California",718,193,426,172,0,14,59,72,56,59,101,102,39,44,33,39,68,64,17,29,53,47,0,14,292,111,58,42,85,60,71,64,37,46,0,14,21,34,0,14,0,14,20,33,0,14,06,50874
"Newark city, California",10584,570,7931,481,546,149,1659,355,1526,259,1303,275,790,163,604,140,463,145,233,82,784,207,23,26,2653,351,1346,278,432,121,224,83,195,81,90,57,75,52,60,48,70,56,114,62,47,67,06,50916
"Newcastle CDP, California",549,145,277,120,13,21,61,52,46,35,23,25,65,74,3,7,15,23,0,14,51,43,0,14,272,89,87,70,11,10,39,24,21,24,13,11,35,27,5,7,4,8,42,33,15,22,06,51000
"New Cuyama CDP, California",189,53,98,45,2,4,25,19,13,15,24,26,17,23,4,6,0,14,4,6,9,12,0,14,91,38,24,18,18,17,16,13,0,14,0,14,0,14,0,14,0,14,33,25,0,14,06,51028
"Newell CDP, California",97,51,28,31,0,14,10,12,0,14,0,14,0,14,18,30,0,14,0,14,0,14,0,14,69,44,21,20,44,43,0,14,0,14,0,14,0,14,0,14,4,6,0,14,0,14,06,51042
"Newman city, California",2420,405,1812,438,44,52,252,140,363,221,285,211,298,155,231,194,88,66,90,89,161,142,0,21,608,222,324,160,122,121,65,57,23,42,22,35,13,22,15,25,15,27,9,15,0,21,06,51140
"New Pine Creek CDP, California",9,18,0,14,0,14,0,14,0,14,0,14,0,14,0,14,0,14,0,14,0,14,0,14,9,18,9,18,0,14,0,14,0,14,0,14,0,14,0,14,0,14,0,14,0,14,06,51168
"Newport Beach city, California",19791,774,12142,692,1248,312,1294,253,1644,330,1608,366,1020,203,628,206,989,261,1025,239,2635,344,51,40,7649,687,2735,375,937,228,1259,374,464,152,307,156,158,79,184,91,400,139,957,196,248,147,06,51182
"Nicasio CDP, California",31,19,21,15,3,5,0,14,2,4,2,5,5,6,5,6,0,14,0,14,4,5,0,14,10,12,0,14,0,14,0,14,0,14,0,14,7,12,0,14,0,14,3,4,0,14,06,51280
"Nice CDP, California",675,168,260,126,74,69,0,14,8,14,0,14,27,38,9,16,11,19,15,25,116,92,0,14,415,137,181,101,61,65,0,14,38,52,0,14,62,71,0,14,33,55,40,56,0,14,06,51294
"Nicolaus CDP, California",45,22,25,20,0,14,7,8,0,14,0,14,0,14,0,14,0,14,0,14,18,20,0,14,20,10,5,5,6,6,3,4,0,14,3,3,0,14,3,4,0,14,0,14,0,14,06,51336
"Niland CDP, California",171,89,66,75,0,14,0,14,0,14,0,14,0,14,44,67,0,14,0,14,22,36,0,14,105,81,63,71,0,14,23,36,19,33,0,14,0,14,0,14,0,14,0,14,0,14,06,51392
"Nipinnawasee CDP, California",264,192,107,137,7,13,0,14,0,14,0,14,0,14,100,138,0,14,0,14,0,14,0,14,157,117,32,26,0,14,17,19,8,12,10,15,75,107,0,14,15,22,0,14,0,14,06,51470
"Nipomo CDP, California",3732,321,2480,321,217,104,249,89,657,252,300,126,277,136,100,77,135,88,204,129,341,149,0,21,1252,203,592,166,235,98,118,83,94,101,45,39,36,46,21,35,30,28,81,74,0,21,06,51476
"Norco city, California",5363,321,4069,330,321,155,418,117,621,181,653,158,484,143,281,121,250,83,317,128,705,152,19,18,1294,182,574,130,220,65,188,101,73,42,47,45,0,25,18,19,34,37,111,56,29,22,06,51560
"Nord CDP, California",89,79,15,24,0,14,0,14,0,14,15,24,0,14,0,14,0,14,0,14,0,14,0,14,74,76,18,27,0,14,39,65,17,28,0,14,0,14,0,14,0,14,0,14,0,14,06,51574
"Norris Canyon CDP, California",253,98,224,101,28,32,57,71,8,12,0,14,49,45,10,20,0,14,53,45,19,19,0,14,29,33,0,14,0,14,0,14,3,12,17,27,0,14,0,14,0,14,9,16,0,14,06,51622
"North Auburn CDP, California",3424,316,1794,247,80,60,119,70,341,177,304,124,151,98,112,71,53,38,225,113,409,162,0,21,1630,234,443,141,301,150,113,65,234,121,70,53,103,95,128,77,49,44,189,106,0,21,06,51637
"North Edwards CDP, California",220,91,146,80,10,18,11,18,10,20,55,47,11,17,0,14,0,14,0,14,49,58,0,14,74,42,27,29,15,19,0,14,22,24,10,16,0,14,0,14,0,14,0,14,0,14,06,51812
"North El Monte CDP, California",811,152,528,166,29,23,119,122,74,41,25,23,38,29,67,59,55,62,58,61,56,47,7,11,283,107,86,56,61,39,45,34,9,13,0,14,8,11,48,54,0,14,26,23,0,14,06,51820
"North Fair Oaks CDP, California",1838,241,1355,225,98,51,180,83,290,122,160,88,146,87,66,55,34,32,121,61,260,102,0,21,483,133,232,91,79,57,21,25,0,21,29,28,16,19,13,23,12,19,72,50,9,15,06,51840
"North Fork CDP, California",1101,190,502,185,34,56,3,7,147,139,51,42,48,53,0,14,72,59,22,24,125,80,0,14,599,160,165,72,179,129,87,60,30,30,7,13,0,14,0,14,0,14,117,83,14,21,06,51868
"North Gate CDP, California",242,110,106,64,8,13,29,39,9,16,14,22,0,14,0,14,0,14,21,43,25,29,0,14,136,111,84,101,18,26,0,14,21,29,13,19,0,14,0,14,0,14,0,14,0,14,06,51890
"North Highlands CDP, California",8125,706,5590,546,338,124,620,195,803,231,829,272,815,215,570,186,352,166,417,180,830,233,16,24,2535,476,983,256,375,142,268,166,267,154,45,52,229,265,19,26,88,77,256,160,5,8,06,51924
"North Lakeport CDP, California",955,192,333,119,59,60,4,6,0,14,25,22,16,18,106,80,23,26,42,37,58,40,0,14,622,168,126,100,101,49,161,105,49,40,50,73,30,29,3,5,11,17,91,55,0,14,06,51990
"North Richmond CDP, California",660,189,606,188,58,43,58,45,139,116,19,23,56,48,13,22,32,40,129,115,102,62,0,14,54,36,46,31,0,14,0,14,0,14,0,14,8,13,0,14,0,14,0,14,0,14,06,52162
"North San Juan CDP, California",93,88,24,36,0,14,0,14,0,14,0,14,0,14,0,14,0,14,0,14,24,36,0,14,69,86,0,14,0,14,0,14,61,86,0,14,0,14,0,14,3,4,5,8,0,14,06,52246
"North Shore CDP, California",899,328,286,164,0,14,9,15,67,51,8,12,80,70,0,14,39,62,0,14,83,117,0,14,613,341,185,141,63,77,302,297,0,14,33,52,0,14,0,14,30,48,0,14,0,14,06,52302
"North Tustin CDP, California",7889,562,5563,548,328,135,1054,277,559,146,933,204,493,180,569,243,276,130,252,114,1092,359,7,10,2326,334,1265,284,365,135,152,79,85,62,159,115,0,25,56,54,40,39,100,55,104,85,06,52379
"Norwalk city, California",18597,704,12670,674,681,195,1392,227,2184,419,1863,317,1627,273,971,223,688,176,890,186,2320,369,54,44,5927,579,3297,399,980,231,440,146,258,118,237,116,174,166,9,13,118,74,352,126,62,48,06,52526
"Novato city, California",13258,811,8920,641,602,210,931,204,1298,320,1292,247,1001,272,921,214,654,157,777,181,1419,300,25,25,4338,516,1502,300,721,187,548,221,468,137,281,147,110,79,98,74,156,129,375,146,79,51,06,52582
"Nubieber CDP, California",0,14,0,14,0,14,0,14,0,14,0,14,0,14,0,14,0,14,0,14,0,14,0,14,0,14,0,14,0,14,0,14,0,14,0,14,0,14,0,14,0,14,0,14,0,14,06,52610
"Nuevo CDP, California",1494,202,1240,181,106,92,219,118,209,121,158,77,95,68,35,33,10,16,105,75,303,139,0,19,254,108,132,86,80,54,5,10,6,11,0,19,0,19,10,15,12,19,9,15,0,19,06,52624
"Oakdale city, California",5177,436,3603,449,233,125,475,203,439,162,488,194,366,162,403,173,212,142,286,153,656,331,45,49,1574,289,836,260,272,151,119,74,55,57,36,47,10,17,0,25,62,43,178,109,6,10,06,52694
"Oak Glen CDP, California",213,98,123,74,0,14,17,26,15,23,11,20,0,14,0,14,4,7,0,14,76,64,0,14,90,69,10,16,7,11,0,14,40,60,33,46,0,14,0,14,0,14,0,14,0,14,06,52715
"Oak Hills CDP, California",2470,327,1487,327,198,131,189,105,215,104,100,67,212,123,184,222,48,46,51,40,290,136,0,19,983,194,428,186,145,85,80,65,104,94,29,33,53,68,0,19,58,51,60,58,26,33,06,52760
"Oakhurst CDP, California",1822,234,964,239,39,63,183,121,15,18,186,111,79,63,60,45,154,122,97,72,151,79,0,19,858,177,283,131,129,69,224,111,44,38,68,50,23,31,0,19,37,32,34,37,16,18,06,52764
"Oakland city, California",74753,1329,54349,1499,3500,447,7303,629,9270,725,7854,597,5684,507,4647,525,2986,455,3929,485,9018,749,158,72,20404,910,8202,612,3435,395,2230,306,1370,246,1111,271,667,207,437,150,725,189,1841,288,386,144,06,53000
"Oakley city, California",10784,826,8597,831,294,138,1042,277,1465,367,1375,360,1178,300,559,202,731,257,515,192,1438,489,0,29,2187,404,1125,325,323,130,187,104,89,69,116,80,22,24,77,52,49,54,199,122,0,29,06,53070
"Oak Park CDP, California",3665,346,2728,354,257,136,445,233,288,101,245,107,311,140,416,156,88,57,44,33,622,213,12,18,937,178,434,142,182,90,70,60,31,41,76,70,25,34,29,45,29,27,56,46,5,8,06,53116
"Oak Run CDP, California",115,93,94,91,0,14,10,15,0,14,2,4,3,4,7,11,0,14,3,4,67,89,2,3,21,16,0,14,0,14,6,11,6,7,2,3,0,14,0,14,0,14,7,10,0,14,06,53140
"Oak Shores CDP, California",36,31,26,26,0,14,0,14,0,14,0,14,7,12,0,14,13,20,0,14,6,13,0,14,10,17,0,14,0,14,0,14,10,17,0,14,0,14,0,14,0,14,0,14,0,14,06,53160
"Oak View CDP, California",1756,177,1186,185,70,39,150,60,139,70,132,56,143,79,134,92,52,44,98,56,268,115,0,19,570,139,236,94,124,60,13,19,15,22,58,61,9,15,24,26,0,19,84,47,7,13,06,53182
"Oakville CDP, California",0,14,0,14,0,14,0,14,0,14,0,14,0,14,0,14,0,14,0,14,0,14,0,14,0,14,0,14,0,14,0,14,0,14,0,14,0,14,0,14,0,14,0,14,0,14,06,53196
"Oasis CDP, California",640,118,36,29,0,14,1,2,4,5,0,14,0,14,2,3,2,3,22,28,2,4,3,5,604,120,154,67,45,18,70,31,19,12,28,15,44,27,13,11,79,39,138,48,14,13,06,53224
"Occidental CDP, California",398,143,237,130,74,43,5,7,86,119,24,24,5,9,20,18,6,9,4,9,8,13,5,10,161,68,57,44,64,51,36,41,0,14,0,14,4,7,0,14,0,14,0,14,0,14,06,53266
"Oceano CDP, California",1844,287,967,217,30,43,89,99,121,80,98,78,104,73,124,83,62,48,117,67,222,132,0,19,877,281,296,167,41,28,206,214,75,43,68,68,0,19,6,12,45,41,124,106,16,26,06,53294
"Oceanside city, California",36141,1154,25015,1047,1170,212,2417,328,3616,392,4346,518,3136,423,2503,349,1286,235,2092,430,4282,551,167,114,11126,617,4307,390,2080,250,1319,216,804,183,652,208,214,115,296,131,363,147,946,224,145,69,06,53322
"Ocotillo CDP, California",64,59,19,32,0,14,0,14,0,14,0,14,0,14,0,14,0,14,0,14,19,32,0,14,45,51,0,14,26,40,0,14,0,14,19,33,0,14,0,14,0,14,0,14,0,14,06,53378
"Oildale CDP, California",5271,555,3353,436,115,75,565,234,588,242,442,154,248,134,187,126,250,168,273,133,661,194,24,29,1918,358,618,166,507,226,157,70,45,51,133,94,87,58,33,30,73,57,199,105,66,85,06,53448
"Ojai city, California",1864,257,1274,226,49,38,89,48,173,95,226,124,62,47,76,62,72,68,162,103,365,157,0,19,590,156,214,87,61,40,110,90,19,29,65,49,24,33,25,30,31,35,31,40,10,15,06,53476
"Olancha CDP, California",22,20,7,10,0,14,0,14,0,14,0,14,0,14,0,14,0,14,0,14,7,10,0,14,15,16,10,14,0,14,0,14,0,14,0,14,0,14,0,14,0,14,0,14,5,8,06,53490
"Olde Stockdale CDP, California",133,89,4,6,0,14,0,14,4,6,0,14,0,14,0,14,0,14,0,14,0,14,0,14,129,89,102,88,15,19,0,14,0,14,0,14,12,20,0,14,0,14,0,14,0,14,06,53503
"Old Fig Garden CDP, California",1577,195,1017,154,27,24,160,75,218,70,198,81,168,101,78,47,47,38,53,53,68,40,0,19,560,135,268,99,103,58,77,67,29,23,38,31,0,19,0,19,10,12,35,29,0,19,06,53505
"Old River CDP, California",40,64,40,64,0,14,0,14,40,64,0,14,0,14,0,14,0,14,0,14,0,14,0,14,0,14,0,14,0,14,0,14,0,14,0,14,0,14,0,14,0,14,0,14,0,14,06,53574
"Old Station CDP, California",0,14,0,14,0,14,0,14,0,14,0,14,0,14,0,14,0,14,0,14,0,14,0,14,0,14,0,14,0,14,0,14,0,14,0,14,0,14,0,14,0,14,0,14,0,14,06,53602
"Old Stine CDP, California",511,145,370,128,80,66,13,20,67,61,64,52,20,27,3,6,17,17,56,46,50,45,0,14,141,60,47,37,33,31,0,14,0,14,39,34,11,19,4,6,0,14,7,9,0,14,06,53603
"Olivehurst CDP, California",3726,364,2649,362,224,139,228,99,268,142,456,156,416,191,144,75,234,159,373,165,281,145,25,32,1077,216,587,188,132,78,75,70,59,48,78,63,19,31,24,39,34,45,69,56,0,21,06,53714
"Ono CDP, California",13,16,0,14,0,14,0,14,0,14,0,14,0,14,0,14,0,14,0,14,0,14,0,14,13,16,8,11,0,14,0,14,0,14,5,10,0,14,0,14,0,14,0,14,0,14,06,53882
"Ontario city, California",31202,1171,22708,1127,919,212,2520,366,3852,616,3403,629,2361,339,2261,390,1262,267,2205,494,3846,461,79,57,8494,735,3552,426,1521,357,1083,213,544,173,342,122,263,269,179,81,185,101,749,277,76,63,06,53896
"Onyx CDP, California",79,95,0,14,0,14,0,14,0,14,0,14,0,14,0,14,0,14,0,14,0,14,0,14,79,95,0,14,50,80,29,45,0,14,0,14,0,14,0,14,0,14,0,14,0,14,06,53910
"Orange city, California",25720,941,18529,877,1357,308,2761,438,2965,336,2666,395,1884,387,1523,250,1512,383,1176,221,2600,485,85,43,7191,558,3631,361,1069,239,656,197,406,145,190,97,191,87,171,85,206,96,609,173,62,53,06,53980
"Orange Blossom CDP, California",328,99,109,61,3,6,7,9,49,45,13,19,0,14,5,8,9,29,15,20,8,7,0,14,219,93,52,32,94,77,5,7,10,10,14,23,13,20,2,3,7,10,22,29,0,14,06,53987
"Orange Cove city, California",1037,207,579,171,33,36,96,87,111,77,46,52,57,40,60,62,40,54,0,19,136,84,0,19,458,137,243,107,91,86,56,47,12,21,0,19,27,46,0,19,0,19,29,28,0,19,06,54008
"Orangevale CDP, California",10195,476,6894,568,371,159,732,174,1245,287,1425,294,749,253,744,188,347,155,441,168,832,181,8,13,3301,426,1328,210,906,335,284,103,255,87,141,70,16,24,77,54,45,40,214,111,35,44,06,54092
"Orcutt CDP, California",8604,469,5573,488,320,116,986,233,800,164,1021,359,631,178,447,151,321,150,316,154,731,156,0,29,3031,276,1254,225,496,159,393,120,162,74,87,58,187,87,88,52,105,64,229,79,30,37,06,54120
"Orick CDP, California",50,19,25,13,0,14,1,2,6,6,5,6,0,14,0,14,3,5,5,8,5,6,0,14,25,13,9,9,0,14,8,8,3,5,5,6,0,14,0,14,0,14,0,14,0,14,06,54218
"Orinda city, California",6642,298,4588,325,590,236,629,171,875,164,447,125,449,146,493,183,134,71,275,148,671,157,25,35,2054,292,854,196,313,97,286,117,110,63,103,76,75,59,47,37,17,20,200,94,49,66,06,54232
"Orland city, California",1630,287,1099,284,68,43,79,49,161,86,271,177,199,112,102,68,60,43,37,44,122,77,0,19,531,141,300,95,82,49,44,33,0,19,0,19,20,33,36,53,34,46,15,16,0,19,06,54274
"Orosi CDP, California",1207,362,808,333,63,86,247,150,83,75,130,81,28,41,0,19,244,289,0,19,13,27,0,19,399,137,247,118,49,44,47,54,0,19,14,23,8,15,26,41,0,19,8,14,0,19,06,54372
"Oroville city, California",3696,361,2418,328,152,113,372,147,456,187,215,111,265,105,132,89,88,65,295,143,436,181,7,11,1278,237,374,146,288,119,219,130,66,71,91,67,38,37,26,43,26,42,61,48,89,80,06,54386
"Oroville East CDP, California",2577,291,1550,256,100,63,312,147,251,120,368,160,64,45,88,64,94,71,77,67,177,79,19,30,1027,167,442,113,177,81,77,43,78,55,67,38,47,33,7,13,40,30,92,52,0,19,06,54388
"Oxnard city, California",28755,1079,18692,965,1109,236,2153,344,3492,411,2631,457,1843,267,1553,322,1348,351,1604,311,2847,389,112,81,10063,564,5312,516,1483,283,861,187,624,163,387,109,177,84,307,244,263,124,485,145,164,94,06,54652
"Pacheco CDP, California",1269,253,554,207,0,14,88,66,186,147,51,46,11,18,39,55,0,14,60,56,35,42,84,119,715,212,274,169,46,43,66,64,111,88,29,32,15,24,61,83,19,23,46,43,48,69,06,54764
"Pacifica city, California",9419,438,6403,382,493,152,738,161,1018,223,1229,240,935,248,404,126,276,94,339,153,911,219,60,66,3016,369,1499,247,685,231,276,115,142,68,90,62,28,28,48,34,55,46,172,79,21,24,06,54806
"Pacific Grove city, California",3522,259,1807,227,119,57,132,71,270,90,221,66,254,109,177,86,74,50,101,50,438,105,21,19,1715,192,736,155,186,67,211,75,127,73,84,52,50,45,36,28,99,96,158,92,28,23,06,54848
"Pajaro CDP, California",216,99,83,77,0,14,17,29,0,14,51,51,0,14,0,14,0,14,0,14,15,25,0,14,133,98,45,54,67,84,0,14,0,14,0,14,6,9,0,14,0,14,15,27,0,14,06,55044
"Pajaro Dunes CDP, California",66,55,36,43,0,14,0,14,12,21,0,14,0,14,0,14,0,14,0,14,24,38,0,14,30,32,0,14,0,14,0,14,0,14,21,29,9,16,0,14,0,14,0,14,0,14,06,55048
"Pala CDP, California",158,47,60,24,24,21,15,11,9,9,6,7,2,4,0,14,0,14,0,14,4,6,0,14,98,41,83,37,11,7,1,5,0,14,0,14,3,5,0,14,0,14,0,14,0,14,06,55058
"Palermo CDP, California",1419,218,571,145,72,65,61,55,52,38,44,46,85,71,95,55,55,61,9,17,72,47,26,30,848,173,299,133,162,69,68,46,61,62,24,29,35,39,38,38,55,52,106,72,0,19,06,55086
"Palmdale city, California",30701,956,22908,916,1067,249,2508,416,3643,486,2729,391,2286,293,2414,419,1728,292,2028,318,4245,626,260,173,7793,728,2747,400,1621,279,855,253,913,254,278,106,297,146,161,98,215,144,512,200,194,122,06,55156
"Palm Desert city, California",16039,745,8445,559,626,238,993,271,1166,291,994,218,876,270,811,222,438,145,756,198,1682,277,103,62,7594,619,2195,329,1389,235,722,171,552,143,441,142,256,103,318,121,400,178,1153,262,168,72,06,55184
"Palm Springs city, California",16184,516,8287,426,697,144,971,196,1080,133,1006,168,922,219,544,111,571,151,589,159,1780,228,127,86,7897,472,2319,303,1320,218,854,160,538,130,513,117,314,71,396,141,515,167,993,175,135,41,06,55254
"Palo Alto city, California",14217,668,8282,541,845,201,1483,268,1801,335,875,203,825,215,544,136,354,101,405,128,1094,312,56,74,5935,541,3186,335,895,190,537,175,279,90,101,52,52,43,156,72,116,70,571,179,42,50,06,55282
"Palo Cedro CDP, California",1172,157,868,172,18,18,104,56,211,93,236,121,60,71,22,21,19,22,68,47,130,72,0,14,304,106,104,68,35,24,56,37,18,13,3,7,22,25,12,17,3,6,51,54,0,14,06,55296
"Paloma CDP, California",162,81,58,70,0,14,0,14,0,14,0,14,0,14,0,14,0,14,0,14,58,70,0,14,104,97,51,74,0,14,29,50,0,14,0,14,0,14,0,14,0,14,24,41,0,14,06,55310
"Palos Verdes Estates city, California",4436,232,2818,344,271,102,405,195,373,107,338,137,285,121,228,142,180,97,160,68,541,165,37,39,1618,271,680,152,188,90,247,214,34,31,18,22,39,39,138,98,74,72,200,93,0,21,06,55380
"Palo Verde CDP, California",0,14,0,14,0,14,0,14,0,14,0,14,0,14,0,14,0,14,0,14,0,14,0,14,0,14,0,14,0,14,0,14,0,14,0,14,0,14,0,14,0,14,0,14,0,14,06,55422
"Panorama Heights CDP, California",34,24,25,22,0,14,0,14,0,14,0,14,5,7,0,14,0,14,3,5,17,21,0,14,9,8,3,5,0,14,3,4,0,14,0,14,3,5,0,14,0,14,0,14,0,14,06,55506
"Paradise town, California",2508,325,1076,303,39,36,67,57,67,43,72,42,65,29,289,180,17,31,74,43,386,254,0,19,1432,259,452,209,176,84,215,152,87,85,73,49,52,39,55,54,4,6,113,68,205,266,06,55520
"Paradise CDP, California",110,59,88,58,5,9,2,4,26,31,0,14,0,14,4,6,10,15,6,9,35,44,0,14,22,15,16,13,0,14,4,7,2,4,0,14,0,14,0,14,0,14,0,14,0,14,06,55528
"Paradise Park CDP, California",174,94,63,72,0,14,0,14,0,14,41,64,0,14,0,14,0,14,0,14,22,36,0,14,111,67,32,38,9,15,18,21,28,43,0,14,8,13,0,14,9,13,7,11,0,14,06,55604
"Paramount city, California",6280,519,4032,457,208,101,498,174,533,184,726,220,328,103,369,180,317,198,297,119,707,203,49,51,2248,313,1158,231,377,145,185,107,143,77,44,38,83,69,20,22,40,35,63,50,135,100,06,55618
"Parklawn CDP, California",202,107,107,105,6,9,0,14,0,14,0,14,9,16,7,15,76,101,9,15,0,14,0,14,95,45,18,21,22,30,0,14,0,14,26,33,19,24,5,10,0,14,5,9,0,14,06,55728
"Parksdale CDP, California",375,109,267,91,8,15,55,50,45,59,17,21,26,35,7,14,89,58,0,14,20,21,0,14,108,71,65,61,21,31,0,14,0,14,0,14,0,14,0,14,0,14,22,27,0,14,06,55751
"Parkway CDP, California",2178,244,1349,182,120,80,226,85,146,63,207,91,131,75,58,46,88,71,85,66,281,107,7,12,829,197,503,163,47,36,113,112,25,28,9,13,0,21,27,34,10,16,78,64,17,18,06,55800
"Parkwood CDP, California",320,114,149,79,0,14,11,19,5,15,42,50,0,14,28,33,0,14,28,34,35,52,0,14,171,98,155,97,0,14,11,18,0,14,0,14,0,14,5,10,0,14,0,14,0,14,06,55842
"Parlier city, California",1655,227,1056,219,88,56,148,87,124,86,115,76,90,54,91,66,32,52,100,79,260,138,8,15,599,163,284,109,109,86,62,46,0,21,22,28,0,21,31,28,0,21,28,42,63,63,06,55856
"Pasadena city, California",24409,896,16729,808,1234,240,2008,241,2332,344,2224,340,1665,316,1306,267,859,190,1651,404,3417,435,33,34,7680,629,3277,458,1230,226,799,278,550,167,192,98,372,245,158,74,319,209,759,176,24,23,06,56000
"Pasatiempo CDP, California",196,73,112,62,0,14,27,35,16,30,26,30,10,18,0,14,0,14,23,27,10,16,0,14,84,54,22,26,26,23,0,14,13,21,0,14,0,14,0,14,0,14,23,37,0,14,06,56028
"Paskenta CDP, California",35,22,10,13,0,14,0,14,3,9,7,9,0,14,0,14,0,14,0,14,0,14,0,14,25,17,6,9,1,2,5,5,2,3,0,14,5,8,0,14,0,14,6,11,0,14,06,56042
"Patterson city, California",4652,385,3142,394,159,99,588,267,501,149,297,137,232,98,262,139,173,86,300,148,630,287,0,25,1510,285,694,177,407,195,57,45,100,78,18,20,64,76,16,20,39,45,115,112,0,25,06,56112
"Patterson Tract CDP, California",392,118,296,103,0,14,54,53,153,71,37,41,0,14,0,14,25,46,0,14,27,33,0,14,96,60,80,59,8,12,0,14,0,14,0,14,0,14,8,14,0,14,0,14,0,14,06,56120
"Patton Village CDP, California",94,58,48,33,0,14,31,27,0,14,0,14,0,14,11,16,0,14,0,14,6,10,0,14,46,48,23,22,0,14,0,14,0,14,0,14,0,14,0,14,0,14,23,37,0,14,06,56140
"Paxton CDP, California",0,14,0,14,0,14,0,14,0,14,0,14,0,14,0,14,0,14,0,14,0,14,0,14,0,14,0,14,0,14,0,14,0,14,0,14,0,14,0,14,0,14,0,14,0,14,06,56182
"Paynes Creek CDP, California",0,14,0,14,0,14,0,14,0,14,0,14,0,14,0,14,0,14,0,14,0,14,0,14,0,14,0,14,0,14,0,14,0,14,0,14,0,14,0,14,0,14,0,14,0,14,06,56196
"Pearsonville CDP, California",8,11,8,11,0,14,0,14,8,11,0,14,0,14,0,14,0,14,0,14,0,14,0,14,0,14,0,14,0,14,0,14,0,14,0,14,0,14,0,14,0,14,0,14,0,14,06,56294
"Penngrove CDP, California",718,153,443,122,49,57,40,40,117,69,77,52,51,40,0,14,0,14,56,57,53,84,0,14,275,111,52,42,13,21,104,93,22,25,27,32,14,23,22,35,0,14,21,34,0,14,06,56476
"Penn Valley CDP, California",493,194,194,109,52,66,37,44,0,14,17,29,0,14,0,14,16,25,0,14,72,93,0,14,299,174,29,35,83,93,135,150,0,14,15,24,0,14,0,14,37,53,0,14,0,14,06,56518
"Penryn CDP, California",422,138,326,135,8,13,108,100,31,26,9,14,96,66,37,60,0,14,0,14,18,22,19,31,96,54,22,22,0,14,31,25,0,14,31,32,0,14,0,14,12,19,0,14,0,14,06,56546
"Pepperdine University CDP, California",105,44,77,43,0,14,0,14,54,40,7,11,7,11,0,14,0,14,0,14,9,15,0,14,28,24,20,19,8,14,0,14,0,14,0,14,0,14,0,14,0,14,0,14,0,14,06,56598
"Perris city, California",13388,603,9042,605,756,386,849,206,1085,310,1543,386,1332,414,826,212,858,308,548,175,1214,286,31,45,4346,462,2177,316,814,240,537,182,206,129,203,234,59,49,8,12,126,103,135,80,81,131,06,56700
"Pescadero CDP, California",113,75,46,40,16,24,0,14,0,14,0,14,30,33,0,14,0,14,0,14,0,14,0,14,67,68,58,68,0,14,0,14,0,14,0,14,0,14,0,14,0,14,9,13,0,14,06,56756
"Petaluma city, California",15643,557,11003,631,572,175,1343,226,2031,323,1857,283,1346,269,937,232,600,140,724,211,1593,281,0,32,4640,431,1946,316,848,216,725,188,205,106,229,105,59,42,50,37,173,112,329,166,76,67,06,56784
"Petaluma Center CDP, California",3,5,0,14,0,14,0,14,0,14,0,14,0,14,0,14,0,14,0,14,0,14,0,14,3,5,3,5,0,14,0,14,0,14,0,14,0,14,0,14,0,14,0,14,0,14,06,56786
"Peters CDP, California",168,68,73,47,0,14,47,38,0,14,0,14,8,12,6,10,0,14,0,14,12,20,0,14,95,54,12,15,4,8,10,17,23,38,0,14,9,16,0,14,0,14,37,34,0,14,06,56798
"Phelan CDP, California",4253,497,3078,430,96,79,508,233,279,134,456,256,385,215,438,239,109,86,316,139,451,234,40,66,1175,303,546,213,196,134,71,56,46,57,12,19,104,144,43,39,88,81,69,54,0,21,06,56826
"Phillipsville CDP, California",0,14,0,14,0,14,0,14,0,14,0,14,0,14,0,14,0,14,0,14,0,14,0,14,0,14,0,14,0,14,0,14,0,14,0,14,0,14,0,14,0,14,0,14,0,14,06,56854
"Philo CDP, California",34,36,0,14,0,14,0,14,0,14,0,14,0,14,0,14,0,14,0,14,0,14,0,14,34,36,34,36,0,14,0,14,0,14,0,14,0,14,0,14,0,14,0,14,0,14,06,56868
"Phoenix Lake CDP, California",1928,329,924,274,48,46,143,178,162,106,194,101,84,72,10,16,38,35,111,87,134,67,0,14,1004,298,164,116,393,272,74,52,70,56,27,32,20,22,161,133,16,27,79,55,0,14,06,56870
"Pico Rivera city, California",11893,537,7493,485,512,124,982,239,865,188,1024,218,744,196,770,231,430,150,491,138,1610,288,65,44,4400,472,2143,287,796,279,420,133,167,77,328,334,52,40,73,56,157,96,174,76,90,63,06,56924
"Piedmont city, California",3512,228,2346,270,209,81,379,146,451,157,254,117,327,176,183,107,93,70,68,60,365,133,17,29,1166,231,429,123,259,102,186,99,29,27,46,37,14,24,31,32,108,103,64,44,0,21,06,56938
"Pierpoint CDP, California",34,41,0,14,0,14,0,14,0,14,0,14,0,14,0,14,0,14,0,14,0,14,0,14,34,41,7,10,27,40,0,14,0,14,0,14,0,14,0,14,0,14,0,14,0,14,06,57011
"Pike CDP, California",10,14,0,14,0,14,0,14,0,14,0,14,0,14,0,14,0,14,0,14,0,14,0,14,10,14,10,14,0,14,0,14,0,14,0,14,0,14,0,14,0,14,0,14,0,14,06,57036
"Pine Canyon CDP, California",728,292,467,311,23,38,28,25,47,43,87,111,217,251,17,23,12,31,12,21,24,40,0,14,261,112,53,49,56,52,66,75,8,17,0,14,0,14,0,14,0,14,78,73,0,14,06,57070
"Pine Flat CDP, California",54,30,14,19,6,12,0,14,0,14,0,14,0,14,0,14,0,14,0,14,8,13,0,14,40,25,14,17,0,14,5,9,15,16,0,14,0,14,0,14,6,12,0,14,0,14,06,57134
"Pine Grove CDP, California",1074,265,685,223,5,14,73,60,108,72,16,34,182,144,55,63,21,33,107,81,118,107,0,14,389,161,149,127,28,37,44,59,49,62,11,22,34,38,25,40,30,34,19,32,0,14,06,57148
"Pine Hills CDP, California",818,181,498,183,22,36,46,39,157,136,58,45,51,40,31,41,0,14,38,38,95,64,0,14,320,97,154,78,61,47,19,20,5,8,22,26,12,19,0,14,36,40,11,17,0,14,06,57204
"Pine Mountain Club CDP, California",1153,244,878,223,14,22,59,63,118,90,98,72,96,66,4,8,58,56,141,39,286,176,4,8,275,105,33,26,50,45,36,53,14,17,18,29,3,5,10,16,16,24,57,34,38,63,06,57240
"Pine Mountain Lake CDP, California",1120,192,575,162,26,28,70,52,66,57,64,38,26,27,52,48,37,45,119,86,115,62,0,14,545,142,159,65,100,57,142,110,50,39,8,13,11,12,0,14,14,16,50,37,11,12,06,57244
"Pine Valley CDP, California",663,144,486,159,0,14,141,105,35,38,77,60,64,59,20,31,101,85,5,7,43,49,0,14,177,94,47,46,80,62,17,25,0,14,12,19,0,14,0,14,21,33,0,14,0,14,06,57260
"Pinole city, California",5234,346,3383,363,117,64,464,140,595,165,596,199,547,216,358,169,66,38,175,83,465,153,0,21,1851,390,1093,370,293,112,104,64,82,63,106,92,55,50,10,15,13,16,66,54,29,34,06,57288
"Piñon Hills CDP, California",1862,245,1364,261,76,76,90,82,143,84,256,148,42,52,94,138,96,75,90,80,414,141,63,72,498,177,142,130,9,16,54,41,5,9,110,64,29,51,36,44,57,66,48,58,8,15,06,57302
"Pioneer CDP, California",402,139,177,97,0,14,7,13,29,36,0,14,35,50,26,44,0,14,15,31,65,58,0,14,225,124,137,119,0,14,0,14,9,14,0,14,38,54,0,14,25,38,16,18,0,14,06,57330
"Piru CDP, California",315,82,278,78,0,14,34,42,55,37,64,60,47,41,0,14,0,14,10,21,68,49,0,14,37,39,37,39,0,14,0,14,0,14,0,14,0,14,0,14,0,14,0,14,0,14,06,57372
"Pismo Beach city, California",2669,277,1451,306,123,68,145,73,234,117,130,61,91,65,273,244,65,49,86,68,242,92,62,100,1218,192,449,110,284,118,186,82,73,50,23,25,20,22,23,27,23,27,137,53,0,19,06,57414
"Pittsburg city, California",14824,689,10563,762,364,133,1442,295,2017,526,1247,283,1254,274,871,235,823,220,736,222,1783,317,26,34,4261,577,2310,425,631,188,524,149,371,288,129,100,72,69,42,38,59,46,92,72,31,29,06,57456
"Pixley CDP, California",440,156,301,138,7,11,10,16,136,109,14,23,12,19,20,23,36,43,24,36,42,75,0,14,139,85,11,19,62,64,36,42,30,46,0,14,0,14,0,14,0,14,0,14,0,14,06,57512
"Placentia city, California",10931,581,7697,547,442,155,1001,215,924,173,1198,239,745,151,677,239,460,207,615,153,1596,396,39,51,3234,353,1583,241,549,144,287,87,209,188,121,67,120,75,82,52,51,39,212,92,20,24,06,57526
"Placerville city, California",2784,391,2002,312,110,80,249,113,264,139,337,195,245,120,201,168,150,86,134,88,284,138,28,41,782,244,146,89,162,104,82,63,106,99,80,57,0,21,29,46,113,131,53,51,11,21,06,57540
"Plainview CDP, California",87,43,24,18,0,14,0,14,0,14,9,11,0,14,0,14,0,14,0,14,15,16,0,14,63,40,53,39,10,15,0,14,0,14,0,14,0,14,0,14,0,14,0,14,0,14,06,57568
"Planada CDP, California",559,135,285,113,7,13,98,79,0,14,45,57,69,52,0,14,0,14,0,14,66,46,0,14,274,112,89,68,37,44,46,48,30,36,28,44,0,14,0,14,0,14,44,49,0,14,06,57582
"Platina CDP, California",0,14,0,14,0,14,0,14,0,14,0,14,0,14,0,14,0,14,0,14,0,14,0,14,0,14,0,14,0,14,0,14,0,14,0,14,0,14,0,14,0,14,0,14,0,14,06,57666
"Pleasant Hill city, California",8305,486,6172,490,432,184,706,194,1108,251,1287,295,841,256,460,190,268,126,346,142,700,234,24,37,2133,329,998,241,351,111,223,135,117,70,94,59,12,21,57,88,50,37,162,94,69,86,06,57764
"Pleasanton city, California",18681,546,13193,575,1042,230,1987,301,2570,338,2081,314,1522,285,955,251,488,158,798,246,1725,320,25,24,5488,461,3063,357,973,219,327,132,241,118,218,104,124,70,52,51,98,53,333,128,59,64,06,57792
"Pleasure Point CDP, California",1556,224,1111,195,93,49,141,77,121,60,228,112,148,87,57,49,29,32,51,48,243,120,0,19,445,177,125,67,45,40,22,24,29,33,20,23,102,118,0,19,7,12,61,43,34,33,06,57825
"Plumas Eureka CDP, California",158,52,107,43,24,25,0,14,0,14,7,12,23,21,20,25,0,14,22,13,11,12,0,14,51,35,18,22,5,9,0,14,11,15,10,16,0,14,7,12,0,14,0,14,0,14,06,57828
"Plumas Lake CDP, California",2809,254,2451,291,73,59,197,104,414,140,502,177,147,123,391,222,151,93,220,117,356,208,0,19,358,130,132,81,48,48,35,41,24,37,42,64,18,28,0,19,0,19,59,68,0,19,06,57829
"Plymouth city, California",333,83,186,53,8,11,35,31,21,21,8,13,28,27,18,14,6,7,22,23,40,32,0,14,147,67,47,32,15,18,6,10,18,16,0,14,0,14,0,14,0,14,48,40,13,20,06,57834
"Point Arena city, California",120,57,50,36,0,14,0,14,0,14,14,20,0,14,0,14,0,14,21,27,15,14,0,14,70,51,35,37,32,36,0,14,0,14,0,14,0,14,0,14,3,7,0,14,0,14,06,57876
"Point Reyes Station CDP, California",193,108,80,81,37,57,0,14,27,43,16,23,0,14,0,14,0,14,0,14,0,14,0,14,113,82,44,46,0,14,0,14,29,42,0,14,0,14,0,14,0,14,40,55,0,14,06,57960
"Pollock Pines CDP, California",1978,266,1118,231,7,10,83,59,112,83,197,103,134,77,163,128,50,67,188,117,184,89,0,19,860,203,379,140,134,68,39,46,60,50,7,13,22,36,0,19,0,19,194,121,25,40,06,58030
"Pomona city, California",22997,923,14934,837,750,200,1721,333,2178,279,2754,484,1844,286,1231,236,901,224,1109,334,2406,363,40,38,8063,608,4152,470,1017,237,747,229,378,172,347,143,200,110,149,89,177,72,754,207,142,88,06,58072
"Ponderosa CDP, California",8,12,0,14,0,14,0,14,0,14,0,14,0,14,0,14,0,14,0,14,0,14,0,14,8,12,0,14,0,14,8,12,0,14,0,14,0,14,0,14,0,14,0,14,0,14,06,58134
"Poplar-Cotton Center CDP, California",292,75,132,66,0,14,0,14,33,39,12,20,31,34,28,33,0,14,0,14,28,28,0,14,160,56,60,33,23,24,23,23,10,14,16,19,28,29,0,14,0,14,0,14,0,14,06,58191
"Port Costa CDP, California",118,68,73,73,0,14,0,14,0,14,0,14,11,19,0,14,0,14,30,48,32,47,0,14,45,54,10,16,0,14,0,14,0,14,35,53,0,14,0,14,0,14,0,14,0,14,06,58226
"Porterville city, California",10502,725,6869,544,405,165,1273,277,1320,344,989,259,669,212,529,293,297,155,513,174,852,234,22,31,3633,533,1404,273,1037,426,243,169,251,110,92,68,176,113,4,7,109,114,272,108,45,51,06,58240
"Port Hueneme city, California",3696,472,2752,464,158,92,208,104,322,146,590,375,358,185,294,165,216,137,181,101,425,161,0,25,944,213,360,152,223,92,142,80,23,32,30,34,0,25,7,12,76,64,83,63,0,25,06,58296
"Portola city, California",559,148,275,107,29,41,16,13,115,91,12,13,17,14,7,10,47,53,10,11,22,17,0,14,284,105,76,49,63,48,33,21,28,22,7,11,0,14,0,14,7,12,70,72,0,14,06,58352
"Portola Valley town, California",1392,149,709,174,126,87,100,68,55,44,0,14,163,128,13,21,0,14,147,133,105,72,0,14,683,157,342,133,94,57,95,63,0,14,33,37,0,14,41,67,0,14,78,60,0,14,06,58380
"Posey CDP, California",0,14,0,14,0,14,0,14,0,14,0,14,0,14,0,14,0,14,0,14,0,14,0,14,0,14,0,14,0,14,0,14,0,14,0,14,0,14,0,14,0,14,0,14,0,14,06,58422
"Poso Park CDP, California",4,6,4,6,0,14,4,6,0,14,0,14,0,14,0,14,0,14,0,14,0,14,0,14,0,14,0,14,0,14,0,14,0,14,0,14,0,14,0,14,0,14,0,14,0,14,06,58436
"Post Mountain CDP, California",184,198,0,14,0,14,0,14,0,14,0,14,0,14,0,14,0,14,0,14,0,14,0,14,184,198,61,97,0,14,0,14,0,14,0,14,123,182,0,14,0,14,0,14,0,14,06,58456
"Potomac Park CDP, California",906,141,492,121,0,21,51,41,73,42,22,23,30,33,53,54,27,34,58,50,178,84,0,21,414,107,197,74,105,69,15,20,17,27,52,49,0,21,8,13,4,7,12,13,4,7,06,58471
"Potrero CDP, California",30,45,30,45,0,14,0,14,0,14,0,14,0,14,0,14,0,14,0,14,30,45,0,14,0,14,0,14,0,14,0,14,0,14,0,14,0,14,0,14,0,14,0,14,0,14,06,58478
"Potter Valley CDP, California",131,58,74,43,0,14,0,14,2,4,11,11,25,28,0,14,0,14,25,23,11,13,0,14,57,40,5,9,17,22,17,23,18,28,0,14,0,14,0,14,0,14,0,14,0,14,06,58506
"Poway city, California",12347,448,8920,382,590,172,1077,221,1703,231,1518,213,1218,257,642,148,546,160,553,152,1045,228,28,38,3427,379,1617,266,375,114,501,169,221,105,191,92,103,59,55,43,137,69,183,65,44,49,06,58520
"Prattville CDP, California",35,36,0,14,0,14,0,14,0,14,0,14,0,14,0,14,0,14,0,14,0,14,0,14,35,36,9,13,0,14,0,14,7,12,0,14,19,31,0,14,0,14,0,14,0,14,06,58618
"Princeton CDP, California",85,35,76,35,0,14,0,14,15,21,10,10,17,23,4,6,0,14,25,27,5,6,0,14,9,8,0,14,3,4,3,4,3,5,0,14,0,14,0,14,0,14,0,14,0,14,06,58758
"Proberta CDP, California",136,110,97,98,0,14,26,37,0,14,0,14,62,88,0,14,9,15,0,14,0,14,0,14,39,42,21,40,18,19,0,14,0,14,0,14,0,14,0,14,0,14,0,14,0,14,06,58814
"Prunedale CDP, California",4337,415,2714,424,161,74,280,169,198,89,459,227,304,139,382,196,213,161,227,123,490,173,0,21,1623,295,740,230,254,111,86,73,87,81,44,49,14,25,94,85,11,18,293,158,0,21,06,58870
"Pumpkin Center CDP, California",0,14,0,14,0,14,0,14,0,14,0,14,0,14,0,14,0,14,0,14,0,14,0,14,0,14,0,14,0,14,0,14,0,14,0,14,0,14,0,14,0,14,0,14,0,14,06,58940
"Quartz Hill CDP, California",2711,283,1880,244,101,59,247,120,389,127,322,129,200,138,75,55,91,78,57,42,361,149,37,39,831,184,413,123,187,89,143,162,8,13,0,21,0,21,13,20,48,55,19,24,0,21,06,59052
"Quincy CDP, California",279,128,123,80,40,49,51,54,0,14,0,14,24,39,8,14,0,14,0,14,0,14,0,14,156,106,116,77,0,14,0,14,0,14,40,63,0,14,0,14,0,14,0,14,0,14,06,59080
"Rackerby CDP, California",37,19,17,15,0,14,0,14,5,8,0,14,0,14,0,14,5,9,0,14,7,9,0,14,20,15,9,11,0,14,0,14,0,14,0,14,0,14,5,7,0,14,6,9,0,14,06,59115
"Rail Road Flat CDP, California",153,86,130,83,0,14,29,34,12,18,0,14,36,55,0,14,38,47,0,14,15,25,0,14,23,27,0,14,15,23,8,13,0,14,0,14,0,14,0,14,0,14,0,14,0,14,06,59220
"Rainbow CDP, California",579,130,307,90,16,15,25,18,15,18,78,60,29,31,46,35,25,18,7,12,63,50,3,4,272,81,68,35,30,21,50,45,11,10,10,10,24,33,12,10,15,13,52,35,0,14,06,59248
"Raisin City CDP, California",44,33,10,12,0,14,3,4,7,12,0,14,0,14,0,14,0,14,0,14,0,14,0,14,34,32,11,11,20,29,3,4,0,14,0,14,0,14,0,14,0,14,0,14,0,14,06,59290
"Ramona CDP, California",5173,520,3997,527,194,99,519,165,657,177,767,188,508,170,281,104,218,115,151,90,695,417,7,12,1176,246,412,153,248,111,101,80,71,52,46,35,40,43,18,19,57,56,170,87,13,21,06,59346
"Rancho Calaveras CDP, California",2286,285,1556,263,110,84,9,15,232,124,185,125,272,147,76,74,80,68,197,132,395,217,0,19,730,206,289,162,18,22,73,59,85,63,50,47,36,56,23,39,0,19,137,89,19,31,06,59426
"Rancho Cordova city, California",16401,737,11743,687,937,212,1485,268,2013,298,1830,304,1495,293,1116,276,633,187,869,216,1316,223,49,44,4658,375,2163,243,1071,296,418,132,207,96,43,47,81,43,54,38,127,75,457,154,37,36,06,59444
"Rancho Cucamonga city, California",36654,1045,26583,969,1273,274,3834,527,4029,527,4148,617,2747,380,2527,442,1770,334,1746,284,4419,520,90,66,10071,682,4800,495,1525,273,988,260,702,198,422,151,381,138,124,77,261,108,666,212,202,159,06,59451
"Rancho Mirage city, California",7383,460,3682,331,483,167,477,170,363,106,393,96,438,140,141,55,123,48,205,80,1049,205,10,8,3701,440,867,178,683,211,608,163,369,253,219,94,216,142,68,57,127,50,466,132,78,50,06,59500
"Rancho Mission Viejo CDP, California",3474,327,2618,322,112,87,363,158,523,166,421,141,363,131,168,95,154,138,272,171,242,156,0,21,856,188,266,98,55,40,95,60,123,122,43,47,16,25,33,45,71,66,140,91,14,22,06,59503
"Rancho Murieta CDP, California",2478,290,1794,333,229,142,252,137,464,257,183,83,160,142,33,44,46,43,143,90,243,105,41,63,684,244,229,178,53,44,170,152,62,54,45,41,62,45,0,19,20,33,43,43,0,19,06,59506
"Rancho Palos Verdes city, California",12201,591,8080,667,599,161,1003,272,1367,281,1088,255,753,171,856,395,364,132,376,131,1659,350,15,22,4121,448,2173,361,469,192,356,116,195,96,151,73,131,64,35,28,109,62,437,169,65,50,06,59514
"Rancho San Diego CDP, California",5871,558,4429,536,108,57,565,213,631,427,489,136,573,184,321,138,488,237,500,215,754,245,0,25,1442,237,728,177,227,111,172,96,31,28,101,64,20,22,31,31,22,26,69,40,41,62,06,59550
"Rancho Santa Fe CDP, California",796,163,469,155,0,14,126,105,93,82,0,14,0,14,0,14,22,33,0,14,199,95,29,47,327,153,63,57,84,91,0,14,0,14,24,37,0,14,31,47,0,14,90,87,35,48,06,59584
"Rancho Santa Margarita city, California",12414,531,9991,563,558,150,1429,255,1674,339,1405,248,1915,442,652,152,437,154,671,202,1220,274,30,35,2423,332,1183,199,472,202,336,149,102,71,23,28,47,60,43,35,14,23,187,109,16,19,06,59587
"Rancho Tehama Reserve CDP, California",380,135,156,102,0,14,6,11,31,51,68,68,0,14,30,42,0,14,17,31,4,6,0,14,224,107,96,79,22,21,44,69,11,17,15,16,3,5,18,31,0,14,15,19,0,14,06,59604
"Randsburg CDP, California",10,16,0,14,0,14,0,14,0,14,0,14,0,14,0,14,0,14,0,14,0,14,0,14,10,16,10,16,0,14,0,14,0,14,0,14,0,14,0,14,0,14,0,14,0,14,06,59668
"Red Bluff city, California",2517,387,1681,311,143,158,188,97,270,187,283,163,264,125,150,111,141,102,60,65,182,91,0,21,836,224,386,146,130,80,119,69,24,33,84,84,12,20,0,21,0,21,81,60,0,21,06,59892
"Red Corral CDP, California",379,135,311,134,20,32,19,27,26,39,6,9,53,61,28,40,7,11,97,87,55,58,0,14,68,45,28,35,14,14,5,9,9,19,0,14,0,14,0,14,7,11,5,8,0,14,06,59896
"Redcrest CDP, California",2,4,2,4,0,14,0,14,0,14,0,14,0,14,0,14,0,14,2,4,0,14,0,14,0,14,0,14,0,14,0,14,0,14,0,14,0,14,0,14,0,14,0,14,0,14,06,59906
"Redding city, California",20194,795,12726,685,943,253,1938,326,2569,425,1587,277,1294,270,891,203,541,140,985,278,1886,364,92,63,7468,552,2559,321,1367,229,910,197,627,197,359,107,360,152,155,77,289,141,804,233,38,41,06,59920
"Redlands city, California",14291,822,9819,735,613,158,1330,383,1832,274,1613,388,1203,419,775,216,670,265,579,144,1190,302,14,17,4472,489,2319,350,864,253,391,119,183,93,160,83,124,79,37,31,70,45,298,105,26,24,06,59962
"Redondo Beach city, California",15102,771,11074,723,917,216,1538,294,2122,506,1475,388,1267,352,863,241,514,185,856,268,1522,304,0,32,4028,481,1952,339,861,262,334,111,130,81,188,87,100,68,37,39,165,81,184,118,77,63,06,60018
"Redway CDP, California",205,166,157,155,0,14,0,14,0,14,0,14,40,62,0,14,0,14,117,125,0,14,0,14,48,76,0,14,0,14,0,14,0,14,0,14,0,14,0,14,0,14,48,76,0,14,06,60088
"Redwood City city, California",14549,649,9973,611,893,173,1639,257,1440,275,1329,263,1348,248,676,183,405,100,702,228,1522,299,19,22,4576,438,2164,335,698,209,303,95,547,143,62,39,120,82,64,37,117,57,396,148,105,92,06,60102
"Redwood Valley CDP, California",449,127,280,118,0,14,0,14,120,89,0,14,20,32,20,36,5,8,18,31,97,84,0,14,169,94,87,76,0,14,0,14,11,24,0,14,36,51,0,14,0,14,35,29,0,14,06,60214
"Reedley city, California",4124,420,2326,383,114,67,284,140,465,177,354,188,334,140,161,107,113,63,67,41,429,238,5,8,1798,304,908,227,205,103,175,96,140,77,27,36,79,70,84,83,9,15,171,148,0,25,06,60242
"Reliez Valley CDP, California",990,171,773,188,43,48,117,66,133,80,153,102,86,62,32,41,37,42,42,40,130,116,0,14,217,98,82,53,9,14,40,43,37,41,0,14,0,14,0,14,32,52,0,14,17,28,06,60279
"Rexland Acres CDP, California",427,114,295,105,16,27,19,24,18,21,9,16,42,47,80,66,7,12,22,35,51,42,31,51,132,64,59,39,9,16,56,45,0,14,0,14,8,12,0,14,0,14,0,14,0,14,06,60370
"Rialto city, California",17901,660,12189,630,987,285,1530,284,1833,359,1837,370,1152,276,1100,370,644,176,965,218,2080,319,61,50,5712,482,2594,394,1293,294,414,136,293,116,197,112,58,38,151,79,120,78,513,165,79,80,06,60466
"Richfield CDP, California",42,21,29,17,5,8,5,8,1,3,5,8,3,5,0,14,0,14,0,14,10,12,0,14,13,12,2,3,3,5,0,14,0,14,0,14,0,14,0,14,0,14,8,11,0,14,06,60592
"Richgrove CDP, California",254,63,63,34,0,14,8,10,11,19,14,18,0,14,9,14,7,9,0,14,14,14,0,14,191,66,64,34,69,43,9,12,16,16,0,14,9,14,10,16,0,14,14,21,0,14,06,60606
"Richmond city, California",22321,953,15264,959,748,254,1724,387,2551,353,2319,374,1646,336,1358,325,1170,349,1198,404,2523,452,27,42,7057,719,2955,401,1597,461,680,203,433,162,303,102,206,102,78,53,213,104,582,198,10,17,06,60620
"Richvale CDP, California",75,47,13,19,0,14,0,14,0,14,0,14,0,14,0,14,0,14,0,14,13,19,0,14,62,45,26,39,0,14,13,20,23,34,0,14,0,14,0,14,0,14,0,14,0,14,06,60662
"Ridgecrest city, California",6645,447,4326,380,533,178,964,180,913,207,572,182,252,123,398,159,112,100,142,171,423,175,17,21,2319,313,1319,260,343,141,163,69,35,31,104,79,101,122,19,21,112,77,109,85,14,23,06,60704
"Ridgecrest Heights CDP, California",124,63,72,49,37,32,0,14,0,14,27,42,0,14,0,14,0,14,0,14,8,15,0,14,52,46,14,24,38,38,0,14,0,14,0,14,0,14,0,14,0,14,0,14,0,14,06,60705
"Ridgemark CDP, California",1006,129,724,116,29,24,72,35,79,43,117,54,124,53,74,48,37,22,50,36,138,65,4,8,282,65,68,35,40,24,24,21,10,9,47,32,34,33,8,12,26,21,25,20,0,14,06,60706
"Rio Dell city, California",841,177,635,192,0,14,17,28,176,147,167,107,69,58,20,24,13,20,68,71,75,69,30,44,206,100,43,42,0,14,65,51,28,31,0,14,0,14,17,26,0,14,37,42,16,30,06,60900
"Rio del Mar CDP, California",2858,371,1970,345,139,48,165,71,341,141,219,95,145,75,244,115,123,64,291,271,303,130,0,19,888,197,275,101,145,70,203,96,39,27,103,101,17,21,11,12,34,26,61,47,0,19,06,60928
"Rio Linda CDP, California",3789,325,2991,327,296,155,403,164,507,154,423,134,404,143,333,137,100,60,117,64,408,109,0,21,798,168,381,128,172,80,41,27,32,29,15,16,10,16,41,49,25,28,51,46,30,35,06,60942
"Rio Oso CDP, California",119,38,74,33,5,5,20,29,8,6,13,11,4,5,7,7,3,4,0,14,14,13,0,14,45,19,24,14,13,12,0,14,0,14,0,14,0,14,0,14,0,14,8,7,0,14,06,60970
"Rio Vista city, California",4206,384,2586,374,107,64,227,120,658,277,181,103,310,206,65,53,206,117,353,180,431,184,48,71,1620,349,548,191,305,136,328,250,52,51,88,76,19,31,39,46,21,33,114,80,106,129,06,60984
"Ripley CDP, California",90,92,0,14,0,14,0,14,0,14,0,14,0,14,0,14,0,14,0,14,0,14,0,14,90,92,24,28,0,14,50,87,0,14,0,14,16,24,0,14,0,14,0,14,0,14,06,61012
"Ripon city, California",3672,360,2963,324,270,121,724,275,536,185,578,208,208,117,115,115,106,66,231,126,187,89,8,13,709,178,435,135,67,55,65,50,15,25,34,38,0,21,36,32,16,25,41,35,0,21,06,61026
"Riverbank city, California",5560,378,3879,369,280,125,868,227,450,123,469,144,545,189,339,117,163,78,213,91,491,160,61,41,1681,264,625,144,437,185,150,85,121,67,47,40,97,74,13,17,45,41,86,51,60,37,06,61068
"Riverdale CDP, California",469,164,378,153,12,18,23,26,44,66,89,79,70,70,44,56,0,14,13,20,83,73,0,14,91,49,35,27,32,30,0,14,11,18,0,14,0,14,0,14,0,14,13,21,0,14,06,61096
"Riverdale Park CDP, California",147,89,135,84,21,33,0,14,0,14,34,34,0,14,31,42,0,14,42,57,7,12,0,14,12,24,12,24,0,14,0,14,0,14,0,14,0,14,0,14,0,14,0,14,0,14,06,61106
"Rivergrove CDP, California",12,12,12,12,0,14,0,14,0,14,0,14,3,8,9,13,0,14,0,14,0,14,0,14,0,14,0,14,0,14,0,14,0,14,0,14,0,14,0,14,0,14,0,14,0,14,06,61108
"River Pines CDP, California",80,72,80,72,0,14,48,69,0,14,0,14,0,14,18,28,0,14,0,14,14,30,0,14,0,14,0,14,0,14,0,14,0,14,0,14,0,14,0,14,0,14,0,14,0,14,06,61124
"Riverside city, California",54044,1236,39334,1208,2385,384,4876,573,7016,579,5698,674,4438,556,3185,415,2190,354,3507,527,5829,669,210,117,14710,881,8090,602,2185,298,1119,208,771,362,416,142,375,95,228,102,263,86,829,212,434,248,06,62000
"Robbins CDP, California",62,38,49,35,4,5,0,14,17,27,12,12,4,5,0,14,0,14,0,14,12,20,0,14,13,17,10,16,0,14,3,4,0,14,0,14,0,14,0,14,0,14,0,14,0,14,06,62168
"Robinson Mill CDP, California",43,27,0,14,0,14,0,14,0,14,0,14,0,14,0,14,0,14,0,14,0,14,0,14,43,27,28,23,0,14,0,14,0,14,0,14,0,14,15,21,0,14,0,14,0,14,06,62200
"Rocklin city, California",17729,633,13294,631,779,160,2246,375,2643,404,2090,281,1656,275,864,229,582,131,802,212,1547,282,85,86,4435,431,1832,243,1015,201,528,144,304,156,165,89,55,35,57,38,126,81,346,129,7,13,06,62364
"Rodeo CDP, California",1778,300,1122,236,110,69,69,58,147,86,173,99,92,62,244,151,0,19,32,30,255,145,0,19,656,191,346,138,67,49,8,14,135,66,19,31,0,19,17,26,0,19,64,75,0,19,06,62490
"Rodriguez Camp CDP, California",0,14,0,14,0,14,0,14,0,14,0,14,0,14,0,14,0,14,0,14,0,14,0,14,0,14,0,14,0,14,0,14,0,14,0,14,0,14,0,14,0,14,0,14,0,14,06,62496
"Rohnert Park city, California",8572,563,5787,510,293,122,640,189,941,213,870,224,739,252,544,160,296,139,552,189,912,212,0,29,2785,347,1089,265,529,158,354,123,146,89,166,118,19,16,89,102,126,86,240,105,27,29,06,62546
"Rolling Hills city, California",546,54,357,54,49,26,26,16,61,40,32,18,15,10,18,12,22,16,37,22,87,27,10,10,189,38,52,23,47,22,38,21,10,7,3,4,0,14,3,4,15,14,21,14,0,14,06,62602
"Rolling Hills CDP, California",215,95,171,88,16,27,11,16,39,40,23,38,32,41,17,28,0,14,0,14,26,41,7,11,44,35,27,29,17,22,0,14,0,14,0,14,0,14,0,14,0,14,0,14,0,14,06,62625
"Rolling Hills Estates city, California",2430,227,1541,158,118,48,168,68,133,61,212,98,145,67,161,86,37,26,120,49,447,169,0,19,889,179,388,116,184,79,90,52,25,17,52,47,17,18,5,7,22,18,60,35,46,32,06,62644
"Rollingwood CDP, California",700,180,458,194,18,21,87,69,50,41,57,42,142,170,27,29,5,10,13,22,59,54,0,14,242,101,133,78,32,37,9,14,0,14,11,17,23,25,0,14,8,15,26,33,0,14,06,62700
"Romoland CDP, California",517,147,376,146,0,14,65,96,69,73,96,103,54,76,0,14,13,20,22,36,57,44,0,14,141,82,126,81,15,16,0,14,0,14,0,14,0,14,0,14,0,14,0,14,0,14,06,62756
"Rosamond CDP, California",5241,392,3529,341,237,82,586,220,616,193,246,112,379,131,322,146,169,91,208,113,729,199,37,47,1712,294,659,198,313,154,150,74,123,98,113,51,41,33,14,16,73,66,226,108,0,25,06,62826
"Rosedale CDP, California",5260,412,3746,377,314,198,664,204,829,189,354,130,268,109,374,187,180,108,231,112,501,214,31,37,1514,348,650,193,197,82,156,129,283,213,60,38,14,21,9,15,25,33,89,60,31,40,06,62854
"Rose Hills CDP, California",875,148,610,128,11,16,23,25,105,65,141,79,111,57,23,20,108,76,39,33,49,41,0,14,265,127,91,69,92,98,19,11,28,32,0,14,0,14,13,21,10,18,12,19,0,14,06,62860
"Rosemead city, California",6821,409,3124,312,199,91,338,92,404,116,379,95,387,107,193,77,184,119,247,102,788,190,5,8,3697,364,1669,251,741,175,413,191,141,67,189,72,104,104,120,74,116,57,143,67,61,41,06,62896
"Rosemont CDP, California",5386,461,4045,421,193,106,577,210,606,163,880,242,497,186,221,102,399,159,174,89,439,149,59,85,1341,231,736,176,287,115,51,42,30,24,7,11,9,15,54,66,11,17,156,97,0,25,06,62910
"Roseville city, California",40697,748,30034,806,1857,360,4336,518,5560,566,5289,591,3289,529,2261,387,1898,412,1851,372,3582,579,111,84,10663,671,4872,511,1880,345,1288,273,665,162,525,166,244,108,121,64,282,142,662,199,124,62,06,62938
"Ross town, California",728,86,486,83,44,30,120,53,33,27,17,13,77,47,35,31,43,42,37,6,80,49,0,14,242,63,71,35,63,31,19,17,0,14,6,9,0,14,2,4,17,19,60,50,4,5,06,62980
"Rossmoor CDP, California",3466,321,2478,297,237,107,438,178,551,242,214,67,168,75,209,100,194,106,137,100,314,114,16,18,988,201,564,166,111,63,136,79,35,28,10,13,12,19,0,21,46,47,64,36,10,15,06,63050
"Rough and Ready CDP, California",265,119,172,123,0,14,0,14,42,52,0,14,0,14,17,27,0,14,66,86,47,71,0,14,93,63,23,29,36,42,0,14,17,27,17,27,0,14,0,14,0,14,0,14,0,14,06,63106
"Round Mountain CDP, California",76,42,20,12,0,14,4,7,7,7,0,14,4,6,0,14,0,14,0,14,5,8,0,14,56,40,21,26,0,14,4,6,12,18,0,14,5,7,0,14,0,14,14,19,0,14,06,63134
"Round Valley CDP, California",51,23,13,13,5,5,0,14,6,11,0,14,2,5,0,14,0,14,0,14,0,14,0,14,38,21,4,5,6,7,7,10,3,4,13,16,0,14,0,14,0,14,5,6,0,14,06,63148
"Rouse CDP, California",130,66,67,57,0,14,0,14,0,14,0,14,67,57,0,14,0,14,0,14,0,14,0,14,63,55,30,39,0,14,0,14,0,14,0,14,9,14,0,14,0,14,24,36,0,14,06,63168
"Rowland Heights CDP, California",10265,643,5831,502,345,138,481,121,723,149,682,180,597,164,522,196,248,107,596,164,1508,351,129,142,4434,429,1424,242,876,232,386,159,359,108,141,66,150,145,89,58,255,129,686,207,68,48,06,63218
"Rumsey CDP, California",27,41,27,41,0,14,27,41,0,14,0,14,0,14,0,14,0,14,0,14,0,14,0,14,0,14,0,14,0,14,0,14,0,14,0,14,0,14,0,14,0,14,0,14,0,14,06,63302
"Running Springs CDP, California",1468,255,1167,222,109,81,58,45,184,103,129,73,230,132,114,87,22,26,98,58,223,120,0,14,301,137,134,84,70,57,0,14,0,14,41,3,0,14,0,14,0,14,15,25,41,66,06,63316
"Ruth CDP, California",51,46,30,39,0,14,0,14,0,14,25,37,0,14,5,9,0,14,0,14,0,14,0,14,21,22,7,12,7,11,2,6,0,14,0,14,0,14,0,14,0,14,5,9,0,14,06,63386
"Rutherford CDP, California",43,44,0,14,0,14,0,14,0,14,0,14,0,14,0,14,0,14,0,14,0,14,0,14,43,44,43,44,0,14,0,14,0,14,0,14,0,14,0,14,0,14,0,14,0,14,06,63400
"Sacramento city, California",103571,1924,71837,1980,5029,688,10215,778,12514,779,11040,746,7912,711,6408,757,4136,538,4926,661,9403,899,254,118,31734,1309,16096,1098,5590,575,2878,446,1575,284,939,206,775,204,668,202,528,158,2361,310,324,113,06,64000
"Sage CDP, California",1051,260,622,178,97,94,59,64,33,38,125,100,112,107,14,20,29,22,26,35,127,102,0,14,429,185,300,186,18,22,22,28,16,25,0,14,0,14,0,14,0,14,17,28,56,66,06,64056
"St. Helena city, California",1555,184,823,193,253,223,84,52,108,59,97,67,60,45,53,47,5,8,20,22,143,76,0,19,732,133,313,118,81,37,81,69,49,34,0,19,47,41,55,34,15,12,91,55,0,19,06,64140
"Salida CDP, California",3315,395,2608,409,237,111,339,172,373,162,227,116,188,118,281,128,193,118,92,79,678,334,0,21,707,189,294,120,156,97,29,29,30,30,19,21,11,18,79,101,0,21,44,46,45,51,06,64210
"Salinas city, California",20491,770,13377,695,946,290,1970,411,2652,528,2002,392,1380,308,932,227,876,238,728,224,1808,338,83,51,7114,554,3826,464,1006,237,447,126,287,119,335,160,173,112,120,62,337,153,473,143,110,75,06,64224
"Salmon Creek CDP, California",33,38,0,14,0,14,0,14,0,14,0,14,0,14,0,14,0,14,0,14,0,14,0,14,33,38,0,14,27,38,6,9,0,14,0,14,0,14,0,14,0,14,0,14,0,14,06,64252
"Salton City CDP, California",1789,340,694,289,11,18,54,53,40,44,75,74,22,29,0,19,35,34,130,105,327,244,0,19,1095,252,375,150,166,109,245,150,168,178,10,16,56,67,37,48,0,19,38,39,0,19,06,64294
"Salton Sea Beach CDP, California",128,84,13,18,0,14,0,14,0,14,11,17,0,14,0,14,0,14,2,5,0,14,0,14,115,82,59,63,11,16,32,50,0,14,13,22,0,14,0,14,0,14,0,14,0,14,06,64308
"Salyer CDP, California",66,58,58,57,0,14,0,14,0,14,7,12,30,47,0,14,0,14,0,14,21,36,0,14,8,14,0,14,0,14,8,14,0,14,0,14,0,14,0,14,0,14,0,14,0,14,06,64378
"Samoa CDP, California",7,10,7,10,0,14,0,14,0,14,0,14,0,14,7,10,0,14,0,14,0,14,0,14,0,14,0,14,0,14,0,14,0,14,0,14,0,14,0,14,0,14,0,14,0,14,06,64392
"San Andreas CDP, California",869,219,418,131,10,15,33,38,53,59,48,44,105,73,15,16,18,27,41,41,70,59,25,41,451,186,42,39,67,66,12,21,0,14,0,14,7,10,146,121,35,44,91,94,51,79,06,64420
"San Anselmo town, California",3573,269,2469,240,227,120,228,88,330,146,337,143,280,121,237,138,184,90,148,83,482,161,16,26,1104,248,497,172,169,73,176,95,72,58,32,38,20,27,32,50,55,42,51,56,0,21,06,64434
"San Antonio Heights CDP, California",1015,132,619,152,43,38,69,48,94,81,44,32,75,69,54,38,31,45,65,40,144,99,0,14,396,100,235,78,50,54,60,50,19,24,0,14,0,14,0,14,0,14,32,45,0,14,06,64462
"San Ardo CDP, California",52,61,6,10,0,14,0,14,6,10,0,14,0,14,0,14,0,14,0,14,0,14,0,14,46,60,46,60,0,14,0,14,0,14,0,14,0,14,0,14,0,14,0,14,0,14,06,64476
"San Bernardino city, California",32092,1163,21880,951,1330,330,2427,460,3756,546,3486,481,2079,388,2134,410,1381,319,1798,332,3429,519,60,45,10212,782,4303,445,1982,373,880,230,554,188,749,322,260,133,236,115,329,185,834,179,85,63,06,65000
"San Bruno city, California",9451,512,6229,402,343,134,891,199,1195,250,984,197,749,195,264,77,317,98,534,216,952,208,0,29,3222,456,1618,291,674,202,270,114,183,97,60,51,61,61,32,30,81,92,206,114,37,36,06,65028
"San Buenaventura (Ventura) city, California",23414,778,15100,713,818,198,1557,285,2650,369,2514,438,2253,351,1430,281,972,252,833,191,2037,320,36,36,8314,681,4292,452,1304,317,774,196,356,122,413,297,180,83,159,79,196,88,527,192,113,64,06,65042
"San Carlos city, California",7464,362,5391,364,718,144,933,187,1071,215,934,167,409,159,220,109,329,90,185,98,584,132,8,11,2073,240,978,184,525,136,234,80,42,25,80,40,49,31,32,25,23,18,105,55,5,9,06,65070
"San Clemente city, California",16187,740,11869,609,666,216,1918,424,2455,449,1195,250,1172,249,956,258,780,221,778,225,1871,339,78,59,4318,431,2053,318,644,205,425,164,203,123,223,101,97,56,48,38,103,53,496,186,26,32,06,65084
"Sand City city, California",35,15,22,13,0,14,6,7,2,5,8,7,4,6,0,14,2,3,0,14,0,14,0,14,13,9,6,8,3,4,0,14,0,14,0,14,0,14,0,14,0,14,4,5,0,14,06,65112
"San Diego city, California",251100,3064,174782,2540,10651,693,23635,1211,28920,1448,25599,1158,19430,1145,13497,835,10494,859,13180,778,28328,1536,1048,268,76318,1884,36536,1428,12813,730,6737,644,4486,529,2891,438,1710,282,1845,290,2181,408,5903,635,1216,235,06,66000
"San Diego Country Estates CDP, California",3142,246,2655,282,69,76,363,144,311,128,363,159,351,155,242,112,163,90,457,210,313,115,23,29,487,124,256,108,50,41,77,53,27,29,13,22,19,29,23,35,8,12,14,21,0,21,06,66004
"San Dimas city, California",8744,511,5724,446,405,133,872,257,803,242,1056,292,577,208,273,140,171,81,393,148,1110,314,64,70,3020,365,1062,232,549,201,407,170,121,62,141,68,124,72,110,102,175,104,318,135,13,21,06,66070
"San Fernando city, California",3832,307,2679,309,183,69,385,190,327,116,355,155,275,113,269,116,171,91,215,101,488,169,11,16,1153,241,649,156,226,112,108,65,76,97,21,21,51,64,0,25,0,25,22,26,0,25,06,66140
"San Francisco city, California",139057,2183,89158,2064,8267,662,12378,901,14142,1077,11808,811,9850,740,6765,810,4814,630,5599,547,15088,972,447,165,49899,1708,23469,1078,7989,670,4425,502,3166,519,1958,357,1059,224,734,215,950,206,5486,733,663,210,06,67000
"San Gabriel city, California",6351,458,3493,282,269,162,381,124,589,171,356,126,393,112,351,121,144,72,283,92,708,158,19,21,2858,367,1160,193,730,245,265,111,259,89,51,53,59,37,40,28,29,26,242,90,23,22,06,67042
"Sanger city, California",4714,330,3095,310,321,181,401,177,499,193,628,178,364,137,207,107,181,105,207,101,287,121,0,25,1619,254,790,221,319,125,196,110,89,83,34,34,19,23,17,23,25,33,119,84,11,19,06,67056
"San Geronimo CDP, California",187,91,81,61,8,23,0,14,0,14,0,14,15,25,32,36,0,14,26,34,0,14,0,14,106,90,91,85,0,14,15,26,0,14,0,14,0,14,0,14,0,14,0,14,0,14,06,67070
"San Jacinto city, California",10950,627,7846,558,415,204,922,279,1303,381,1055,243,1070,266,602,244,476,224,754,253,1212,321,37,47,3104,435,1313,268,570,209,279,114,276,130,123,82,67,64,27,25,118,69,306,123,25,29,06,67112
"San Joaquin city, California",306,101,237,86,0,14,36,48,16,26,16,25,0,14,54,53,14,23,47,49,54,47,0,14,69,50,27,29,0,14,10,17,0,14,18,30,0,14,0,14,14,24,0,14,0,14,06,67126
"San Jose city, California",183331,2428,125260,2207,10051,726,18800,890,21694,1203,18683,1072,13858,911,10044,768,7164,633,7358,693,17164,938,444,119,58071,1510,26493,1142,9979,657,5818,610,3596,423,2664,407,1549,242,1129,238,1709,283,4344,469,790,197,06,68000
"San Juan Bautista city, California",503,139,375,136,5,5,10,16,96,74,49,38,69,54,20,20,19,19,65,70,42,29,0,14,128,62,47,32,13,20,40,42,0,14,0,14,0,14,0,14,0,14,28,31,0,14,06,68014
"San Juan Capistrano city, California",9928,516,6447,484,308,118,777,223,1187,280,703,220,722,209,693,250,281,133,354,136,1323,335,99,79,3481,567,1436,389,786,334,223,108,301,156,129,118,90,62,69,61,67,54,376,196,4,7,06,68028
"San Leandro city, California",17694,791,11051,717,717,185,1082,260,1765,350,1313,244,1528,295,963,232,574,182,875,261,2155,368,79,97,6643,569,3008,395,1249,313,451,131,369,147,419,211,261,99,167,87,150,116,491,198,78,61,06,68084
"San Lorenzo CDP, California",5763,354,3848,353,279,100,612,178,577,165,509,139,539,159,318,114,155,76,345,131,508,142,6,9,1915,285,912,176,347,118,216,140,166,103,38,30,27,27,17,18,11,18,167,126,14,17,06,68112
"San Lucas CDP, California",17,16,17,16,0,14,0,14,15,16,0,14,2,5,0,14,0,14,0,14,0,14,0,14,0,14,0,14,0,14,0,14,0,14,0,14,0,14,0,14,0,14,0,14,0,14,06,68140
"San Luis Obispo city, California",8228,457,5092,345,349,100,680,129,871,200,719,160,594,168,511,144,323,122,170,81,810,207,65,54,3136,332,1439,201,381,145,423,169,236,127,179,84,74,50,95,57,41,38,219,83,49,46,06,68154
"San Marcos city, California",19976,774,14885,743,587,184,1586,252,2795,383,2572,594,1834,341,1222,276,642,203,922,211,2486,486,239,164,5091,514,1770,263,971,247,565,151,309,134,233,85,173,100,126,80,147,66,741,208,56,49,06,68196
"San Marino city, California",3237,429,1755,277,99,48,265,128,206,80,161,77,130,58,218,146,50,38,141,58,464,141,21,33,1482,252,526,139,281,91,137,79,111,55,39,30,99,86,34,31,57,51,167,82,31,30,06,68224
"San Martin CDP, California",1561,191,1057,165,101,62,150,89,220,96,37,31,141,96,75,54,12,18,109,80,212,108,0,19,504,160,256,148,138,95,30,25,7,11,24,27,9,16,31,48,0,19,9,14,0,19,06,68238
"San Mateo city, California",19910,717,13753,687,1026,214,1894,261,2323,333,1801,249,1623,266,862,219,664,182,823,188,2717,420,20,20,6157,437,2586,350,967,172,690,170,527,150,183,71,155,80,149,84,153,83,655,162,92,73,06,68252
"San Miguel CDP (Contra Costa County), California",1202,224,942,216,42,35,202,124,275,185,130,86,98,71,124,71,18,20,21,26,32,33,0,14,260,71,131,50,89,63,3,5,0,14,0,14,10,16,0,14,7,12,20,24,0,14,06,68263
"San Miguel CDP (San Luis Obispo County), California",515,163,470,162,27,37,77,76,146,103,17,35,57,58,43,40,12,18,39,36,52,80,0,14,45,35,25,23,0,14,0,14,16,24,4,6,0,14,0,14,0,14,0,14,0,14,06,68266
"San Pablo city, California",4091,392,2582,346,244,110,169,80,420,134,419,142,323,159,148,96,187,108,170,87,502,188,0,29,1509,293,677,183,356,162,130,79,61,48,87,71,29,26,50,48,36,48,73,54,10,16,06,68294
"San Pasqual CDP, California",441,83,284,84,3,7,72,54,63,34,45,28,31,29,15,16,12,14,11,15,32,25,0,14,157,53,70,37,16,16,0,14,12,14,6,9,19,16,0,14,13,14,14,13,7,10,06,68308
"San Rafael city, California",12140,617,7966,594,758,228,1040,282,1350,235,1199,241,896,225,325,108,590,191,561,171,1210,272,37,31,4174,398,1583,308,551,155,421,176,251,105,201,101,182,101,259,93,152,109,548,140,26,30,06,68364
"San Ramon city, California",21340,725,16253,837,1134,254,2342,432,2949,400,2660,373,1804,314,1173,204,799,185,1160,306,2160,436,72,76,5087,551,2655,407,917,198,389,147,351,143,170,87,71,48,56,41,86,54,326,169,66,61,06,68378
"San Simeon CDP, California",44,40,0,14,0,14,0,14,0,14,0,14,0,14,0,14,0,14,0,14,0,14,0,14,44,40,14,22,0,14,8,13,8,13,0,14,0,14,0,14,0,14,0,14,14,23,06,68434
"Santa Ana city, California",36171,1165,23591,1084,1663,292,3002,371,3876,427,3457,435,2426,363,2046,395,1363,254,1807,356,3912,417,39,30,12580,795,7213,604,1772,294,1096,258,634,165,304,135,296,108,191,93,225,119,676,161,173,127,06,69000
"Santa Barbara city, California",14466,678,9168,611,696,224,1150,227,1471,318,1478,312,906,229,871,309,340,93,574,165,1645,303,37,34,5298,470,2500,336,830,202,583,169,293,113,174,83,88,52,184,79,144,96,486,138,16,19,06,69070
"Santa Clara city, California",20456,917,14283,795,2131,394,2863,450,2032,336,2411,364,1349,266,757,221,561,208,522,156,1587,292,70,54,6173,476,3660,386,863,197,414,136,236,102,117,64,146,90,77,48,112,50,488,212,60,47,06,69084
"Santa Clarita city, California",54428,1326,41458,1302,1904,345,4796,534,6748,628,6517,641,4483,507,3409,430,2911,443,3335,493,7072,605,283,167,12970,970,5370,671,2360,339,1462,294,727,170,474,143,441,135,231,101,222,117,1512,307,171,101,06,69088
"Santa Cruz city, California",10511,620,6535,524,644,172,834,237,1087,286,996,292,891,306,451,123,286,126,408,147,933,209,5,11,3976,498,1493,291,849,236,542,241,241,109,124,89,195,149,80,78,123,100,294,105,35,51,06,69112
"Santa Fe Springs city, California",3466,368,2480,330,147,95,344,141,333,111,285,122,251,125,122,83,179,124,262,104,557,185,0,21,986,232,520,170,120,82,88,63,69,57,21,35,22,35,4,6,35,33,74,47,33,47,06,69154
"Santa Margarita CDP, California",363,192,300,189,58,94,39,60,26,45,36,57,0,14,86,135,0,14,0,14,55,81,0,14,63,50,16,25,0,14,19,33,0,14,0,14,0,14,0,14,0,14,28,44,0,14,06,69182
"Santa Maria city, California",14812,724,10096,678,774,224,1474,317,1428,246,1599,365,1195,287,1016,269,640,198,586,233,1334,287,50,55,4716,499,2560,409,573,171,308,118,352,130,233,105,141,87,104,70,74,55,318,142,53,44,06,69196
"Santa Monica city, California",13190,711,8115,572,786,228,988,208,1134,277,904,253,780,214,479,168,262,109,719,228,1987,371,76,84,5075,565,1862,357,807,221,342,161,197,84,280,180,127,107,266,171,101,84,900,290,193,151,06,70000
"Santa Nella CDP, California",340,121,267,103,20,36,22,28,84,71,36,57,69,78,26,30,0,14,10,17,0,14,0,14,73,64,73,64,0,14,0,14,0,14,0,14,0,14,0,14,0,14,0,14,0,14,06,70028
"Santa Paula city, California",5392,466,3216,369,176,77,294,172,386,123,521,147,444,124,277,110,275,115,266,139,559,191,18,19,2176,372,900,182,509,263,106,57,101,51,57,44,172,120,117,93,17,16,166,85,31,30,06,70042
"Santa Rosa city, California",38759,1074,26477,1009,1697,383,3162,460,4634,454,4292,450,2730,396,1911,327,1527,265,2437,381,4045,529,42,47,12282,698,5067,559,2025,323,1220,283,620,177,945,286,413,175,257,122,515,172,1133,312,87,48,06,70098
"Santa Rosa Valley CDP, California",863,135,566,131,59,57,76,46,57,47,44,35,49,49,32,29,10,18,80,73,159,67,0,14,297,96,158,77,80,51,5,8,28,25,0,14,0,14,0,14,15,21,11,19,0,14,06,70130
"Santa Susana CDP, California",457,147,401,146,0,14,37,45,23,35,68,57,161,137,0,14,65,75,0,14,47,48,0,14,56,50,16,27,21,27,0,14,0,14,19,29,0,14,0,14,0,14,0,14,0,14,06,70140
"Santa Venetia CDP, California",1213,244,816,215,3,12,27,41,126,101,122,119,114,83,106,102,37,38,205,116,76,57,0,14,397,151,140,81,93,84,32,36,36,42,46,57,0,14,0,14,0,14,50,52,0,14,06,70154
"Santa Ynez CDP, California",1034,205,623,181,80,55,17,26,176,104,26,27,5,6,45,38,6,7,155,138,113,53,0,14,411,143,194,117,40,31,61,43,3,5,52,62,38,58,0,14,0,14,23,28,0,14,06,70182
"Santee city, California",15345,533,10907,567,295,116,1256,194,1944,351,2069,298,1658,257,1104,274,574,139,547,151,1419,278,41,36,4438,485,1842,372,705,162,457,127,305,133,202,81,145,84,60,42,204,142,456,159,62,55,06,70224
"Saranap CDP, California",1538,207,1217,237,65,53,237,148,313,128,110,55,193,110,33,39,69,50,76,111,121,64,0,19,321,122,201,112,52,44,28,31,0,19,0,19,13,21,10,16,0,19,17,27,0,19,06,70266
"Saratoga city, California",9314,325,5769,428,425,182,580,175,1015,307,760,150,822,199,452,160,274,126,416,183,987,267,38,36,3545,369,1474,278,852,234,216,90,255,134,46,33,201,93,10,21,90,52,393,146,8,13,06,70280
"Saticoy CDP, California",277,262,47,29,24,21,1,6,0,14,5,8,13,15,0,14,0,14,0,14,4,7,0,14,230,258,207,257,0,14,11,16,5,8,0,14,0,14,0,14,0,14,7,11,0,14,06,70322
"Sattley CDP, California",0,14,0,14,0,14,0,14,0,14,0,14,0,14,0,14,0,14,0,14,0,14,0,14,0,14,0,14,0,14,0,14,0,14,0,14,0,14,0,14,0,14,0,14,0,14,06,70336
"Sausalito city, California",2370,284,1698,273,82,51,150,67,62,32,415,221,193,103,82,43,63,38,159,103,492,190,0,19,672,143,189,70,86,59,116,64,46,30,50,41,22,26,0,19,27,23,136,88,0,19,06,70364
"Scotia CDP, California",82,52,71,47,9,15,0,14,7,11,19,22,0,14,12,14,0,14,24,37,0,14,0,14,11,18,0,14,0,14,0,14,0,14,0,14,0,14,11,18,0,14,0,14,0,14,06,70518
"Scotts Valley city, California",3708,290,2475,328,148,92,298,196,350,143,598,199,293,130,213,121,49,34,161,105,365,171,0,21,1233,248,391,141,301,138,122,65,125,86,46,38,14,22,15,25,9,15,210,134,0,21,06,70588
"Seacliff CDP, California",833,192,532,194,0,14,60,40,49,52,165,145,45,55,72,38,19,21,37,35,85,46,0,14,301,80,129,63,55,34,37,46,30,26,0,14,0,14,0,14,20,23,30,25,0,14,06,70644
"Seal Beach city, California",9827,426,3000,276,184,82,341,98,382,106,431,111,369,188,209,91,250,126,251,162,583,213,0,25,6827,500,2423,313,1241,300,548,151,557,192,522,254,191,81,411,191,226,118,682,152,26,25,06,70686
"Sea Ranch CDP, California",671,117,298,91,35,37,19,18,22,21,5,8,32,32,37,33,52,47,16,25,80,47,0,14,373,94,119,61,93,61,48,39,7,11,42,36,17,27,34,36,0,14,13,17,0,14,06,70712
"Searles Valley CDP, California",366,66,87,38,20,15,7,12,13,12,16,14,0,14,7,7,0,14,12,20,12,13,0,14,279,64,130,52,46,30,31,14,19,17,8,9,7,9,4,6,3,5,24,21,7,7,06,70728
"Seaside city, California",3676,379,2572,310,131,70,315,117,378,125,375,109,291,92,175,76,128,71,173,82,606,170,0,29,1104,213,552,159,231,109,141,84,66,49,45,44,13,13,5,10,25,27,20,22,6,9,06,70742
"Sebastopol city, California",1867,266,1151,211,79,58,169,78,127,61,267,128,165,110,63,46,28,30,28,28,178,80,47,77,716,182,200,77,95,56,66,42,139,88,20,23,38,34,22,24,56,50,80,53,0,19,06,70770
"Seeley CDP, California",189,74,128,67,0,14,30,36,0,14,26,44,19,30,30,34,0,14,23,36,0,14,0,14,61,45,49,42,0,14,0,14,0,14,0,14,0,14,0,14,0,14,12,18,0,14,06,70798
"Selma city, California",4458,504,2606,338,52,56,291,134,618,201,352,120,170,125,359,148,129,99,118,100,517,177,0,25,1852,357,493,142,430,146,191,111,133,93,0,25,9,14,31,40,68,60,141,70,356,301,06,70882
"Sequoia Crest CDP, California",25,36,0,14,0,14,0,14,0,14,0,14,0,14,0,14,0,14,0,14,0,14,0,14,25,36,0,14,25,36,0,14,0,14,0,14,0,14,0,14,0,14,0,14,0,14,06,70966
"Sereno del Mar CDP, California",76,59,47,47,8,11,0,14,0,14,0,14,0,14,0,14,0,14,7,11,32,44,0,14,29,36,8,12,21,33,0,14,0,14,0,14,0,14,0,14,0,14,0,14,0,14,06,71000
"Seville CDP, California",65,32,32,22,3,4,5,6,0,14,4,6,2,3,6,8,0,14,0,14,12,14,0,14,33,21,12,11,6,10,6,8,5,7,0,14,2,3,0,14,2,4,0,14,0,14,06,71078
"Shafter city, California",3674,378,2585,313,220,122,272,103,409,133,446,165,296,141,178,91,161,97,218,101,379,133,6,10,1089,264,422,134,251,127,196,170,51,43,31,26,38,40,17,28,28,30,55,73,0,25,06,71106
"Shandon CDP, California",284,104,249,102,0,14,24,31,88,52,30,29,52,79,0,14,7,10,9,15,39,29,0,14,35,32,24,27,0,14,11,18,0,14,0,14,0,14,0,14,0,14,0,14,0,14,06,71134
"Shasta CDP, California",475,129,291,100,32,39,15,15,101,65,31,23,12,13,11,18,28,27,41,56,20,23,0,14,184,65,91,51,30,24,18,20,9,9,9,14,0,14,0,14,0,14,27,24,0,14,06,71218
"Shasta Lake city, California",2751,258,1751,235,70,54,138,80,396,138,253,99,203,82,164,86,123,64,157,96,231,103,16,21,1000,167,306,124,174,68,159,81,91,67,41,35,111,85,8,12,70,55,34,32,6,10,06,71225
"Shaver Lake CDP, California",189,68,90,42,3,4,20,23,20,22,7,10,0,14,14,17,0,14,1,4,25,18,0,14,99,54,48,41,10,11,0,14,20,23,0,14,11,17,0,14,0,14,10,12,0,14,06,71246
"Sheep Ranch CDP, California",0,14,0,14,0,14,0,14,0,14,0,14,0,14,0,14,0,14,0,14,0,14,0,14,0,14,0,14,0,14,0,14,0,14,0,14,0,14,0,14,0,14,0,14,0,14,06,71302
"Shell Ridge CDP, California",245,103,215,106,30,34,85,87,55,43,8,14,30,47,7,12,0,14,0,14,0,14,0,14,30,25,30,25,0,14,0,14,0,14,0,14,0,14,0,14,0,14,0,14,0,14,06,71362
"Shelter Cove CDP, California",264,114,84,51,0,14,0,14,0,14,0,14,17,21,0,14,0,14,25,35,42,33,0,14,180,110,19,19,0,14,11,12,79,108,20,24,13,17,5,10,8,12,25,22,0,14,06,71372
"Sheridan CDP, California",229,111,98,76,0,14,0,14,26,41,44,55,23,35,0,14,0,14,0,14,5,8,0,14,131,77,62,45,27,43,0,14,0,14,19,30,0,14,0,14,0,14,23,39,0,14,06,71414
"Shingle Springs CDP, California",1289,260,799,232,21,32,118,94,165,95,128,136,146,103,27,44,46,41,0,14,135,121,13,20,490,172,174,85,213,131,0,14,65,58,12,22,12,26,0,14,0,14,14,22,0,14,06,71554
"Shingletown CDP, California",1072,271,653,251,46,54,103,80,160,176,45,43,135,132,30,26,49,78,46,39,27,26,12,19,419,147,204,128,70,46,34,32,0,14,11,18,27,43,0,14,21,25,52,59,0,14,06,71568
"Shoshone CDP, California",0,14,0,14,0,14,0,14,0,14,0,14,0,14,0,14,0,14,0,14,0,14,0,14,0,14,0,14,0,14,0,14,0,14,0,14,0,14,0,14,0,14,0,14,0,14,06,71680
"Sierra Brooks CDP, California",171,91,108,80,0,14,0,14,0,14,0,14,0,14,0,14,0,14,0,14,108,80,0,14,63,76,0,14,63,76,0,14,0,14,0,14,0,14,0,14,0,14,0,14,0,14,06,71774
"Sierra City CDP, California",155,68,84,52,0,14,0,14,12,20,35,47,14,30,0,14,15,18,8,13,0,14,0,14,71,66,35,52,0,14,0,14,0,14,28,39,0,14,0,14,0,14,0,14,8,14,06,71778
"Sierra Madre city, California",2579,295,1799,290,280,146,307,139,193,110,365,169,143,66,71,39,85,58,144,92,203,123,8,11,780,165,329,102,103,62,58,56,34,52,52,54,18,20,8,14,74,60,80,61,24,31,06,71806
"Sierra Village CDP, California",41,33,10,15,0,14,0,14,0,14,10,15,0,14,0,14,0,14,0,14,0,14,0,14,31,35,0,14,0,14,17,27,14,23,0,14,0,14,0,14,0,14,0,14,0,14,06,71834
"Sierraville CDP, California",109,85,79,71,0,14,0,14,29,42,0,14,0,14,0,14,0,14,0,14,50,50,0,14,30,43,0,14,0,14,30,43,0,14,0,14,0,14,0,14,0,14,0,14,0,14,06,71848
"Signal Hill city, California",2285,443,1515,344,112,97,104,75,194,88,270,118,226,161,66,47,148,104,106,84,263,151,26,39,770,217,365,135,154,78,82,63,29,29,27,25,6,9,0,21,0,21,107,118,0,21,06,71876
"Silverado CDP, California",352,57,225,63,14,18,11,12,28,43,51,32,19,18,23,28,8,13,6,10,40,33,25,23,127,54,33,27,38,31,0,14,6,8,0,14,19,26,0,14,0,14,31,38,0,14,06,71918
"Silverado Resort CDP, California",417,110,170,77,10,15,15,25,12,18,14,22,29,35,10,16,0,14,45,42,35,42,0,14,247,82,104,69,53,37,14,22,13,19,0,14,0,14,0,14,0,14,63,32,0,14,06,71927
"Silver City CDP, California",0,14,0,14,0,14,0,14,0,14,0,14,0,14,0,14,0,14,0,14,0,14,0,14,0,14,0,14,0,14,0,14,0,14,0,14,0,14,0,14,0,14,0,14,0,14,06,71932
"Silver Lakes CDP, California",2016,290,1299,293,106,139,76,84,187,126,283,162,224,172,37,58,0,19,73,80,281,185,32,53,717,275,429,233,77,115,35,56,32,51,35,56,0,19,36,55,0,19,73,82,0,19,06,71964
"Simi Valley city, California",32423,867,23809,853,1022,184,2377,317,3740,482,3983,530,3457,493,2143,389,1159,235,1834,405,3973,491,121,86,8614,663,3928,446,1524,306,844,284,718,230,447,190,245,110,81,62,210,79,570,173,47,40,06,72016
"Sisquoc CDP, California",39,23,30,20,0,14,2,4,3,5,3,7,9,12,7,10,0,14,5,6,1,4,0,14,9,9,2,4,2,3,0,14,2,3,0,14,0,14,0,14,3,6,0,14,0,14,06,72086
"Sky Valley CDP, California",857,140,389,92,6,9,57,38,11,16,11,13,48,37,52,47,36,46,59,59,93,52,16,19,468,123,127,55,108,74,46,37,50,39,23,19,6,10,0,14,19,26,75,36,14,14,06,72156
"Sleepy Hollow CDP, California",965,166,735,162,55,60,87,75,195,128,86,64,19,34,21,32,0,14,51,58,221,133,0,14,230,122,94,83,31,49,50,55,0,14,0,14,55,58,0,14,0,14,0,14,0,14,06,72184
"Smartsville CDP, California",25,30,0,14,0,14,0,14,0,14,0,14,0,14,0,14,0,14,0,14,0,14,0,14,25,30,0,14,25,30,0,14,0,14,0,14,0,14,0,14,0,14,0,14,0,14,06,72282
"Smith Corner CDP, California",117,54,31,40,0,14,0,14,0,14,31,40,0,14,0,14,0,14,0,14,0,14,0,14,86,48,0,14,35,33,0,14,0,14,0,14,42,45,9,15,0,14,0,14,0,14,06,72338
"Smith River CDP, California",244,112,138,76,0,14,27,46,35,37,16,23,9,16,0,14,0,14,0,14,51,56,0,14,106,94,55,78,51,56,0,14,0,14,0,14,0,14,0,14,0,14,0,14,0,14,06,72380
"Snelling CDP, California",56,32,37,20,0,14,2,3,3,5,7,7,0,14,0,14,11,16,3,4,11,17,0,14,19,26,0,14,11,17,0,14,8,14,0,14,0,14,0,14,0,14,0,14,0,14,06,72408
"Soda Bay CDP, California",349,91,224,74,30,32,0,14,16,25,55,38,27,34,13,21,18,30,8,14,57,47,0,14,125,56,0,14,26,30,23,27,27,35,12,19,0,14,0,14,13,20,24,28,0,14,06,72478
"Soda Springs CDP, California",64,46,41,42,25,32,0,14,0,14,0,14,0,14,0,14,0,14,0,14,16,25,0,14,23,28,0,14,0,14,0,14,0,14,0,14,0,14,0,14,0,14,23,28,0,14,06,72492
"Solana Beach city, California",3844,434,2325,305,192,82,179,66,348,130,315,105,237,96,143,61,92,57,140,83,679,204,0,21,1519,352,483,144,287,110,130,77,54,42,30,28,11,18,23,24,32,30,442,251,27,25,06,72506
"Soledad city, California",2755,412,1754,311,115,71,234,122,419,198,155,84,218,103,248,122,120,100,84,70,161,87,0,25,1001,300,667,271,71,45,47,48,87,124,85,95,15,26,0,25,0,25,29,35,0,25,06,72520
"Solvang city, California",1553,170,840,157,58,40,89,58,101,62,119,64,105,49,23,27,117,88,80,59,148,69,0,19,713,134,258,95,166,85,34,32,69,59,27,33,13,22,3,6,12,15,114,62,17,27,06,72576
"Somis CDP, California",400,88,275,88,3,6,22,25,27,21,45,41,33,33,26,24,19,16,40,41,60,44,0,14,125,60,64,49,24,25,26,27,0,14,0,14,7,10,0,14,4,6,0,14,0,14,06,72632
"Sonoma city, California",3435,352,2014,311,58,73,298,126,339,163,302,137,168,81,396,197,105,59,99,66,249,112,0,21,1421,281,341,136,389,184,178,127,49,43,182,124,0,21,4,8,123,101,128,101,27,44,06,72646
"Sonoma State University CDP, California",0,14,0,14,0,14,0,14,0,14,0,14,0,14,0,14,0,14,0,14,0,14,0,14,0,14,0,14,0,14,0,14,0,14,0,14,0,14,0,14,0,14,0,14,0,14,06,72654
"Sonora city, California",949,167,755,163,9,15,129,86,53,47,87,70,96,62,223,140,109,93,25,22,24,29,0,14,194,82,67,53,42,31,17,16,25,26,0,14,35,34,0,14,0,14,8,13,0,14,06,72674
"Soquel CDP, California",3069,311,1645,294,92,51,192,87,216,88,336,161,203,116,147,78,143,132,129,78,187,64,0,21,1424,200,551,169,217,97,198,85,129,76,118,63,0,21,19,22,23,25,124,76,45,54,06,72688
"Soulsbyville CDP, California",655,186,512,175,4,13,160,132,43,71,51,63,36,45,69,88,39,48,12,18,98,82,0,14,143,104,50,81,0,14,45,56,12,19,0,14,0,14,0,14,19,41,17,26,0,14,06,72772
"South Dos Palos CDP, California",142,80,102,70,9,17,20,30,9,17,33,42,0,14,0,14,0,14,0,14,31,49,0,14,40,35,29,37,0,14,11,18,0,14,0,14,0,14,0,14,0,14,0,14,0,14,06,72954
"South El Monte city, California",2570,265,1583,244,52,36,143,70,259,123,253,81,190,139,122,67,82,54,139,82,343,103,0,21,987,194,448,126,183,88,42,28,66,40,53,58,4,6,11,19,55,51,115,104,10,15,06,72996
"South Gate city, California",11417,593,7694,466,365,137,838,167,1084,289,1091,223,942,214,649,209,407,149,801,233,1449,298,68,56,3723,474,1982,291,575,183,356,155,94,48,114,69,92,75,55,41,109,84,308,148,38,31,06,73080
"South Lake Tahoe city, California",4885,421,3158,352,192,107,377,107,498,164,463,151,418,145,308,131,167,110,164,86,571,173,0,25,1727,243,580,161,320,115,289,143,124,68,119,86,65,59,36,41,27,24,120,63,47,53,06,73108
"South Monrovia Island CDP, California",1064,152,626,145,3,8,108,85,91,45,103,61,58,46,102,73,46,57,25,31,90,53,0,19,438,82,271,82,56,36,21,24,36,43,12,17,14,23,0,19,0,19,19,19,9,14,06,73167
"South Oroville CDP, California",555,175,382,144,18,22,75,66,85,68,49,39,91,76,11,17,30,45,20,32,3,7,0,14,173,83,90,62,28,26,37,55,0,14,0,14,0,14,0,14,0,14,18,24,0,14,06,73178
"South Pasadena city, California",4497,365,3244,355,292,129,577,155,523,210,432,110,352,133,268,95,180,97,126,64,482,162,12,22,1253,204,516,136,240,159,162,73,73,48,4,8,13,19,40,39,95,82,60,47,50,55,06,73220
"South San Francisco city, California",12878,647,8376,537,561,147,971,232,1536,309,1142,241,899,251,573,164,505,154,536,156,1572,382,81,120,4502,485,2349,405,974,201,294,92,111,87,91,64,167,104,100,90,29,33,319,145,68,67,06,73262
"South San Gabriel CDP, California",1375,222,690,145,49,40,85,52,47,33,57,48,57,46,104,58,56,58,38,30,197,84,0,19,685,184,311,118,127,81,101,77,25,30,41,42,0,19,0,19,56,84,24,26,0,19,06,73276
"South San Jose Hills CDP, California",3112,265,1875,241,118,70,284,111,406,170,142,73,133,66,194,90,117,95,123,76,354,117,4,6,1237,195,525,139,229,99,151,88,53,34,28,32,67,71,21,26,42,35,106,64,15,25,06,73290
"South Taft CDP, California",311,117,24,28,0,14,0,14,11,17,0,14,0,14,0,14,13,22,0,14,0,14,0,14,287,111,164,110,50,53,25,30,0,14,0,14,0,14,0,14,0,14,48,56,0,14,06,73388
"South Whittier CDP, California",9931,547,7517,518,216,84,796,177,1412,305,1100,243,724,157,524,169,404,165,636,187,1638,341,67,59,2414,363,1380,254,332,115,268,101,107,66,85,65,42,41,35,36,7,12,153,108,5,9,06,73430
"Spaulding CDP, California",167,77,70,45,15,22,0,14,0,14,14,20,0,14,0,14,0,14,0,14,26,31,15,24,97,56,41,44,0,14,7,15,0,14,0,14,0,14,0,14,0,14,49,40,0,14,06,73554
"Spreckels CDP, California",75,60,75,60,0,14,0,14,53,52,0,14,0,14,0,14,0,14,0,14,22,33,0,14,0,14,0,14,0,14,0,14,0,14,0,14,0,14,0,14,0,14,0,14,0,14,06,73612
"Spring Garden CDP, California",0,14,0,14,0,14,0,14,0,14,0,14,0,14,0,14,0,14,0,14,0,14,0,14,0,14,0,14,0,14,0,14,0,14,0,14,0,14,0,14,0,14,0,14,0,14,06,73654
"Spring Valley CDP (Lake County), California",320,85,168,69,7,10,36,44,12,18,0,14,0,14,7,11,6,9,2,5,98,45,0,14,152,60,26,36,24,25,10,15,0,14,8,14,0,14,3,6,39,30,27,25,15,25,06,73690
"Spring Valley CDP (San Diego County), California",6352,520,4563,399,176,88,653,151,745,194,560,167,794,262,442,172,200,82,403,156,590,174,0,29,1789,325,656,155,276,89,140,76,146,73,105,102,51,63,79,58,138,156,177,104,21,22,06,73696
"Spring Valley Lake CDP, California",2422,271,1865,239,77,41,324,128,124,80,302,132,208,103,246,118,95,94,223,151,266,153,0,19,557,197,127,91,58,61,29,35,182,164,26,29,21,33,29,42,12,19,49,47,24,39,06,73700
"Springville CDP, California",190,82,99,63,0,14,0,14,19,23,47,49,0,14,0,14,0,14,33,29,0,14,0,14,91,66,44,51,0,14,0,14,47,73,0,14,0,14,0,14,0,14,0,14,0,14,06,73710
"Squaw Valley CDP, California",923,246,540,229,17,44,149,76,65,64,27,28,15,19,52,64,14,20,22,20,179,205,0,14,383,105,95,66,69,42,68,53,47,39,24,28,0,14,5,8,37,41,38,34,0,14,06,73794
"Squirrel Mountain Valley CDP, California",418,219,235,153,0,14,93,90,21,26,86,118,6,13,0,14,20,32,0,14,9,14,0,14,183,159,8,14,33,37,0,14,0,14,8,12,12,20,15,24,94,152,13,20,0,14,06,73815
"Stallion Springs CDP, California",1044,151,692,154,20,26,129,87,93,62,131,67,64,47,27,44,95,85,44,45,82,39,7,12,352,128,126,97,28,31,45,44,62,54,43,67,0,14,39,49,0,14,0,14,9,15,06,73868
"Stanford CDP, California",920,231,493,74,61,33,103,50,131,47,56,28,72,40,0,21,0,21,18,19,52,46,0,21,427,246,339,238,30,24,18,17,31,29,0,21,0,21,0,21,0,21,6,9,3,5,06,73906
"Stanton city, California",6119,504,3265,456,149,71,274,108,416,151,532,181,482,164,384,170,240,164,331,129,447,119,10,17,2854,360,1512,318,481,142,224,74,91,51,78,49,66,45,86,70,49,40,176,97,91,91,06,73962
"Stebbins CDP, California",192,69,142,64,12,19,15,20,29,32,0,14,41,56,5,8,0,14,27,27,13,17,0,14,50,41,24,30,14,21,0,14,0,14,0,14,12,17,0,14,0,14,0,14,0,14,06,74021
"Stevenson Ranch CDP, California",4468,385,3814,391,253,119,422,136,702,200,604,181,351,149,176,75,362,233,331,160,613,168,0,25,654,189,318,134,130,77,46,45,38,49,15,26,14,24,9,16,25,34,15,18,44,46,06,74130
"Stevinson CDP, California",18,26,16,26,0,14,0,14,16,26,0,14,0,14,0,14,0,14,0,14,0,14,0,14,2,4,0,14,2,4,0,14,0,14,0,14,0,14,0,14,0,14,0,14,0,14,06,74144
"Stinson Beach CDP, California",138,60,71,59,0,14,0,14,23,36,29,29,0,14,0,14,0,14,0,14,19,32,0,14,67,50,0,14,40,33,0,14,0,14,0,14,0,14,0,14,0,14,27,32,0,14,06,74172
"Stirling City CDP, California",137,118,111,120,0,14,81,113,0,14,0,14,0,14,0,14,0,14,30,47,0,14,0,14,26,21,0,14,0,14,0,14,0,14,0,14,0,14,0,14,12,18,14,22,0,14,06,74186
"Stockton city, California",53445,1327,36860,1187,2148,391,5286,530,5746,612,5988,634,4498,633,2492,395,2645,465,2291,347,5606,583,160,95,16585,1051,7706,698,2809,382,1442,285,1423,420,555,179,350,107,263,103,694,187,1124,204,219,121,06,75000
"Stones Landing CDP, California",40,33,11,17,0,14,0,14,11,17,0,14,0,14,0,14,0,14,0,14,0,14,0,14,29,28,7,12,0,14,12,20,10,16,0,14,0,14,0,14,0,14,0,14,0,14,06,75122
"Stonyford CDP, California",36,25,6,6,0,14,0,14,0,14,3,5,0,14,0,14,0,14,3,5,0,14,0,14,30,24,2,4,5,8,8,13,0,14,0,14,0,14,0,14,0,14,0,14,15,16,06,75154
"Stratford CDP, California",151,76,103,62,0,14,23,33,57,50,0,14,0,14,23,33,0,14,0,14,0,14,0,14,48,49,23,35,25,35,0,14,0,14,0,14,0,14,0,14,0,14,0,14,0,14,06,75252
"Strathmore CDP, California",437,218,23,27,0,14,0,14,0,14,0,14,0,14,12,21,0,14,0,14,11,18,0,14,414,217,151,99,171,191,0,14,0,14,55,85,0,14,0,14,0,14,37,58,0,14,06,75280
"Strawberry CDP (Marin County), California",985,137,773,131,32,26,98,53,238,111,118,69,40,39,96,60,8,12,52,41,91,68,0,19,212,86,40,31,35,35,21,31,5,9,0,19,0,19,0,19,75,75,36,38,0,19,06,75315
"Strawberry CDP (Tuolumne County), California",15,24,15,24,0,14,0,14,0,14,0,14,0,14,0,14,0,14,15,24,0,14,0,14,0,14,0,14,0,14,0,14,0,14,0,14,0,14,0,14,0,14,0,14,0,14,06,75322
"Sugarloaf Saw Mill CDP, California",0,14,0,14,0,14,0,14,0,14,0,14,0,14,0,14,0,14,0,14,0,14,0,14,0,14,0,14,0,14,0,14,0,14,0,14,0,14,0,14,0,14,0,14,0,14,06,75592
"Sugarloaf Village CDP, California",0,14,0,14,0,14,0,14,0,14,0,14,0,14,0,14,0,14,0,14,0,14,0,14,0,14,0,14,0,14,0,14,0,14,0,14,0,14,0,14,0,14,0,14,0,14,06,75596
"Suisun City city, California",5861,460,4548,448,133,69,527,193,532,146,728,193,468,144,513,224,453,206,252,139,927,218,15,28,1313,215,688,184,196,82,111,61,104,66,45,38,37,45,0,25,46,38,66,48,20,23,06,75630
"Sultana CDP, California",72,30,21,20,0,14,0,14,2,4,0,14,0,14,0,14,0,14,16,20,3,5,0,14,51,28,25,21,0,14,6,9,0,14,6,9,0,14,5,8,0,14,9,13,0,14,06,75672
"Summerland CDP, California",403,159,234,130,0,14,0,14,27,44,37,57,23,36,61,56,27,37,0,14,59,82,0,14,169,115,91,83,28,28,0,14,0,14,0,14,0,14,0,14,0,14,50,80,0,14,06,75714
"Sunnyside CDP, California",1157,183,688,159,93,77,80,58,97,60,125,73,43,41,139,98,11,12,24,26,76,51,0,14,469,108,186,85,82,45,53,39,68,50,24,30,0,14,0,14,29,37,27,25,0,14,06,75994
"Sunnyside-Tahoe City CDP, California",473,126,344,120,22,17,18,22,25,29,48,54,27,32,70,62,42,49,29,33,63,66,0,14,129,70,87,69,7,12,9,14,0,14,0,14,0,14,0,14,10,15,16,24,0,14,06,76015
"Sunny Slopes CDP, California",115,77,115,77,0,14,9,15,80,83,11,16,0,14,0,14,0,14,0,14,15,26,0,14,0,14,0,14,0,14,0,14,0,14,0,14,0,14,0,14,0,14,0,14,0,14,06,76040
"Sunnyvale city, California",26388,948,16364,719,2375,395,2397,309,3329,356,2432,319,1247,254,1037,207,799,192,828,197,1899,300,21,35,10024,662,5228,526,1391,252,875,185,678,252,258,95,209,76,69,44,222,87,966,248,128,93,06,77000
"Sunol CDP, California",248,54,153,38,6,7,34,21,28,17,23,16,9,9,18,14,1,4,12,9,22,15,0,14,95,38,53,33,13,13,2,4,3,4,10,13,2,3,6,7,0,14,6,7,0,14,06,77042
"Sun Village CDP, California",2337,358,1609,352,86,86,221,133,343,231,150,111,81,68,56,49,127,144,152,136,393,192,0,21,728,208,257,148,189,122,87,87,67,63,18,29,7,10,0,21,0,21,103,97,0,21,06,77308
"Susanville city, California",2064,257,1331,208,74,47,316,129,402,141,205,99,73,46,59,38,67,52,25,23,110,61,0,21,733,174,186,82,167,72,39,26,10,15,44,33,35,27,63,76,16,22,173,94,0,21,06,77364
"Sutter CDP, California",767,169,531,143,12,20,122,73,93,69,89,78,34,32,68,63,13,16,0,14,93,78,7,12,236,112,146,88,80,71,10,16,0,14,0,14,0,14,0,14,0,14,0,14,0,14,06,77378
"Sutter Creek city, California",673,208,496,186,58,56,39,48,45,45,14,22,46,43,18,30,73,79,0,14,203,159,0,14,177,112,107,89,49,56,21,37,0,14,0,14,0,14,0,14,0,14,0,14,0,14,06,77392
"Swall Meadows CDP, California",145,63,99,59,3,6,5,5,0,14,59,57,11,11,2,4,3,5,1,2,15,11,0,14,46,26,22,17,21,16,0,14,0,14,0,14,0,14,0,14,3,5,0,14,0,14,06,77430
"Taft city, California",1459,366,688,287,100,73,146,165,125,130,34,53,57,59,104,98,23,40,0,19,99,70,0,19,771,318,375,180,237,273,66,58,16,25,0,19,0,19,22,37,0,19,38,46,17,27,06,77574
"Taft Heights CDP, California",283,98,206,105,45,64,19,22,39,48,20,23,0,14,0,14,35,57,23,35,25,23,0,14,77,43,15,23,0,14,33,31,10,15,9,15,0,14,0,14,0,14,10,16,0,14,06,77588
"Taft Mosswood CDP, California",152,48,94,45,16,27,0,14,0,14,15,24,14,23,0,14,4,6,17,20,28,31,0,14,58,44,12,18,11,13,30,39,0,14,5,9,0,14,0,14,0,14,0,14,0,14,06,77595
"Tahoe Vista CDP, California",396,125,93,51,17,25,23,32,0,14,13,21,0,14,0,14,0,14,20,30,20,29,0,14,303,126,51,59,101,63,0,14,22,31,87,80,0,14,0,14,22,34,20,30,0,14,06,77700
"Tahoma CDP, California",300,70,157,65,0,14,25,19,0,14,60,38,25,26,0,14,15,23,9,14,23,21,0,14,143,56,94,43,0,14,0,14,7,10,25,31,0,14,0,14,0,14,17,18,0,14,06,77728
"Talmage CDP, California",148,81,88,70,0,14,0,14,0,14,0,14,0,14,0,14,38,54,12,21,38,47,0,14,60,51,45,44,15,23,0,14,0,14,0,14,0,14,0,14,0,14,0,14,0,14,06,77784
"Tamalpais-Homestead Valley CDP, California",3882,285,3015,297,257,116,594,220,413,148,388,123,343,134,189,100,128,77,300,139,403,149,0,21,867,178,296,97,128,59,116,82,57,58,29,35,64,53,0,21,64,73,105,85,8,13,06,77805
"Tancred CDP, California",14,19,0,14,0,14,0,14,0,14,0,14,0,14,0,14,0,14,0,14,0,14,0,14,14,19,0,14,0,14,12,18,2,4,0,14,0,14,0,14,0,14,0,14,0,14,06,77860
"Tara Hills CDP, California",1204,190,720,196,38,30,39,32,62,45,172,96,172,161,31,30,109,87,22,25,75,53,0,14,484,123,204,80,115,61,6,10,64,51,36,32,21,34,0,14,16,27,22,24,0,14,06,77924
"Tarina CDP, California",0,14,0,14,0,14,0,14,0,14,0,14,0,14,0,14,0,14,0,14,0,14,0,14,0,14,0,14,0,14,0,14,0,14,0,14,0,14,0,14,0,14,0,14,0,14,06,77934
"Tarpey Village CDP, California",954,198,710,179,120,91,162,105,86,58,32,32,43,43,0,14,8,12,33,32,226,134,0,14,244,100,139,77,22,20,37,39,6,11,8,13,5,9,0,14,27,32,0,14,0,14,06,77960
"Taylorsville CDP, California",0,14,0,14,0,14,0,14,0,14,0,14,0,14,0,14,0,14,0,14,0,14,0,14,0,14,0,14,0,14,0,14,0,14,0,14,0,14,0,14,0,14,0,14,0,14,06,78008
"Tecopa CDP, California",101,49,0,14,0,14,0,14,0,14,0,14,0,14,0,14,0,14,0,14,0,14,0,14,101,49,47,34,44,40,10,16,0,14,0,14,0,14,0,14,0,14,0,14,0,14,06,78050
"Tehachapi city, California",2111,351,1366,242,20,30,231,71,243,127,281,178,109,60,245,136,0,21,112,83,125,84,0,21,745,272,185,89,48,44,69,48,41,29,45,52,13,20,22,25,4,9,130,130,188,221,06,78092
"Tehama city, California",120,39,74,32,0,14,16,16,9,9,20,17,7,8,1,3,2,3,5,7,14,15,0,14,46,26,18,19,19,15,8,9,0,14,1,3,0,14,0,14,0,14,0,14,0,14,06,78106
"Temecula city, California",24831,724,19767,765,1118,306,2615,480,3298,417,3073,424,2508,364,1705,338,1086,251,1437,332,2811,409,116,72,5064,505,2556,400,880,259,576,208,229,94,164,101,139,82,43,45,68,44,342,112,67,84,06,78120
"Temelec CDP, California",921,252,310,179,0,14,14,24,21,25,167,158,49,48,0,14,0,14,13,21,46,45,0,14,611,206,41,38,53,48,64,64,62,42,135,185,66,76,35,47,67,70,88,84,0,14,06,78126
"Temescal Valley CDP, California",8243,623,6448,601,321,151,612,228,863,205,959,237,687,186,455,188,860,365,762,318,863,329,66,87,1795,325,596,160,280,152,74,63,335,220,96,74,127,96,27,30,28,32,232,135,0,29,06,78138
"Temple City city, California",7210,465,3831,381,346,166,439,126,439,124,415,138,498,163,357,130,187,95,307,120,835,247,8,13,3379,342,1502,249,473,121,440,152,217,79,121,54,108,75,75,52,116,61,320,110,7,12,06,78148
"Templeton CDP, California",2668,435,1592,274,57,46,217,117,262,115,240,87,150,92,222,148,91,53,116,68,237,180,0,19,1076,377,517,285,208,135,115,96,63,54,18,21,11,18,33,32,44,51,67,62,0,19,06,78162
"Tennant CDP, California",25,17,0,14,0,14,0,14,0,14,0,14,0,14,0,14,0,14,0,14,0,14,0,14,25,17,5,8,15,14,0,14,3,4,2,5,0,14,0,14,0,14,0,14,0,14,06,78176
"Terminous CDP, California",185,44,76,34,7,12,12,16,6,9,5,7,5,7,9,11,8,13,8,12,16,16,0,14,109,47,35,33,24,18,9,9,10,14,0,14,5,7,19,25,0,14,7,10,0,14,06,78232
"Terra Bella CDP, California",208,78,157,72,0,14,32,50,28,31,0,14,19,30,0,14,0,14,69,65,9,14,0,14,51,43,35,40,0,14,8,17,0,14,0,14,0,14,0,14,0,14,8,13,0,14,06,78288
"Teviston CDP, California",102,49,14,22,0,14,0,14,14,22,0,14,0,14,0,14,0,14,0,14,0,14,0,14,88,51,12,19,0,14,25,35,0,14,0,14,26,40,12,18,13,20,0,14,0,14,06,78336
"Thermal CDP, California",416,325,47,42,0,14,0,14,9,13,0,14,0,14,0,14,16,26,0,14,22,29,0,14,369,321,27,33,30,46,20,29,43,50,21,32,0,14,175,272,0,14,53,69,0,14,06,78456
"Thermalito CDP, California",1560,232,817,179,98,75,132,73,142,74,96,48,52,39,92,76,69,46,43,30,93,75,0,19,743,185,301,143,130,78,223,101,15,17,2,4,26,37,23,22,0,19,21,26,2,5,06,78470
"Thornton CDP, California",163,59,134,50,4,6,26,29,3,8,9,14,31,28,16,24,0,14,8,12,37,27,0,14,29,24,19,21,3,5,0,14,3,5,0,14,0,14,0,14,0,14,4,6,0,14,06,78568
"Thousand Oaks city, California",32953,958,23505,861,1589,259,2935,376,3635,480,3743,477,2769,481,1783,287,1223,234,1719,327,3970,443,139,88,9448,612,4141,408,1593,255,902,197,484,144,502,204,166,96,348,177,146,72,1008,347,158,95,06,78582
"Thousand Palms CDP, California",2003,413,1033,343,210,313,50,61,346,202,94,92,27,32,45,64,41,34,23,29,197,133,0,19,970,268,210,92,330,175,81,58,21,23,70,59,96,128,0,19,32,37,100,97,30,29,06,78596
"Three Rivers CDP, California",758,109,444,94,12,13,79,48,50,31,78,52,57,39,31,20,45,40,25,18,67,36,0,14,314,98,172,70,0,14,48,47,6,11,5,8,31,43,16,13,7,10,29,29,0,14,06,78638
"Three Rocks CDP, California",37,38,15,29,0,14,0,14,0,14,15,29,0,14,0,14,0,14,0,14,0,14,0,14,22,26,14,22,0,14,0,14,0,14,0,14,0,14,0,14,0,14,8,14,0,14,06,78652
"Tiburon town, California",2628,264,1467,207,197,106,244,111,191,91,279,120,95,90,76,54,88,83,64,48,221,96,12,19,1161,279,400,191,209,104,94,63,100,83,92,77,54,47,0,19,59,85,153,106,0,19,06,78666
"Timber Cove CDP, California",61,14,29,11,0,14,4,5,0,14,2,4,7,6,0,14,3,4,3,4,10,7,0,14,32,14,6,6,0,14,13,10,5,5,0,14,0,14,0,14,5,5,3,5,0,14,06,78715
"Tipton CDP, California",186,73,103,62,24,40,0,14,43,43,0,14,0,14,9,9,0,14,0,14,27,27,0,14,83,51,14,20,27,30,14,24,0,14,0,14,0,14,0,14,0,14,18,28,10,16,06,78750
"Tobin CDP, California",0,14,0,14,0,14,0,14,0,14,0,14,0,14,0,14,0,14,0,14,0,14,0,14,0,14,0,14,0,14,0,14,0,14,0,14,0,14,0,14,0,14,0,14,0,14,06,78792
"Tomales CDP, California",53,42,32,29,0,14,0,14,9,12,23,28,0,14,0,14,0,14,0,14,0,14,0,14,21,32,0,14,0,14,0,14,0,14,0,14,0,14,0,14,0,14,21,32,0,14,06,78890
"Tonyville CDP, California",18,31,0,14,0,14,0,14,0,14,0,14,0,14,0,14,0,14,0,14,0,14,0,14,18,31,0,14,18,31,0,14,0,14,0,14,0,14,0,14,0,14,0,14,0,14,06,78932
"Tooleville CDP, California",11,17,11,17,0,14,0,14,0,14,0,14,11,17,0,14,0,14,0,14,0,14,0,14,0,14,0,14,0,14,0,14,0,14,0,14,0,14,0,14,0,14,0,14,0,14,06,78949
"Topanga CDP, California",2560,272,1814,236,142,66,109,64,167,94,377,169,132,80,119,90,54,49,179,97,535,169,0,19,746,218,199,89,204,126,102,70,45,41,35,35,100,100,15,17,6,11,40,30,0,19,06,78960
"Topaz CDP, California",0,14,0,14,0,14,0,14,0,14,0,14,0,14,0,14,0,14,0,14,0,14,0,14,0,14,0,14,0,14,0,14,0,14,0,14,0,14,0,14,0,14,0,14,0,14,06,79030
"Toro Canyon CDP, California",608,157,277,112,17,29,16,22,36,35,18,19,62,64,23,25,9,16,31,36,65,64,0,14,331,133,89,49,22,21,86,100,0,14,22,23,28,30,0,14,0,14,84,67,0,14,06,79529
"Torrance city, California",30182,1077,19366,875,882,181,2383,319,3258,387,3286,341,2060,301,1722,286,804,197,1580,284,3299,388,92,60,10816,683,5331,488,1799,264,789,180,439,133,441,146,271,108,255,108,378,253,993,320,120,55,06,80000
"Trabuco Canyon CDP, California",430,148,370,148,0,14,142,160,59,36,51,31,10,10,41,39,5,8,24,19,38,26,0,14,60,36,18,15,0,14,4,6,7,10,0,14,21,23,0,14,0,14,10,16,0,14,06,80210
"Tracy city, California",18786,734,14756,693,1152,327,1740,326,2919,434,2373,373,1976,391,1165,263,820,213,811,181,1780,284,20,27,4030,421,1960,317,834,200,459,154,225,92,87,58,33,31,52,39,67,30,264,110,49,38,06,80238
"Tranquillity CDP, California",152,113,51,47,0,14,0,14,22,34,0,14,10,15,19,30,0,14,0,14,0,14,0,14,101,111,40,50,0,14,0,14,61,94,0,14,0,14,0,14,0,14,0,14,0,14,06,80266
"Traver CDP, California",83,27,44,19,10,12,6,8,4,5,0,14,6,6,6,9,0,14,4,6,8,9,0,14,39,21,11,11,11,10,2,3,9,10,2,4,0,14,0,14,0,14,4,8,0,14,06,80280
"Tres Pinos CDP, California",241,73,192,73,10,11,72,50,6,9,32,24,2,3,29,36,0,14,9,8,32,27,0,14,49,23,10,8,8,11,16,16,11,11,2,3,0,14,0,14,2,4,0,14,0,14,06,80364
"Trinidad city, California",147,50,78,33,2,4,7,10,14,15,0,14,25,17,0,14,0,14,0,14,30,20,0,14,69,37,36,29,11,11,13,13,0,14,0,14,0,14,0,14,0,14,9,9,0,14,06,80448
"Trinity Center CDP, California",150,57,51,37,0,14,0,14,3,5,0,14,3,4,0,14,21,23,24,27,0,14,0,14,99,40,40,24,8,8,0,14,25,23,11,10,2,3,0,14,4,6,9,8,0,14,06,80476
"Trinity Village CDP, California",100,64,60,43,14,23,0,14,0,14,0,14,0,14,22,23,14,22,10,16,0,14,0,14,40,50,32,48,8,10,0,14,0,14,0,14,0,14,0,14,0,14,0,14,0,14,06,80483
"Trona CDP, California",0,14,0,14,0,14,0,14,0,14,0,14,0,14,0,14,0,14,0,14,0,14,0,14,0,14,0,14,0,14,0,14,0,14,0,14,0,14,0,14,0,14,0,14,0,14,06,80515
"Trowbridge CDP, California",65,22,50,18,7,7,3,4,27,14,0,14,6,5,2,3,5,8,0,14,0,14,0,14,15,13,11,12,4,6,0,14,0,14,0,14,0,14,0,14,0,14,0,14,0,14,06,80560
"Truckee town, California",5036,294,3646,313,276,120,531,144,747,188,561,141,260,112,204,105,264,126,304,140,459,155,40,47,1390,286,545,202,284,128,156,77,84,51,43,31,61,55,31,33,23,33,79,51,84,78,06,80588
"Tulare city, California",12218,632,8544,654,616,208,1053,244,1695,331,1248,305,874,234,872,291,417,197,609,173,1141,290,19,20,3674,454,1669,302,529,254,368,114,284,144,129,85,146,98,46,39,111,76,362,189,30,45,06,80644
"Tulelake city, California",189,62,112,46,0,14,13,18,11,17,37,30,27,38,0,14,12,16,12,18,0,14,0,14,77,44,4,7,26,26,17,25,11,12,8,13,0,14,0,14,11,17,0,14,0,14,06,80686
"Tuolumne City CDP, California",407,193,250,117,84,108,19,30,0,14,40,49,0,14,51,77,0,14,56,55,0,14,0,14,157,162,24,39,0,14,98,154,35,40,0,14,0,14,0,14,0,14,0,14,0,14,06,80763
"Tupman CDP, California",36,22,14,15,6,9,0,14,0,14,0,14,0,14,6,8,0,14,0,14,2,3,0,14,22,16,5,5,0,14,14,15,0,14,0,14,2,3,0,14,0,14,1,3,0,14,06,80784
"Turlock city, California",14218,676,9784,684,771,230,1778,399,1829,374,1275,287,978,257,867,228,629,235,437,187,1220,322,0,32,4434,438,2035,317,744,188,434,169,335,151,158,100,199,121,96,53,154,111,267,110,12,19,06,80812
"Tustin city, California",13442,742,8814,653,681,204,1420,282,1507,349,1304,242,1017,246,616,164,510,187,472,168,1280,292,7,11,4628,473,2476,341,771,216,361,158,239,136,136,76,148,69,71,54,113,60,249,113,64,90,06,80854
"Tuttle CDP, California",24,35,0,14,0,14,0,14,0,14,0,14,0,14,0,14,0,14,0,14,0,14,0,14,24,35,0,14,0,14,24,35,0,14,0,14,0,14,0,14,0,14,0,14,0,14,06,80882
"Tuttletown CDP, California",167,85,108,73,0,14,0,14,14,22,76,71,0,14,3,5,10,16,0,14,5,9,0,14,59,46,17,28,21,30,12,10,9,14,0,14,0,14,0,14,0,14,0,14,0,14,06,80896
"Twain CDP, California",21,31,0,14,0,14,0,14,0,14,0,14,0,14,0,14,0,14,0,14,0,14,0,14,21,31,0,14,21,31,0,14,0,14,0,14,0,14,0,14,0,14,0,14,0,14,06,80952
"Twain Harte CDP, California",879,266,470,225,4,15,41,49,0,14,44,47,47,48,115,143,23,26,0,14,196,123,0,14,409,143,78,68,156,116,88,81,57,58,10,17,0,14,20,23,0,14,0,14,0,14,06,80966
"Twentynine Palms city, California",3552,337,2197,306,314,120,171,73,510,178,312,138,198,145,142,90,0,25,159,113,350,114,41,66,1355,245,599,153,280,134,172,94,72,55,5,8,43,45,47,58,83,74,35,37,19,34,06,80994
"Twin Lakes CDP (Mono County), California",0,14,0,14,0,14,0,14,0,14,0,14,0,14,0,14,0,14,0,14,0,14,0,14,0,14,0,14,0,14,0,14,0,14,0,14,0,14,0,14,0,14,0,14,0,14,06,81048
"Twin Lakes CDP (Santa Cruz County), California",992,215,531,174,45,35,94,88,51,39,55,53,28,32,69,44,67,89,54,49,64,44,4,6,461,164,164,90,75,48,101,121,16,19,42,32,9,15,0,19,0,19,30,29,24,27,06,81050
"Ukiah city, California",2764,308,1622,252,95,65,249,130,411,140,274,116,75,61,111,111,99,73,87,56,221,116,0,21,1142,238,403,130,222,108,45,31,108,94,21,23,12,13,78,79,0,21,253,171,0,21,06,81134
"Union City city, California",13736,630,9174,478,746,159,1285,221,1574,248,1361,233,865,181,631,171,481,151,705,200,1514,215,12,13,4562,388,1966,227,927,257,437,168,287,111,186,78,131,60,63,43,59,50,421,153,85,106,06,81204
"University of California-Davis CDP, California",25,29,0,19,0,19,0,19,0,19,0,19,0,19,0,19,0,19,0,19,0,19,0,19,25,29,10,17,0,19,0,19,0,19,0,19,0,19,0,19,0,19,0,19,15,24,06,81302
"University of California-Merced CDP, California",0,14,0,14,0,14,0,14,0,14,0,14,0,14,0,14,0,14,0,14,0,14,0,14,0,14,0,14,0,14,0,14,0,14,0,14,0,14,0,14,0,14,0,14,0,14,06,81312
"University of California-Santa Barbara CDP, California",104,82,87,81,12,23,8,12,67,88,0,21,0,21,0,21,0,21,0,21,0,21,0,21,17,11,17,11,0,21,0,21,0,21,0,21,0,21,0,21,0,21,0,21,0,21,06,81316
"Upland city, California",15655,595,10971,628,646,160,1453,285,2580,404,1626,288,1154,230,811,165,543,155,690,188,1363,279,105,90,4684,388,1978,276,847,176,341,92,406,160,259,100,121,96,181,119,193,103,316,120,42,33,06,81344
"Upper Lake CDP, California",405,166,287,153,0,14,0,14,126,153,16,25,45,71,0,14,26,32,44,65,30,34,0,14,118,67,43,53,49,47,9,16,0,14,0,14,0,14,0,14,0,14,17,24,0,14,06,81358
"Vacaville city, California",23162,805,17184,688,588,155,2340,334,3463,454,3158,484,1995,305,1410,280,916,281,1015,238,2200,351,99,52,5978,545,2869,469,1095,217,519,139,245,105,180,108,131,75,167,125,158,72,560,141,54,35,06,81554
"Valinda CDP, California",3739,251,2505,247,203,89,282,105,342,112,402,114,291,115,267,99,192,102,143,72,383,113,0,25,1234,216,707,154,171,64,89,54,82,80,68,61,43,31,4,6,26,34,37,41,7,11,06,81638
"Vallecito CDP, California",223,95,152,80,0,14,32,48,36,53,19,30,0,14,0,14,0,14,0,14,65,61,0,14,71,58,14,21,25,40,0,14,25,36,0,14,0,14,0,14,0,14,7,11,0,14,06,81652
"Vallejo city, California",25709,964,18580,863,716,159,2509,413,2966,418,2802,466,1974,362,1613,337,1345,277,1279,290,3286,448,90,60,7129,623,3020,383,1452,291,752,203,336,114,227,89,145,73,155,90,87,43,908,306,47,50,06,81666
"Valle Vista CDP, California",4476,564,2802,517,237,154,351,145,457,220,298,119,203,92,189,99,180,91,239,108,601,274,47,50,1674,325,483,154,221,86,237,86,58,37,120,94,155,93,27,26,174,138,148,79,51,35,06,81708
"Valley Acres CDP, California",158,72,78,44,20,32,33,34,4,5,0,14,10,13,0,14,0,14,5,7,6,7,0,14,80,56,74,56,6,8,0,14,0,14,0,14,0,14,0,14,0,14,0,14,0,14,06,81722
"Valley Center CDP, California",3183,352,2281,313,83,64,183,83,262,99,248,105,287,131,246,132,175,124,263,179,534,246,0,21,902,193,305,140,185,104,169,92,45,36,71,64,27,31,1,3,36,33,63,42,0,21,06,81736
"Valley Ford CDP, California",0,14,0,14,0,14,0,14,0,14,0,14,0,14,0,14,0,14,0,14,0,14,0,14,0,14,0,14,0,14,0,14,0,14,0,14,0,14,0,14,0,14,0,14,0,14,06,81778
"Valley Home CDP, California",97,41,63,34,0,14,11,13,2,3,16,17,4,7,15,24,0,14,7,9,8,8,0,14,34,22,7,7,5,8,12,16,3,5,0,14,4,6,0,14,0,14,3,5,0,14,06,81792
"Valley Ranch CDP, California",14,23,0,14,0,14,0,14,0,14,0,14,0,14,0,14,0,14,0,14,0,14,0,14,14,23,0,14,0,14,0,14,0,14,0,14,0,14,0,14,0,14,14,23,0,14,06,81869
"Valley Springs CDP, California",182,130,52,62,0,14,0,14,0,14,0,14,0,14,0,14,0,14,0,14,52,62,0,14,130,118,0,14,0,14,63,92,0,14,0,14,47,75,20,33,0,14,0,14,0,14,06,81890
"Valley Wells CDP, California",0,14,0,14,0,14,0,14,0,14,0,14,0,14,0,14,0,14,0,14,0,14,0,14,0,14,0,14,0,14,0,14,0,14,0,14,0,14,0,14,0,14,0,14,0,14,06,81925
"Val Verde CDP, California",722,147,578,151,17,19,117,48,191,145,38,23,88,58,43,35,11,12,15,15,46,30,12,18,144,56,95,43,8,11,16,23,0,14,5,9,0,14,0,14,15,23,0,14,5,8,06,81967
"Vandenberg AFB CDP, California",0,14,0,14,0,14,0,14,0,14,0,14,0,14,0,14,0,14,0,14,0,14,0,14,0,14,0,14,0,14,0,14,0,14,0,14,0,14,0,14,0,14,0,14,0,14,06,82072
"Vandenberg Village CDP, California",1953,210,1446,226,38,38,382,170,333,150,191,112,68,56,125,82,101,68,30,38,178,113,0,19,507,161,233,103,96,61,30,37,11,18,0,19,15,24,0,19,13,20,109,103,0,19,06,82086
"Verdi CDP, California",26,44,26,44,0,14,0,14,26,44,0,14,0,14,0,14,0,14,0,14,0,14,0,14,0,14,0,14,0,14,0,14,0,14,0,14,0,14,0,14,0,14,0,14,0,14,06,82334
"Vernon city, California",10,10,7,7,0,14,3,4,0,14,0,14,0,14,0,14,0,14,0,14,4,4,0,14,3,5,3,5,0,14,0,14,0,14,0,14,0,14,0,14,0,14,0,14,0,14,06,82422
"Victor CDP, California",35,41,11,18,0,14,0,14,0,14,0,14,11,18,0,14,0,14,0,14,0,14,0,14,24,38,24,38,0,14,0,14,0,14,0,14,0,14,0,14,0,14,0,14,0,14,06,82562
"Victorville city, California",23104,982,16777,923,997,328,1969,328,2508,520,2727,712,2244,483,1164,274,1115,347,1034,272,2960,411,59,43,6327,741,2611,429,1485,328,620,213,463,371,149,77,146,93,100,68,243,104,383,156,127,70,06,82590
"View Park-Windsor Hills CDP, California",3235,467,2403,448,108,77,280,141,427,144,385,177,284,307,219,192,84,66,89,80,527,268,0,21,832,258,516,218,64,55,49,45,65,95,30,49,0,21,0,21,7,14,101,81,0,21,06,82667
"Villa Park city, California",1726,178,1038,151,115,58,193,90,209,122,62,35,27,26,39,35,53,36,43,31,297,108,0,19,688,153,341,110,114,51,26,28,63,40,45,44,31,38,10,13,13,19,45,35,0,19,06,82744
"Vina CDP, California",66,65,9,14,0,14,0,14,0,14,0,14,0,14,0,14,0,14,9,14,0,14,0,14,57,64,0,14,0,14,57,64,0,14,0,14,0,14,0,14,0,14,0,14,0,14,06,82786
"Vincent CDP, California",3032,265,2189,251,131,103,335,100,521,137,208,83,229,115,156,72,81,48,215,129,300,114,13,28,843,159,383,133,103,45,105,68,132,96,45,39,6,9,14,22,13,22,42,31,0,21,06,82815
"Vine Hill CDP, California",992,144,757,149,17,20,78,56,162,118,110,74,177,83,74,64,20,29,16,20,103,56,0,14,235,91,127,75,59,42,10,16,14,22,15,26,0,14,0,14,0,14,10,18,0,14,06,82842
"Vineyard CDP, California",9500,529,7018,568,409,152,1018,240,1160,252,993,311,863,219,748,215,318,118,495,213,1014,277,0,29,2482,283,1393,235,490,140,229,88,127,102,57,44,0,29,0,29,50,35,130,67,6,10,06,82852
"Virginia Lakes CDP, California",0,14,0,14,0,14,0,14,0,14,0,14,0,14,0,14,0,14,0,14,0,14,0,14,0,14,0,14,0,14,0,14,0,14,0,14,0,14,0,14,0,14,0,14,0,14,06,82929
"Visalia city, California",28761,1089,20779,993,1584,341,3706,482,3447,405,3575,634,1572,361,1377,370,1202,419,1529,524,2703,572,84,74,7982,615,4342,496,1230,230,761,210,325,120,170,93,268,123,159,121,212,110,458,154,57,42,06,82954
"Vista city, California",16703,703,11936,701,600,160,1865,351,2030,350,1848,383,1424,308,869,204,494,142,745,212,2054,350,7,12,4767,477,1844,375,742,171,392,140,371,135,235,114,283,151,206,121,245,127,423,155,26,28,06,82996
"Vista Santa Rosa CDP, California",533,105,284,73,1,3,36,27,43,48,25,25,21,31,22,33,16,27,58,77,62,51,0,14,249,94,133,71,14,13,17,16,8,10,58,55,1,4,0,14,7,10,11,13,0,14,06,83085
"Volcano CDP, California",61,41,20,32,0,14,0,14,0,14,0,14,0,14,0,14,0,14,0,14,20,32,0,14,41,38,17,30,0,14,7,11,0,14,0,14,0,14,17,27,0,14,0,14,0,14,06,83094
"Volta CDP, California",57,34,20,31,0,14,0,14,20,31,0,14,0,14,0,14,0,14,0,14,0,14,0,14,37,34,15,19,0,14,0,14,0,14,0,14,0,14,22,37,0,14,0,14,0,14,06,83108
"Walker CDP, California",219,87,53,45,21,30,0,14,14,21,0,14,5,9,0,14,0,14,0,14,13,28,0,14,166,92,74,75,17,22,8,14,0,14,12,23,0,14,0,14,0,14,31,28,24,38,06,83262
"Wallace CDP, California",158,117,158,117,0,14,96,108,0,14,25,40,16,27,0,14,0,14,10,19,11,18,0,14,0,14,0,14,0,14,0,14,0,14,0,14,0,14,0,14,0,14,0,14,0,14,06,83304
"Walnut city, California",7260,395,4189,342,210,79,606,167,453,116,526,113,374,103,451,157,322,112,310,112,930,196,7,11,3071,327,1339,224,456,127,365,176,149,59,75,39,28,27,39,36,86,42,453,172,81,51,06,83332
"Walnut Creek city, California",21286,772,12330,641,709,227,1891,316,2074,340,1972,294,1363,250,760,187,768,251,799,185,1914,308,80,89,8956,645,2723,340,1497,306,971,273,815,212,403,107,348,109,209,82,590,262,1378,237,22,22,06,83346
"Walnut Grove CDP, California",186,96,93,82,0,14,33,52,0,14,0,14,25,41,0,14,9,15,15,24,11,17,0,14,93,78,31,46,40,60,22,28,0,14,0,14,0,14,0,14,0,14,0,14,0,14,06,83374
"Walnut Park CDP, California",1906,243,1171,232,82,52,159,93,111,61,244,155,154,80,135,68,102,63,47,37,131,68,6,9,735,156,465,132,142,71,64,37,6,9,0,21,0,21,17,22,11,18,14,15,16,24,06,83402
"Warm Springs CDP, California",351,133,127,79,0,14,38,45,30,33,28,46,13,20,7,11,11,18,0,14,0,14,0,14,224,126,62,56,52,62,64,91,0,14,0,14,10,17,29,48,0,14,7,10,0,14,06,83460
"Warner Valley CDP, California",0,14,0,14,0,14,0,14,0,14,0,14,0,14,0,14,0,14,0,14,0,14,0,14,0,14,0,14,0,14,0,14,0,14,0,14,0,14,0,14,0,14,0,14,0,14,06,83494
"Wasco city, California",3697,400,2270,362,214,97,318,125,336,125,154,85,300,170,222,117,203,145,82,55,425,181,16,28,1427,315,738,175,103,68,151,73,55,69,152,176,38,59,2,4,97,124,64,55,27,33,06,83542
"Washington CDP, California",35,40,0,14,0,14,0,14,0,14,0,14,0,14,0,14,0,14,0,14,0,14,0,14,35,40,35,40,0,14,0,14,0,14,0,14,0,14,0,14,0,14,0,14,0,14,06,83570
"Waterford city, California",1440,287,1051,268,10,14,166,84,299,167,146,82,61,46,81,81,75,63,39,46,174,95,0,19,389,157,120,77,118,89,21,16,11,18,0,19,8,13,9,14,11,18,91,85,0,19,06,83612
"Waterloo CDP, California",123,76,88,83,0,14,0,14,68,87,20,28,0,14,0,14,0,14,0,14,0,14,0,14,35,30,13,22,15,17,7,12,0,14,0,14,0,14,0,14,0,14,0,14,0,14,06,83626
"Watsonville city, California",6793,562,4109,446,105,69,360,121,753,216,566,126,639,207,227,98,144,78,447,159,861,313,7,9,2684,410,907,240,525,165,320,120,109,63,174,115,40,51,91,59,69,59,449,269,0,32,06,83668
"Waukena CDP, California",14,10,10,10,0,14,0,14,0,14,2,3,0,14,2,4,0,14,6,10,0,14,0,14,4,4,2,3,0,14,0,14,0,14,2,3,0,14,0,14,0,14,0,14,0,14,06,83724
"Wautec CDP, California",5,5,0,14,0,14,0,14,0,14,0,14,0,14,0,14,0,14,0,14,0,14,0,14,5,5,3,5,0,14,0,14,0,14,0,14,0,14,0,14,0,14,2,4,0,14,06,83730
"Wawona CDP, California",26,25,8,11,0,14,0,14,0,14,0,14,0,14,0,14,0,14,0,14,8,11,0,14,18,23,0,14,13,21,5,9,0,14,0,14,0,14,0,14,0,14,0,14,0,14,06,83766
"Weaverville CDP, California",1203,308,563,237,113,105,29,38,63,41,80,66,0,14,0,14,41,63,134,138,103,137,0,14,640,269,389,234,131,121,80,90,0,14,0,14,0,14,0,14,0,14,0,14,40,71,06,83794
"Weed city, California",564,90,383,82,20,18,18,19,146,80,42,30,7,11,15,15,10,16,56,49,69,53,0,14,181,67,94,58,22,25,6,10,18,13,0,14,15,24,4,6,0,14,22,21,0,14,06,83850
"Weedpatch CDP, California",297,92,109,63,1,6,4,8,31,37,15,20,10,14,15,21,0,14,15,22,18,28,0,14,188,83,49,47,25,26,23,19,22,23,45,43,18,20,0,14,0,14,6,10,0,14,06,83863
"Weitchpec CDP, California",18,12,3,5,0,14,0,14,0,14,3,5,0,14,0,14,0,14,0,14,0,14,0,14,15,12,7,8,2,4,2,4,0,14,0,14,0,14,4,7,0,14,0,14,0,14,06,83906
"Weldon CDP, California",980,261,326,215,28,42,10,19,35,46,22,28,7,11,9,15,130,195,20,29,65,58,0,14,654,169,132,78,110,84,103,92,51,54,82,65,29,33,38,41,26,36,37,45,46,73,06,83948
"Weott CDP, California",0,14,0,14,0,14,0,14,0,14,0,14,0,14,0,14,0,14,0,14,0,14,0,14,0,14,0,14,0,14,0,14,0,14,0,14,0,14,0,14,0,14,0,14,0,14,06,84004
"West Athens CDP, California",1545,186,1097,186,51,40,139,122,193,99,72,53,138,79,105,76,106,78,71,48,222,93,0,19,448,143,242,110,93,54,49,46,25,23,0,19,31,44,0,19,8,13,0,19,0,19,06,84116
"West Bishop CDP, California",815,105,385,102,51,36,43,30,91,52,34,40,56,51,9,14,0,14,33,35,68,47,0,14,430,101,209,76,54,37,57,46,43,36,8,13,9,13,24,32,0,14,26,34,0,14,06,84120
"West Carson CDP, California",5816,572,3623,491,253,115,426,168,593,252,614,192,411,127,165,81,151,84,313,179,687,328,10,13,2193,329,834,197,486,194,193,92,145,134,57,52,122,157,70,63,92,79,194,82,0,25,06,84144
"West Covina city, California",19823,717,12918,606,606,140,1501,325,2189,311,2033,349,1452,219,1034,250,666,182,965,212,2314,321,158,108,6905,511,3251,421,1085,213,646,177,480,155,378,201,230,124,113,79,184,84,410,106,128,72,06,84200
"West Goshen CDP, California",68,59,38,38,0,14,4,9,0,14,0,14,1,3,0,14,0,14,16,26,17,23,0,14,30,49,30,49,0,14,0,14,0,14,0,14,0,14,0,14,0,14,0,14,0,14,06,84345
"Westhaven-Moonstone CDP, California",413,86,168,56,10,12,10,10,35,25,27,32,18,17,15,31,0,14,17,14,36,35,0,14,245,71,72,41,98,60,22,16,7,9,0,14,1,4,27,26,0,14,18,20,0,14,06,84385
"West Hollywood city, California",4546,586,3088,574,175,110,479,266,354,178,304,187,312,135,133,106,143,84,214,171,938,408,36,41,1458,310,421,183,179,92,115,113,123,106,93,97,38,45,19,31,264,187,142,85,64,53,06,84410
"Westlake Village city, California",2390,237,1637,210,143,91,101,62,339,127,169,84,217,92,196,106,36,34,166,92,241,105,29,46,753,167,290,96,241,114,31,26,30,28,26,30,0,19,18,20,17,20,100,70,0,19,06,84438
"Westley CDP, California",49,46,49,46,0,14,0,14,16,26,0,14,33,46,0,14,0,14,0,14,0,14,0,14,0,14,0,14,0,14,0,14,0,14,0,14,0,14,0,14,0,14,0,14,0,14,06,84480
"West Menlo Park CDP, California",1008,127,718,117,199,80,93,57,76,42,46,30,63,46,34,30,26,39,13,15,168,86,0,14,290,89,130,56,44,32,26,24,14,15,0,14,26,22,0,14,9,13,41,42,0,14,06,84536
"Westminster city, California",15038,744,8856,607,581,193,967,230,1386,260,995,247,790,195,807,234,417,150,908,269,1867,352,138,122,6182,491,2927,360,858,178,607,149,451,153,255,115,226,116,65,41,266,115,478,130,49,44,06,84550
"West Modesto CDP, California",860,142,547,138,21,34,101,75,73,98,57,57,3,8,38,38,50,46,123,78,81,57,0,19,313,110,105,60,53,39,17,28,17,21,49,44,7,11,9,14,7,11,49,48,0,19,06,84578
"Westmont CDP, California",2924,338,2306,314,81,57,208,101,423,183,247,105,209,129,233,121,196,113,227,122,482,143,0,29,618,162,374,138,60,51,60,48,44,34,45,52,5,9,16,26,1,10,13,25,0,29,06,84592
"Westmorland city, California",246,85,85,67,0,14,8,12,2,4,20,19,0,14,0,14,48,62,7,12,0,14,0,14,161,53,53,31,0,14,0,14,34,32,0,14,8,12,0,14,8,13,50,30,8,13,06,84606
"West Park CDP, California",164,48,62,27,12,12,26,23,0,14,0,14,5,9,0,14,7,8,5,9,7,8,0,14,102,44,45,33,39,27,11,15,3,4,0,14,0,14,0,14,0,14,4,9,0,14,06,84680
"West Point CDP, California",290,153,115,85,41,53,0,14,19,24,7,14,0,14,0,14,0,14,48,54,0,14,0,14,175,130,6,11,112,122,9,14,8,13,0,14,0,14,0,14,40,62,0,14,0,14,06,84732
"West Puente Valley CDP, California",4013,341,2602,335,263,136,239,105,417,178,258,89,325,142,118,63,161,87,192,91,603,150,26,31,1411,257,860,198,158,87,92,53,45,32,3,6,70,46,6,9,0,25,177,136,0,25,06,84774
"West Rancho Dominguez CDP, California",4450,519,3260,521,123,75,374,133,352,131,422,167,322,130,357,187,587,364,227,111,470,165,26,25,1190,219,539,163,281,108,93,81,47,41,45,48,1,2,10,16,56,53,118,86,0,25,06,84780
"West Sacramento city, California",11667,560,8395,523,520,182,1371,265,1290,222,1506,316,897,199,717,269,337,127,501,158,1130,283,126,103,3272,349,1418,245,671,194,215,106,139,79,168,96,81,56,52,46,65,55,445,175,18,15,06,84816
"Westside CDP, California",9,8,0,14,0,14,0,14,0,14,0,14,0,14,0,14,0,14,0,14,0,14,0,14,9,8,3,5,3,5,0,14,0,14,3,5,0,14,0,14,0,14,0,14,0,14,06,84863
"West Whittier-Los Nietos CDP, California",5025,365,3382,342,198,100,309,142,760,176,537,137,439,166,319,113,181,89,183,116,456,151,0,25,1643,233,873,190,154,101,269,116,80,96,39,35,6,10,11,17,0,25,162,130,49,49,06,84921
"Westwood CDP, California",304,110,102,77,0,14,0,14,24,35,18,27,36,55,0,14,0,14,0,14,24,40,0,14,202,81,144,56,0,14,0,14,0,14,0,14,39,45,0,14,19,30,0,14,0,14,06,84928
"Wheatland city, California",883,185,659,148,71,71,21,28,119,72,106,71,76,58,95,74,16,19,52,52,103,64,0,14,224,104,115,90,64,45,18,21,10,15,17,18,0,14,0,14,0,14,0,14,0,14,06,85012
"Whitehawk CDP, California",19,21,0,14,0,14,0,14,0,14,0,14,0,14,0,14,0,14,0,14,0,14,0,14,19,21,0,14,0,14,9,14,10,16,0,14,0,14,0,14,0,14,0,14,0,14,06,85086
"Whitewater CDP, California",307,88,141,69,0,14,5,13,26,23,10,15,16,25,25,28,0,14,11,18,48,49,0,14,166,72,67,45,16,22,59,58,0,14,0,14,0,14,9,13,0,14,7,12,8,11,06,85208
"Whitley Gardens CDP, California",42,32,32,29,0,14,0,14,0,14,0,14,0,14,0,14,5,9,0,14,27,28,0,14,10,14,0,14,0,14,0,14,0,14,10,14,0,14,0,14,0,14,0,14,0,14,06,85222
"Whitmore CDP, California",83,37,45,26,4,5,2,5,17,22,5,6,4,5,3,4,4,4,0,14,6,7,0,14,38,25,10,9,3,5,13,13,0,14,0,14,2,5,6,10,2,3,2,4,0,14,06,85250
"Whittier city, California",16257,811,11390,665,779,228,1479,281,1811,248,1599,317,1238,264,1129,246,676,223,919,219,1691,302,69,67,4867,477,2371,321,831,242,474,170,245,103,206,84,174,194,50,35,103,68,346,117,67,62,06,85292
"Wildomar city, California",8428,407,6096,434,233,107,700,190,759,190,1176,298,584,163,455,167,354,169,595,210,1197,252,43,51,2332,400,1257,291,312,193,271,180,113,74,77,66,23,24,33,29,61,44,170,133,15,18,06,85446
"Wilkerson CDP, California",164,48,104,41,0,14,5,7,14,14,7,10,7,10,0,14,25,22,20,22,19,21,7,12,60,30,21,22,11,12,0,14,2,3,0,14,8,15,0,14,13,13,5,7,0,14,06,85551
"Williams city, California",843,171,571,147,51,60,54,63,184,111,0,19,70,69,27,39,0,19,73,71,112,76,0,19,272,97,113,87,97,67,11,24,0,19,12,19,0,19,0,19,39,43,0,19,0,19,06,85586
"Williams Canyon CDP, California",10,17,3,9,0,14,0,14,0,14,0,14,0,14,3,9,0,14,0,14,0,14,0,14,7,14,7,14,0,14,0,14,0,14,0,14,0,14,0,14,0,14,0,14,0,14,06,85587
"Willits city, California",885,154,590,160,0,14,27,46,43,47,38,45,122,89,66,59,0,14,171,131,123,124,0,14,295,150,106,119,95,83,14,29,0,14,0,14,23,32,13,22,0,14,44,47,0,14,06,85600
"Willowbrook CDP, California",2530,323,1848,272,82,53,106,56,297,143,177,103,265,116,182,82,107,82,79,52,553,196,0,25,682,162,268,117,166,80,17,22,60,48,30,49,89,62,5,8,0,25,47,43,0,25,06,85614
"Willow Creek CDP, California",381,133,200,90,0,14,0,14,26,39,49,51,0,14,25,40,0,14,36,58,64,71,0,14,181,115,0,14,45,38,11,16,67,103,25,39,11,13,0,14,0,14,22,19,0,14,06,85642
"Willows city, California",1308,249,581,177,19,32,85,69,225,144,59,68,31,33,0,19,38,43,45,45,79,63,0,19,727,223,327,139,54,53,104,86,74,111,0,19,0,19,0,19,22,35,146,138,0,19,06,85684
"Wilseyville CDP, California",306,134,109,83,33,53,0,14,0,14,0,14,0,14,0,14,0,14,0,14,76,64,0,14,197,141,55,63,101,132,0,14,0,14,0,14,15,23,0,14,0,14,26,37,0,14,06,85810
"Wilsonia CDP, California",31,49,31,49,0,14,0,14,0,14,0,14,0,14,0,14,0,14,31,49,0,14,0,14,0,14,0,14,0,14,0,14,0,14,0,14,0,14,0,14,0,14,0,14,0,14,06,85866
"Wilton CDP, California",1730,260,1253,259,49,56,218,198,195,106,455,177,79,54,20,32,5,8,60,58,172,89,0,19,477,138,278,106,83,61,19,33,0,19,0,19,19,22,31,39,0,19,47,50,0,19,06,85880
"Winchester CDP, California",956,261,568,187,0,14,27,29,51,60,184,115,69,80,0,14,21,34,69,57,147,108,0,14,388,196,258,176,87,89,0,14,0,14,12,19,0,14,0,14,14,22,17,29,0,14,06,85894
"Windsor town, California",6950,387,4829,356,219,122,605,134,914,202,764,209,616,155,342,132,225,88,339,153,799,175,6,9,2121,242,974,171,296,105,208,83,117,61,97,64,86,60,59,41,17,23,219,94,48,50,06,85922
"Winter Gardens CDP, California",4936,444,3564,444,306,174,180,83,618,179,744,195,521,311,94,62,186,99,394,167,496,185,25,43,1372,262,501,141,204,90,38,36,134,78,66,43,32,26,180,146,21,33,184,101,12,20,06,85992
"Winterhaven CDP, California",46,48,0,14,0,14,0,14,0,14,0,14,0,14,0,14,0,14,0,14,0,14,0,14,46,48,32,45,0,14,14,22,0,14,0,14,0,14,0,14,0,14,0,14,0,14,06,86020
"Winters city, California",1731,185,1256,157,43,42,205,86,294,139,224,106,85,47,71,55,33,29,67,47,234,116,0,19,475,126,229,99,106,57,34,29,0,19,63,42,7,11,0,19,8,14,28,34,0,19,06,86034
"Winton CDP, California",1679,249,1144,213,108,72,129,64,177,114,200,121,140,84,65,50,85,69,56,54,184,133,0,21,535,165,167,81,188,110,30,36,14,17,25,31,7,13,47,61,22,35,26,35,9,14,06,86076
"Wofford Heights CDP, California",1077,244,391,177,0,14,98,98,57,52,29,44,59,92,75,96,20,21,0,14,53,52,0,14,686,216,160,111,208,125,82,84,0,14,46,39,26,43,0,14,103,87,27,44,34,39,06,86174
"Woodacre CDP, California",582,162,458,154,0,14,131,108,0,14,35,56,113,41,17,28,32,49,41,51,89,72,0,14,124,86,35,39,13,21,9,14,0,14,0,14,0,14,39,58,0,14,28,45,0,14,06,86216
"Woodbridge CDP, California",1355,278,885,256,52,40,40,28,74,46,272,170,43,32,172,149,61,72,87,90,73,44,11,18,470,149,216,124,14,17,62,41,27,34,30,28,0,14,12,18,9,15,100,78,0,14,06,86230
"Woodcrest CDP, California",4223,449,2967,379,240,131,472,129,706,320,362,173,327,151,233,113,139,108,32,30,447,174,9,13,1256,274,601,226,201,115,108,69,103,87,51,34,11,14,8,13,30,36,106,82,37,43,06,86244
"Woodlake city, California",1211,184,674,134,0,19,117,64,62,43,57,52,56,32,74,56,74,73,63,55,157,88,14,31,537,171,303,154,137,83,25,30,0,19,0,19,12,19,0,19,31,48,29,48,0,19,06,86300
"Woodland city, California",12389,719,8700,604,430,135,1267,316,1691,282,1313,283,962,238,768,281,517,163,618,210,1113,214,21,33,3689,446,1624,290,675,186,411,156,220,89,67,50,48,44,102,78,124,79,325,121,93,87,06,86328
"Woodlands CDP, California",991,195,624,188,0,14,61,57,84,66,82,66,155,109,93,61,58,60,16,25,75,59,0,14,367,126,155,104,107,66,16,27,16,24,0,14,13,23,0,14,17,28,43,39,0,14,06,86380
"Woodside town, California",1560,130,994,107,107,62,149,58,142,61,123,87,50,29,64,34,83,49,102,52,162,84,12,13,566,112,254,69,65,34,66,36,22,25,5,8,32,33,39,36,40,35,37,23,6,9,06,86440
"Woodville CDP, California",184,56,81,31,4,5,10,12,12,13,7,12,8,11,0,14,0,14,7,10,29,22,4,6,103,47,41,27,30,32,11,10,8,13,3,4,0,14,0,14,10,12,0,14,0,14,06,86482
"Woodville Farm Labor Camp CDP, California",0,14,0,14,0,14,0,14,0,14,0,14,0,14,0,14,0,14,0,14,0,14,0,14,0,14,0,14,0,14,0,14,0,14,0,14,0,14,0,14,0,14,0,14,0,14,06,86489
"Woody CDP, California",37,28,26,24,0,14,5,8,0,14,14,19,2,4,1,4,0,14,0,14,4,7,0,14,11,11,0,14,1,5,0,14,4,6,4,6,0,14,0,14,0,14,0,14,2,5,06,86496
"Wrightwood CDP, California",1713,306,1070,202,0,19,209,125,167,83,68,64,192,113,25,41,65,61,132,96,212,102,0,19,643,296,250,164,226,232,21,31,23,35,26,41,54,85,23,36,0,19,20,37,0,19,06,86594
"Yankee Hill CDP, California",84,45,21,23,0,14,3,5,0,14,8,12,0,14,0,14,0,14,0,14,10,17,0,14,63,41,47,38,0,14,8,13,0,14,8,12,0,14,0,14,0,14,0,14,0,14,06,86678
"Yermo CDP, California",178,119,86,103,34,66,52,71,0,14,0,14,0,14,0,14,0,14,0,14,0,14,0,14,92,83,32,43,40,65,11,17,9,15,0,14,0,14,0,14,0,14,0,14,0,14,06,86720
"Yettem CDP, California",0,14,0,14,0,14,0,14,0,14,0,14,0,14,0,14,0,14,0,14,0,14,0,14,0,14,0,14,0,14,0,14,0,14,0,14,0,14,0,14,0,14,0,14,0,14,06,86734
"Yolo CDP, California",0,14,0,14,0,14,0,14,0,14,0,14,0,14,0,14,0,14,0,14,0,14,0,14,0,14,0,14,0,14,0,14,0,14,0,14,0,14,0,14,0,14,0,14,0,14,06,86804
"Yorba Linda city, California",19020,671,13073,703,688,145,1768,346,2188,352,2145,325,1369,198,1227,235,741,214,838,217,2012,325,97,57,5947,507,2553,345,932,205,557,146,445,161,232,101,229,85,105,63,288,137,500,212,106,54,06,86832
"Yosemite Lakes CDP, California",1524,185,1149,191,77,60,162,100,100,61,177,98,143,78,170,85,121,67,47,41,152,98,0,19,375,103,209,86,34,34,22,26,40,37,0,19,17,20,6,8,35,34,12,19,0,19,06,86878
"Yosemite Valley CDP, California",0,14,0,14,0,14,0,14,0,14,0,14,0,14,0,14,0,14,0,14,0,14,0,14,0,14,0,14,0,14,0,14,0,14,0,14,0,14,0,14,0,14,0,14,0,14,06,86912
"Yosemite West CDP, California",22,24,5,9,0,14,0,14,0,14,5,9,0,14,0,14,0,14,0,14,0,14,0,14,17,23,13,21,0,14,0,14,0,14,0,14,0,14,0,14,0,14,4,8,0,14,06,86916
"Yountville city, California",996,2854,441,1096,89,227,12,23,16,65,39,112,59,106,36,63,49,247,18,27,123,284,0,14,555,1764,97,260,206,701,44,248,22,74,29,48,15,30,22,88,27,80,93,274,0,14,06,86930
"Yreka city, California",1959,255,1126,209,126,144,209,140,211,105,172,104,85,56,66,52,6,11,109,87,142,85,0,19,833,190,241,90,191,122,70,44,38,31,87,52,30,27,61,63,15,19,74,61,26,26,06,86944
"Yuba City city, California",13535,709,8931,620,604,242,1353,299,1581,335,969,258,860,199,1093,309,559,161,552,184,1338,290,22,31,4604,495,2043,305,625,185,617,203,192,74,219,125,106,89,156,82,114,74,505,197,27,34,06,86972
"Yucaipa city, California",13590,759,8645,643,503,220,873,237,1653,294,1082,247,1312,313,703,208,614,273,568,183,1325,284,12,27,4945,607,1784,471,1261,301,351,168,242,102,321,141,112,72,155,78,110,67,539,212,70,43,06,87042
"Yucca Valley town, California",5708,483,3376,395,151,88,816,302,496,177,247,110,585,219,150,88,149,86,254,118,528,218,0,25,2332,339,736,202,581,211,189,121,76,72,178,121,127,89,38,40,140,68,267,152,0,25,06,87056
"Zayante CDP, California",156,60,149,60,0,14,0,14,52,49,22,30,27,33,14,17,7,11,27,30,0,14,0,14,7,13,0,14,0,14,0,14,0,14,0,14,0,14,0,14,0,14,7,13,0,14,06,87090
