NAME,B25070_001E,B25070_001M,B25070_002E,B25070_002M,B25070_003E,B25070_003M,B25070_004E,B25070_004M,B25070_005E,B25070_005M,B25070_006E,B25070_006M,B25070_007E,B25070_007M,B25070_008E,B25070_008M,B25070_009E,B25070_009M,B25070_010E,B25070_010M,B25070_011E,B25070_011M,state,place
"Acalanes Ridge CDP, California",111,63,0,14,15,23,0,14,32,45,0,14,0,14,0,14,33,38,8,12,23,27,06,00135
"Acampo CDP, California",68,105,0,14,0,14,0,14,0,14,0,14,0,14,0,14,68,105,0,14,0,14,06,00156
"Acton CDP, California",214,118,0,19,24,30,0,19,10,15,0,19,0,19,12,21,48,74,11,17,109,95,06,00212
"Adelanto city, California",3525,402,161,111,316,187,137,82,468,150,274,138,196,119,194,102,140,92,1314,314,325,212,06,00296
"Adin CDP, California",22,24,0,14,0,14,0,14,0,14,0,14,0,14,0,14,0,14,11,18,11,19,06,00310
"Agoura Hills city, California",1303,238,11,17,158,88,124,65,98,67,82,70,61,67,85,47,137,86,461,156,86,72,06,00394
"Agua Dulce CDP, California",121,74,0,14,26,25,0,14,23,38,0,14,0,14,0,14,0,14,62,57,10,17,06,00450
"Aguanga CDP, California",28,31,0,14,6,11,22,30,0,14,0,14,0,14,0,14,0,14,0,14,0,14,06,00464
"Ahwahnee CDP, California",110,82,0,14,0,14,10,16,0,14,0,14,0,14,52,81,10,17,38,37,0,14,06,00478
"Airport CDP, California",174,71,0,14,0,14,4,7,27,43,6,20,1,4,0,14,0,14,119,66,17,20,06,00535
"Alameda city, California",14794,776,755,273,1405,285,2267,330,1689,280,1735,329,1080,288,943,248,1191,293,3146,516,583,200,06,00562
"Alamo CDP, California",415,167,14,22,10,16,14,22,58,59,51,64,88,86,13,21,21,32,114,129,32,27,06,00618
"Albany city, California",3576,225,117,54,352,134,666,138,413,120,342,106,172,63,329,125,278,90,821,146,86,49,06,00674
"Albion CDP, California",66,61,0,14,0,14,0,14,0,14,0,14,0,14,0,14,0,14,0,14,66,61,06,00716
"Alderpoint CDP, California",0,14,0,14,0,14,0,14,0,14,0,14,0,14,0,14,0,14,0,14,0,14,06,00786
"Alhambra city, California",17935,605,361,132,1452,278,2003,347,2175,353,2081,311,1785,331,1044,221,1556,294,4542,486,936,193,06,00884
"Alhambra Valley CDP, California",43,47,9,16,0,14,34,53,0,14,0,14,0,14,0,14,0,14,0,14,0,14,06,00898
"Aliso Viejo city, California",8495,611,165,119,290,129,1109,341,910,267,1093,292,1220,305,483,153,824,297,2119,374,282,159,06,00947
"Alleghany CDP, California",10,17,10,17,0,14,0,14,0,14,0,14,0,14,0,14,0,14,0,14,0,14,06,00982
"Allendale CDP, California",134,77,0,14,0,14,9,15,0,14,19,30,15,21,0,14,30,47,28,32,33,51,06,00996
"Allensworth CDP, California",41,27,2,3,3,4,14,20,0,14,6,9,2,3,2,3,0,14,9,11,3,4,06,01010
"Almanor CDP, California",0,14,0,14,0,14,0,14,0,14,0,14,0,14,0,14,0,14,0,14,0,14,06,01094
"Alondra Park CDP, California",1276,139,11,18,42,56,95,58,186,116,161,86,168,97,241,112,124,86,240,111,8,15,06,01150
"Alpaugh CDP, California",130,81,0,14,16,17,0,14,6,9,5,9,6,9,37,62,0,14,40,34,20,19,06,01164
"Alpine CDP, California",1412,278,138,165,51,75,232,149,18,29,57,58,156,128,141,135,85,95,415,202,119,124,06,01192
"Alpine Village CDP, California",27,26,0,14,0,14,0,14,11,15,0,14,0,14,0,14,0,14,3,4,13,19,06,01228
"Alta CDP, California",21,14,0,14,0,14,3,4,3,5,0,14,0,14,0,14,4,6,0,14,11,13,06,01276
"Altadena CDP, California",3489,516,15,22,171,101,368,205,212,105,469,172,225,113,199,117,440,169,1057,269,333,197,06,01290
"Alta Sierra CDP (Kern County), California",0,14,0,14,0,14,0,14,0,14,0,14,0,14,0,14,0,14,0,14,0,14,06,01358
"Alta Sierra CDP (Nevada County), California",398,178,0,19,25,42,68,60,82,70,45,54,0,19,90,117,0,19,69,77,19,30,06,01360
"Alto CDP, California",239,118,0,14,83,88,0,14,17,28,63,101,17,27,0,14,0,14,59,74,0,14,06,01416
"Alturas city, California",354,104,22,31,34,32,19,24,39,33,60,49,7,14,0,14,66,47,69,51,38,39,06,01444
"Alum Rock CDP, California",789,179,42,42,37,43,107,76,120,73,47,41,52,49,102,82,93,74,139,91,50,49,06,01458
"Amador City city, California",37,26,0,14,18,16,7,8,8,12,0,14,0,14,0,14,2,3,2,5,0,14,06,01514
"Amador Pines CDP, California",32,42,0,14,0,14,0,14,0,14,0,14,0,14,16,30,0,14,16,27,0,14,06,01518
"American Canyon city, California",1541,234,8,14,171,95,151,85,186,79,45,36,121,83,85,74,257,117,468,175,49,43,06,01640
"Amesti CDP, California",164,72,0,14,0,14,15,23,9,10,10,16,2,3,0,14,16,25,106,67,6,10,06,01651
"Anaheim city, California",57162,1606,1379,315,2732,408,5695,629,5143,660,6744,712,4988,482,4417,612,5679,568,18157,1324,2228,471,06,02000
"Anchor Bay CDP, California",172,151,0,14,0,14,0,14,0,14,172,151,0,14,0,14,0,14,0,14,0,14,06,02028
"Anderson city, California",2024,331,48,46,102,80,83,56,182,109,131,87,263,144,214,105,214,128,543,219,244,222,06,02042
"Angels city, California",294,135,14,26,0,14,0,14,0,14,0,14,65,74,78,78,0,14,75,62,62,90,06,02112
"Angwin CDP, California",339,112,30,32,84,72,33,27,21,22,29,24,7,11,13,23,52,54,70,64,0,14,06,02168
"Antelope CDP, California",4548,655,65,73,79,63,421,228,867,287,673,199,398,216,451,283,323,169,1044,389,227,139,06,02210
"Antioch city, California",13592,746,249,103,918,361,892,255,1651,319,950,296,1006,279,1556,466,1279,345,4281,519,810,282,06,02252
"Anza CDP, California",148,139,54,90,0,14,6,16,0,14,0,14,0,14,38,60,50,80,0,14,0,14,06,02294
"Apple Valley town, California",7586,592,245,163,424,212,657,219,759,210,575,199,629,310,892,321,728,233,2295,509,382,157,06,02364
"Aptos CDP, California",723,245,0,19,125,170,97,52,146,126,72,66,0,19,59,53,17,21,178,115,29,28,06,02378
"Aptos Hills-Larkin Valley CDP, California",176,104,17,29,11,18,13,20,3,8,0,14,0,14,74,44,0,14,0,14,58,88,06,02382
"Arbuckle CDP, California",215,105,27,45,26,46,53,55,14,22,0,14,0,14,72,68,8,15,15,24,0,14,06,02420
"Arcadia city, California",8049,549,106,77,632,243,1039,251,688,188,640,192,665,196,720,277,783,195,2209,373,567,160,06,02462
"Arcata city, California",5011,379,59,52,195,104,455,212,516,174,616,245,297,188,312,160,428,167,2024,380,109,53,06,02476
"Arden-Arcade CDP, California",20667,791,405,155,1588,332,1716,347,2434,391,1814,325,1626,311,1854,503,1843,352,6549,624,838,269,06,02553
"Armona CDP, California",432,155,65,68,62,64,0,14,51,56,54,59,0,14,19,24,72,66,109,85,0,14,06,02700
"Arnold CDP, California",200,116,0,14,0,14,32,49,62,63,0,14,12,16,25,35,0,14,49,74,20,28,06,02770
"Aromas CDP, California",297,188,52,59,42,63,47,68,0,14,144,189,0,14,0,14,0,14,12,20,0,14,06,02812
"Arroyo Grande city, California",3038,420,51,51,133,80,519,230,105,69,270,176,550,305,242,175,387,185,666,196,115,74,06,02868
"Artesia city, California",2278,284,101,65,257,114,193,143,350,205,251,137,246,114,197,134,83,61,540,196,60,49,06,02896
"Artois CDP, California",0,14,0,14,0,14,0,14,0,14,0,14,0,14,0,14,0,14,0,14,0,14,06,02910
"Arvin city, California",2135,234,42,55,137,86,167,93,236,104,234,97,144,77,152,89,307,135,605,184,111,78,06,02924
"Ashland CDP, California",4894,407,176,106,322,141,468,209,508,219,390,141,448,181,391,195,601,186,1422,374,168,91,06,02980
"Aspen Springs CDP, California",87,103,0,14,19,37,0,14,0,14,0,14,0,14,0,14,0,14,0,14,68,105,06,03026
"Atascadero city, California",4094,438,299,152,123,64,369,147,470,173,533,222,215,113,440,215,526,213,858,217,261,176,06,03064
"Atherton town, California",277,140,33,35,0,19,128,125,31,34,0,19,9,14,7,11,0,19,37,42,32,27,06,03092
"Atwater city, California",4731,476,82,68,314,134,686,281,554,172,478,173,422,186,195,130,431,179,1379,325,190,105,06,03162
"Auberry CDP, California",205,99,15,27,86,91,8,9,8,12,13,21,0,14,0,14,11,19,16,21,48,44,06,03190
"Auburn city, California",2279,277,97,85,182,108,208,122,215,124,182,75,150,103,345,134,180,114,644,193,76,84,06,03204
"Auburn Lake Trails CDP, California",88,86,0,14,57,74,0,14,0,14,0,14,16,27,0,14,0,14,15,24,0,14,06,03205
"August CDP, California",1014,177,34,31,107,79,0,19,79,72,144,84,36,40,0,19,48,48,472,154,94,67,06,03209
"Avalon city, California",668,230,0,14,0,14,159,127,57,73,43,71,240,168,0,14,127,117,0,14,42,68,06,03274
"Avenal city, California",1528,334,0,21,309,232,176,112,162,115,122,97,254,197,86,80,109,109,281,169,29,49,06,03302
"Avery CDP, California",15,24,0,14,0,14,0,14,0,14,15,24,0,14,0,14,0,14,0,14,0,14,06,03316
"Avila Beach CDP, California",79,78,0,14,0,14,0,14,9,16,21,35,0,14,0,14,0,14,49,69,0,14,06,03330
"Avocado Heights CDP, California",912,195,17,19,96,66,41,48,113,82,56,39,76,55,22,37,74,59,304,129,113,97,06,03344
"Azusa city, California",6656,438,159,85,342,164,637,179,914,210,920,212,705,223,456,166,740,218,1547,300,236,99,06,03386
"Baker CDP, California",95,60,4,7,7,11,7,11,0,14,6,11,26,42,11,19,0,14,23,21,11,15,06,03512
"Bakersfield city, California",51104,1795,1303,355,3568,568,5166,614,5454,748,5316,601,4231,556,3864,684,4900,610,14308,991,2994,515,06,03526
"Bakersfield Country Club CDP, California",50,38,0,14,0,14,0,14,20,30,0,14,0,14,0,14,0,14,0,14,30,25,06,03546
"Baldwin Park city, California",7735,458,217,91,473,126,666,202,720,208,982,212,766,260,626,196,772,173,1940,326,573,207,06,03666
"Ballard CDP, California",75,36,0,14,4,6,0,14,10,10,0,14,17,18,4,7,14,21,12,18,14,21,06,03694
"Ballico CDP, California",22,21,0,14,0,14,3,5,0,14,0,14,0,14,0,14,4,6,15,21,0,14,06,03708
"Bangor CDP, California",8,10,0,14,0,14,4,7,0,14,0,14,0,14,0,14,0,14,4,7,0,14,06,03792
"Banning city, California",3467,406,88,117,244,107,211,88,437,161,252,152,339,134,270,126,291,138,1096,339,239,134,06,03820
"Barstow city, California",5145,507,259,157,440,204,823,344,594,250,185,121,514,215,322,171,496,231,1217,355,295,168,06,04030
"Bass Lake CDP, California",0,14,0,14,0,14,0,14,0,14,0,14,0,14,0,14,0,14,0,14,0,14,06,04198
"Bay Point CDP, California",2998,393,28,32,179,102,586,263,308,136,313,149,289,147,76,55,303,155,833,238,83,72,06,04415
"Bayview CDP (Contra Costa County), California",288,263,0,14,0,14,0,14,194,253,0,14,29,43,28,28,15,23,8,15,14,22,06,04470
"Bayview CDP (Humboldt County), California",435,136,0,14,30,34,75,61,35,38,11,19,44,68,0,14,68,50,129,106,43,43,06,04478
"Baywood Park CDP, California",59,54,0,14,10,16,30,50,0,14,9,14,0,14,0,14,0,14,10,16,0,14,06,04549
"Beale AFB CDP, California",397,70,0,14,10,17,35,29,45,29,11,13,43,45,23,21,14,17,191,74,25,27,06,04576
"Bear Creek CDP, California",11,21,0,14,0,14,0,14,0,14,0,14,0,14,0,14,11,21,0,14,0,14,06,04632
"Bear Valley CDP (Alpine County), California",14,23,0,14,0,14,0,14,0,14,14,23,0,14,0,14,0,14,0,14,0,14,06,04716
"Bear Valley CDP (Mariposa County), California",34,37,0,14,0,14,0,14,14,26,0,14,0,14,0,14,0,14,20,36,0,14,06,04730
"Bear Valley Springs CDP, California",151,104,0,19,31,36,0,19,11,18,36,38,0,19,8,15,0,19,22,26,43,56,06,04734
"Beaumont city, California",3395,480,189,120,271,127,285,156,219,104,477,280,523,229,111,89,166,88,958,316,196,125,06,04758
"Beckwourth CDP, California",18,30,0,14,0,14,18,30,0,14,0,14,0,14,0,14,0,14,0,14,0,14,06,04772
"Belden CDP, California",0,14,0,14,0,14,0,14,0,14,0,14,0,14,0,14,0,14,0,14,0,14,06,04856
"Bell city, California",6744,491,113,103,495,161,579,173,638,191,531,156,432,205,459,151,873,237,2430,324,194,115,06,04870
"Bella Vista CDP, California",214,123,6,8,0,14,26,41,0,14,17,28,0,14,78,71,18,20,0,14,69,66,06,04926
"Bell Canyon CDP, California",24,23,0,14,0,14,0,14,0,14,12,14,0,14,12,19,0,14,0,14,0,14,06,04938
"Bellflower city, California",14450,633,345,146,857,259,1515,284,1714,316,1448,288,1235,261,1216,237,1589,252,4049,564,482,157,06,04982
"Bell Gardens city, California",7653,399,157,83,506,127,961,243,996,204,607,143,677,176,507,195,751,184,2229,307,262,134,06,04996
"Belmont city, California",4741,402,140,113,721,226,775,222,500,212,479,196,442,239,231,92,291,119,939,275,223,143,06,05108
"Belvedere city, California",284,75,15,23,31,25,18,25,41,31,0,14,5,7,16,14,16,14,142,57,0,14,06,05164
"Benbow CDP, California",53,59,0,14,0,14,0,14,53,59,0,14,0,14,0,14,0,14,0,14,0,14,06,05262
"Bend CDP, California",16,25,0,14,0,14,0,14,0,14,0,14,0,14,0,14,0,14,16,25,0,14,06,05276
"Benicia city, California",3372,420,0,25,203,92,408,143,320,134,314,125,354,170,107,73,251,111,1270,291,145,105,06,05290
"Ben Lomond CDP, California",616,260,34,35,21,29,59,89,71,51,19,22,85,86,9,13,63,55,205,223,50,45,06,05332
"Benton CDP, California",50,44,0,14,0,14,0,14,0,14,0,14,0,14,0,14,0,14,23,34,27,21,06,05346
"Benton Park CDP, California",619,181,15,24,107,78,71,63,42,51,65,46,17,26,31,35,24,35,240,125,7,12,06,05356
"Berkeley city, California",26306,1000,1052,219,1976,316,2796,432,2826,406,2314,440,1759,335,1456,359,2180,432,8370,716,1577,288,06,06000
"Bermuda Dunes CDP, California",1643,260,0,19,97,77,145,113,284,127,107,86,245,149,39,45,252,160,380,168,94,79,06,06028
"Berry Creek CDP, California",25,24,0,14,0,14,10,16,0,14,0,14,0,14,4,6,0,14,11,17,0,14,06,06070
"Bertsch-Oceanview CDP, California",119,86,2,4,0,14,1,3,12,21,1,2,26,31,0,14,0,14,76,77,1,4,06,06150
"Bethel Island CDP, California",309,171,0,14,0,14,22,36,70,108,0,14,0,14,0,14,0,14,120,142,97,148,06,06210
"Beverly Hills city, California",8522,604,733,287,512,171,876,251,676,247,816,237,616,238,361,191,601,212,2775,468,556,197,06,06308
"Bieber CDP, California",14,18,11,18,0,14,0,14,0,14,0,14,3,4,0,14,0,14,0,14,0,14,06,06336
"Big Bear City CDP, California",1538,389,29,47,71,84,129,84,271,154,21,31,107,74,47,59,269,183,354,160,240,216,06,06406
"Big Bear Lake city, California",809,180,0,19,10,15,85,65,134,94,30,48,63,56,67,52,92,60,209,82,119,77,06,06434
"Big Bend CDP, California",6,7,0,14,0,14,0,14,3,5,0,14,0,14,0,14,0,14,3,5,0,14,06,06475
"Big Creek CDP, California",9,10,9,10,0,14,0,14,0,14,0,14,0,14,0,14,0,14,0,14,0,14,06,06518
"Biggs city, California",215,82,0,14,0,14,0,14,70,62,21,24,7,10,41,46,11,19,41,31,24,22,06,06560
"Big Lagoon CDP, California",11,11,0,14,0,14,0,14,0,14,6,9,0,14,0,14,0,14,0,14,5,5,06,06567
"Big Pine CDP, California",175,63,0,14,37,28,5,6,36,31,7,10,0,14,17,17,3,5,39,34,31,28,06,06616
"Big River CDP, California",122,52,0,14,34,40,15,16,0,14,0,14,5,8,0,14,8,12,34,26,26,23,06,06635
"Biola CDP, California",101,81,0,14,0,14,0,14,14,22,0,14,0,14,0,14,12,20,75,76,0,14,06,06728
"Bishop city, California",890,281,163,148,72,65,168,111,99,74,37,53,96,108,27,37,50,67,178,146,0,14,06,06798
"Blackhawk CDP, California",403,155,7,11,29,42,73,52,31,49,37,35,89,79,86,131,24,27,27,30,0,21,06,06928
"Blacklake CDP, California",108,96,0,14,17,27,0,14,24,39,0,14,0,14,0,14,0,14,67,90,0,14,06,06935
"Black Point-Green Point CDP, California",105,66,0,14,21,31,0,14,24,28,13,22,25,26,0,14,0,14,22,33,0,14,06,06982
"Blairsden CDP, California",0,14,0,14,0,14,0,14,0,14,0,14,0,14,0,14,0,14,0,14,0,14,06,06994
"Bloomfield CDP, California",20,22,0,14,0,14,0,14,0,14,0,14,0,14,9,15,0,14,11,18,0,14,06,07036
"Bloomington CDP, California",1982,349,59,46,199,109,244,123,47,36,338,214,177,123,234,149,213,118,436,140,35,50,06,07064
"Blue Lake city, California",263,95,1,4,33,29,31,25,0,14,0,14,22,27,0,14,18,31,112,79,46,45,06,07162
"Bluewater CDP, California",8,12,0,14,0,14,0,14,0,14,0,14,0,14,8,12,0,14,0,14,0,14,06,07172
"Blythe city, California",1767,245,158,79,157,77,123,76,125,95,181,85,138,87,121,68,193,121,432,137,139,84,06,07218
"Bodega CDP, California",0,14,0,14,0,14,0,14,0,14,0,14,0,14,0,14,0,14,0,14,0,14,06,07246
"Bodega Bay CDP, California",131,81,31,50,23,13,0,14,35,48,0,14,0,14,18,23,0,14,0,14,24,40,06,07260
"Bodfish CDP, California",275,165,0,14,0,14,52,74,31,34,0,14,0,14,42,65,0,14,80,100,70,91,06,07274
"Bolinas CDP, California",158,77,0,14,0,14,28,47,17,20,17,28,6,9,19,31,0,14,65,50,6,10,06,07316
"Bombay Beach CDP, California",38,44,0,14,29,51,0,14,0,14,0,14,0,14,0,14,0,14,9,15,0,14,06,07372
"Bonadelle Ranchos CDP, California",97,62,0,19,0,19,27,42,17,25,0,19,0,19,0,19,12,20,28,31,13,20,06,07378
"Bonita CDP, California",1062,351,0,21,0,21,120,88,123,79,104,95,81,88,63,72,316,270,194,111,61,57,06,07414
"Bonny Doon CDP, California",237,109,0,14,13,20,39,30,0,14,61,80,21,24,0,14,0,14,17,20,86,61,06,07470
"Bonsall CDP, California",511,149,0,14,37,39,39,35,48,51,55,54,44,45,0,14,66,39,145,109,77,66,06,07498
"Boonville CDP, California",111,96,0,14,0,14,12,22,0,14,16,26,15,24,17,29,0,14,51,81,0,14,06,07512
"Bootjack CDP, California",37,31,0,14,9,15,0,14,11,23,0,14,0,14,0,14,0,14,0,14,17,19,06,07525
"Boron CDP, California",477,178,0,14,44,36,27,28,13,19,116,133,70,54,0,14,75,51,96,74,36,31,06,07568
"Boronda CDP, California",250,143,5,9,20,32,0,14,21,32,4,10,23,40,39,60,26,40,76,72,36,49,06,07578
"Borrego Springs CDP, California",404,149,44,69,127,110,20,32,0,14,92,98,35,53,29,48,0,14,57,69,0,14,06,07596
"Bostonia CDP, California",3334,417,33,53,32,52,450,274,408,217,328,178,354,182,81,61,289,230,1254,341,105,77,06,07624
"Boulder Creek CDP, California",474,184,13,22,0,14,52,59,32,43,0,14,85,92,81,95,42,49,151,105,18,29,06,07652
"Boulevard CDP, California",48,52,18,29,0,14,0,14,0,14,0,14,30,46,0,14,0,14,0,14,0,14,06,07694
"Bowles CDP, California",0,14,0,14,0,14,0,14,0,14,0,14,0,14,0,14,0,14,0,14,0,14,06,07750
"Boyes Hot Springs CDP, California",1013,281,0,19,16,25,179,131,163,114,69,75,178,204,70,70,24,36,276,165,38,42,06,07848
"Bradbury city, California",20,14,0,14,2,3,7,9,0,14,0,14,0,14,0,14,0,14,6,8,5,5,06,07946
"Bradley CDP, California",11,14,0,14,0,14,0,14,0,14,0,14,11,14,0,14,0,14,0,14,0,14,06,07974
"Brawley city, California",3816,367,103,70,611,203,299,125,385,169,474,210,371,201,150,97,183,102,1092,286,148,102,06,08058
"Brea city, California",6759,553,128,91,488,185,579,249,1017,272,840,255,892,245,374,152,416,165,1795,307,230,119,06,08100
"Brentwood city, California",3783,497,55,56,164,83,238,117,450,169,512,199,399,171,253,142,374,231,1039,259,299,164,06,08142
"Bret Harte CDP, California",701,180,34,40,43,43,145,132,91,70,12,18,35,39,0,14,0,14,305,151,36,57,06,08172
"Bridgeport CDP, California",9,10,0,14,0,14,0,14,0,14,5,7,0,14,0,14,0,14,0,14,4,7,06,08240
"Brisbane city, California",866,305,181,247,71,54,255,146,36,36,12,20,13,21,41,43,64,72,192,145,1,3,06,08310
"Broadmoor CDP, California",366,165,0,14,21,35,157,185,20,31,47,43,0,14,0,14,107,103,14,23,0,14,06,08338
"Brookdale CDP, California",363,197,0,14,14,22,90,144,29,34,29,46,80,126,0,14,21,35,100,113,0,14,06,08478
"Brooks CDP, California",0,14,0,14,0,14,0,14,0,14,0,14,0,14,0,14,0,14,0,14,0,14,06,08506
"Brooktrails CDP, California",139,110,0,14,0,14,22,35,0,14,0,14,75,97,0,14,17,29,25,31,0,14,06,08530
"Buckhorn CDP, California",150,88,0,14,0,14,8,16,29,43,35,37,20,29,12,19,22,31,24,34,0,14,06,08680
"Buck Meadows CDP, California",0,14,0,14,0,14,0,14,0,14,0,14,0,14,0,14,0,14,0,14,0,14,06,08716
"Bucks Lake CDP, California",0,14,0,14,0,14,0,14,0,14,0,14,0,14,0,14,0,14,0,14,0,14,06,08744
"Buellton city, California",779,169,31,41,41,40,37,36,133,169,130,68,211,125,8,12,41,41,141,85,6,11,06,08758
"Buena Park city, California",10944,708,256,119,714,202,1054,282,1421,387,1505,399,571,199,620,206,1381,435,3060,403,362,144,06,08786
"Buena Vista CDP, California",42,53,0,14,0,14,0,14,32,50,0,14,0,14,0,14,10,18,0,14,0,14,06,08828
"Burbank city, California",24397,1029,449,188,1194,323,2567,460,2504,415,2757,433,2544,493,1261,320,2324,494,7740,775,1057,308,06,08954
"Burbank CDP, California",775,184,9,15,26,30,115,66,118,85,90,82,87,70,14,16,180,132,136,99,0,19,06,08968
"Burlingame city, California",6351,489,266,96,568,189,763,178,1035,361,788,186,617,198,315,138,623,252,1179,240,197,118,06,09066
"Burney CDP, California",363,126,0,14,0,14,0,14,82,62,36,27,0,14,13,21,14,24,104,78,114,69,06,09122
"Burnt Ranch CDP, California",12,21,0,14,0,14,0,14,0,14,0,14,12,21,0,14,0,14,0,14,0,14,06,09150
"Butte Creek Canyon CDP, California",24,33,0,14,11,19,0,14,0,14,0,14,13,27,0,14,0,14,0,14,0,14,06,09310
"Butte Meadows CDP, California",0,14,0,14,0,14,0,14,0,14,0,14,0,14,0,14,0,14,0,14,0,14,06,09318
"Butte Valley CDP, California",10,13,0,14,0,14,0,14,0,14,0,14,0,14,0,14,0,14,0,14,10,13,06,09324
"Buttonwillow CDP, California",224,73,11,16,13,21,19,20,13,15,0,14,12,18,18,19,45,36,83,56,10,16,06,09332
"Byron CDP, California",214,117,0,14,26,46,8,11,36,35,38,50,14,21,0,14,0,14,68,94,24,37,06,09346
"Bystrom CDP, California",478,135,0,14,10,15,23,37,20,29,44,41,29,46,57,37,29,47,206,112,60,56,06,09353
"Cabazon CDP, California",278,124,0,14,0,14,43,41,44,50,0,14,0,14,0,14,34,53,120,87,37,54,06,09360
"Calabasas city, California",2784,330,13,22,102,64,198,108,226,99,143,83,181,102,168,70,249,139,1287,334,217,157,06,09598
"Calexico city, California",5017,572,213,90,219,126,365,155,637,216,475,175,372,160,464,274,592,265,1406,439,274,126,06,09710
"California City city, California",2073,361,66,69,102,68,154,118,175,101,153,101,71,64,215,133,149,122,883,307,105,87,06,09780
"California Hot Springs CDP, California",0,14,0,14,0,14,0,14,0,14,0,14,0,14,0,14,0,14,0,14,0,14,06,09822
"California Pines CDP, California",62,53,32,40,0,14,0,14,21,32,0,14,0,14,0,14,9,15,0,14,0,14,06,09834
"California Polytechnic State University CDP, California",28,30,0,19,0,19,0,19,0,19,0,19,0,19,14,23,0,19,0,19,14,21,06,09835
"Calimesa city, California",425,217,0,21,43,48,32,37,10,17,195,196,7,12,14,20,0,21,61,54,63,60,06,09864
"Calipatria city, California",435,155,0,19,81,80,46,47,57,58,0,19,46,72,0,19,0,19,182,132,23,40,06,09878
"Calistoga city, California",1003,178,70,110,59,84,169,150,51,58,202,167,99,75,53,50,184,179,76,60,40,49,06,09892
"Callender CDP, California",344,251,0,14,0,14,163,210,52,83,0,14,0,14,20,32,0,14,96,137,13,23,06,09948
"Calpella CDP, California",0,14,0,14,0,14,0,14,0,14,0,14,0,14,0,14,0,14,0,14,0,14,06,09990
"Calpine CDP, California",0,14,0,14,0,14,0,14,0,14,0,14,0,14,0,14,0,14,0,14,0,14,06,10004
"Calwa CDP, California",242,102,34,50,58,64,0,14,10,16,6,9,66,57,0,14,0,14,58,49,10,18,06,10032
"Camanche North Shore CDP, California",37,28,0,14,13,20,0,14,24,15,0,14,0,14,0,14,0,14,0,14,0,14,06,10042
"Camanche Village CDP, California",53,54,39,52,0,14,0,14,0,14,0,14,0,14,0,14,0,14,14,16,0,14,06,10044
"Camarillo city, California",9300,625,144,121,626,223,672,203,825,293,1071,254,773,233,711,260,1110,251,2973,513,395,167,06,10046
"Cambria CDP, California",630,203,0,19,0,19,108,98,57,60,6,12,70,50,45,40,64,73,260,111,20,24,06,10074
"Cambrian Park CDP, California",363,160,0,14,0,14,85,70,85,62,92,105,28,46,11,17,49,75,4,13,9,14,06,10088
"Cameron Park CDP, California",2537,331,0,21,352,176,202,94,335,179,426,175,237,123,109,70,197,123,584,197,95,67,06,10256
"Camino CDP, California",285,121,10,16,0,14,83,75,13,18,0,14,31,40,58,91,18,29,72,58,0,14,06,10270
"Camino Tassajara CDP, California",309,113,25,43,0,19,45,42,10,16,39,31,11,19,0,19,53,63,59,38,67,105,06,10301
"Campbell city, California",8180,401,299,111,589,258,1136,246,999,204,898,208,894,275,663,246,864,324,1552,344,286,160,06,10345
"Camp Nelson CDP, California",0,14,0,14,0,14,0,14,0,14,0,14,0,14,0,14,0,14,0,14,0,14,06,10494
"Campo CDP, California",193,131,0,14,14,22,49,66,22,47,1,2,0,14,0,14,53,72,50,47,4,5,06,10508
"Campo Seco CDP, California",0,14,0,14,0,14,0,14,0,14,0,14,0,14,0,14,0,14,0,14,0,14,06,10536
"Camp Pendleton Mainside CDP, California",1103,365,0,19,30,48,0,19,0,19,88,90,91,103,125,132,165,165,381,258,223,190,06,10554
"Camp Pendleton South CDP, California",4564,701,71,89,0,21,0,21,208,131,181,156,254,182,290,289,1147,420,2243,671,170,142,06,10561
"Camptonville CDP, California",0,14,0,14,0,14,0,14,0,14,0,14,0,14,0,14,0,14,0,14,0,14,06,10676
"Canby CDP, California",0,14,0,14,0,14,0,14,0,14,0,14,0,14,0,14,0,14,0,14,0,14,06,10732
"Cantua Creek CDP, California",58,50,0,14,0,14,0,14,39,47,0,14,0,14,0,14,0,14,0,14,19,31,06,10816
"Canyondam CDP, California",0,14,0,14,0,14,0,14,0,14,0,14,0,14,0,14,0,14,0,14,0,14,06,10914
"Canyon Lake city, California",622,268,44,56,0,21,228,223,14,24,54,44,0,21,41,51,45,35,142,90,54,43,06,10928
"Capitola city, California",2183,316,46,40,16,27,199,111,457,204,489,243,165,85,76,51,213,133,408,132,114,69,06,11040
"Caribou CDP, California",0,14,0,14,0,14,0,14,0,14,0,14,0,14,0,14,0,14,0,14,0,14,06,11166
"Carlsbad city, California",16350,815,317,150,1053,400,1546,328,2276,387,1648,327,1162,292,1166,340,2104,433,4471,579,607,207,06,11194
"Carmel-by-the-Sea city, California",646,236,83,115,37,41,110,85,0,14,44,43,61,60,44,44,60,59,179,148,28,34,06,11250
"Carmel Valley Village CDP, California",421,140,0,14,32,38,68,53,18,29,79,92,23,27,14,22,51,49,113,76,23,26,06,11324
"Carmet CDP, California",30,48,0,14,0,14,0,14,30,48,0,14,0,14,0,14,0,14,0,14,0,14,06,11376
"Carmichael CDP, California",14927,932,441,194,903,330,1316,370,1642,398,1488,299,1184,341,1183,352,1856,493,4201,484,713,181,06,11390
"Carnelian Bay CDP, California",21,25,0,14,8,13,0,14,0,14,0,14,0,14,13,22,0,14,0,14,0,14,06,11418
"Carpinteria city, California",1976,328,35,36,46,45,213,125,197,127,184,110,117,66,299,174,153,98,686,241,46,46,06,11446
"Carrick CDP, California",0,14,0,14,0,14,0,14,0,14,0,14,0,14,0,14,0,14,0,14,0,14,06,11481
"Carson city, California",7000,609,453,160,557,198,735,260,764,214,636,198,502,176,611,186,540,189,1880,356,322,170,06,11530
"Cartago CDP, California",22,20,0,14,0,14,13,13,9,17,0,14,0,14,0,14,0,14,0,14,0,14,06,11600
"Caruthers CDP, California",246,131,32,36,16,26,19,31,101,100,0,14,0,14,0,14,40,64,32,43,6,9,06,11614
"Casa Conejo CDP, California",54,35,0,14,17,26,0,14,5,8,6,11,17,22,6,10,0,14,0,14,3,5,06,11656
"Casa de Oro-Mount Helix CDP, California",1511,228,48,58,18,18,246,132,146,100,254,122,49,34,80,62,85,57,468,156,117,87,06,11691
"Casa Loma CDP, California",301,141,0,14,22,35,107,114,12,21,10,17,0,14,12,20,38,42,100,83,0,14,06,11696
"Casmalia CDP, California",19,23,0,14,0,14,0,14,0,14,8,15,0,14,0,14,0,14,11,17,0,14,06,11754
"Caspar CDP, California",67,57,0,14,0,14,0,14,0,14,33,50,0,14,0,14,0,14,19,21,15,23,06,11768
"Cassel CDP, California",0,14,0,14,0,14,0,14,0,14,0,14,0,14,0,14,0,14,0,14,0,14,06,11782
"Castaic CDP, California",980,176,23,31,10,16,58,40,136,83,35,40,42,35,64,73,165,102,424,139,23,23,06,11796
"Castella CDP, California",14,15,0,14,3,6,0,14,6,10,1,3,0,14,0,14,0,14,0,14,4,6,06,11824
"Castle Hill CDP, California",31,42,0,14,0,14,0,14,0,14,0,14,0,14,0,14,31,42,0,14,0,14,06,11915
"Castro Valley CDP, California",6046,496,83,58,284,120,504,170,872,249,843,257,460,182,382,156,660,232,1510,292,448,211,06,11964
"Castroville CDP, California",860,187,18,21,57,53,125,84,34,30,144,125,78,89,32,34,119,75,185,92,68,62,06,11978
"Cathedral City city, California",6363,524,116,50,324,144,550,175,539,162,659,206,691,200,520,209,844,228,1682,384,438,192,06,12048
"Catheys Valley CDP, California",0,14,0,14,0,14,0,14,0,14,0,14,0,14,0,14,0,14,0,14,0,14,06,12062
"Cayucos CDP, California",512,161,0,14,79,76,36,33,20,22,90,85,61,66,10,16,11,17,156,103,49,34,06,12132
"Cazadero CDP, California",63,37,0,14,0,14,23,21,11,18,4,6,0,14,0,14,0,14,25,25,0,14,06,12146
"Cedar Flat CDP, California",77,51,0,14,16,23,11,15,0,14,0,14,0,14,0,14,0,14,50,43,0,14,06,12216
"Cedar Ridge CDP, California",95,39,0,14,5,9,7,11,20,19,19,22,14,26,0,14,14,16,6,9,10,12,06,12300
"Cedar Slope CDP, California",0,14,0,14,0,14,0,14,0,14,0,14,0,14,0,14,0,14,0,14,0,14,06,12314
"Cedarville CDP, California",104,68,16,18,0,14,0,14,0,14,0,14,33,37,0,14,0,14,42,49,13,23,06,12328
"Centerville CDP (Fresno County), California",3,6,3,6,0,14,0,14,0,14,0,14,0,14,0,14,0,14,0,14,0,14,06,12412
"Centerville CDP (Shasta County), California",22,20,0,14,0,14,0,14,0,14,10,16,0,14,0,14,0,14,6,9,6,8,06,12415
"Ceres city, California",4960,550,165,97,331,134,477,176,564,172,546,184,294,135,199,116,443,143,1545,455,396,143,06,12524
"Cerritos city, California",3872,479,352,242,289,108,693,226,634,265,315,131,239,114,157,81,191,90,685,211,317,125,06,12552
"Chalfant CDP, California",30,32,0,14,0,14,0,14,0,14,0,14,0,14,0,14,0,14,14,21,16,24,06,12594
"Challenge-Brownsville CDP, California",65,67,0,14,0,14,0,14,9,14,0,14,0,14,0,14,0,14,0,14,56,64,06,12612
"Channel Islands Beach CDP, California",602,358,0,14,16,28,71,51,17,21,94,70,79,81,262,329,10,19,53,39,0,14,06,12669
"Charleston View CDP, California",0,14,0,14,0,14,0,14,0,14,0,14,0,14,0,14,0,14,0,14,0,14,06,12730
"Charter Oak CDP, California",1259,365,0,19,31,45,202,161,97,74,151,156,202,201,95,74,223,149,158,114,100,90,06,12734
"Cherokee CDP, California",13,21,0,14,0,14,13,21,0,14,0,14,0,14,0,14,0,14,0,14,0,14,06,12818
"Cherokee Strip CDP, California",17,28,0,14,0,14,0,14,0,14,0,14,0,14,0,14,0,14,17,28,0,14,06,12860
"Cherryland CDP, California",2680,341,23,25,258,153,165,85,300,143,313,151,254,127,197,123,283,105,727,200,160,73,06,12902
"Cherry Valley CDP, California",413,170,0,19,35,39,32,31,0,19,7,11,69,94,32,30,59,57,138,94,41,45,06,12916
"Chester CDP, California",293,145,0,14,0,14,46,38,27,48,54,70,0,14,0,14,109,94,57,63,0,14,06,12930
"Chico city, California",24304,899,528,241,863,238,2164,427,2666,461,2469,429,1717,352,1636,328,2296,393,8640,716,1325,373,06,13014
"Chilcoot-Vinton CDP, California",0,14,0,14,0,14,0,14,0,14,0,14,0,14,0,14,0,14,0,14,0,14,06,13077
"China Lake Acres CDP, California",301,185,10,16,0,14,17,21,100,152,0,14,0,14,0,14,42,44,25,43,107,96,06,13157
"Chinese Camp CDP, California",0,14,0,14,0,14,0,14,0,14,0,14,0,14,0,14,0,14,0,14,0,14,06,13182
"Chino city, California",9809,712,168,88,515,235,919,285,784,239,1127,339,1144,289,698,267,1080,306,3086,648,288,120,06,13210
"Chino Hills city, California",7816,657,197,111,343,208,688,204,852,276,727,240,747,288,572,215,883,296,1964,379,843,343,06,13214
"Choctaw Valley CDP, California",0,14,0,14,0,14,0,14,0,14,0,14,0,14,0,14,0,14,0,14,0,14,06,13278
"Chowchilla city, California",1778,311,9,16,97,69,306,168,227,153,114,61,140,126,201,114,123,78,324,106,237,137,06,13294
"Chualar CDP, California",149,78,0,14,19,37,20,25,24,30,23,27,12,19,0,14,22,26,29,31,0,14,06,13364
"Chula Vista city, California",34429,1220,538,187,1326,307,3580,748,3265,415,3669,548,3848,563,2136,385,3436,565,10970,863,1661,457,06,13392
"Citrus CDP, California",784,205,0,21,0,21,81,59,123,77,56,44,159,92,39,29,128,116,188,104,10,16,06,13560
"Citrus Heights city, California",13227,704,162,88,804,285,1310,285,1854,398,1490,324,1388,319,1118,289,1189,247,3489,445,423,161,06,13588
"Claremont city, California",4393,419,179,98,161,113,481,211,498,156,464,149,318,132,472,265,343,206,1242,327,235,119,06,13756
"Clarksburg CDP, California",62,51,0,14,0,14,0,14,8,15,0,14,0,14,20,31,0,14,23,37,11,17,06,13784
"Clay CDP, California",70,48,0,14,0,14,4,8,0,14,0,14,5,8,0,14,0,14,41,42,20,23,06,13854
"Clayton city, California",429,194,12,19,19,23,14,18,48,44,0,21,136,152,25,31,0,21,97,82,78,67,06,13882
"Clear Creek CDP, California",11,18,0,14,0,14,0,14,11,18,0,14,0,14,0,14,0,14,0,14,0,14,06,13910
"Clearlake city, California",2466,317,16,20,90,75,145,116,173,94,131,74,61,53,313,138,271,143,950,244,316,139,06,13945
"Clearlake Oaks CDP, California",369,168,0,14,0,14,89,104,24,40,8,14,28,44,0,14,42,46,117,100,61,64,06,13966
"Clearlake Riviera CDP, California",197,139,0,14,60,70,0,14,0,14,10,32,19,31,80,115,0,14,28,33,0,14,06,13985
"Cleone CDP, California",76,74,0,14,0,14,0,14,0,14,0,14,0,14,76,74,0,14,0,14,0,14,06,14008
"Clio CDP, California",19,34,0,14,0,14,0,14,19,34,0,14,0,14,0,14,0,14,0,14,0,14,06,14106
"Clipper Mills CDP, California",131,142,0,14,46,67,0,14,0,14,0,14,0,14,0,14,0,14,85,123,0,14,06,14148
"Cloverdale city, California",981,207,58,55,105,85,66,67,102,101,198,122,119,79,136,121,44,48,72,62,81,79,06,14190
"Clovis city, California",14576,955,464,204,661,180,1256,361,2268,530,1931,321,1073,347,976,313,1277,309,4140,579,530,164,06,14218
"Clyde CDP, California",45,37,0,14,0,14,0,14,13,21,0,14,0,14,0,14,0,14,23,27,9,16,06,14232
"Coachella city, California",4526,425,105,65,430,130,510,190,474,140,519,175,343,143,390,210,468,215,1100,233,187,92,06,14260
"Coalinga city, California",1929,251,179,100,232,123,313,175,245,122,151,127,285,164,0,21,87,71,298,132,139,83,06,14274
"Coarsegold CDP, California",156,108,0,14,0,14,0,14,55,57,0,14,18,28,0,14,23,33,59,69,1,2,06,14288
"Cobb CDP, California",15,26,0,14,0,14,0,14,0,14,0,14,0,14,0,14,0,14,15,26,0,14,06,14302
"Coffee Creek CDP, California",3,7,0,14,0,14,0,14,0,14,0,14,3,7,0,14,0,14,0,14,0,14,06,14406
"Cohasset CDP, California",2,27,0,14,0,14,0,14,0,14,0,14,0,14,0,14,0,14,2,27,0,14,06,14442
"Cold Springs CDP (El Dorado County), California",0,14,0,14,0,14,0,14,0,14,0,14,0,14,0,14,0,14,0,14,0,14,06,14450
"Cold Springs CDP (Tuolumne County), California",0,14,0,14,0,14,0,14,0,14,0,14,0,14,0,14,0,14,0,14,0,14,06,14454
"Coleville CDP, California",87,75,6,12,0,14,0,14,0,14,10,18,23,43,0,14,7,17,41,48,0,14,06,14484
"Colfax city, California",564,142,4,6,80,53,47,39,43,31,56,48,91,60,42,44,35,46,151,87,15,24,06,14498
"College City CDP, California",81,56,0,14,0,14,29,41,0,14,0,14,0,14,16,25,0,14,0,14,36,41,06,14554
"Collierville CDP, California",176,108,0,14,27,36,0,14,0,14,56,62,0,14,26,45,53,83,14,26,0,14,06,14708
"Colma town, California",220,56,14,17,19,21,57,46,18,16,11,13,16,16,9,10,18,15,55,26,3,4,06,14736
"Coloma CDP, California",139,88,0,14,11,18,0,14,37,49,41,64,10,16,0,14,0,14,26,29,14,23,06,14764
"Colton city, California",7977,607,96,66,388,156,887,350,657,212,1292,408,771,237,727,242,713,230,2176,398,270,143,06,14890
"Columbia CDP, California",295,106,7,12,22,28,22,32,10,15,11,17,8,15,0,14,100,50,108,71,7,11,06,14904
"Colusa city, California",993,204,55,53,28,29,93,60,79,50,51,56,166,103,71,56,74,60,351,153,25,28,06,14946
"Commerce city, California",1488,217,57,64,135,85,173,115,170,89,105,63,44,39,119,89,154,92,455,157,76,73,06,14974
"Comptche CDP, California",0,14,0,14,0,14,0,14,0,14,0,14,0,14,0,14,0,14,0,14,0,14,06,15030
"Compton city, California",10467,608,91,47,562,202,926,168,1394,321,1208,287,605,195,792,267,1030,243,3236,361,623,200,06,15044
"Concord city, California",17763,772,366,129,1004,215,1552,382,2039,356,1972,396,1220,309,1452,347,2388,466,5032,613,738,249,06,16000
"Concow CDP, California",0,14,0,14,0,14,0,14,0,14,0,14,0,14,0,14,0,14,0,14,0,14,06,16035
"Contra Costa Centre CDP, California",2963,371,58,66,81,58,319,203,523,191,369,249,270,147,214,125,303,180,758,173,68,74,06,16090
"Copperopolis CDP, California",268,109,43,67,10,16,0,14,18,30,16,28,39,46,64,49,11,18,65,56,2,6,06,16210
"Corcoran city, California",1993,212,158,94,261,121,33,33,234,111,284,119,115,84,120,94,160,85,537,167,91,65,06,16224
"Corning city, California",1254,266,20,29,44,52,22,33,244,180,116,77,234,133,144,83,89,89,252,127,89,73,06,16322
"Corona city, California",17816,844,374,190,486,138,1917,452,2060,413,1932,400,2304,412,1447,311,1459,294,5013,564,824,241,06,16350
"Coronado city, California",3312,315,76,42,137,82,276,93,294,95,462,124,330,134,268,118,353,111,1052,250,64,39,06,16378
"Coronita CDP, California",105,61,0,14,14,23,27,31,9,12,26,30,0,14,23,34,0,14,0,14,6,10,06,16420
"Corralitos CDP, California",204,114,19,30,33,49,61,68,13,20,0,14,9,14,11,18,58,85,0,14,0,14,06,16434
"Corte Madera town, California",1258,287,32,51,22,37,215,186,242,141,99,69,82,84,123,116,113,75,169,98,161,101,06,16462
"Costa Mesa city, California",25564,1008,639,221,1216,275,3320,463,3257,503,3190,446,2894,495,1696,411,2270,394,6317,735,765,279,06,16532
"Cotati city, California",1302,285,40,37,51,54,165,106,100,69,321,184,87,69,27,46,173,108,210,100,128,129,06,16560
"Coto de Caza CDP, California",369,112,0,21,28,26,12,14,69,64,20,23,66,66,31,36,26,23,92,58,25,39,06,16580
"Cottonwood CDP (Kern County), California",645,163,0,14,70,90,32,40,86,62,165,82,18,23,60,73,24,38,190,85,0,14,06,16623
"Cottonwood CDP (Shasta County), California",813,324,0,19,146,150,164,119,80,101,51,51,36,61,145,148,0,19,72,65,119,96,06,16630
"Coulterville CDP, California",0,14,0,14,0,14,0,14,0,14,0,14,0,14,0,14,0,14,0,14,0,14,06,16644
"Country Club CDP, California",962,251,47,57,20,21,9,16,95,47,103,79,99,89,34,42,59,50,458,244,38,49,06,16651
"Courtland CDP, California",45,42,0,14,33,39,0,14,0,14,0,14,0,14,0,14,0,14,12,18,0,14,06,16714
"Covelo CDP, California",210,90,0,14,11,14,0,14,0,14,0,14,0,14,16,25,12,19,103,74,68,57,06,16728
"Covina city, California",6720,461,52,46,443,174,679,256,801,218,1069,285,613,210,497,212,755,223,1449,328,362,131,06,16742
"Cowan CDP, California",65,60,0,14,28,41,0,14,0,14,0,14,37,53,0,14,0,14,0,14,0,14,06,16762
"Crescent City city, California",1146,185,11,20,51,54,48,42,138,65,194,115,28,34,105,91,105,110,361,193,105,73,06,17022
"Crescent Mills CDP, California",0,14,0,14,0,14,0,14,0,14,0,14,0,14,0,14,0,14,0,14,0,14,06,17050
"Cressey CDP, California",36,30,0,14,0,14,11,11,0,14,15,25,0,14,0,14,0,14,10,14,0,14,06,17078
"Crest CDP, California",75,64,0,14,0,14,0,14,48,59,0,14,9,14,0,14,5,7,4,6,9,15,06,17106
"Crestline CDP, California",971,362,0,19,0,19,212,136,95,88,144,118,72,61,93,88,157,207,179,118,19,30,06,17162
"Creston CDP, California",0,14,0,14,0,14,0,14,0,14,0,14,0,14,0,14,0,14,0,14,0,14,06,17232
"C-Road CDP, California",0,14,0,14,0,14,0,14,0,14,0,14,0,14,0,14,0,14,0,14,0,14,06,17267
"Crockett CDP, California",670,167,22,25,73,56,40,34,80,67,40,33,59,47,43,49,35,40,252,135,26,25,06,17274
"Cromberg CDP, California",0,14,0,14,0,14,0,14,0,14,0,14,0,14,0,14,0,14,0,14,0,14,06,17288
"Crowley Lake CDP, California",0,14,0,14,0,14,0,14,0,14,0,14,0,14,0,14,0,14,0,14,0,14,06,17372
"Crows Landing CDP, California",65,65,0,14,0,14,22,35,0,14,0,14,0,14,0,14,0,14,12,20,31,51,06,17428
"Cudahy city, California",4963,317,61,51,275,113,349,122,528,149,613,171,487,141,320,120,590,173,1496,235,244,203,06,17498
"Culver City city, California",7964,650,244,114,748,255,732,228,1162,467,764,225,861,325,555,232,448,145,2196,469,254,126,06,17568
"Cupertino city, California",8279,525,540,167,1461,248,1386,284,1272,253,632,154,415,116,349,155,548,216,1310,269,366,154,06,17610
"Cutler CDP, California",749,204,0,14,48,67,32,41,132,108,136,96,23,37,0,14,175,121,130,79,73,77,06,17708
"Cutten CDP, California",419,166,18,29,61,64,140,150,50,52,38,45,15,26,15,24,15,25,51,52,16,26,06,17722
"Cuyama CDP, California",0,14,0,14,0,14,0,14,0,14,0,14,0,14,0,14,0,14,0,14,0,14,06,17727
"Cypress city, California",5183,464,84,96,377,161,491,160,568,150,569,163,431,156,326,118,413,130,1439,325,485,252,06,17750
"Dales CDP, California",23,31,0,14,0,14,0,14,0,14,0,14,0,14,0,14,0,14,0,14,23,31,06,17876
"Daly City city, California",12838,749,306,208,544,167,1309,334,1418,313,1474,330,1130,276,735,199,1313,355,3706,545,903,296,06,17918
"Dana Point city, California",5212,569,133,79,417,162,575,217,540,186,661,227,275,109,399,249,538,195,1367,286,307,137,06,17946
"Danville town, California",2259,392,69,70,69,59,329,139,69,61,438,171,216,119,212,127,164,96,581,179,112,106,06,17988
"Daphnedale Park CDP, California",0,14,0,14,0,14,0,14,0,14,0,14,0,14,0,14,0,14,0,14,0,14,06,17995
"Darwin CDP, California",0,14,0,14,0,14,0,14,0,14,0,14,0,14,0,14,0,14,0,14,0,14,06,18030
"Davenport CDP, California",86,51,0,14,5,7,2,3,2,4,16,21,0,14,8,13,3,7,6,9,44,45,06,18086
"Davis city, California",14321,722,254,110,537,135,945,223,1094,260,1366,362,998,278,743,220,1289,285,6120,593,975,223,06,18100
"Day Valley CDP, California",218,91,9,16,140,82,0,14,8,13,12,23,0,14,23,26,0,14,26,24,0,14,06,18153
"Deer Park CDP, California",78,62,0,14,0,14,31,46,40,41,0,14,0,14,0,14,0,14,0,14,7,10,06,18324
"Del Aire CDP, California",1122,184,31,31,34,38,116,64,184,121,195,105,105,93,82,71,95,88,249,134,31,26,06,18352
"Delano city, California",4491,505,79,69,238,106,702,275,707,326,345,169,507,200,229,119,487,170,958,271,239,144,06,18394
"Del Dios CDP, California",58,42,0,14,11,17,6,9,0,14,19,28,0,14,6,10,0,14,16,26,0,14,06,18422
"Delft Colony CDP, California",85,56,0,14,6,9,0,14,0,14,9,12,0,14,0,14,26,28,15,24,29,43,06,18450
"Delhi CDP, California",830,206,0,21,109,80,49,36,160,113,22,38,25,32,18,28,74,65,186,87,187,137,06,18464
"Delleker CDP, California",33,36,0,14,16,23,0,14,0,14,17,27,0,14,0,14,0,14,0,14,0,14,06,18485
"Del Mar city, California",868,214,23,36,199,243,118,61,111,62,6,10,94,73,33,24,20,26,234,147,30,30,06,18506
"Del Monte Forest CDP, California",214,89,0,14,4,9,69,78,26,24,13,15,13,16,18,11,12,21,51,28,8,11,06,18590
"Del Rey CDP, California",193,95,0,14,18,29,15,21,30,44,8,12,15,23,0,14,14,20,93,74,0,14,06,18674
"Del Rey Oaks city, California",156,49,0,14,11,10,12,16,22,13,34,34,20,15,0,14,16,14,33,22,8,7,06,18688
"Del Rio CDP, California",12,19,0,14,0,14,12,19,0,14,0,14,0,14,0,14,0,14,0,14,0,14,06,18695
"Denair CDP, California",467,206,15,26,11,18,170,159,21,33,0,14,36,40,78,74,53,54,52,61,31,37,06,18856
"Derby Acres CDP, California",40,24,0,14,0,14,1,2,9,10,0,14,5,10,0,14,0,14,13,13,12,12,06,18926
"Descanso CDP, California",170,88,0,14,0,14,0,14,0,14,86,67,15,21,0,14,20,31,0,14,49,57,06,18940
"Desert Center CDP, California",26,18,0,14,6,10,0,14,13,15,0,14,0,14,0,14,0,14,6,11,1,3,06,18982
"Desert Edge CDP, California",214,91,6,9,73,92,40,30,16,20,0,14,0,14,19,29,31,28,20,32,9,15,06,18986
"Desert Hot Springs city, California",5609,575,37,42,274,146,534,214,310,172,710,266,600,199,370,177,511,250,1930,458,333,184,06,18996
"Desert Palms CDP, California",526,302,0,19,0,19,186,280,0,19,0,19,33,38,60,54,0,19,197,108,50,50,06,19022
"Desert Shores CDP, California",0,14,0,14,0,14,0,14,0,14,0,14,0,14,0,14,0,14,0,14,0,14,06,19024
"Desert View Highlands CDP, California",369,183,0,14,7,11,20,27,8,13,30,54,69,107,0,14,41,55,190,147,4,7,06,19052
"Diablo CDP, California",0,14,0,14,0,14,0,14,0,14,0,14,0,14,0,14,0,14,0,14,0,14,06,19150
"Diablo Grande CDP, California",59,47,12,16,0,14,0,14,11,17,0,14,28,41,0,14,0,14,0,14,8,12,06,19155
"Diamond Bar city, California",4088,416,72,55,215,127,338,102,185,86,503,229,288,143,370,148,302,118,1489,299,326,136,06,19192
"Diamond Springs CDP, California",1505,418,118,100,165,144,118,102,150,88,94,73,33,28,28,35,133,80,613,308,53,59,06,19220
"Di Giorgio CDP, California",55,27,0,14,5,8,0,14,6,11,4,8,0,14,4,7,16,18,17,17,3,5,06,19248
"Dillon Beach CDP, California",23,32,0,14,0,14,23,32,0,14,0,14,0,14,0,14,0,14,0,14,0,14,06,19262
"Dinuba city, California",2800,398,194,259,171,115,333,148,201,105,274,172,52,49,136,88,272,147,1105,270,62,66,06,19318
"Discovery Bay CDP, California",535,212,20,29,26,36,37,44,18,20,21,26,14,24,51,65,27,35,292,195,29,20,06,19339
"Dixon city, California",2640,478,10,16,250,174,371,218,452,197,329,259,252,154,120,103,125,91,500,209,231,312,06,19402
"Dixon Lane-MeadowCreek CDP, California",192,79,5,9,0,14,2,7,29,31,28,30,71,82,0,14,12,14,45,43,0,14,06,19406
"Dobbins CDP, California",41,42,0,14,0,14,0,14,0,14,0,14,29,42,0,14,0,14,6,9,6,11,06,19416
"Dogtown CDP, California",228,107,13,20,0,14,0,14,49,50,26,31,0,14,0,14,0,14,74,68,66,70,06,19440
"Dollar Point CDP, California",144,79,0,14,0,14,0,14,37,42,0,14,0,14,0,14,0,14,91,66,16,24,06,19455
"Dorrington CDP, California",0,14,0,14,0,14,0,14,0,14,0,14,0,14,0,14,0,14,0,14,0,14,06,19570
"Dorris city, California",152,59,17,27,3,5,10,13,22,18,0,14,6,6,28,33,6,6,22,21,38,28,06,19584
"Dos Palos city, California",835,213,0,19,60,90,54,43,232,186,229,190,46,53,64,71,0,19,150,104,0,19,06,19612
"Dos Palos Y CDP, California",103,65,0,14,0,14,28,47,17,28,0,14,0,14,9,13,14,20,0,14,35,48,06,19654
"Douglas City CDP, California",135,68,18,22,0,14,0,14,6,13,34,41,0,14,0,14,0,14,46,37,31,37,06,19724
"Douglas Flat CDP, California",0,14,0,14,0,14,0,14,0,14,0,14,0,14,0,14,0,14,0,14,0,14,06,19738
"Downey city, California",17069,772,325,159,853,293,1810,344,2314,370,1594,287,1805,365,1467,292,2188,496,4042,481,671,221,06,19766
"Downieville CDP, California",17,32,0,14,0,14,0,14,0,14,0,14,0,14,0,14,17,32,0,14,0,14,06,19794
"Doyle CDP, California",44,47,0,14,0,14,0,14,0,14,18,29,0,14,0,14,26,38,0,14,0,14,06,19878
"Drytown CDP, California",4,8,0,14,0,14,0,14,0,14,4,8,0,14,0,14,0,14,0,14,0,14,06,19976
"Duarte city, California",2934,387,31,43,94,53,477,173,430,270,297,147,179,110,196,125,370,155,748,199,112,59,06,19990
"Dublin city, California",8299,636,208,130,791,258,1299,297,1434,356,820,226,764,226,684,319,589,168,1452,286,258,200,06,20018
"Ducor CDP, California",39,29,0,14,9,12,5,8,0,14,0,14,0,14,0,14,8,13,13,16,4,8,06,20032
"Dunnigan CDP, California",136,107,41,66,0,14,0,14,0,14,95,96,0,14,0,14,0,14,0,14,0,14,06,20228
"Dunsmuir city, California",234,70,11,12,13,15,22,19,76,60,11,16,13,12,15,13,5,5,58,38,10,10,06,20242
"Durham CDP, California",617,199,0,19,31,38,17,27,185,113,65,82,18,28,62,69,0,19,146,166,93,102,06,20270
"Dustin Acres CDP, California",53,29,7,10,0,14,0,14,0,14,9,12,0,14,0,14,0,14,25,28,12,19,06,20284
"Dutch Flat CDP, California",13,14,0,14,0,14,0,14,3,4,0,14,0,14,0,14,0,14,0,14,10,14,06,20298
"Eagleville CDP, California",3,4,0,14,3,4,0,14,0,14,0,14,0,14,0,14,0,14,0,14,0,14,06,20424
"Earlimart CDP, California",774,137,43,41,68,52,53,46,137,82,56,56,52,50,37,43,75,61,189,74,64,60,06,20438
"East Bakersfield CDP, California",2531,335,25,38,102,74,271,124,251,166,410,276,174,98,154,99,219,126,842,223,83,77,06,20515
"Eastern Goleta Valley CDP, California",2611,379,57,60,296,148,288,131,466,229,338,162,240,160,116,57,162,81,483,139,165,120,06,20574
"East Foothills CDP, California",285,121,7,11,19,26,16,20,74,84,0,19,12,17,38,37,29,29,56,60,34,34,06,20598
"East Hemet CDP, California",1661,296,27,44,52,44,201,129,268,194,109,64,83,60,143,84,188,91,486,165,104,70,06,20697
"East Los Angeles CDP, California",20237,801,676,198,2018,411,2524,347,2259,425,2149,391,1828,326,1145,258,1861,342,4887,515,890,215,06,20802
"East Nicolaus CDP, California",0,14,0,14,0,14,0,14,0,14,0,14,0,14,0,14,0,14,0,14,0,14,06,20900
"East Niles CDP, California",3274,544,61,77,285,163,219,102,195,108,186,78,109,81,347,286,400,121,1297,411,175,92,06,20903
"East Oakdale CDP, California",84,64,25,39,0,14,0,14,0,14,0,14,0,14,0,14,0,14,49,49,10,18,06,20907
"Easton CDP, California",242,94,53,40,21,24,55,51,9,13,52,52,29,37,0,14,12,15,11,13,0,14,06,20928
"East Orosi CDP, California",25,36,0,14,0,14,0,14,0,14,0,14,0,14,0,14,0,14,25,36,0,14,06,20942
"East Palo Alto city, California",4211,424,131,94,304,176,348,133,521,215,397,177,326,159,260,118,519,226,1239,307,166,104,06,20956
"East Pasadena CDP, California",578,154,17,25,0,19,60,48,36,32,74,94,17,28,23,34,66,57,242,108,43,39,06,20984
"East Porterville CDP, California",559,152,27,37,33,31,18,21,43,42,60,49,51,46,59,42,63,57,177,117,28,33,06,21012
"East Quincy CDP, California",356,184,59,82,18,30,54,80,0,14,0,14,0,14,52,54,0,14,173,146,0,14,06,21026
"East Rancho Dominguez CDP, California",1580,215,98,86,71,47,119,63,139,76,220,116,92,62,80,67,145,74,423,110,193,127,06,21034
"East Richmond Heights CDP, California",199,92,0,14,41,54,45,50,0,14,51,39,12,18,6,15,0,14,8,12,36,43,06,21061
"East San Gabriel CDP, California",3446,382,80,84,196,82,455,157,501,191,322,132,252,127,310,126,258,119,839,232,233,136,06,21096
"East Shore CDP, California",0,14,0,14,0,14,0,14,0,14,0,14,0,14,0,14,0,14,0,14,0,14,06,21138
"East Sonora CDP, California",487,143,0,14,206,88,8,12,50,68,0,14,78,83,75,97,8,12,62,42,0,14,06,21188
"East Tulare Villa CDP, California",74,39,2,5,0,14,10,14,12,16,8,13,9,14,0,14,0,14,24,24,9,14,06,21210
"Eastvale city, California",3989,560,82,83,323,192,721,247,704,252,351,164,378,204,247,236,381,210,671,209,131,129,06,21230
"East Whittier CDP, California",1227,205,37,45,162,107,87,76,146,80,252,136,58,32,139,93,66,58,272,131,8,9,06,21292
"Edgewood CDP, California",0,14,0,14,0,14,0,14,0,14,0,14,0,14,0,14,0,14,0,14,0,14,06,21530
"Edison CDP, California",87,93,0,14,0,14,36,55,0,14,0,14,0,14,0,14,0,14,51,82,0,14,06,21544
"Edmundson Acres CDP, California",62,35,0,14,0,14,24,24,2,4,6,10,0,14,10,17,6,10,10,12,4,6,06,21558
"Edna CDP, California",0,14,0,14,0,14,0,14,0,14,0,14,0,14,0,14,0,14,0,14,0,14,06,21565
"Edwards AFB CDP, California",703,128,0,14,9,13,33,29,146,63,100,50,43,38,46,39,131,48,170,117,25,24,06,21600
"El Adobe CDP, California",22,26,0,14,0,14,0,14,0,14,3,6,0,14,0,14,19,28,0,14,0,14,06,21691
"El Cajon city, California",19824,793,251,105,895,249,1117,268,1742,394,1608,282,1731,359,1509,361,2275,454,7642,729,1054,266,06,21712
"El Centro city, California",6513,482,171,88,458,173,665,216,842,274,714,234,567,206,606,229,503,185,1663,283,324,118,06,21782
"El Centro Naval Air Facility CDP, California",117,74,0,14,0,14,0,14,32,51,6,9,28,32,0,14,21,34,14,16,16,23,06,21788
"El Cerrito city, California",4480,366,91,43,334,85,488,106,600,153,563,147,326,118,175,89,418,164,1144,230,341,188,06,21796
"El Cerrito CDP, California",275,103,1,7,0,19,18,21,148,96,33,43,4,10,39,63,0,19,32,32,0,19,06,21810
"El Dorado Hills CDP, California",2275,329,217,140,192,119,108,99,188,103,260,132,237,115,208,129,118,94,553,225,194,135,06,21880
"Eldridge CDP, California",128,66,0,14,20,32,19,25,0,14,3,8,45,41,0,14,0,14,33,26,8,15,06,21894
"Elfin Forest CDP, California",0,14,0,14,0,14,0,14,0,14,0,14,0,14,0,14,0,14,0,14,0,14,06,21916
"El Granada CDP, California",255,139,34,54,0,19,0,19,15,25,64,83,0,19,62,90,28,35,52,61,0,19,06,21936
"Elizabeth Lake CDP, California",44,29,0,14,0,14,10,14,0,14,0,14,0,14,0,14,14,16,9,13,11,18,06,21964
"Elk Creek CDP, California",0,14,0,14,0,14,0,14,0,14,0,14,0,14,0,14,0,14,0,14,0,14,06,22006
"Elk Grove city, California",14569,910,157,98,915,235,1655,288,1696,314,1939,559,897,258,996,318,1471,411,3705,459,1138,337,06,22020
"Elkhorn CDP, California",74,57,0,14,0,14,0,14,11,17,0,14,8,13,24,42,12,19,9,20,10,18,06,22034
"El Macero CDP, California",19,21,0,14,0,14,10,17,0,14,9,13,0,14,0,14,0,14,0,14,0,14,06,22104
"Elmira CDP, California",107,119,0,14,0,14,63,95,0,14,44,70,0,14,0,14,0,14,0,14,0,14,06,22146
"El Monte city, California",17552,683,416,193,754,187,1921,322,2065,279,1938,327,1242,255,1328,236,2009,304,5225,531,654,202,06,22230
"El Monte Mobile Village CDP, California",22,37,0,14,0,14,0,14,0,14,0,14,0,14,0,14,22,37,0,14,0,14,06,22235
"El Nido CDP, California",115,59,0,14,8,14,24,24,0,14,2,4,0,14,0,14,10,16,40,31,31,34,06,22286
"El Paso de Robles (Paso Robles) city, California",4633,438,65,43,213,90,381,168,344,125,751,256,546,196,196,115,607,251,1297,335,233,129,06,22300
"El Portal CDP, California",111,93,0,14,30,81,58,63,0,14,0,14,0,14,23,38,0,14,0,14,0,14,06,22328
"El Rancho CDP, California",15,27,0,14,0,14,0,14,15,27,0,14,0,14,0,14,0,14,0,14,0,14,06,22360
"El Rio CDP, California",718,215,38,39,58,50,21,34,39,64,44,50,49,44,0,19,81,80,366,187,22,37,06,22370
"El Segundo city, California",4275,435,102,71,416,200,815,313,731,209,598,218,341,165,266,124,355,132,517,152,134,72,06,22412
"El Sobrante CDP (Contra Costa County), California",1819,282,20,37,58,59,307,194,264,157,125,98,54,48,210,170,190,139,519,185,72,48,06,22454
"El Sobrante CDP (Riverside County), California",292,112,31,54,13,21,21,36,48,61,4,8,98,73,0,21,69,63,0,21,8,13,06,22457
"El Verano CDP, California",523,178,0,14,16,25,121,76,42,50,57,62,59,91,18,28,34,43,157,116,19,29,06,22510
"Elverta CDP, California",293,101,15,21,32,37,44,42,10,11,0,14,9,13,33,43,0,14,139,74,11,12,06,22524
"Emerald Lake Hills CDP, California",141,59,3,8,26,28,45,47,10,15,8,13,0,14,0,14,0,14,13,20,36,41,06,22587
"Emeryville city, California",5939,418,335,232,468,175,647,207,918,260,553,290,289,126,423,183,652,306,1465,319,189,158,06,22594
"Empire CDP, California",428,150,57,64,0,14,28,39,0,14,0,14,92,75,31,31,23,35,75,69,122,85,06,22622
"Encinitas city, California",8027,585,260,144,422,182,1171,302,1190,253,764,257,769,283,425,171,819,247,1957,411,250,110,06,22678
"Escalon city, California",789,208,9,23,78,88,91,81,106,75,53,54,122,128,79,63,28,37,117,88,106,85,06,22790
"Escondido city, California",23457,1045,299,153,954,258,2100,355,2225,557,2853,601,2097,495,2041,371,2223,351,7484,745,1181,375,06,22804
"Esparto CDP, California",220,154,0,14,20,31,5,9,55,85,39,47,30,38,11,22,60,100,0,14,0,14,06,22846
"Etna city, California",123,58,0,14,14,23,0,14,8,9,13,20,7,13,11,15,8,13,57,39,5,7,06,22972
"Eucalyptus Hills CDP, California",212,173,0,19,1,13,21,34,20,33,0,19,0,19,0,19,83,96,69,114,18,30,06,23000
"Eureka city, California",5427,431,114,93,460,204,604,214,448,190,451,164,429,139,469,208,786,225,1547,333,119,76,06,23042
"Exeter city, California",1478,216,50,35,79,60,277,181,273,131,134,111,190,106,20,25,193,121,240,120,22,22,06,23126
"Fairbanks Ranch CDP, California",68,113,0,14,0,14,0,14,0,14,0,14,68,113,0,14,0,14,0,14,0,14,06,23150
"Fairfax CDP, California",206,70,0,14,0,14,0,14,16,25,48,47,8,17,0,14,24,41,98,55,12,17,06,23158
"Fairfax town, California",1016,244,5,9,70,61,66,47,184,120,67,53,13,20,47,47,117,73,341,169,106,95,06,23168
"Fairfield city, California",15000,726,421,164,615,204,798,247,1845,333,1319,309,1106,282,1087,305,2455,487,4620,463,734,296,06,23182
"Fairhaven CDP, California",37,26,2,3,0,14,0,14,14,19,0,14,0,14,4,6,0,14,2,3,15,19,06,23196
"Fairmead CDP, California",177,66,6,9,24,27,0,14,19,27,18,27,23,40,0,14,9,13,60,45,18,16,06,23210
"Fair Oaks CDP, California",3770,428,120,67,77,51,614,221,437,158,519,189,348,125,252,125,410,201,827,199,166,82,06,23294
"Fairview CDP, California",720,188,0,21,17,21,96,78,134,68,186,100,60,62,28,34,42,36,125,84,32,33,06,23350
"Fallbrook CDP, California",4048,367,49,54,339,126,325,151,870,262,226,137,437,197,172,91,433,144,1130,347,67,81,06,23462
"Fall River Mills CDP, California",80,64,0,14,0,14,0,14,0,14,38,61,0,14,0,14,0,14,42,70,0,14,06,23532
"Farmersville city, California",920,224,43,54,27,31,112,74,83,80,86,56,97,67,60,51,129,96,274,153,9,15,06,23616
"Farmington CDP, California",0,14,0,14,0,14,0,14,0,14,0,14,0,14,0,14,0,14,0,14,0,14,06,23630
"Fellows CDP, California",6,9,0,14,0,14,0,14,0,14,0,14,0,14,0,14,0,14,0,14,6,9,06,23812
"Felton CDP, California",410,139,38,61,0,14,0,14,95,73,83,61,45,58,0,14,45,48,104,70,0,14,06,23826
"Ferndale city, California",298,115,30,26,7,7,38,40,75,82,3,5,19,22,7,10,0,14,92,68,27,37,06,23910
"Fetters Hot Springs-Agua Caliente CDP, California",506,143,0,14,35,40,66,45,42,42,123,79,117,87,8,14,63,44,50,42,2,4,06,23973
"Fiddletown CDP, California",27,28,9,14,0,14,0,14,0,14,0,14,0,14,0,14,0,14,0,14,18,25,06,23980
"Fieldbrook CDP, California",74,35,0,14,0,14,11,12,10,13,12,12,23,25,4,5,0,14,12,13,2,6,06,24008
"Fields Landing CDP, California",88,115,0,14,0,14,0,14,0,14,88,115,0,14,0,14,0,14,0,14,0,14,06,24022
"Fillmore city, California",1633,364,84,125,83,70,197,167,114,77,90,80,177,119,73,66,325,232,413,165,77,113,06,24092
"Firebaugh city, California",1315,174,0,19,204,90,126,104,106,94,144,84,223,147,101,83,83,87,275,132,53,54,06,24134
"Fish Camp CDP, California",0,14,0,14,0,14,0,14,0,14,0,14,0,14,0,14,0,14,0,14,0,14,06,24218
"Florence-Graham CDP, California",9199,495,149,80,463,127,704,171,1307,301,877,290,859,208,614,189,1313,204,2604,342,309,147,06,24477
"Florin CDP, California",6596,585,206,146,356,155,987,270,744,259,784,233,554,262,292,122,684,220,1685,393,304,110,06,24498
"Floriston CDP, California",0,14,0,14,0,14,0,14,0,14,0,14,0,14,0,14,0,14,0,14,0,14,06,24526
"Flournoy CDP, California",0,14,0,14,0,14,0,14,0,14,0,14,0,14,0,14,0,14,0,14,0,14,06,24568
"Folsom city, California",9065,722,369,175,942,284,1178,232,1061,217,1000,331,740,180,533,207,1078,313,1651,281,513,188,06,24638
"Fontana city, California",19365,894,544,211,1374,373,2154,377,2285,383,2221,372,1598,356,1486,327,1715,303,5126,636,862,245,06,24680
"Foothill Farms CDP, California",5870,564,24,23,355,148,451,177,502,215,688,219,507,240,456,163,590,198,1917,355,380,191,06,24722
"Forbestown CDP, California",0,14,0,14,0,14,0,14,0,14,0,14,0,14,0,14,0,14,0,14,0,14,06,24750
"Ford City CDP, California",798,196,93,84,25,27,84,102,99,100,21,34,73,79,30,46,86,68,270,124,17,27,06,24764
"Foresta CDP, California",9,15,0,14,0,14,0,14,9,15,0,14,0,14,0,14,0,14,0,14,0,14,06,24792
"Foresthill CDP, California",150,93,0,14,0,14,0,14,79,77,19,32,27,42,0,14,0,14,25,41,0,14,06,24834
"Forest Meadows CDP, California",40,50,0,14,0,14,0,14,0,14,0,14,0,14,0,14,0,14,40,50,0,14,06,24897
"Forest Ranch CDP, California",21,29,0,14,0,14,7,11,0,14,0,14,0,14,0,14,0,14,14,25,0,14,06,24918
"Forestville CDP, California",414,136,12,19,31,34,85,79,0,14,90,95,0,14,31,33,83,64,55,34,27,30,06,24960
"Fort Bidwell CDP, California",20,24,5,6,2,5,0,14,0,14,6,17,1,3,0,14,0,14,1,3,5,7,06,25030
"Fort Bragg city, California",1684,192,0,19,167,109,117,72,120,68,231,99,223,92,289,150,119,70,361,154,57,43,06,25058
"Fort Dick CDP, California",11,17,0,14,0,14,0,14,0,14,0,14,0,14,0,14,0,14,11,17,0,14,06,25086
"Fort Hunter Liggett CDP, California",0,14,0,14,0,14,0,14,0,14,0,14,0,14,0,14,0,14,0,14,0,14,06,25093
"Fort Irwin CDP, California",2768,375,22,29,182,134,426,204,445,171,395,244,114,93,168,116,291,213,621,224,104,85,06,25114
"Fort Jones city, California",128,63,0,14,30,25,3,9,15,22,18,37,13,21,0,14,10,16,39,33,0,14,06,25128
"Fortuna city, California",2161,294,29,30,91,67,315,159,432,186,93,74,81,44,184,89,224,117,524,217,188,111,06,25296
"Fort Washington CDP, California",0,14,0,14,0,14,0,14,0,14,0,14,0,14,0,14,0,14,0,14,0,14,06,25300
"Foster City city, California",6392,361,148,78,675,167,1310,258,907,223,537,157,506,225,408,155,319,156,1369,298,213,90,06,25338
"Fountain Valley city, California",6612,524,69,56,198,119,546,183,595,185,432,159,645,193,599,186,867,258,1924,337,737,364,06,25380
"Fowler city, California",827,155,9,15,32,50,165,97,57,42,156,103,11,16,44,69,14,21,284,120,55,70,06,25436
"Franklin CDP (Merced County), California",461,167,0,19,54,64,91,88,26,36,54,51,41,44,0,19,47,48,134,102,14,22,06,25488
"Franklin CDP (Sacramento County), California",45,48,0,14,38,52,0,14,0,14,7,11,0,14,0,14,0,14,0,14,0,14,06,25506
"Frazier Park CDP, California",358,156,34,53,0,14,0,14,33,54,53,61,0,14,32,50,52,60,60,66,94,91,06,25534
"Freedom CDP, California",370,132,56,69,16,26,0,14,17,24,96,84,37,44,8,13,44,47,14,21,82,55,06,25576
"Freeport CDP, California",0,14,0,14,0,14,0,14,0,14,0,14,0,14,0,14,0,14,0,14,0,14,06,25590
"Fremont city, California",30570,936,977,263,2898,354,4483,579,4783,586,3712,477,2311,336,1508,323,2979,405,6096,639,823,198,06,26000
"French Camp CDP, California",139,107,0,14,0,14,0,14,54,85,0,14,0,14,0,14,7,15,63,64,15,21,06,26028
"French Gulch CDP, California",9,6,0,14,1,3,0,14,0,14,2,3,0,14,0,14,0,14,2,3,4,5,06,26056
"French Valley CDP, California",1467,336,0,29,90,108,295,176,319,189,133,85,106,92,68,53,147,145,282,163,27,31,06,26067
"Fresno city, California",89985,1944,2992,507,5521,680,7936,904,9831,904,9567,894,8330,917,5831,714,8329,806,27106,1619,4542,553,06,27000
"Friant CDP, California",52,49,26,33,0,14,0,14,0,14,0,14,0,14,0,14,0,14,26,37,0,14,06,27014
"Fruitdale CDP, California",134,95,0,14,0,14,61,87,14,25,14,24,22,28,23,28,0,14,0,14,0,14,06,27080
"Fruitridge Pocket CDP, California",875,187,30,34,51,78,64,64,59,59,23,32,106,86,71,68,135,94,230,107,106,78,06,27130
"Fuller Acres CDP, California",87,52,5,7,0,14,14,17,0,14,27,33,0,14,5,12,27,32,9,14,0,14,06,27190
"Fullerton city, California",23170,858,537,257,1076,298,2056,398,2387,366,2137,398,2183,434,1774,437,2236,381,7429,668,1355,274,06,28000
"Fulton CDP, California",17,28,0,14,0,14,0,14,0,14,17,28,0,14,0,14,0,14,0,14,0,14,06,28014
"Furnace Creek CDP, California",37,31,32,33,0,14,0,14,0,14,0,14,0,14,0,14,0,14,0,14,5,6,06,28021
"Galt city, California",1929,314,31,40,187,96,361,169,70,51,240,141,176,126,221,112,161,98,457,199,25,24,06,28112
"Garberville CDP, California",315,166,0,14,18,30,58,89,0,14,0,14,12,19,48,80,21,35,80,66,78,113,06,28154
"Gardena city, California",10653,597,496,262,617,186,1183,263,1045,238,1207,357,863,183,550,156,1322,294,2907,401,463,130,06,28168
"Garden Acres CDP, California",1270,311,18,27,47,62,271,225,150,94,58,54,47,47,139,70,116,92,249,133,175,106,06,28182
"Garden Farms CDP, California",18,30,0,14,0,14,0,14,0,14,0,14,18,30,0,14,0,14,0,14,0,14,06,28210
"Garden Grove city, California",23049,945,727,308,1339,337,1975,378,2443,364,2400,384,2076,408,1686,301,2369,412,7034,584,1000,261,06,29000
"Garey CDP, California",0,14,0,14,0,14,0,14,0,14,0,14,0,14,0,14,0,14,0,14,0,14,06,29070
"Garnet CDP, California",610,207,0,19,60,58,36,39,0,19,41,36,32,53,6,11,65,61,333,186,37,65,06,29112
"Gasquet CDP, California",19,23,0,14,0,14,0,14,0,14,0,14,0,14,0,14,0,14,10,18,9,14,06,29154
"Gazelle CDP, California",17,15,0,14,0,14,1,3,4,7,8,13,0,14,0,14,0,14,4,4,0,14,06,29252
"Georgetown CDP, California",132,82,29,41,0,14,7,12,53,67,0,14,0,14,6,14,0,14,9,14,28,29,06,29350
"Gerber CDP, California",209,152,0,14,24,35,0,14,11,17,0,14,6,11,0,14,11,20,66,83,91,127,06,29392
"Geyserville CDP, California",105,73,0,14,6,8,2,3,0,14,9,16,6,7,0,14,0,14,6,6,76,69,06,29420
"Gilroy city, California",6570,460,147,72,227,95,572,148,796,272,1187,377,569,185,585,223,762,229,1434,318,291,113,06,29504
"Glencoe CDP, California",0,14,0,14,0,14,0,14,0,14,0,14,0,14,0,14,0,14,0,14,0,14,06,29714
"Glendale city, California",47048,1048,1319,306,2405,398,4552,618,4040,412,4352,479,3770,594,3051,414,3968,520,16803,1008,2788,456,06,30000
"Glendora city, California",5375,435,110,81,280,122,490,163,736,275,734,219,615,136,198,87,387,138,1656,275,169,80,06,30014
"Glen Ellen CDP, California",223,149,0,14,65,67,0,14,0,14,0,14,0,14,0,14,0,14,99,109,59,92,06,30028
"Glennville CDP, California",5,9,0,14,0,14,0,14,0,14,0,14,0,14,0,14,5,9,0,14,0,14,06,30126
"Golden Hills CDP, California",664,212,23,37,9,16,87,84,188,121,58,60,0,19,0,19,95,76,192,155,12,19,06,30282
"Gold Mountain CDP, California",51,71,0,14,0,14,0,14,51,71,0,14,0,14,0,14,0,14,0,14,0,14,06,30339
"Gold River CDP, California",471,128,0,19,0,19,101,94,65,54,18,25,18,29,22,38,20,33,182,92,45,45,06,30345
"Goleta city, California",6082,431,216,106,638,225,567,128,633,230,860,228,352,117,546,230,513,147,1381,241,376,176,06,30378
"Gonzales city, California",1025,210,82,73,55,60,123,110,91,80,111,85,52,59,84,84,205,148,191,126,31,40,06,30392
"Good Hope CDP, California",958,240,39,63,109,96,58,63,82,78,10,16,30,39,103,79,109,101,271,119,147,84,06,30410
"Goodmanville CDP, California",0,14,0,14,0,14,0,14,0,14,0,14,0,14,0,14,0,14,0,14,0,14,06,30412
"Goodyears Bar CDP, California",110,119,0,14,0,14,0,14,0,14,0,14,0,14,0,14,0,14,0,14,110,119,06,30420
"Goshen CDP, California",640,239,20,33,142,210,53,52,107,74,52,57,2,23,0,19,40,67,219,97,5,13,06,30476
"Graeagle CDP, California",5,9,0,14,0,14,0,14,0,14,0,14,0,14,0,14,0,14,0,14,5,9,06,30560
"Grand Terrace city, California",1685,373,0,21,104,107,151,78,46,39,279,230,238,159,81,58,308,137,398,157,80,48,06,30658
"Grangeville CDP, California",0,14,0,14,0,14,0,14,0,14,0,14,0,14,0,14,0,14,0,14,0,14,06,30686
"Granite Bay CDP, California",752,179,18,24,41,39,7,13,158,101,62,54,54,64,13,21,103,88,133,99,163,101,06,30693
"Granite Hills CDP, California",144,110,0,14,0,14,0,14,0,14,37,58,0,14,29,51,0,14,70,69,8,13,06,30703
"Graniteville CDP, California",0,14,0,14,0,14,0,14,0,14,0,14,0,14,0,14,0,14,0,14,0,14,06,30714
"Grass Valley city, California",4048,428,47,38,61,43,456,174,345,179,530,236,337,202,313,157,454,173,1413,378,92,68,06,30798
"Graton CDP, California",159,66,0,14,14,19,39,27,0,14,12,18,0,14,0,14,0,14,32,40,62,55,06,30812
"Grayson CDP, California",146,97,0,14,9,14,0,14,15,26,0,14,46,58,29,47,0,14,39,43,8,13,06,30882
"Greeley Hill CDP, California",48,59,0,14,0,14,0,14,20,35,0,14,0,14,0,14,0,14,28,47,0,14,06,30900
"Greenacres CDP, California",289,114,0,14,45,55,35,33,30,30,53,47,10,16,8,13,41,37,10,17,57,69,06,30938
"Green Acres CDP, California",101,81,0,14,0,14,0,14,0,14,44,44,0,14,0,14,0,14,57,68,0,14,06,30944
"Greenfield CDP, California",494,188,0,14,78,75,75,70,79,73,44,63,29,41,94,106,30,45,45,62,20,24,06,30987
"Greenfield city, California",2014,242,0,25,137,96,403,149,270,122,301,141,129,103,63,59,211,119,429,170,71,71,06,30994
"Greenhorn CDP, California",7,11,0,14,0,14,0,14,0,14,0,14,0,14,0,14,0,14,0,14,7,11,06,31029
"Green Valley CDP (Los Angeles County), California",112,70,6,10,0,14,0,14,32,36,0,14,0,14,6,9,8,13,56,57,4,6,06,31092
"Green Valley CDP (Solano County), California",63,69,0,14,0,14,0,14,0,14,12,20,0,14,0,14,0,14,51,66,0,14,06,31099
"Greenview CDP, California",0,14,0,14,0,14,0,14,0,14,0,14,0,14,0,14,0,14,0,14,0,14,06,31134
"Greenville CDP, California",26,23,0,14,0,14,0,14,0,14,1,4,0,14,11,17,0,14,14,24,0,14,06,31162
"Grenada CDP, California",55,55,18,27,0,14,0,14,0,14,0,14,7,11,0,14,0,14,30,46,0,14,06,31246
"Gridley city, California",1272,169,17,23,111,74,147,96,85,64,310,193,104,82,121,107,113,80,173,103,91,69,06,31260
"Grimes CDP, California",38,55,0,14,0,14,0,14,0,14,0,14,0,14,0,14,0,14,38,55,0,14,06,31288
"Grizzly Flats CDP, California",39,58,0,14,0,14,0,14,0,14,0,14,0,14,39,58,0,14,0,14,0,14,06,31302
"Groveland CDP, California",77,66,0,14,0,14,0,14,0,14,0,14,0,14,0,14,0,14,0,14,77,66,06,31372
"Grover Beach city, California",2450,409,14,24,131,76,151,99,569,287,286,142,293,136,178,141,125,97,617,280,86,62,06,31393
"Guadalupe city, California",932,143,10,18,71,76,101,71,53,43,30,32,35,34,115,84,112,86,323,108,82,64,06,31414
"Guerneville CDP, California",746,193,7,12,8,14,58,52,15,17,159,94,13,17,177,119,43,46,234,80,32,29,06,31470
"Guinda CDP, California",16,28,0,14,0,14,0,14,0,14,0,14,0,14,0,14,0,14,0,14,16,28,06,31540
"Gustine city, California",1087,403,40,45,31,37,457,296,49,62,125,131,202,225,0,19,14,23,169,157,0,19,06,31568
"Hacienda Heights CDP, California",4045,363,114,68,346,133,360,127,570,176,309,154,343,129,268,111,291,114,907,203,537,134,06,31596
"Half Moon Bay city, California",1174,187,45,60,189,123,162,75,48,37,240,94,96,66,75,72,121,89,164,99,34,28,06,31708
"Hamilton Branch CDP, California",32,45,0,14,32,45,0,14,0,14,0,14,0,14,0,14,0,14,0,14,0,14,06,31883
"Hamilton City CDP, California",266,107,0,14,62,43,82,68,65,60,9,12,0,14,0,14,13,17,17,23,18,20,06,31890
"Hanford city, California",7406,625,105,61,500,173,790,230,1264,253,816,241,483,208,485,197,594,257,1864,436,505,198,06,31960
"Happy Camp CDP, California",99,37,3,4,32,20,6,6,10,14,1,2,5,5,0,14,15,17,6,6,21,23,06,32030
"Happy Valley CDP, California",257,132,0,19,9,16,9,14,0,19,24,40,0,19,28,42,12,25,131,113,44,54,06,32036
"Harbison Canyon CDP, California",161,64,0,14,0,14,27,29,10,16,0,14,11,19,10,14,73,51,28,25,2,3,06,32044
"Hardwick CDP, California",23,42,0,14,0,14,0,14,0,14,0,14,0,14,0,14,0,14,23,42,0,14,06,32156
"Harmony Grove CDP, California",116,117,0,14,14,23,26,20,0,14,0,14,0,14,0,14,0,14,76,117,0,14,06,32212
"Hartland CDP, California",0,14,0,14,0,14,0,14,0,14,0,14,0,14,0,14,0,14,0,14,0,14,06,32324
"Hartley CDP, California",253,196,0,14,78,98,57,86,0,14,0,14,44,67,0,14,0,14,74,98,0,14,06,32340
"Hasley Canyon CDP, California",8,12,0,14,0,14,0,14,0,14,0,14,0,14,0,14,0,14,0,14,8,12,06,32385
"Hat Creek CDP, California",0,14,0,14,0,14,0,14,0,14,0,14,0,14,0,14,0,14,0,14,0,14,06,32408
"Hathaway Pines CDP, California",13,21,0,14,0,14,0,14,0,14,0,14,0,14,0,14,0,14,13,21,0,14,06,32436
"Hawaiian Gardens city, California",2218,277,44,36,178,118,197,87,324,125,244,137,236,139,79,60,228,132,618,190,70,65,06,32506
"Hawthorne city, California",21865,778,460,181,1107,302,2612,508,2588,362,2032,362,1754,363,1848,412,2405,383,6596,692,463,187,06,32548
"Hayfork CDP, California",395,210,0,14,116,117,0,14,38,55,0,14,0,14,0,14,0,14,107,126,134,129,06,32562
"Hayward city, California",20832,928,516,193,1348,325,2249,361,2588,418,2423,385,2119,409,1532,379,1771,360,5349,519,937,329,06,33000
"Healdsburg city, California",1854,285,72,64,11,17,136,90,327,228,235,110,219,99,112,81,87,49,500,130,155,114,06,33056
"Heber CDP, California",581,177,19,32,76,76,78,76,53,46,94,77,57,66,0,19,21,31,183,114,0,19,06,33084
"Hemet city, California",12270,965,196,139,830,384,845,275,1341,336,1226,335,855,241,714,319,1351,349,4388,583,524,237,06,33182
"Herald CDP, California",80,98,0,14,0,14,0,14,0,14,0,14,50,80,0,14,20,30,0,14,10,15,06,33294
"Hercules city, California",1944,366,11,18,129,70,70,45,327,239,191,107,217,127,120,87,259,120,479,210,141,110,06,33308
"Herlong CDP, California",83,30,5,6,18,11,6,8,17,13,9,10,5,7,8,8,3,5,12,12,0,14,06,33336
"Hermosa Beach city, California",4413,452,365,177,503,169,475,152,597,206,372,188,515,195,219,140,491,247,651,232,225,141,06,33364
"Hesperia city, California",9599,819,129,80,531,213,891,265,1002,287,1194,303,888,286,599,241,1089,331,2881,549,395,126,06,33434
"Hickman CDP, California",59,34,0,14,2,3,30,22,17,28,0,14,0,14,2,3,4,5,2,4,2,3,06,33504
"Hidden Hills city, California",52,53,0,14,0,14,0,14,0,14,4,6,0,14,0,14,0,14,0,14,48,53,06,33518
"Hidden Meadows CDP, California",138,116,99,109,16,26,23,37,0,14,0,14,0,14,0,14,0,14,0,14,0,14,06,33532
"Hidden Valley Lake CDP, California",264,107,0,19,11,18,0,19,61,46,18,17,39,49,0,19,0,19,121,71,14,25,06,33549
"Highgrove CDP, California",621,242,0,19,25,37,24,39,174,152,0,19,58,91,54,85,51,81,156,121,79,93,06,33574
"Highland city, California",5845,462,231,122,150,99,396,171,469,170,557,212,575,199,463,193,495,175,2195,332,314,116,06,33588
"Highlands CDP, California",125,40,10,11,15,14,40,22,11,12,7,10,25,28,0,14,6,8,11,13,0,14,06,33632
"Hillcrest CDP, California",1470,228,21,24,106,120,79,67,154,89,186,85,97,67,48,48,160,85,526,143,93,83,06,33689
"Hillsborough town, California",235,105,26,41,60,59,10,15,0,21,11,18,8,13,0,21,0,21,20,24,100,73,06,33798
"Hilmar-Irwin CDP, California",902,216,13,21,107,84,189,134,116,94,56,63,79,85,40,56,53,52,82,70,167,120,06,33861
"Hiouchi CDP, California",13,19,0,14,0,14,0,14,0,14,0,14,0,14,0,14,13,19,0,14,0,14,06,33935
"Hollister city, California",4354,434,82,59,365,219,526,166,365,141,628,195,516,192,295,142,377,144,1129,231,71,59,06,34120
"Holtville city, California",776,143,71,64,48,44,65,44,53,66,124,125,45,46,107,104,18,25,144,108,101,78,06,34246
"Home Garden CDP, California",172,68,19,20,25,38,27,27,21,25,22,22,13,11,4,6,0,14,38,30,3,6,06,34281
"Home Gardens CDP, California",618,133,13,21,52,46,78,50,152,79,71,60,8,13,69,67,119,56,43,43,13,17,06,34302
"Homeland CDP, California",590,222,34,43,74,76,61,74,35,51,86,98,0,19,15,22,20,34,198,141,67,66,06,34316
"Homestead Valley CDP, California",114,101,0,14,0,14,0,14,0,14,33,52,0,14,0,14,0,14,53,64,28,44,06,34392
"Homewood Canyon CDP, California",0,14,0,14,0,14,0,14,0,14,0,14,0,14,0,14,0,14,0,14,0,14,06,34405
"Honcut CDP, California",25,25,9,14,0,14,0,14,0,14,0,14,0,14,0,14,0,14,0,14,16,21,06,34428
"Hood CDP, California",14,22,0,14,0,14,14,22,0,14,0,14,0,14,0,14,0,14,0,14,0,14,06,34484
"Hoopa CDP, California",171,57,14,16,34,29,6,10,22,28,9,14,0,14,5,8,20,19,5,8,56,35,06,34540
"Hopland CDP, California",200,97,4,7,9,15,47,61,10,16,7,10,0,14,41,39,56,44,0,14,26,42,06,34652
"Hornbrook CDP, California",47,36,0,14,0,14,11,14,0,14,2,3,31,32,0,14,0,14,1,2,2,3,06,34694
"Hornitos CDP, California",0,14,0,14,0,14,0,14,0,14,0,14,0,14,0,14,0,14,0,14,0,14,06,34708
"Hughson city, California",1004,226,0,19,110,97,123,88,46,40,143,113,53,47,0,19,159,139,370,178,0,19,06,34904
"Humboldt Hill CDP, California",410,146,0,14,15,24,0,14,80,70,22,26,7,12,31,39,74,80,169,93,12,19,06,34928
"Huntington Beach city, California",34907,1180,1047,369,2416,428,3245,491,4308,512,5030,661,2971,508,2774,427,3198,614,8752,892,1166,239,06,36000
"Huntington Park city, California",11108,472,197,109,720,184,1139,248,1309,300,1230,295,929,193,933,187,1174,225,3114,382,363,126,06,36056
"Huron city, California",1442,243,250,152,216,215,148,130,94,92,81,61,73,60,18,30,42,46,416,163,104,105,06,36084
"Hyampom CDP, California",35,39,0,14,0,14,35,39,0,14,0,14,0,14,0,14,0,14,0,14,0,14,06,36098
"Hydesville CDP, California",40,37,0,14,6,8,5,7,0,14,7,11,0,14,0,14,0,14,0,14,22,34,06,36126
"Hypericum CDP, California",33,29,12,19,0,14,0,14,0,14,0,14,0,14,0,14,0,14,6,9,15,20,06,36135
"Idlewild CDP, California",0,14,0,14,0,14,0,14,0,14,0,14,0,14,0,14,0,14,0,14,0,14,06,36168
"Idyllwild-Pine Cove CDP, California",506,137,19,28,57,64,29,27,16,26,48,47,44,35,0,14,85,45,156,75,52,46,06,36203
"Igo CDP, California",4,6,0,14,0,14,0,14,0,14,0,14,0,14,0,14,0,14,0,14,4,6,06,36252
"Imperial city, California",1826,395,76,84,118,102,198,129,168,145,402,305,228,151,60,72,73,73,410,207,93,76,06,36280
"Imperial Beach city, California",6412,450,152,77,380,150,429,153,952,243,529,149,809,282,576,167,631,204,1654,327,300,191,06,36294
"Independence CDP, California",47,23,2,3,3,4,0,14,6,10,13,14,0,14,0,14,2,3,9,12,12,10,06,36350
"Indian Falls CDP, California",0,14,0,14,0,14,0,14,0,14,0,14,0,14,0,14,0,14,0,14,0,14,06,36364
"Indianola CDP, California",37,35,0,14,0,14,0,14,0,14,0,14,5,9,17,24,0,14,15,25,0,14,06,36420
"Indian Wells city, California",499,212,11,13,0,14,0,14,6,11,51,55,5,7,110,95,90,62,56,32,170,220,06,36434
"Indio city, California",10275,758,117,60,572,210,949,234,1048,255,1389,361,1245,480,773,258,1389,379,2200,375,593,193,06,36448
"Indio Hills CDP, California",21,23,0,14,0,14,0,14,7,12,0,14,0,14,9,15,5,9,0,14,0,14,06,36452
"Industry city, California",33,17,2,3,2,2,7,11,11,9,0,14,3,4,6,8,1,2,1,3,0,14,06,36490
"Inglewood city, California",23934,901,294,131,1476,307,1764,370,2510,404,2162,473,2956,569,2287,495,2003,415,7292,925,1190,352,06,36546
"Interlaken CDP, California",663,178,34,37,33,39,99,71,0,19,98,100,0,19,12,19,193,118,187,113,7,11,06,36613
"Inverness CDP, California",182,104,0,14,0,14,31,41,0,14,0,14,0,14,0,14,20,31,111,88,20,32,06,36616
"Inyokern CDP, California",110,99,0,14,0,14,0,14,48,61,0,14,0,14,0,14,7,12,55,74,0,14,06,36658
"Ione city, California",526,239,21,33,48,63,50,57,0,19,63,70,60,71,12,20,0,19,66,68,206,213,06,36672
"Iron Horse CDP, California",53,85,0,14,0,14,53,85,0,14,0,14,0,14,0,14,0,14,0,14,0,14,06,36735
"Irvine city, California",62261,1610,1811,439,3662,644,7723,865,7366,795,7271,850,5649,826,3386,645,5225,828,16966,1199,3202,713,06,36770
"Irwindale city, California",91,26,5,6,10,10,0,14,34,22,0,14,26,19,6,7,0,14,6,6,4,6,06,36826
"Isla Vista CDP, California",4705,364,15,20,12,19,138,102,215,109,123,73,219,118,301,133,339,160,3124,400,219,112,06,36868
"Isleton city, California",53,30,0,14,0,14,8,13,14,19,5,8,20,24,4,6,0,14,2,4,0,14,06,36882
"Ivanhoe CDP, California",457,270,42,66,25,30,15,25,205,254,0,14,27,44,0,14,52,53,68,50,23,29,06,36910
"Jackson city, California",941,234,6,16,21,37,184,115,100,80,68,56,142,158,155,109,92,78,150,104,23,30,06,36980
"Jacumba CDP, California",240,139,0,14,19,33,0,14,0,14,0,14,0,14,0,14,80,75,0,14,141,126,06,37022
"Jamestown CDP, California",703,276,60,69,21,40,0,14,0,14,119,79,0,14,17,30,163,171,276,297,47,53,06,37106
"Jamul CDP, California",91,48,0,19,0,19,0,19,4,6,33,9,0,19,0,19,14,21,35,42,5,8,06,37120
"Janesville CDP, California",210,129,0,14,0,14,7,15,11,19,0,14,0,14,36,44,103,118,39,36,14,15,06,37134
"Jenner CDP, California",0,14,0,14,0,14,0,14,0,14,0,14,0,14,0,14,0,14,0,14,0,14,06,37274
"Johannesburg CDP, California",0,14,0,14,0,14,0,14,0,14,0,14,0,14,0,14,0,14,0,14,0,14,06,37400
"Johnson Park CDP, California",237,157,0,14,0,14,0,14,85,126,0,14,0,14,9,14,30,46,83,74,30,50,06,37442
"Johnstonville CDP, California",41,36,0,14,7,13,2,3,0,14,0,14,0,14,26,32,0,14,6,8,0,14,06,37484
"Johnsville CDP, California",0,14,0,14,0,14,0,14,0,14,0,14,0,14,0,14,0,14,0,14,0,14,06,37512
"Jones Valley CDP, California",39,39,0,14,24,34,15,22,0,14,0,14,0,14,0,14,0,14,0,14,0,14,06,37533
"Joshua Tree CDP, California",880,284,27,45,0,19,69,66,68,51,76,53,153,149,19,23,51,56,299,163,118,112,06,37554
"Jovista CDP, California",10,17,0,14,0,14,0,14,0,14,0,14,0,14,0,14,0,14,0,14,10,17,06,37568
"Julian CDP, California",111,105,0,14,0,14,0,14,0,14,53,85,24,37,0,14,0,14,34,56,0,14,06,37582
"Junction City CDP, California",73,45,0,14,0,14,0,14,0,14,0,14,0,14,3,4,0,14,23,20,47,37,06,37596
"June Lake CDP, California",37,42,0,14,0,14,0,14,18,26,0,14,0,14,0,14,19,31,0,14,0,14,06,37624
"Jurupa Valley city, California",8390,616,200,102,557,162,652,212,1100,250,754,194,739,200,513,181,817,215,2605,398,453,159,06,37692
"Keddie CDP, California",21,31,0,14,0,14,0,14,0,14,0,14,0,14,0,14,21,31,0,14,0,14,06,37904
"Keeler CDP, California",28,36,0,14,0,14,0,14,0,14,0,14,0,14,0,14,0,14,0,14,28,36,06,37918
"Keene CDP, California",0,14,0,14,0,14,0,14,0,14,0,14,0,14,0,14,0,14,0,14,0,14,06,37946
"Kelly Ridge CDP, California",158,85,0,14,33,46,11,18,22,25,5,10,0,14,0,14,10,15,16,18,61,53,06,38024
"Kelseyville CDP, California",595,277,0,14,116,128,0,14,82,98,132,127,0,14,74,104,51,78,83,84,57,65,06,38044
"Kennedy CDP, California",336,129,21,34,62,66,14,27,32,48,67,70,43,39,12,18,0,14,82,69,3,8,06,38065
"Kennedy Meadows CDP, California",0,14,0,14,0,14,0,14,0,14,0,14,0,14,0,14,0,14,0,14,0,14,06,38076
"Kensington CDP, California",283,103,0,19,10,16,46,44,25,23,46,37,66,67,8,13,49,77,22,24,11,17,06,38086
"Kentfield CDP, California",515,128,7,12,62,74,34,31,52,49,88,66,10,13,0,19,51,42,145,74,66,52,06,38114
"Kenwood CDP, California",95,103,0,14,0,14,0,14,0,14,85,102,0,14,0,14,0,14,10,17,0,14,06,38156
"Kep'el CDP, California",0,14,0,14,0,14,0,14,0,14,0,14,0,14,0,14,0,14,0,14,0,14,06,38177
"Kerman city, California",2572,487,48,52,493,370,214,234,228,162,205,158,146,110,113,74,184,104,716,347,225,174,06,38226
"Kernville CDP, California",92,119,0,14,0,14,0,14,0,14,0,14,0,14,0,14,0,14,92,119,0,14,06,38310
"Keswick CDP, California",0,14,0,14,0,14,0,14,0,14,0,14,0,14,0,14,0,14,0,14,0,14,06,38352
"Kettleman City CDP, California",365,192,43,66,14,23,0,14,34,44,134,166,0,14,0,14,0,14,108,74,32,48,06,38394
"Keyes CDP, California",457,217,0,19,0,19,23,35,36,59,0,19,32,51,0,19,214,216,152,104,0,19,06,38422
"King City city, California",1877,296,20,24,69,51,259,103,195,108,80,63,126,81,239,120,296,130,463,244,130,96,06,38520
"Kings Beach CDP, California",422,174,0,14,25,39,58,69,42,68,34,54,39,60,33,50,53,58,138,114,0,14,06,38548
"Kingsburg city, California",1238,292,42,60,87,70,169,117,54,55,256,151,24,38,46,44,145,146,330,192,85,68,06,38562
"Kingvale CDP, California",0,14,0,14,0,14,0,14,0,14,0,14,0,14,0,14,0,14,0,14,0,14,06,38604
"Kirkwood CDP, California",16,29,0,14,16,29,0,14,0,14,0,14,0,14,0,14,0,14,0,14,0,14,06,38646
"Klamath CDP, California",86,25,3,4,3,5,2,6,5,6,20,22,7,9,13,11,2,3,22,15,9,8,06,38702
"Knightsen CDP, California",12,28,0,14,0,14,0,14,12,28,0,14,0,14,0,14,0,14,0,14,0,14,06,38772
"Knights Ferry CDP, California",8,13,0,14,0,14,0,14,0,14,8,13,0,14,0,14,0,14,0,14,0,14,06,38786
"Knights Landing CDP, California",0,14,0,14,0,14,0,14,0,14,0,14,0,14,0,14,0,14,0,14,0,14,06,38800
"La Cañada Flintridge city, California",836,194,61,63,74,51,97,84,102,63,64,46,41,33,9,14,183,109,143,83,62,57,06,39003
"La Crescenta-Montrose CDP, California",3020,360,233,122,143,84,305,157,457,239,194,154,203,102,242,116,347,185,823,245,73,58,06,39045
"La Cresta CDP, California",1548,255,52,61,131,110,107,125,139,91,63,73,46,54,226,132,179,120,494,156,111,105,06,39052
"Ladera CDP, California",20,32,0,14,0,14,0,14,0,14,0,14,0,14,0,14,0,14,20,32,0,14,06,39094
"Ladera Heights CDP, California",1021,178,78,87,89,69,148,158,102,76,73,85,129,156,89,84,159,146,126,116,28,41,06,39108
"Ladera Ranch CDP, California",1899,312,22,26,98,73,209,117,120,70,126,93,304,188,123,118,215,129,634,201,48,50,06,39114
"Lafayette city, California",2203,277,223,132,136,97,382,182,441,203,209,103,83,55,13,22,304,178,366,137,46,46,06,39122
"La Grange CDP, California",24,22,0,14,0,14,0,14,2,3,0,14,0,14,6,10,0,14,12,19,4,6,06,39164
"Laguna Beach city, California",3674,422,165,88,231,108,299,119,339,111,308,107,274,121,373,183,225,152,1265,346,195,87,06,39178
"Laguna Hills city, California",3383,474,59,43,42,39,126,80,411,157,361,206,634,228,344,204,320,137,765,203,321,266,06,39220
"Laguna Niguel city, California",8377,725,283,178,460,139,990,411,758,235,887,324,690,263,558,213,717,225,2651,464,383,171,06,39248
"Laguna Woods city, California",3319,479,15,24,73,71,258,120,299,242,87,59,147,73,232,117,329,140,1572,336,307,185,06,39259
"Lagunitas-Forest Knolls CDP, California",193,136,0,14,0,14,19,30,23,36,51,52,54,89,0,14,26,40,20,32,0,14,06,39283
"La Habra city, California",8566,506,130,80,642,267,840,179,1317,308,953,246,752,209,482,153,1012,244,2064,373,374,196,06,39290
"La Habra Heights city, California",171,149,19,20,0,19,8,12,8,12,94,144,0,19,12,19,9,14,21,31,0,19,06,39304
"La Honda CDP, California",181,117,25,41,0,14,0,14,0,14,18,28,0,14,51,74,0,14,36,56,51,59,06,39318
"Lake Almanor Country Club CDP, California",9,10,0,14,0,14,0,14,0,14,0,14,3,5,0,14,0,14,0,14,6,9,06,39411
"Lake Almanor Peninsula CDP, California",7,10,0,14,0,14,0,14,0,14,7,10,0,14,0,14,0,14,0,14,0,14,06,39420
"Lake Almanor West CDP, California",25,41,0,14,25,41,0,14,0,14,0,14,0,14,0,14,0,14,0,14,0,14,06,39425
"Lake Arrowhead CDP, California",739,162,34,31,21,17,99,70,71,61,80,72,24,28,120,92,95,72,183,93,12,18,06,39444
"Lake California CDP, California",263,116,0,14,0,14,11,20,28,45,15,26,35,38,0,14,19,22,155,91,0,14,06,39460
"Lake City CDP, California",0,14,0,14,0,14,0,14,0,14,0,14,0,14,0,14,0,14,0,14,0,14,06,39472
"Lake Davis CDP, California",0,14,0,14,0,14,0,14,0,14,0,14,0,14,0,14,0,14,0,14,0,14,06,39483
"Lake Don Pedro CDP, California",105,66,0,14,3,9,15,23,11,18,17,28,0,14,31,41,0,14,18,30,10,17,06,39484
"Lake Elsinore city, California",5967,685,0,32,252,150,737,291,591,291,613,245,614,239,540,252,606,201,1771,405,243,140,06,39486
"Lake Forest city, California",8995,678,163,98,464,223,780,270,947,305,936,270,1321,380,732,373,691,219,2688,443,273,160,06,39496
"Lakehead CDP, California",70,58,0,14,0,14,3,6,0,14,0,14,0,14,26,41,41,43,0,14,0,14,06,39514
"Lake Hughes CDP, California",105,91,0,14,0,14,0,14,0,14,0,14,0,14,35,56,36,58,6,9,28,45,06,39556
"Lake Isabella CDP, California",688,308,0,14,0,14,51,78,0,14,48,65,95,78,0,14,173,244,247,159,74,60,06,39570
"Lakeland Village CDP, California",1158,231,10,15,115,91,70,51,109,89,25,23,175,117,123,99,58,47,414,159,59,55,06,39598
"Lake Los Angeles CDP, California",988,253,4,8,61,55,0,21,134,137,12,18,55,56,60,61,103,89,414,181,145,93,06,39612
"Lake Mathews CDP, California",344,154,0,19,108,104,0,19,0,19,22,32,47,71,42,49,0,19,28,44,97,90,06,39645
"Lake Nacimiento CDP, California",175,110,0,14,0,14,0,14,0,14,120,98,7,11,4,7,22,35,22,30,0,14,06,39670
"Lake of the Pines CDP, California",271,132,0,19,0,19,0,19,0,19,37,42,58,65,0,19,0,19,128,89,48,71,06,39690
"Lake of the Woods CDP, California",157,111,0,14,0,14,0,14,34,51,43,47,0,14,0,14,0,14,62,74,18,31,06,39696
"Lakeport city, California",496,136,12,19,20,45,0,19,64,62,97,59,19,30,128,76,21,27,98,60,37,41,06,39710
"Lake Riverside CDP, California",0,14,0,14,0,14,0,14,0,14,0,14,0,14,0,14,0,14,0,14,0,14,06,39715
"Lake San Marcos CDP, California",419,115,0,14,0,14,79,81,119,93,0,14,42,33,8,13,0,14,143,51,28,30,06,39724
"Lake Shastina CDP, California",143,62,0,14,0,14,15,16,36,37,0,14,50,38,6,8,17,23,11,12,8,10,06,39728
"Lake Sherwood CDP, California",57,52,0,14,0,14,0,14,0,14,0,14,14,23,0,14,0,14,12,15,31,42,06,39735
"Lakeside CDP (Kern County), California",88,69,0,14,0,14,0,14,37,50,0,14,16,25,0,14,2,4,33,47,0,14,06,39759
"Lakeside CDP (San Diego County), California",2293,382,66,70,127,67,199,137,274,180,419,212,176,124,38,37,395,217,569,229,30,29,06,39766
"Lakeview CDP, California",101,80,0,14,26,40,0,14,40,56,0,14,0,14,0,14,7,14,28,35,0,14,06,39836
"Lake Wildwood CDP, California",311,164,0,14,13,22,33,50,22,33,35,42,74,91,0,14,42,61,32,36,60,70,06,39885
"Lakewood city, California",7508,542,63,46,513,196,713,215,1025,243,1083,311,837,194,336,125,1024,237,1655,292,259,105,06,39892
"La Mesa city, California",13105,705,220,190,706,279,996,379,1315,267,1700,316,1346,321,1127,266,1737,581,3443,476,515,257,06,40004
"La Mirada city, California",3663,405,34,32,178,82,359,128,444,148,349,136,467,215,205,191,537,276,814,222,276,111,06,40032
"Lamont CDP, California",1864,252,66,64,114,75,147,96,110,90,261,145,146,91,180,116,257,140,518,179,65,65,06,40088
"Lanare CDP, California",115,86,33,53,0,14,0,14,9,15,0,14,11,18,10,17,33,53,0,14,19,31,06,40116
"Lancaster city, California",20759,1096,488,182,1044,327,2583,532,1792,396,1594,386,1914,462,1121,300,2041,439,6800,673,1382,349,06,40130
"La Palma city, California",1660,281,23,28,61,38,99,75,204,99,178,116,159,92,192,136,127,103,553,180,64,50,06,40256
"La Porte CDP, California",0,14,0,14,0,14,0,14,0,14,0,14,0,14,0,14,0,14,0,14,0,14,06,40312
"La Presa CDP, California",3624,348,156,92,263,155,437,191,485,161,244,94,333,134,194,104,406,154,1065,226,41,30,06,40326
"La Puente city, California",3811,301,58,50,327,134,437,170,475,156,340,108,328,118,186,102,585,181,944,173,131,61,06,40340
"La Quinta city, California",3880,449,54,73,252,127,340,161,627,261,392,202,264,138,402,245,317,118,1059,280,173,103,06,40354
"La Riviera CDP, California",1721,215,13,21,141,75,199,116,208,94,211,84,131,75,81,60,194,102,499,152,44,30,06,40410
"Larkfield-Wikiup CDP, California",996,227,0,19,64,69,67,66,153,102,54,51,79,95,210,159,104,92,223,103,42,50,06,40426
"Larkspur city, California",3219,381,123,83,134,114,386,142,405,157,432,291,96,71,134,69,244,115,1194,255,71,47,06,40438
"La Selva Beach CDP, California",196,100,18,21,5,8,6,13,86,79,14,23,0,14,8,12,29,40,30,40,0,14,06,40508
"Las Flores CDP (Orange County), California",564,204,0,19,38,63,69,89,36,37,75,81,80,83,89,84,112,182,65,74,0,19,06,40526
"Las Flores CDP (Tehama County), California",0,14,0,14,0,14,0,14,0,14,0,14,0,14,0,14,0,14,0,14,0,14,06,40536
"Las Lomas CDP, California",268,109,0,14,0,14,0,14,12,19,36,58,0,14,0,14,60,72,160,94,0,14,06,40592
"Lathrop city, California",1291,259,15,24,130,108,197,113,176,90,148,80,52,41,68,56,170,130,309,132,26,27,06,40704
"Laton CDP, California",101,72,26,44,0,14,0,14,0,14,0,14,0,14,0,14,0,14,75,57,0,14,06,40746
"La Verne city, California",3542,405,78,89,85,47,380,148,452,201,434,165,346,155,333,189,196,88,872,234,366,148,06,40830
"La Vina CDP, California",93,72,0,14,0,14,0,14,46,75,0,14,0,14,0,14,0,14,47,63,0,14,06,40872
"Lawndale city, California",6135,384,121,57,549,206,713,228,454,118,629,156,669,170,348,145,578,181,1782,304,292,129,06,40886
"Laytonville CDP, California",92,61,14,10,4,7,4,7,2,6,33,52,10,11,3,5,0,14,20,28,2,4,06,40928
"Lebec CDP, California",98,81,0,14,12,21,0,14,0,14,0,14,0,14,0,14,0,14,86,78,0,14,06,40956
"Lee Vining CDP, California",0,14,0,14,0,14,0,14,0,14,0,14,0,14,0,14,0,14,0,14,0,14,06,40998
"Leggett CDP, California",19,22,0,14,0,14,0,14,0,14,0,14,0,14,0,14,0,14,10,18,9,13,06,41026
"Le Grand CDP, California",196,63,5,6,13,11,10,17,30,30,24,24,34,22,3,4,4,6,53,39,20,22,06,41040
"Lemon Cove CDP, California",36,39,0,14,0,14,0,14,0,14,3,7,0,14,0,14,0,14,27,39,6,10,06,41110
"Lemon Grove city, California",4301,394,112,62,206,106,436,171,425,163,423,103,413,195,369,145,461,181,1351,311,105,61,06,41124
"Lemon Hill CDP, California",2699,362,86,64,105,77,163,102,289,152,213,103,365,212,71,44,170,109,952,208,285,182,06,41142
"Lemoore city, California",4267,483,122,126,328,292,429,244,906,300,342,180,316,169,341,165,454,203,875,294,154,111,06,41152
"Lemoore Station CDP, California",1475,243,17,26,71,65,91,61,201,139,137,108,245,168,136,94,149,77,308,103,120,105,06,41166
"Lennox CDP, California",4016,399,155,97,376,125,596,170,278,134,299,125,130,84,270,149,479,211,1232,340,201,114,06,41180
"Lenwood CDP, California",431,143,0,14,17,31,113,87,17,29,120,100,55,51,8,16,14,22,11,29,76,60,06,41194
"Leona Valley CDP, California",26,34,0,14,0,14,26,34,0,14,0,14,0,14,0,14,0,14,0,14,0,14,06,41208
"Lewiston CDP, California",164,75,21,34,0,14,0,14,0,14,13,18,0,14,37,35,28,28,27,31,38,41,06,41278
"Lexington Hills CDP, California",132,76,0,14,46,47,0,14,8,13,12,21,0,14,14,23,0,14,52,42,0,14,06,41282
"Likely CDP, California",0,14,0,14,0,14,0,14,0,14,0,14,0,14,0,14,0,14,0,14,0,14,06,41390
"Lincoln city, California",3227,465,19,27,164,115,329,209,301,119,218,105,466,287,224,75,391,193,817,248,298,216,06,41474
"Lincoln Village CDP, California",252,157,0,14,0,14,10,15,0,14,47,69,52,79,16,27,27,34,86,118,14,24,06,41558
"Linda CDP, California",3248,401,139,96,327,161,502,187,389,208,237,103,615,222,111,87,298,133,526,161,104,65,06,41572
"Lindcove CDP, California",35,30,0,14,0,14,12,20,0,14,0,14,0,14,10,18,4,9,0,14,9,13,06,41656
"Linden CDP, California",434,174,101,111,32,53,42,49,132,123,29,46,36,69,0,14,0,14,43,58,19,29,06,41670
"Lindsay city, California",1833,379,161,132,125,75,206,116,184,87,185,166,51,54,183,159,121,98,468,141,149,120,06,41712
"Linnell Camp CDP, California",171,77,31,48,6,10,38,43,0,14,52,55,0,14,0,14,33,46,11,18,0,14,06,41740
"Litchfield CDP, California",0,14,0,14,0,14,0,14,0,14,0,14,0,14,0,14,0,14,0,14,0,14,06,41782
"Little Grass Valley CDP, California",0,14,0,14,0,14,0,14,0,14,0,14,0,14,0,14,0,14,0,14,0,14,06,41789
"Little River CDP, California",8,14,0,14,0,14,0,14,0,14,0,14,0,14,0,14,8,14,0,14,0,14,06,41866
"Littlerock CDP, California",116,114,0,14,0,14,0,14,0,14,0,14,0,14,27,44,71,105,18,30,0,14,06,41880
"Little Valley CDP, California",0,14,0,14,0,14,0,14,0,14,0,14,0,14,0,14,0,14,0,14,0,14,06,41908
"Live Oak CDP, California",2716,297,156,104,157,65,201,102,256,111,417,190,242,131,188,101,299,102,709,206,91,70,06,41922
"Live Oak city, California",835,186,67,76,47,64,98,69,46,54,142,99,80,61,12,19,53,49,279,125,11,21,06,41936
"Livermore city, California",8672,689,210,121,534,174,842,193,1178,270,965,258,783,252,852,376,804,352,2195,421,309,122,06,41992
"Livingston city, California",1317,248,47,63,89,66,149,95,235,121,107,87,78,57,89,82,186,107,203,133,134,101,06,42006
"Lockeford CDP, California",361,153,0,14,108,99,29,44,76,78,133,101,0,14,0,14,5,8,10,15,0,14,06,42104
"Lockwood CDP (Amador County), California",0,14,0,14,0,14,0,14,0,14,0,14,0,14,0,14,0,14,0,14,0,14,06,42142
"Lockwood CDP (Monterey County), California",23,28,0,14,7,9,0,14,16,26,0,14,0,14,0,14,0,14,0,14,0,14,06,42146
"Lodi city, California",10003,683,266,119,704,247,1106,266,1427,391,886,218,972,247,673,175,978,235,2592,363,399,166,06,42202
"Lodoga CDP, California",13,12,0,14,5,6,0,14,0,14,0,14,0,14,0,14,0,14,0,14,8,10,06,42230
"Loleta CDP, California",255,115,0,14,9,15,23,22,8,8,36,28,17,28,0,14,29,37,81,88,52,47,06,42328
"Loma Linda city, California",5830,481,199,121,287,142,707,265,624,197,416,140,538,233,447,230,439,158,1675,339,498,212,06,42370
"Loma Mar CDP, California",24,38,24,38,0,14,0,14,0,14,0,14,0,14,0,14,0,14,0,14,0,14,06,42384
"Loma Rica CDP, California",99,73,0,14,13,17,28,48,9,19,0,14,0,14,0,14,10,17,0,14,39,38,06,42412
"Lomita city, California",3964,329,178,86,334,176,398,124,434,161,469,211,310,128,303,142,603,199,759,222,176,102,06,42468
"Lompico CDP, California",14,22,0,14,0,14,0,14,0,14,0,14,0,14,0,14,0,14,14,22,0,14,06,42510
"Lompoc city, California",7240,423,125,73,449,159,918,293,933,207,772,212,587,198,454,161,992,287,1727,304,283,118,06,42524
"London CDP, California",262,59,0,14,38,31,15,21,17,25,51,42,5,6,12,19,24,26,83,52,17,19,06,42566
"Lone Pine CDP, California",359,143,52,69,10,10,18,23,12,19,34,35,0,14,29,38,0,14,128,104,76,65,06,42580
"Long Barn CDP, California",0,14,0,14,0,14,0,14,0,14,0,14,0,14,0,14,0,14,0,14,0,14,06,42622
"Long Beach city, California",100564,2084,2289,367,5896,688,11061,970,12137,900,11355,918,9626,740,6537,728,10456,810,26802,1384,4405,650,06,43000
"Lookout CDP, California",11,17,11,17,0,14,0,14,0,14,0,14,0,14,0,14,0,14,0,14,0,14,06,43126
"Loomis town, California",383,190,0,19,12,19,0,19,26,42,50,56,51,76,13,20,16,25,162,163,53,55,06,43140
"Los Alamitos city, California",2542,221,21,22,104,60,259,102,334,160,193,95,266,106,229,106,255,138,791,168,90,50,06,43224
"Los Alamos CDP, California",138,110,0,14,0,14,0,14,109,109,0,14,0,14,15,26,0,14,14,20,0,14,06,43252
"Los Altos city, California",1988,236,145,71,274,88,291,109,194,89,227,83,106,63,94,63,89,60,455,139,113,61,06,43280
"Los Altos Hills town, California",199,87,13,20,26,39,19,23,11,17,31,30,0,19,0,19,7,13,84,75,8,13,06,43294
"Los Angeles city, California",920674,5310,25384,1024,57109,1968,86791,2509,96047,2537,92657,2688,81568,2582,62422,2181,90520,2104,286071,4762,42105,1684,06,44000
"Los Banos city, California",5383,665,109,98,337,166,476,211,621,254,480,183,408,199,604,330,472,242,1515,360,361,187,06,44028
"Los Berros CDP, California",68,109,68,109,0,14,0,14,0,14,0,14,0,14,0,14,0,14,0,14,0,14,06,44042
"Los Gatos town, California",4464,405,283,130,534,167,496,180,567,194,575,250,424,163,402,162,200,90,735,189,248,128,06,44112
"Los Molinos CDP, California",289,138,0,14,21,34,15,25,7,11,43,58,54,66,0,14,15,25,123,88,11,13,06,44140
"Los Olivos CDP, California",58,37,0,14,0,14,7,10,14,24,0,14,0,14,0,14,8,15,29,34,0,14,06,44168
"Los Osos CDP, California",1622,383,40,42,83,59,119,72,328,256,169,85,98,63,125,95,107,81,367,141,186,106,06,44182
"Los Ranchos CDP, California",37,50,0,14,0,14,9,15,0,14,28,47,0,14,0,14,0,14,0,14,0,14,06,44242
"Lost Hills CDP, California",290,89,0,14,23,21,38,27,69,43,7,11,22,25,16,16,70,44,25,25,20,31,06,44280
"Lower Lake CDP, California",227,116,0,14,33,49,14,35,0,14,0,14,0,14,0,14,0,14,103,103,77,65,06,44350
"Loyalton city, California",14,18,0,14,0,14,0,14,0,14,0,14,0,14,0,14,7,11,0,14,7,14,06,44364
"Loyola CDP, California",158,61,7,11,0,14,50,37,29,30,0,14,23,24,0,14,0,14,15,16,34,23,06,44378
"Lucas Valley-Marinwood CDP, California",414,162,0,19,20,31,17,27,49,48,71,85,66,61,24,37,42,50,57,69,68,59,06,44399
"Lucerne CDP, California",466,148,0,14,70,88,28,45,0,14,84,56,0,14,56,61,9,17,202,77,17,21,06,44406
"Lucerne Valley CDP, California",503,187,41,57,4,5,0,19,117,117,0,19,0,19,0,19,0,19,208,109,133,81,06,44420
"Lynwood city, California",7932,487,59,57,358,156,845,211,957,250,769,213,779,201,606,229,803,186,2428,449,328,142,06,44574
"Lytle Creek CDP, California",11,12,0,14,5,9,0,14,0,14,0,14,0,14,0,14,0,14,0,14,6,9,06,44644
"Mabie CDP, California",0,14,0,14,0,14,0,14,0,14,0,14,0,14,0,14,0,14,0,14,0,14,06,44672
"McArthur CDP, California",72,83,0,14,0,14,0,14,0,14,0,14,37,60,0,14,0,14,0,14,35,55,06,44700
"McClellan Park CDP, California",487,129,0,14,42,46,39,36,69,56,32,28,10,17,31,53,81,71,168,102,15,24,06,44760
"McClenney Tract CDP, California",0,14,0,14,0,14,0,14,0,14,0,14,0,14,0,14,0,14,0,14,0,14,06,44770
"McCloud CDP, California",86,40,0,14,0,14,15,17,8,8,20,17,6,9,5,8,10,11,15,23,7,10,06,44784
"Macdoel CDP, California",48,47,0,14,0,14,20,31,0,14,0,14,0,14,0,14,0,14,24,33,4,5,06,44812
"McFarland city, California",1540,231,62,73,101,90,144,81,111,88,80,74,127,82,148,79,100,69,414,133,253,171,06,44826
"McGee Creek CDP, California",0,14,0,14,0,14,0,14,0,14,0,14,0,14,0,14,0,14,0,14,0,14,06,44830
"McKinleyville CDP, California",2476,429,36,63,251,140,128,88,256,131,252,116,144,92,181,111,393,230,706,246,129,112,06,44910
"McKittrick CDP, California",12,13,0,14,1,3,0,14,11,13,0,14,0,14,0,14,0,14,0,14,0,14,06,44924
"McSwain CDP, California",411,179,10,14,59,87,0,19,70,66,0,19,10,15,0,19,0,19,42,65,220,183,06,45006
"Madeline CDP, California",0,14,0,14,0,14,0,14,0,14,0,14,0,14,0,14,0,14,0,14,0,14,06,45008
"Madera city, California",7938,557,129,129,596,230,640,227,892,262,732,247,527,223,456,167,892,224,2663,368,411,190,06,45022
"Madera Acres CDP, California",400,159,22,35,36,44,31,37,36,36,21,34,38,49,95,105,20,30,80,71,21,24,06,45050
"Madera Ranchos CDP, California",28,47,0,14,0,14,0,14,0,14,0,14,28,47,0,14,0,14,0,14,0,14,06,45054
"Madison CDP, California",15,24,0,14,0,14,0,14,0,14,0,14,0,14,0,14,0,14,15,24,0,14,06,45064
"Mad River CDP, California",16,17,0,14,3,7,0,14,0,14,0,14,0,14,0,14,5,9,0,14,8,12,06,45092
"Magalia CDP, California",505,171,13,20,21,27,15,24,27,31,48,53,51,60,0,19,38,25,186,119,106,76,06,45120
"Malaga CDP, California",120,49,11,20,8,11,18,26,3,5,34,38,15,25,1,4,30,29,0,14,0,14,06,45232
"Malibu city, California",1082,223,44,38,43,41,183,126,114,72,21,21,15,17,29,30,32,46,394,150,207,123,06,45246
"Mammoth Lakes town, California",1473,297,24,33,0,19,165,141,282,246,224,170,259,199,45,51,177,156,182,127,115,114,06,45358
"Manchester CDP, California",72,82,0,14,52,80,8,14,0,14,0,14,0,14,0,14,7,11,5,9,0,14,06,45386
"Manhattan Beach city, California",4707,528,246,124,365,159,921,389,745,223,340,171,282,166,182,85,286,119,1009,286,331,182,06,45400
"Manila CDP, California",191,84,0,14,6,10,16,16,6,8,38,42,17,14,0,14,73,64,27,27,8,11,06,45414
"Manteca city, California",7618,689,93,72,633,329,851,213,644,182,962,249,1012,305,418,153,831,264,1696,314,478,197,06,45484
"Manton CDP, California",64,75,0,14,2,8,0,14,0,14,0,14,0,14,0,14,0,14,53,71,9,16,06,45512
"March ARB CDP, California",574,165,36,45,34,41,109,126,27,28,97,79,40,37,26,27,66,52,139,90,0,14,06,45680
"Maricopa city, California",157,47,0,14,0,14,9,9,15,18,7,8,21,17,7,9,11,11,32,23,55,37,06,45736
"Marina city, California",4432,334,88,60,319,136,584,197,644,165,535,148,383,124,209,105,296,86,1205,220,169,87,06,45778
"Marina del Rey CDP, California",5041,780,72,140,342,296,738,395,752,412,826,447,342,248,242,229,494,404,1176,510,57,111,06,45806
"Marin City CDP, California",899,219,9,13,11,17,69,54,148,163,164,118,146,109,151,100,31,42,170,96,0,14,06,45820
"Mariposa CDP, California",303,133,77,62,0,14,39,68,0,14,11,23,17,22,20,25,11,17,128,84,0,14,06,45932
"Markleeville CDP, California",9,15,0,14,0,14,0,14,0,14,9,15,0,14,0,14,0,14,0,14,0,14,06,45988
"Martell CDP, California",21,32,0,14,0,14,21,32,0,14,0,14,0,14,0,14,0,14,0,14,0,14,06,46100
"Martinez city, California",4293,410,135,90,386,187,522,202,591,165,689,222,261,118,214,100,426,163,971,231,98,74,06,46114
"Marysville city, California",3078,396,140,94,170,117,361,196,253,141,356,152,366,237,176,108,461,181,689,209,106,71,06,46170
"Matheny CDP, California",111,41,17,20,11,11,9,15,7,8,28,24,0,14,0,14,0,14,30,26,9,8,06,46223
"Mather CDP, California",261,85,14,22,0,14,10,14,28,31,64,44,54,56,0,14,0,14,50,36,41,33,06,46226
"Maxwell CDP, California",134,70,20,21,22,32,26,24,13,19,5,10,6,8,0,14,14,18,22,24,6,10,06,46338
"Mayfair CDP, California",892,273,0,19,63,52,169,141,25,24,80,96,113,77,34,52,134,178,194,139,80,77,06,46400
"Mayflower Village CDP, California",447,144,0,14,17,26,0,14,81,56,98,98,38,32,0,14,48,40,152,95,13,15,06,46436
"Maywood city, California",4572,282,42,30,341,123,500,137,372,124,699,205,389,184,233,106,489,145,1387,216,120,75,06,46492
"Meadowbrook CDP, California",375,170,0,14,0,14,52,59,0,14,11,27,151,126,64,89,17,27,76,71,4,9,06,46520
"Meadow Valley CDP, California",67,59,0,14,0,14,0,14,31,49,0,14,0,14,0,14,36,32,0,14,0,14,06,46618
"Meadow Vista CDP, California",128,76,0,14,0,14,48,45,7,11,0,14,16,25,0,14,32,51,14,22,11,17,06,46632
"Mead Valley CDP, California",1156,259,42,50,175,106,170,97,89,83,46,39,67,75,165,191,82,62,294,137,26,29,06,46646
"Mecca CDP, California",1011,220,96,73,58,50,96,73,220,116,196,86,31,47,13,17,85,59,107,70,109,143,06,46660
"Meiners Oaks CDP, California",516,180,0,14,0,14,0,14,88,81,30,37,93,85,0,14,0,14,295,146,10,15,06,46702
"Mendocino CDP, California",38,38,0,14,17,31,0,14,0,14,0,14,0,14,0,14,0,14,21,24,0,14,06,46814
"Mendota city, California",1802,262,93,85,89,58,224,129,223,129,211,119,149,104,41,60,250,148,393,143,129,96,06,46828
"Menifee city, California",7224,657,138,122,84,49,476,210,912,323,347,166,532,243,947,317,772,262,2456,377,560,254,06,46842
"Menlo Park city, California",5420,473,549,208,755,210,377,133,550,173,592,181,515,206,381,190,701,221,839,214,161,85,06,46870
"Mentone CDP, California",1133,286,72,78,64,73,92,69,54,51,34,44,99,66,44,58,23,26,577,273,74,55,06,46884
"Merced city, California",15122,727,551,198,1060,307,1440,322,1356,280,2048,416,1360,323,730,193,1386,250,4459,463,732,203,06,46898
"Meridian CDP, California",49,33,0,14,12,20,11,15,0,14,0,14,16,14,0,14,0,14,1,2,9,15,06,46926
"Mesa CDP, California",7,7,0,14,0,14,2,4,0,14,0,14,3,5,0,14,0,14,0,14,2,4,06,47013
"Mesa Verde CDP, California",109,58,8,13,0,14,0,14,0,14,0,14,71,59,6,10,18,18,0,14,6,9,06,47066
"Mesa Vista CDP, California",2,4,0,14,0,14,2,4,0,14,0,14,0,14,0,14,0,14,0,14,0,14,06,47086
"Mettler CDP, California",8,11,0,14,0,14,0,14,0,14,0,14,0,14,0,14,0,14,0,14,8,11,06,47164
"Mexican Colony CDP, California",29,25,0,14,0,14,16,26,0,14,0,14,0,14,0,14,0,14,13,18,0,14,06,47192
"Meyers CDP, California",64,57,0,14,2,5,12,16,11,18,0,14,0,14,0,14,32,50,7,11,0,14,06,47206
"Middletown CDP, California",165,126,0,14,0,14,99,126,15,23,0,14,15,23,0,14,11,19,25,30,0,14,06,47332
"Midpines CDP, California",43,62,0,14,0,14,35,55,0,14,0,14,0,14,0,14,0,14,8,12,0,14,06,47374
"Midway City CDP, California",1893,322,115,109,146,110,106,63,108,122,111,65,360,198,57,93,190,136,612,194,88,64,06,47430
"Milford CDP, California",0,14,0,14,0,14,0,14,0,14,0,14,0,14,0,14,0,14,0,14,0,14,06,47472
"Millbrae city, California",3184,279,201,88,329,104,271,129,334,94,412,140,171,84,110,72,231,96,1007,274,118,63,06,47486
"Millerton CDP, California",0,14,0,14,0,14,0,14,0,14,0,14,0,14,0,14,0,14,0,14,0,14,06,47592
"Mill Valley city, California",1921,298,28,36,206,106,227,150,274,127,372,161,222,166,126,95,31,32,339,155,96,73,06,47710
"Millville CDP, California",32,38,3,4,0,14,0,14,0,14,0,14,0,14,13,21,0,14,0,14,16,29,06,47724
"Milpitas city, California",10419,682,293,133,1273,313,1947,400,1483,353,1324,307,547,154,356,137,984,299,1670,336,542,213,06,47766
"Mineral CDP, California",66,66,12,21,0,14,0,14,0,14,0,14,11,18,0,14,0,14,0,14,43,62,06,47794
"Minkler CDP, California",71,41,21,26,0,14,0,14,0,14,0,14,35,36,0,14,0,14,0,14,15,14,06,47822
"Mira Monte CDP, California",464,180,12,19,25,28,33,42,67,92,0,19,17,27,41,42,0,19,165,105,104,95,06,48046
"Miranda CDP, California",50,45,0,14,0,14,0,14,34,53,0,14,16,25,0,14,0,14,0,14,0,14,06,48060
"Mission Canyon CDP, California",259,117,0,14,0,14,94,71,41,31,10,15,16,27,10,18,0,14,63,65,25,23,06,48147
"Mission Hills CDP, California",231,143,0,14,101,118,0,14,47,45,32,52,12,22,0,14,34,50,5,9,0,14,06,48186
"Mission Viejo city, California",7612,614,112,85,529,186,437,147,1079,271,851,202,646,192,444,143,587,190,2428,431,499,196,06,48256
"Mi-Wuk Village CDP, California",79,68,0,14,0,14,44,51,0,14,0,14,0,14,0,14,10,16,25,42,0,14,06,48298
"Modesto city, California",30016,1186,650,229,2403,422,2996,537,3026,503,3231,479,2666,387,2520,392,3068,500,8358,730,1098,256,06,48354
"Modjeska CDP, California",34,24,5,8,0,14,0,14,13,20,0,14,7,10,9,13,0,14,0,14,0,14,06,48410
"Mohawk Vista CDP, California",0,14,0,14,0,14,0,14,0,14,0,14,0,14,0,14,0,14,0,14,0,14,06,48448
"Mojave CDP, California",1071,211,51,58,234,154,27,46,61,61,61,51,84,91,38,35,119,90,302,140,94,84,06,48452
"Mokelumne Hill CDP, California",76,79,0,14,0,14,0,14,43,49,0,14,0,14,0,14,33,55,0,14,0,14,06,48480
"Monmouth CDP, California",18,13,0,14,0,14,0,14,0,14,2,3,8,12,0,14,0,14,5,8,3,5,06,48592
"Mono City CDP, California",69,85,0,14,0,14,22,38,47,74,0,14,0,14,0,14,0,14,0,14,0,14,06,48602
"Mono Vista CDP, California",348,196,0,14,0,14,21,31,0,14,0,14,114,120,0,14,0,14,183,148,30,51,06,48641
"Monrovia city, California",7609,460,237,100,628,285,899,223,830,195,712,185,846,254,520,186,580,182,2086,342,271,121,06,48648
"Monson CDP, California",30,24,0,14,0,14,16,19,0,14,0,14,0,14,0,14,14,22,0,14,0,14,06,48676
"Montague city, California",157,64,0,14,11,11,29,27,4,5,22,32,9,13,15,23,8,14,52,39,7,8,06,48690
"Montalvin Manor CDP, California",150,89,0,14,0,14,15,26,0,14,45,72,10,16,43,64,0,14,11,18,26,36,06,48718
"Montara CDP, California",219,168,0,14,68,105,49,77,0,14,0,14,29,45,0,14,0,14,0,14,73,91,06,48760
"Montclair city, California",4813,369,55,39,242,181,307,136,492,146,614,187,410,153,463,200,348,158,1660,361,222,119,06,48788
"Montebello city, California",10640,560,216,123,613,187,1049,280,1252,296,875,204,996,256,883,252,1158,299,3045,379,553,222,06,48816
"Montecito CDP, California",822,176,13,13,87,54,64,46,76,46,63,39,17,19,61,78,70,44,187,91,184,94,06,48844
"Monterey city, California",7999,519,252,170,568,209,682,144,845,249,1073,255,861,188,492,172,1213,349,1797,332,216,122,06,48872
"Monterey Park city, California",9997,600,139,76,830,179,759,183,961,269,753,219,980,273,449,149,1016,240,2948,447,1162,293,06,48914
"Monterey Park Tract CDP, California",0,14,0,14,0,14,0,14,0,14,0,14,0,14,0,14,0,14,0,14,0,14,06,48916
"Monte Rio CDP, California",81,47,0,14,0,14,29,35,0,14,0,14,6,10,0,14,5,9,41,34,0,14,06,48928
"Monte Sereno city, California",34,33,18,28,0,14,0,14,0,14,0,14,0,14,8,11,0,14,0,14,8,13,06,48956
"Montgomery Creek CDP, California",15,19,10,18,0,14,3,5,0,14,0,14,0,14,0,14,0,14,0,14,2,4,06,48998
"Monument Hills CDP, California",35,28,0,14,0,14,0,14,0,14,0,14,0,14,16,26,14,21,0,14,5,7,06,49045
"Moorpark city, California",2323,273,120,100,177,110,302,127,219,125,216,98,217,108,134,82,192,89,607,190,139,74,06,49138
"Morada CDP, California",88,56,0,14,0,14,0,14,39,48,25,21,15,30,0,14,0,14,0,14,9,16,06,49180
"Moraga town, California",936,191,22,22,91,78,38,39,129,73,62,36,51,40,40,46,53,50,369,166,81,55,06,49187
"Moreno Valley city, California",20396,800,414,174,1228,266,1817,356,2585,457,1570,270,2025,382,1211,251,2217,407,6668,631,661,195,06,49270
"Morgan Hill city, California",4241,440,214,119,244,117,512,211,549,212,349,129,431,164,237,109,483,243,1147,281,75,54,06,49278
"Morongo Valley CDP, California",521,159,0,14,55,84,112,97,65,57,37,44,28,21,81,68,0,14,133,109,10,16,06,49348
"Morro Bay city, California",1767,252,41,41,134,100,158,90,193,76,304,132,191,111,82,51,236,124,305,117,123,82,06,49362
"Moskowite Corner CDP, California",0,14,0,14,0,14,0,14,0,14,0,14,0,14,0,14,0,14,0,14,0,14,06,49432
"Moss Beach CDP, California",9,16,0,14,0,14,0,14,9,16,0,14,0,14,0,14,0,14,0,14,0,14,06,49446
"Moss Landing CDP, California",0,14,0,14,0,14,0,14,0,14,0,14,0,14,0,14,0,14,0,14,0,14,06,49488
"Mountain Center CDP, California",15,24,0,14,0,14,0,14,0,14,0,14,0,14,0,14,0,14,15,24,0,14,06,49544
"Mountain Gate CDP, California",85,64,0,14,0,14,0,14,31,46,10,16,9,17,0,14,0,14,35,53,0,14,06,49558
"Mountain House CDP, California",2125,477,0,25,103,79,226,142,445,259,313,258,395,305,159,118,31,58,313,179,140,153,06,49582
"Mountain Meadows CDP, California",0,14,0,14,0,14,0,14,0,14,0,14,0,14,0,14,0,14,0,14,0,14,06,49592
"Mountain Mesa CDP, California",66,55,0,14,0,14,0,14,23,26,36,48,0,14,0,14,0,14,0,14,7,12,06,49600
"Mountain Ranch CDP, California",15,14,10,16,0,14,0,14,0,14,0,14,0,14,0,14,0,14,5,8,0,14,06,49628
"Mountain View CDP, California",365,139,27,41,16,25,38,46,18,23,46,49,14,22,27,32,10,15,143,113,26,29,06,49651
"Mountain View city, California",21952,738,1633,310,3415,373,4047,582,2531,452,1522,305,1514,357,1400,327,1416,411,3879,515,595,178,06,49670
"Mountain View Acres CDP, California",152,99,14,20,0,14,11,19,14,26,20,32,0,14,0,14,0,14,93,81,0,14,06,49684
"Mt. Bullion CDP, California",0,14,0,14,0,14,0,14,0,14,0,14,0,14,0,14,0,14,0,14,0,14,06,49726
"Mount Hebron CDP, California",0,14,0,14,0,14,0,14,0,14,0,14,0,14,0,14,0,14,0,14,0,14,06,49768
"Mount Hermon CDP, California",156,113,21,37,72,93,39,50,11,18,0,14,0,14,0,14,0,14,0,14,13,20,06,49796
"Mount Laguna CDP, California",9,14,0,14,0,14,0,14,0,14,0,14,0,14,0,14,0,14,9,14,0,14,06,49810
"Mount Shasta city, California",806,253,46,76,0,14,5,9,90,68,0,14,98,85,12,21,75,82,358,181,122,128,06,49852
"Muir Beach CDP, California",20,17,0,14,0,14,4,6,0,14,0,14,0,14,11,15,0,14,5,9,0,14,06,49950
"Murphys CDP, California",287,95,37,58,17,20,25,27,42,34,31,48,45,44,33,32,0,14,57,38,0,14,06,50034
"Murrieta city, California",11020,1123,129,83,704,267,732,200,1670,524,1094,308,1112,283,1008,350,1770,497,2228,468,573,256,06,50076
"Muscoy CDP, California",1269,234,113,94,85,72,148,114,122,82,13,21,145,134,58,62,129,113,449,155,7,13,06,50132
"Myers Flat CDP, California",0,14,0,14,0,14,0,14,0,14,0,14,0,14,0,14,0,14,0,14,0,14,06,50146
"Myrtletown CDP, California",1134,297,0,19,52,66,39,57,108,90,119,96,0,19,84,82,187,210,457,176,88,88,06,50188
"Napa city, California",12382,674,242,131,598,200,1396,287,1465,309,1469,288,1317,275,722,178,1556,359,3104,446,513,167,06,50258
"National City city, California",11887,727,229,104,550,159,951,240,1575,376,1301,382,1119,341,819,240,1266,317,3740,502,337,115,06,50398
"Needles city, California",1062,258,62,55,75,80,87,77,109,69,64,49,142,100,53,67,41,48,374,209,55,57,06,50734
"Nevada City city, California",605,155,7,20,42,60,121,162,140,146,40,43,52,53,0,14,55,83,111,104,37,45,06,50874
"Newark city, California",4668,432,208,105,475,160,718,201,480,159,532,166,477,239,234,106,450,145,821,205,273,126,06,50916
"Newcastle CDP, California",71,40,14,20,0,14,21,31,4,6,0,14,6,11,10,12,0,14,16,16,0,14,06,51000
"New Cuyama CDP, California",30,22,0,14,0,14,0,14,13,17,12,14,0,14,0,14,0,14,0,14,5,7,06,51028
"Newell CDP, California",0,14,0,14,0,14,0,14,0,14,0,14,0,14,0,14,0,14,0,14,0,14,06,51042
"Newman city, California",1269,313,143,163,0,21,62,56,121,92,125,96,88,61,34,44,342,223,202,102,152,126,06,51140
"New Pine Creek CDP, California",0,14,0,14,0,14,0,14,0,14,0,14,0,14,0,14,0,14,0,14,0,14,06,51168
"Newport Beach city, California",18174,946,789,282,1843,587,1927,345,1999,459,1760,397,1145,267,1154,375,1712,446,5056,618,789,260,06,51182
"Nicasio CDP, California",0,14,0,14,0,14,0,14,0,14,0,14,0,14,0,14,0,14,0,14,0,14,06,51280
"Nice CDP, California",503,219,0,14,39,46,27,43,74,78,36,62,130,156,38,58,36,48,123,109,0,14,06,51294
"Nicolaus CDP, California",3,4,3,4,0,14,0,14,0,14,0,14,0,14,0,14,0,14,0,14,0,14,06,51336
"Niland CDP, California",143,191,0,14,0,14,0,14,0,14,0,14,0,14,0,14,0,14,143,191,0,14,06,51392
"Nipinnawasee CDP, California",52,58,0,14,0,14,0,14,0,14,21,30,0,14,0,14,31,47,0,14,0,14,06,51470
"Nipomo CDP, California",1961,332,9,14,95,109,199,103,211,124,401,202,140,102,239,132,244,166,294,138,129,102,06,51476
"Norco city, California",1253,208,49,49,94,76,169,109,91,50,166,85,84,57,58,46,149,77,238,89,155,77,06,51560
"Nord CDP, California",0,14,0,14,0,14,0,14,0,14,0,14,0,14,0,14,0,14,0,14,0,14,06,51574
"Norris Canyon CDP, California",0,14,0,14,0,14,0,14,0,14,0,14,0,14,0,14,0,14,0,14,0,14,06,51622
"North Auburn CDP, California",1908,260,65,72,88,93,246,195,215,95,278,185,89,62,103,58,253,137,503,179,68,81,06,51637
"North Edwards CDP, California",191,127,0,14,0,14,10,16,50,63,18,27,0,14,0,14,49,70,12,19,52,69,06,51812
"North El Monte CDP, California",454,104,17,23,36,32,26,30,12,16,83,61,0,14,12,20,70,60,164,86,34,25,06,51820
"North Fair Oaks CDP, California",2018,234,12,19,96,62,219,103,228,127,257,119,214,101,155,102,274,116,542,171,21,26,06,51840
"North Fork CDP, California",132,83,0,14,33,32,0,14,1,2,40,61,11,17,2,4,2,3,33,31,10,16,06,51868
"North Gate CDP, California",0,14,0,14,0,14,0,14,0,14,0,14,0,14,0,14,0,14,0,14,0,14,06,51890
"North Highlands CDP, California",7776,745,77,50,393,190,459,194,863,287,836,277,979,350,402,209,1011,313,2365,509,391,165,06,51924
"North Lakeport CDP, California",291,123,0,14,0,14,67,52,25,33,24,29,0,14,40,46,18,25,105,80,12,19,06,51990
"North Richmond CDP, California",369,115,8,16,30,28,25,32,89,72,13,20,55,50,7,11,51,44,83,62,8,14,06,52162
"North San Juan CDP, California",60,65,0,14,0,14,0,14,0,14,0,14,0,14,0,14,0,14,60,65,0,14,06,52246
"North Shore CDP, California",85,76,0,14,39,56,0,14,0,14,0,14,0,14,28,43,0,14,0,14,18,23,06,52302
"North Tustin CDP, California",1161,246,82,122,162,146,64,42,162,107,135,63,58,66,39,38,148,80,238,117,73,63,06,52379
"Norwalk city, California",8619,471,278,149,352,126,825,177,1122,257,953,264,588,172,746,179,742,191,2608,365,405,142,06,52526
"Novato city, California",6798,556,203,133,367,230,627,201,459,165,575,211,897,382,572,205,597,197,2149,420,352,160,06,52582
"Nubieber CDP, California",7,11,0,14,0,14,0,14,0,14,0,14,0,14,0,14,0,14,7,11,0,14,06,52610
"Nuevo CDP, California",196,103,0,19,0,19,34,42,43,49,15,24,27,44,6,14,40,45,13,23,18,29,06,52624
"Oakdale city, California",3095,503,33,53,177,106,498,230,189,107,298,139,206,132,149,118,144,119,1166,435,235,219,06,52694
"Oak Glen CDP, California",11,17,3,8,0,14,0,14,0,14,0,14,0,14,0,14,0,14,0,14,8,14,06,52715
"Oak Hills CDP, California",447,179,46,71,33,48,95,92,68,76,0,19,0,19,42,48,12,21,32,52,119,130,06,52760
"Oakhurst CDP, California",380,125,19,22,0,19,72,76,43,54,63,68,22,37,6,12,72,58,70,63,13,22,06,52764
"Oakland city, California",101831,1717,4594,690,8469,694,12337,959,11097,965,11055,817,8605,795,5532,610,8577,857,26984,1461,4581,643,06,53000
"Oakley city, California",2901,594,206,229,151,137,410,327,276,148,323,199,432,218,180,181,273,133,543,181,107,77,06,53070
"Oak Park CDP, California",1434,251,10,11,86,64,114,76,240,111,235,149,80,62,90,61,64,54,411,152,104,78,06,53116
"Oak Run CDP, California",46,33,0,14,9,14,0,14,5,7,0,14,18,28,8,12,0,14,6,9,0,14,06,53140
"Oak Shores CDP, California",30,28,0,14,0,14,0,14,0,14,0,14,0,14,0,14,23,25,7,13,0,14,06,53160
"Oak View CDP, California",439,155,0,19,47,62,28,45,27,40,88,74,87,94,58,50,15,23,58,38,31,30,06,53182
"Oakville CDP, California",0,14,0,14,0,14,0,14,0,14,0,14,0,14,0,14,0,14,0,14,0,14,06,53196
"Oasis CDP, California",464,83,60,45,46,15,101,55,55,32,62,26,27,14,15,8,30,20,41,16,27,19,06,53224
"Occidental CDP, California",137,112,0,14,80,108,0,14,4,7,0,14,0,14,19,29,0,14,29,23,5,8,06,53266
"Oceano CDP, California",1175,347,32,31,77,76,307,316,58,53,147,93,14,24,91,64,136,102,246,102,67,75,06,53294
"Oceanside city, California",25806,961,377,163,818,195,2047,302,2960,416,3322,640,3090,394,2070,462,2697,493,7232,721,1193,265,06,53322
"Ocotillo CDP, California",0,14,0,14,0,14,0,14,0,14,0,14,0,14,0,14,0,14,0,14,0,14,06,53378
"Oildale CDP, California",7711,739,162,87,582,268,1015,483,801,284,688,217,605,237,683,245,660,247,2295,375,220,102,06,53448
"Ojai city, California",1286,284,47,49,40,36,113,87,109,99,91,77,199,120,165,177,117,100,199,111,206,133,06,53476
"Olancha CDP, California",21,33,0,14,0,14,0,14,0,14,0,14,0,14,0,14,0,14,0,14,21,33,06,53490
"Olde Stockdale CDP, California",33,49,0,14,0,14,0,14,0,14,0,14,0,14,0,14,0,14,0,14,33,49,06,53503
"Old Fig Garden CDP, California",554,125,16,26,76,54,62,48,48,38,39,45,28,35,23,26,52,41,144,75,66,48,06,53505
"Old River CDP, California",0,14,0,14,0,14,0,14,0,14,0,14,0,14,0,14,0,14,0,14,0,14,06,53574
"Old Station CDP, California",0,14,0,14,0,14,0,14,0,14,0,14,0,14,0,14,0,14,0,14,0,14,06,53602
"Old Stine CDP, California",613,151,0,14,5,9,24,22,108,59,18,25,84,71,44,41,135,92,157,63,38,43,06,53603
"Olivehurst CDP, California",1754,391,145,99,17,27,293,193,169,92,183,122,84,62,248,157,125,106,312,132,178,121,06,53714
"Ono CDP, California",0,14,0,14,0,14,0,14,0,14,0,14,0,14,0,14,0,14,0,14,0,14,06,53882
"Ontario city, California",22568,1057,398,166,996,301,2417,463,2361,413,1880,370,2252,346,1628,336,2199,406,7455,810,982,248,06,53896
"Onyx CDP, California",48,66,0,14,0,14,0,14,0,14,0,14,0,14,0,14,0,14,48,66,0,14,06,53910
"Orange city, California",19609,977,448,181,1049,274,2096,401,2209,388,2883,568,1795,376,1170,283,1892,419,5145,651,922,251,06,53980
"Orange Blossom CDP, California",54,70,0,14,43,65,0,14,0,14,0,14,0,14,0,14,0,14,5,8,6,8,06,53987
"Orange Cove city, California",1366,199,77,65,0,19,113,81,196,98,42,42,93,71,33,48,181,102,564,171,67,60,06,54008
"Orangevale CDP, California",3311,414,87,57,111,69,222,95,470,175,362,224,507,212,113,74,326,157,919,318,194,105,06,54092
"Orcutt CDP, California",2524,345,78,79,40,35,350,138,341,147,115,64,207,103,233,137,244,108,600,207,316,192,06,54120
"Orick CDP, California",53,29,3,5,0,14,0,14,2,4,8,11,7,6,12,19,7,10,13,12,1,4,06,54218
"Orinda city, California",635,219,6,11,15,15,24,25,64,46,276,203,15,25,7,12,86,76,130,65,12,19,06,54232
"Orland city, California",1147,230,19,23,173,131,119,78,83,71,145,79,115,92,45,49,157,98,217,113,74,43,06,54274
"Orosi CDP, California",962,187,48,42,75,74,116,121,101,90,99,88,115,71,53,41,115,127,210,120,30,35,06,54372
"Oroville city, California",3280,405,170,94,249,151,294,118,181,99,433,163,131,95,195,126,305,138,1058,317,264,163,06,54386
"Oroville East CDP, California",437,164,71,85,21,22,25,25,8,11,40,54,78,74,49,41,5,7,67,60,73,91,06,54388
"Oxnard city, California",24073,975,662,183,1542,380,2749,567,2536,314,2456,407,2101,326,1718,355,3135,567,6342,584,832,245,06,54652
"Pacheco CDP, California",334,179,0,14,30,51,154,131,7,13,0,14,55,51,0,14,23,33,47,66,18,30,06,54764
"Pacifica city, California",4496,331,244,120,332,131,611,182,406,132,479,152,472,157,195,104,331,124,1192,269,234,121,06,54806
"Pacific Grove city, California",3470,231,50,30,187,82,370,117,497,128,255,93,443,161,228,80,301,98,982,192,157,71,06,54848
"Pajaro CDP, California",473,78,0,14,34,51,32,44,55,57,40,54,82,86,48,39,20,35,129,85,33,33,06,55044
"Pajaro Dunes CDP, California",0,14,0,14,0,14,0,14,0,14,0,14,0,14,0,14,0,14,0,14,0,14,06,55048
"Pala CDP, California",96,38,7,7,8,10,17,13,6,6,2,4,5,7,11,14,0,14,15,11,25,15,06,55058
"Palermo CDP, California",647,189,57,77,0,19,19,23,120,99,27,40,16,24,59,72,110,87,174,89,65,48,06,55086
"Palmdale city, California",15672,858,455,179,661,222,1270,293,1235,305,1634,355,1211,305,837,220,1543,500,5763,673,1063,320,06,55156
"Palm Desert city, California",8651,587,153,149,511,226,687,204,929,295,540,193,915,271,769,257,862,248,2718,364,567,178,06,55184
"Palm Springs city, California",8383,487,154,69,618,208,536,127,865,186,712,193,746,176,637,213,677,186,3080,331,358,113,06,55254
"Palo Alto city, California",11804,631,1146,329,1267,262,1587,262,1299,237,921,204,1044,239,893,251,751,181,2269,353,627,241,06,55282
"Palo Cedro CDP, California",116,85,12,18,21,29,2,4,0,14,0,14,7,12,0,14,8,13,0,14,66,75,06,55296
"Paloma CDP, California",0,14,0,14,0,14,0,14,0,14,0,14,0,14,0,14,0,14,0,14,0,14,06,55310
"Palos Verdes Estates city, California",510,165,14,22,2,10,15,25,30,40,28,34,0,21,36,34,104,106,203,90,78,52,06,55380
"Palo Verde CDP, California",53,60,0,14,0,14,0,14,0,14,24,38,29,43,0,14,0,14,0,14,0,14,06,55422
"Panorama Heights CDP, California",2,4,0,14,0,14,0,14,0,14,0,14,0,14,0,14,0,14,0,14,2,4,06,55506
"Paradise town, California",843,237,18,25,44,46,205,165,86,58,19,20,97,57,45,39,40,28,208,112,81,66,06,55520
"Paradise CDP, California",22,28,18,29,0,14,2,3,0,14,2,6,0,14,0,14,0,14,0,14,0,14,06,55528
"Paradise Park CDP, California",34,51,0,14,0,14,0,14,0,14,0,14,0,14,0,14,0,14,0,14,34,51,06,55604
"Paramount city, California",8338,618,179,136,344,154,854,236,801,275,1132,295,775,235,468,152,1042,276,2420,377,323,163,06,55618
"Parklawn CDP, California",182,69,12,20,9,16,29,31,24,19,0,14,11,19,0,14,41,56,56,41,0,14,06,55728
"Parksdale CDP, California",280,80,9,14,10,12,28,29,16,17,0,14,25,27,52,47,12,21,128,71,0,14,06,55751
"Parkway CDP, California",2547,346,80,63,268,147,242,143,261,107,221,154,165,94,109,87,239,111,800,213,162,118,06,55800
"Parkwood CDP, California",209,126,0,14,12,21,22,33,19,32,7,13,47,77,0,14,0,14,102,87,0,14,06,55842
"Parlier city, California",1949,329,108,66,132,74,348,148,94,68,116,92,208,133,107,64,235,129,416,130,185,104,06,55856
"Pasadena city, California",33016,913,811,201,2141,322,3742,447,4331,530,3622,457,2901,425,2441,423,2950,413,8140,767,1937,429,06,56000
"Pasatiempo CDP, California",17,28,0,14,0,14,17,28,0,14,0,14,0,14,0,14,0,14,0,14,0,14,06,56028
"Paskenta CDP, California",1,4,0,14,0,14,0,14,0,14,0,14,0,14,0,14,0,14,0,14,1,4,06,56042
"Patterson city, California",1873,310,43,43,192,223,167,88,394,166,279,124,142,79,91,70,128,67,373,193,64,56,06,56112
"Patterson Tract CDP, California",210,83,0,14,10,16,0,14,0,14,38,38,20,30,19,31,45,59,47,64,31,49,06,56120
"Patton Village CDP, California",42,35,7,12,22,27,0,14,0,14,0,14,0,14,0,14,0,14,13,20,0,14,06,56140
"Paxton CDP, California",0,14,0,14,0,14,0,14,0,14,0,14,0,14,0,14,0,14,0,14,0,14,06,56182
"Paynes Creek CDP, California",0,14,0,14,0,14,0,14,0,14,0,14,0,14,0,14,0,14,0,14,0,14,06,56196
"Pearsonville CDP, California",0,14,0,14,0,14,0,14,0,14,0,14,0,14,0,14,0,14,0,14,0,14,06,56294
"Penngrove CDP, California",233,104,0,14,59,49,0,14,18,29,67,77,19,23,0,14,0,14,24,26,46,54,06,56476
"Penn Valley CDP, California",179,106,0,14,0,14,0,14,32,41,0,14,0,14,46,56,0,14,11,19,90,89,06,56518
"Penryn CDP, California",55,43,16,23,6,9,0,14,24,40,2,3,0,14,0,14,0,14,0,14,7,13,06,56546
"Pepperdine University CDP, California",78,47,11,15,7,11,0,14,9,14,0,14,0,14,0,14,0,14,0,14,51,41,06,56598
"Perris city, California",6059,545,251,187,422,176,655,196,426,181,694,222,657,303,292,147,728,291,1632,298,302,161,06,56700
"Pescadero CDP, California",54,82,0,14,48,82,0,14,6,12,0,14,0,14,0,14,0,14,0,14,0,14,06,56756
"Petaluma city, California",8596,664,237,111,528,192,669,216,1042,233,1081,225,827,299,666,349,1276,357,2016,324,254,106,06,56784
"Petaluma Center CDP, California",137,77,0,14,0,14,3,4,0,14,0,14,18,22,3,5,23,20,47,69,43,22,06,56786
"Peters CDP, California",36,58,0,14,0,14,0,14,0,14,0,14,0,14,0,14,0,14,0,14,36,58,06,56798
"Phelan CDP, California",941,319,10,18,70,81,29,35,40,45,37,42,28,45,38,60,157,171,422,166,110,115,06,56826
"Phillipsville CDP, California",0,14,0,14,0,14,0,14,0,14,0,14,0,14,0,14,0,14,0,14,0,14,06,56854
"Philo CDP, California",15,24,0,14,0,14,0,14,0,14,15,24,0,14,0,14,0,14,0,14,0,14,06,56868
"Phoenix Lake CDP, California",174,84,69,67,26,30,0,14,8,15,0,14,32,35,0,14,7,13,12,19,20,25,06,56870
"Pico Rivera city, California",4973,492,89,73,251,124,590,171,246,110,363,138,653,316,421,154,578,192,1257,270,525,180,06,56924
"Piedmont city, California",352,156,20,31,18,19,127,123,94,51,42,35,6,10,4,7,0,21,23,26,18,24,06,56938
"Pierpoint CDP, California",0,14,0,14,0,14,0,14,0,14,0,14,0,14,0,14,0,14,0,14,0,14,06,57011
"Pike CDP, California",0,14,0,14,0,14,0,14,0,14,0,14,0,14,0,14,0,14,0,14,0,14,06,57036
"Pine Canyon CDP, California",127,86,0,14,9,13,29,47,21,43,28,46,23,36,0,14,0,14,17,28,0,14,06,57070
"Pine Flat CDP, California",22,18,0,14,0,14,0,14,8,14,0,14,0,14,0,14,0,14,14,11,0,14,06,57134
"Pine Grove CDP, California",278,163,0,14,67,79,39,68,23,37,0,14,0,14,104,129,19,31,26,33,0,14,06,57148
"Pine Hills CDP, California",352,138,0,14,0,14,6,9,7,19,15,23,92,83,15,24,53,56,150,109,14,23,06,57204
"Pine Mountain Club CDP, California",242,118,0,14,0,14,35,32,0,14,34,49,5,6,12,18,15,18,73,70,68,82,06,57240
"Pine Mountain Lake CDP, California",126,55,0,14,9,15,12,18,37,22,5,8,0,14,14,17,0,14,19,25,30,33,06,57244
"Pine Valley CDP, California",47,57,0,14,0,14,0,14,0,14,0,14,0,14,0,14,0,14,0,14,47,57,06,57260
"Pinole city, California",1354,268,33,45,25,32,69,52,59,49,115,89,148,102,102,80,106,86,611,222,86,57,06,57288
"Piñon Hills CDP, California",462,166,0,19,49,41,26,43,50,57,0,19,0,19,88,90,0,19,86,68,163,124,06,57302
"Pioneer CDP, California",64,67,0,14,0,14,0,14,0,14,0,14,0,14,0,14,32,43,32,50,0,14,06,57330
"Piru CDP, California",276,87,0,14,16,21,0,14,67,48,49,45,40,41,8,12,22,27,45,37,29,34,06,57372
"Pismo Beach city, California",1460,245,44,40,150,76,199,95,212,88,104,76,229,132,26,31,88,74,368,127,40,33,06,57414
"Pittsburg city, California",8957,561,204,98,240,117,1064,268,781,194,693,204,916,266,572,164,1158,336,3109,465,220,120,06,57456
"Pixley CDP, California",454,164,32,37,0,14,28,34,10,16,132,133,93,76,15,24,21,27,94,74,29,27,06,57512
"Placentia city, California",6251,539,103,66,216,97,586,216,965,252,685,282,532,193,511,181,373,179,2024,368,256,117,06,57526
"Placerville city, California",1991,275,105,88,111,129,191,134,155,119,118,94,278,157,205,108,152,98,627,250,49,76,06,57540
"Plainview CDP, California",40,31,0,14,14,20,0,14,0,14,0,14,0,14,6,8,0,14,20,21,0,14,06,57568
"Planada CDP, California",567,137,0,14,29,37,86,78,45,45,47,49,18,28,115,87,18,31,112,89,97,75,06,57582
"Platina CDP, California",0,14,0,14,0,14,0,14,0,14,0,14,0,14,0,14,0,14,0,14,0,14,06,57666
"Pleasant Hill city, California",4953,518,101,75,378,166,432,188,437,145,662,232,370,141,576,342,618,256,1176,315,203,163,06,57764
"Pleasanton city, California",9196,630,184,108,570,177,1378,302,1736,366,728,189,596,160,546,194,943,232,2230,408,285,110,06,57792
"Pleasure Point CDP, California",1058,294,0,19,79,57,281,246,145,148,121,78,52,44,12,20,123,82,189,81,56,50,06,57825
"Plumas Eureka CDP, California",7,14,0,14,0,14,0,14,0,14,0,14,0,14,0,14,7,14,0,14,0,14,06,57828
"Plumas Lake CDP, California",262,262,0,19,0,19,0,19,0,19,0,19,217,262,0,19,22,39,23,34,0,19,06,57829
"Plymouth city, California",53,45,0,14,0,14,13,21,0,14,15,23,0,14,18,28,0,14,7,10,0,14,06,57834
"Point Arena city, California",112,48,5,8,8,14,8,10,29,30,0,14,0,14,5,7,6,11,25,16,26,21,06,57876
"Point Reyes Station CDP, California",97,67,0,14,0,14,0,14,24,30,0,14,0,14,37,46,11,15,25,41,0,14,06,57960
"Pollock Pines CDP, California",731,272,0,19,104,80,139,160,92,81,0,19,62,71,0,19,163,154,61,55,110,115,06,58030
"Pomona city, California",19626,887,366,121,1022,281,1605,296,2271,443,1942,322,1613,321,1435,305,1856,360,6083,570,1433,452,06,58072
"Ponderosa CDP, California",0,14,0,14,0,14,0,14,0,14,0,14,0,14,0,14,0,14,0,14,0,14,06,58134
"Poplar-Cotton Center CDP, California",295,98,37,32,39,37,42,34,28,25,80,63,0,14,0,14,12,17,57,39,0,14,06,58191
"Port Costa CDP, California",92,120,0,14,0,14,0,14,0,14,0,14,0,14,0,14,0,14,0,14,92,120,06,58226
"Porterville city, California",8833,751,165,83,570,325,1045,341,1128,356,878,230,513,193,689,285,764,406,2582,614,499,192,06,58240
"Port Hueneme city, California",3964,497,29,45,137,79,480,197,449,177,441,181,276,147,326,155,606,352,937,250,283,198,06,58296
"Portola city, California",449,124,22,17,86,59,12,15,39,26,28,39,71,73,31,26,35,34,94,60,31,33,06,58352
"Portola Valley town, California",375,153,0,14,14,24,0,14,28,35,0,14,35,35,28,33,23,37,197,149,50,49,06,58380
"Posey CDP, California",0,14,0,14,0,14,0,14,0,14,0,14,0,14,0,14,0,14,0,14,0,14,06,58422
"Poso Park CDP, California",0,14,0,14,0,14,0,14,0,14,0,14,0,14,0,14,0,14,0,14,0,14,06,58436
"Post Mountain CDP, California",0,14,0,14,0,14,0,14,0,14,0,14,0,14,0,14,0,14,0,14,0,14,06,58456
"Potomac Park CDP, California",1513,268,60,56,39,52,242,154,298,167,95,57,154,88,149,87,140,90,307,135,29,37,06,58471
"Potrero CDP, California",61,46,0,14,0,14,0,14,0,14,0,14,0,14,0,14,0,14,0,14,61,46,06,58478
"Potter Valley CDP, California",63,51,4,8,7,11,0,14,0,14,0,14,0,14,7,10,19,32,26,35,0,14,06,58506
"Poway city, California",4076,332,101,80,169,99,420,123,505,161,472,147,389,157,252,106,479,166,973,225,316,176,06,58520
"Prattville CDP, California",0,14,0,14,0,14,0,14,0,14,0,14,0,14,0,14,0,14,0,14,0,14,06,58618
"Princeton CDP, California",39,40,0,14,8,12,0,14,0,14,0,14,17,26,14,26,0,14,0,14,0,14,06,58758
"Proberta CDP, California",80,86,0,14,0,14,0,14,0,14,0,14,0,14,0,14,41,64,39,62,0,14,06,58814
"Prunedale CDP, California",1315,278,64,90,5,10,53,73,305,216,213,189,115,86,57,67,49,34,289,136,165,112,06,58870
"Pumpkin Center CDP, California",44,63,44,63,0,14,0,14,0,14,0,14,0,14,0,14,0,14,0,14,0,14,06,58940
"Quartz Hill CDP, California",1118,358,253,308,28,30,84,86,230,108,38,40,32,53,52,59,33,37,277,107,91,75,06,59052
"Quincy CDP, California",203,141,34,37,0,14,0,14,15,29,22,39,87,120,14,23,0,14,9,10,22,39,06,59080
"Rackerby CDP, California",18,16,3,5,0,14,0,14,7,12,0,14,5,7,0,14,0,14,0,14,3,6,06,59115
"Rail Road Flat CDP, California",30,28,0,14,21,22,0,14,0,14,0,14,0,14,0,14,9,16,0,14,0,14,06,59220
"Rainbow CDP, California",102,59,6,9,7,9,0,14,0,14,0,14,39,38,0,14,14,19,36,40,0,14,06,59248
"Raisin City CDP, California",13,16,0,14,0,14,0,14,4,6,0,14,0,14,0,14,0,14,9,15,0,14,06,59290
"Ramona CDP, California",2163,351,21,25,185,166,229,108,251,118,190,84,202,110,78,60,118,98,797,270,92,61,06,59346
"Rancho Calaveras CDP, California",120,90,0,19,0,19,40,45,0,19,58,80,0,19,0,19,0,19,22,32,0,19,06,59426
"Rancho Cordova city, California",11773,535,104,50,832,261,1415,292,1394,370,1432,260,1144,297,599,148,1251,319,2924,400,678,184,06,59444
"Rancho Cucamonga city, California",22181,841,493,195,1062,353,1769,378,2681,483,2861,554,2317,448,1558,355,2022,339,6393,565,1025,241,06,59451
"Rancho Mirage city, California",1620,275,13,12,72,56,135,92,59,83,147,80,89,56,85,53,208,97,498,226,314,138,06,59500
"Rancho Mission Viejo CDP, California",1102,236,16,24,29,47,89,65,57,50,148,79,71,65,85,60,15,20,443,192,149,102,06,59503
"Rancho Murieta CDP, California",22,28,0,19,0,19,16,25,0,19,0,19,0,19,0,19,6,10,0,19,0,19,06,59506
"Rancho Palos Verdes city, California",2973,414,69,60,125,88,370,157,439,162,422,192,178,91,334,155,301,177,495,152,240,122,06,59514
"Rancho San Diego CDP, California",1942,283,0,25,80,74,182,116,214,115,170,104,95,72,179,127,72,77,743,211,207,127,06,59550
"Rancho Santa Fe CDP, California",59,56,0,14,0,14,17,26,0,14,0,14,30,46,0,14,0,14,12,21,0,14,06,59584
"Rancho Santa Margarita city, California",4709,472,88,70,216,113,397,162,778,238,523,206,336,151,382,211,506,129,1387,411,96,75,06,59587
"Rancho Tehama Reserve CDP, California",87,90,0,14,65,87,0,14,8,13,5,9,0,14,0,14,0,14,0,14,9,13,06,59604
"Randsburg CDP, California",0,14,0,14,0,14,0,14,0,14,0,14,0,14,0,14,0,14,0,14,0,14,06,59668
"Red Bluff city, California",3361,384,37,46,158,80,370,176,542,268,243,148,276,131,216,119,637,236,777,230,105,57,06,59892
"Red Corral CDP, California",10,13,0,14,0,14,4,7,0,14,0,14,0,14,0,14,0,14,6,11,0,14,06,59896
"Redcrest CDP, California",7,11,0,14,0,14,0,14,0,14,0,14,0,14,0,14,0,14,7,11,0,14,06,59906
"Redding city, California",16653,797,558,200,1088,304,1558,310,2408,381,2039,392,1556,304,1264,312,1530,347,4047,544,605,200,06,59920
"Redlands city, California",10861,782,398,177,610,260,1174,347,1520,510,1590,456,1191,325,530,164,1148,352,2056,438,644,194,06,59962
"Redondo Beach city, California",13205,773,647,202,1089,244,1870,333,1721,284,1487,328,1064,288,982,357,1279,358,2680,419,386,154,06,60018
"Redway CDP, California",406,287,0,14,79,118,0,14,0,14,169,231,0,14,0,14,0,14,68,111,90,129,06,60088
"Redwood City city, California",15402,674,540,136,1748,291,1702,323,2478,425,1554,286,772,172,863,200,1777,433,3623,402,345,138,06,60102
"Redwood Valley CDP, California",146,175,0,14,0,14,0,14,0,14,0,14,0,14,0,14,0,14,146,175,0,14,06,60214
"Reedley city, California",3187,317,210,212,224,132,265,128,366,157,295,146,188,104,243,124,319,142,987,242,90,54,06,60242
"Reliez Valley CDP, California",91,77,0,14,0,14,7,13,0,14,0,14,0,14,0,14,0,14,84,76,0,14,06,60279
"Rexland Acres CDP, California",258,100,11,18,0,14,0,14,27,35,69,70,27,45,11,18,0,14,113,76,0,14,06,60370
"Rialto city, California",9146,562,177,103,626,174,890,250,824,276,1112,304,1001,228,407,143,1074,299,2663,393,372,206,06,60466
"Richfield CDP, California",35,31,0,14,0,14,12,26,0,14,5,9,0,14,0,14,0,14,17,15,1,3,06,60592
"Richgrove CDP, California",237,52,14,15,43,30,33,24,25,24,8,12,8,13,14,17,14,15,78,34,0,14,06,60606
"Richmond city, California",18485,1053,694,218,1130,296,1354,365,2088,409,2425,469,1180,328,1299,323,2088,451,5243,686,984,256,06,60620
"Richvale CDP, California",16,23,0,14,0,14,0,14,0,14,0,14,16,23,0,14,0,14,0,14,0,14,06,60662
"Ridgecrest city, California",4658,454,437,193,548,154,704,228,306,121,508,173,220,127,360,140,209,117,925,299,441,193,06,60704
"Ridgecrest Heights CDP, California",0,14,0,14,0,14,0,14,0,14,0,14,0,14,0,14,0,14,0,14,0,14,06,60705
"Ridgemark CDP, California",303,99,0,14,15,13,67,52,42,43,8,10,9,16,5,8,27,25,83,64,47,41,06,60706
"Rio Dell city, California",639,221,0,14,0,14,51,58,15,23,17,25,31,43,287,183,32,38,152,116,54,66,06,60900
"Rio del Mar CDP, California",942,203,23,29,50,34,18,20,112,59,201,98,47,43,53,35,85,58,232,110,121,92,06,60928
"Rio Linda CDP, California",1411,256,44,38,219,124,123,102,81,70,103,87,92,72,51,81,93,64,453,184,152,92,06,60942
"Rio Oso CDP, California",22,15,0,14,1,3,3,4,0,14,0,14,0,14,0,14,1,3,15,14,2,3,06,60970
"Rio Vista city, California",807,199,0,21,129,132,19,24,208,136,81,62,51,58,53,70,83,82,145,75,38,56,06,60984
"Ripley CDP, California",71,50,0,14,0,14,0,14,18,29,10,11,3,10,7,11,6,10,0,14,27,32,06,61012
"Ripon city, California",1910,313,81,93,136,105,265,217,124,139,215,143,196,148,200,102,263,133,332,169,98,88,06,61026
"Riverbank city, California",2133,359,14,22,157,79,382,297,108,56,237,133,219,83,81,55,175,76,615,231,145,88,06,61068
"Riverdale CDP, California",350,147,13,19,0,14,48,63,49,59,51,60,127,112,27,30,0,14,35,55,0,14,06,61096
"Riverdale Park CDP, California",107,104,0,14,17,28,0,14,21,36,0,14,0,14,0,14,0,14,69,92,0,14,06,61106
"Rivergrove CDP, California",0,14,0,14,0,14,0,14,0,14,0,14,0,14,0,14,0,14,0,14,0,14,06,61108
"River Pines CDP, California",0,14,0,14,0,14,0,14,0,14,0,14,0,14,0,14,0,14,0,14,0,14,06,61124
"Riverside city, California",41132,1126,1007,278,2662,529,4281,668,4386,482,3940,494,4233,525,2928,387,4327,466,11560,847,1808,320,06,62000
"Robbins CDP, California",25,28,0,14,0,14,11,17,0,14,0,14,0,14,14,22,0,14,0,14,0,14,06,62168
"Robinson Mill CDP, California",0,14,0,14,0,14,0,14,0,14,0,14,0,14,0,14,0,14,0,14,0,14,06,62200
"Rocklin city, California",8222,516,189,140,340,140,573,183,1176,295,926,221,969,222,834,242,895,255,2036,270,284,128,06,62364
"Rodeo CDP, California",1237,267,67,77,28,45,163,114,292,203,47,43,181,121,59,56,55,49,281,148,64,55,06,62490
"Rodriguez Camp CDP, California",22,18,0,14,0,14,0,14,0,14,9,14,8,12,0,14,0,14,5,8,0,14,06,62496
"Rohnert Park city, California",8609,613,409,228,538,194,721,292,1088,252,916,247,900,333,498,163,793,273,2492,448,254,148,06,62546
"Rolling Hills city, California",36,30,0,14,0,14,28,29,0,14,0,14,0,14,0,14,0,14,0,14,8,8,06,62602
"Rolling Hills CDP, California",0,14,0,14,0,14,0,14,0,14,0,14,0,14,0,14,0,14,0,14,0,14,06,62625
"Rolling Hills Estates city, California",343,103,0,19,0,19,51,38,56,38,40,32,44,43,0,19,10,11,72,45,70,66,06,62644
"Rollingwood CDP, California",232,92,45,71,0,14,12,20,12,18,23,31,3,11,26,42,64,67,47,59,0,14,06,62700
"Romoland CDP, California",126,123,0,14,0,14,0,14,0,14,0,14,0,14,0,14,7,12,119,126,0,14,06,62756
"Rosamond CDP, California",1577,270,0,25,93,72,141,79,161,108,255,132,167,102,50,48,269,176,425,175,16,20,06,62826
"Rosedale CDP, California",878,392,0,21,82,78,28,24,80,99,36,44,102,137,71,62,6,13,232,130,241,328,06,62854
"Rose Hills CDP, California",135,78,0,14,0,14,38,35,7,13,0,14,0,14,0,14,19,27,57,55,14,22,06,62860
"Rosemead city, California",7613,453,213,117,484,160,762,179,756,143,614,166,742,225,591,161,702,142,2218,297,531,139,06,62896
"Rosemont CDP, California",3369,423,31,24,270,120,434,161,361,149,347,126,167,91,210,106,321,119,1166,370,62,47,06,62910
"Roseville city, California",18426,768,413,168,931,299,2349,459,1949,338,1966,292,1521,299,1226,293,1758,361,5721,681,592,204,06,62938
"Ross town, California",110,51,4,6,32,36,3,7,25,27,4,6,4,6,0,14,6,11,24,21,8,12,06,62980
"Rossmoor CDP, California",392,113,22,24,20,23,50,54,114,61,48,33,33,32,30,38,14,21,22,30,39,31,06,63050
"Rough and Ready CDP, California",65,72,0,14,38,63,0,14,18,29,0,14,0,14,0,14,0,14,9,14,0,14,06,63106
"Round Mountain CDP, California",17,21,0,14,13,20,0,14,0,14,4,7,0,14,0,14,0,14,0,14,0,14,06,63134
"Round Valley CDP, California",64,27,3,4,18,17,0,14,3,4,8,8,2,3,13,10,11,14,4,5,2,3,06,63148
"Rouse CDP, California",284,116,28,39,38,57,41,34,39,48,0,14,38,50,0,14,42,52,58,54,0,14,06,63168
"Rowland Heights CDP, California",4830,394,144,76,232,105,472,171,532,185,409,198,345,124,284,112,506,211,1523,265,383,130,06,63218
"Rumsey CDP, California",0,14,0,14,0,14,0,14,0,14,0,14,0,14,0,14,0,14,0,14,0,14,06,63302
"Running Springs CDP, California",517,154,23,35,31,35,68,59,8,23,0,14,68,63,0,14,48,44,217,130,54,50,06,63316
"Ruth CDP, California",107,118,0,14,0,14,10,16,0,14,97,118,0,14,0,14,0,14,0,14,0,14,06,63386
"Rutherford CDP, California",29,32,0,14,0,14,0,14,0,14,0,14,0,14,17,26,0,14,12,18,0,14,06,63400
"Sacramento city, California",96750,2029,2339,512,6693,761,10409,819,10881,806,10573,857,9810,1057,6362,749,9383,1134,26234,1488,4066,545,06,64000
"Sage CDP, California",152,104,0,14,42,66,0,14,65,77,0,14,6,11,0,14,12,23,0,14,27,32,06,64056
"St. Helena city, California",786,155,46,36,34,31,77,47,86,58,75,46,40,31,79,48,52,42,273,94,24,24,06,64140
"Salida CDP, California",971,345,41,48,130,123,153,99,122,167,53,53,72,73,172,234,0,21,176,106,52,62,06,64210
"Salinas city, California",23129,776,171,78,1344,333,2305,328,3170,566,3235,523,2234,405,1626,323,2492,404,5807,639,745,215,06,64224
"Salmon Creek CDP, California",0,14,0,14,0,14,0,14,0,14,0,14,0,14,0,14,0,14,0,14,0,14,06,64252
"Salton City CDP, California",247,123,9,15,41,65,0,19,26,33,28,46,12,18,18,28,78,86,27,40,8,13,06,64294
"Salton Sea Beach CDP, California",31,46,0,14,0,14,0,14,0,14,0,14,0,14,0,14,0,14,31,46,0,14,06,64308
"Salyer CDP, California",80,69,0,14,23,35,0,14,0,14,0,14,0,14,0,14,0,14,22,32,35,47,06,64378
"Samoa CDP, California",49,33,0,14,3,4,0,14,32,31,3,4,0,14,5,7,0,14,6,8,0,14,06,64392
"San Andreas CDP, California",365,161,12,19,14,23,0,14,0,14,51,69,22,25,14,22,42,57,177,128,33,39,06,64420
"San Anselmo town, California",1651,305,58,59,37,44,82,60,261,179,172,109,119,82,171,92,136,91,541,197,74,59,06,64434
"San Antonio Heights CDP, California",191,83,0,14,0,14,43,48,19,22,0,14,0,14,0,14,38,56,72,44,19,23,06,64462
"San Ardo CDP, California",57,37,0,14,0,14,0,14,6,8,0,14,0,14,0,14,15,18,36,30,0,14,06,64476
"San Bernardino city, California",32107,1164,504,156,1406,298,2989,413,3419,397,3001,464,2827,408,2231,457,3846,496,10399,803,1485,385,06,65000
"San Bruno city, California",5773,499,218,112,388,130,819,326,612,166,616,201,369,131,362,166,659,185,1543,377,187,86,06,65028
"San Buenaventura (Ventura) city, California",18444,777,286,116,1124,241,1805,348,2129,307,2194,334,1829,328,1548,328,1787,351,5046,546,696,258,06,65042
"San Carlos city, California",3537,321,242,145,311,120,569,142,449,169,527,131,298,153,141,75,214,103,626,194,160,111,06,65070
"San Clemente city, California",8163,690,321,189,464,224,902,261,753,197,852,224,627,272,457,172,796,247,2312,397,679,289,06,65084
"Sand City city, California",154,49,1,2,1,3,21,17,11,9,12,9,15,17,4,7,17,17,70,33,2,3,06,65112
"San Diego city, California",279312,2876,5845,768,16876,1289,30737,1523,33960,1467,34087,1558,26703,1331,21391,1239,25694,1424,72827,1872,11192,1002,06,66000
"San Diego Country Estates CDP, California",304,265,0,21,177,255,22,20,0,21,0,21,48,68,0,21,7,13,21,28,29,37,06,66004
"San Dimas city, California",3327,439,54,55,74,57,229,129,423,164,259,127,298,250,293,172,233,167,1238,307,226,122,06,66070
"San Fernando city, California",2384,307,83,60,99,56,134,92,170,96,226,100,274,110,147,76,265,150,876,241,110,73,06,66140
"San Francisco city, California",224913,2332,16559,1242,27714,1363,33679,1750,28859,1483,22758,1287,17016,1202,10830,941,14732,1036,42422,1631,10344,978,06,67000
"San Gabriel city, California",6261,404,82,58,345,121,926,243,650,220,820,204,424,140,271,106,569,142,1640,281,534,171,06,67042
"Sanger city, California",2604,313,82,76,148,76,416,146,162,105,180,112,343,182,225,102,199,122,716,160,133,82,06,67056
"San Geronimo CDP, California",20,31,0,14,0,14,0,14,0,14,0,14,0,14,0,14,0,14,20,31,0,14,06,67070
"San Jacinto city, California",3648,482,45,54,212,118,248,138,408,190,148,92,348,208,232,110,523,287,1178,310,306,146,06,67112
"San Joaquin city, California",633,122,30,34,36,33,141,83,129,67,27,31,33,32,41,41,52,37,118,63,26,29,06,67126
"San Jose city, California",145219,2359,5031,637,13299,883,17832,1073,17558,1100,15821,1046,14199,889,10379,840,12471,874,33255,1573,5374,551,06,68000
"San Juan Bautista city, California",265,93,13,21,14,17,49,32,39,39,53,49,3,7,13,22,9,14,72,44,0,14,06,68014
"San Juan Capistrano city, California",2324,400,89,79,108,79,490,210,104,86,332,152,148,83,133,116,147,101,648,202,125,124,06,68028
"San Leandro city, California",12760,748,407,154,1006,245,1165,311,1499,331,1307,297,1384,322,658,199,1199,296,3503,433,632,206,06,68084
"San Lorenzo CDP, California",2808,363,28,32,179,112,320,180,415,190,422,191,268,122,320,161,176,82,513,150,167,78,06,68112
"San Lucas CDP, California",18,19,0,14,0,14,0,14,4,6,0,14,0,14,5,10,0,14,9,15,0,14,06,68140
"San Luis Obispo city, California",12213,646,198,87,869,284,1097,241,790,193,942,275,702,180,823,257,1035,249,5358,597,399,148,06,68154
"San Marcos city, California",11374,720,188,102,534,210,865,257,1347,315,1107,309,1190,332,736,255,1277,287,3813,522,317,158,06,68196
"San Marino city, California",673,152,52,55,36,30,160,132,20,26,54,48,33,38,75,50,34,39,132,78,77,62,06,68224
"San Martin CDP, California",446,176,0,19,0,19,74,117,95,85,0,19,10,16,35,56,75,73,77,78,80,47,06,68238
"San Mateo city, California",19985,840,688,177,1764,327,3123,454,2650,521,2077,340,1519,333,1126,222,1446,337,4860,588,732,245,06,68252
"San Miguel CDP (Contra Costa County), California",128,65,0,14,11,19,20,30,12,18,0,14,0,14,36,45,17,25,22,24,10,15,06,68263
"San Miguel CDP (San Luis Obispo County), California",373,158,41,65,42,63,0,14,49,80,47,57,10,16,19,29,0,14,165,134,0,14,06,68266
"San Pablo city, California",5652,464,84,62,492,258,391,164,765,254,638,195,666,254,564,287,772,245,1063,260,217,150,06,68294
"San Pasqual CDP, California",378,82,4,8,29,23,28,20,40,41,64,40,64,36,19,17,37,31,81,45,12,14,06,68308
"San Rafael city, California",10770,632,450,283,397,131,859,271,1086,326,1642,384,683,210,717,246,1192,375,3493,439,251,115,06,68364
"San Ramon city, California",8763,725,289,206,451,145,1068,322,1282,382,1222,358,831,245,360,177,958,312,2015,401,287,160,06,68378
"San Simeon CDP, California",84,77,11,18,0,14,33,55,0,14,0,14,26,37,0,14,14,22,0,14,0,14,06,68434
"Santa Ana city, California",44898,1201,839,207,3412,566,4695,490,5725,751,5441,615,4194,585,3339,459,4909,559,10808,854,1536,372,06,69000
"Santa Barbara city, California",21825,818,604,165,1419,298,2731,511,2612,398,1979,308,1760,336,1548,413,1733,372,6709,602,730,221,06,69070
"Santa Clara city, California",29632,1051,1521,323,4925,656,4069,578,4192,591,3426,522,1476,397,1887,445,1869,410,5238,519,1029,267,06,69084
"Santa Clarita city, California",21380,1161,353,166,1176,368,1848,346,2320,397,2387,409,1803,360,1437,329,2710,477,6221,789,1125,321,06,69088
"Santa Cruz city, California",11202,664,589,257,745,262,1124,336,1059,222,1382,330,851,234,430,172,1135,366,3327,504,560,264,06,69112
"Santa Fe Springs city, California",2250,288,8,14,98,94,105,73,316,182,303,151,445,195,118,69,149,92,549,174,159,88,06,69154
"Santa Margarita CDP, California",319,350,0,14,0,14,14,22,0,14,0,14,118,172,0,14,187,288,0,14,0,14,06,69182
"Santa Maria city, California",14693,734,330,120,548,178,1453,402,1663,375,1551,298,1461,273,1100,276,1492,309,4607,512,488,153,06,69196
"Santa Monica city, California",34107,1203,2205,466,3857,645,4460,624,4011,560,3578,518,2428,435,1786,422,2603,633,7741,832,1438,345,06,70000
"Santa Nella CDP, California",221,120,0,14,20,23,42,68,49,74,0,14,16,28,0,14,28,33,0,14,66,75,06,70028
"Santa Paula city, California",4261,460,102,62,341,134,408,251,356,129,471,186,538,253,263,132,353,197,1270,284,159,104,06,70042
"Santa Rosa city, California",29562,959,656,209,1826,450,3110,524,3605,416,3606,445,3138,459,2205,418,2755,468,7516,759,1145,285,06,70098
"Santa Rosa Valley CDP, California",30,29,6,10,0,14,0,14,0,14,0,14,24,27,0,14,0,14,0,14,0,14,06,70130
"Santa Susana CDP, California",45,43,0,14,0,14,19,32,0,14,0,14,0,14,17,25,0,14,0,14,9,14,06,70140
"Santa Venetia CDP, California",509,181,25,44,0,14,33,52,52,65,178,126,0,14,8,20,0,14,213,115,0,14,06,70154
"Santa Ynez CDP, California",559,200,14,21,0,14,35,40,67,75,105,96,15,24,16,23,15,20,179,125,113,109,06,70182
"Santee city, California",5851,509,97,70,338,103,479,177,446,153,605,207,442,131,336,149,1100,260,1719,283,289,122,06,70224
"Saranap CDP, California",815,205,0,19,21,35,81,68,83,60,139,163,145,96,117,113,24,41,102,85,103,106,06,70266
"Saratoga city, California",1469,259,68,52,143,83,177,93,136,93,95,70,112,84,115,94,72,56,360,135,191,121,06,70280
"Saticoy CDP, California",173,108,0,14,0,14,72,93,0,14,0,14,47,37,12,19,37,49,5,9,0,14,06,70322
"Sattley CDP, California",0,14,0,14,0,14,0,14,0,14,0,14,0,14,0,14,0,14,0,14,0,14,06,70336
"Sausalito city, California",1606,229,119,55,134,63,249,106,248,97,92,51,154,117,106,73,126,65,289,113,89,64,06,70364
"Scotia CDP, California",74,41,0,14,8,13,0,14,6,10,14,23,13,18,11,17,11,19,4,7,7,11,06,70518
"Scotts Valley city, California",1328,316,67,53,116,78,102,107,198,152,132,93,144,84,25,30,138,92,310,191,96,109,06,70588
"Seacliff CDP, California",749,159,0,14,70,48,96,78,105,102,97,63,154,95,32,43,48,38,136,85,11,17,06,70644
"Seal Beach city, California",3010,302,127,100,212,94,340,114,364,127,228,114,190,96,274,117,319,133,730,173,226,106,06,70686
"Sea Ranch CDP, California",33,33,16,26,12,18,0,14,0,14,0,14,0,14,0,14,0,14,5,8,0,14,06,70712
"Searles Valley CDP, California",212,58,43,29,47,30,12,19,33,29,23,22,0,14,0,14,18,19,24,23,12,10,06,70728
"Seaside city, California",6695,418,90,78,238,150,493,153,598,157,816,218,674,219,432,176,857,220,2245,349,252,107,06,70742
"Sebastopol city, California",1452,191,34,33,59,43,157,125,250,106,183,97,92,55,43,37,190,113,365,151,79,75,06,70770
"Seeley CDP, California",178,124,24,41,23,35,0,14,17,30,66,107,0,14,21,33,0,14,27,26,0,14,06,70798
"Selma city, California",2927,331,73,76,146,111,447,268,439,198,413,239,178,108,178,133,293,140,693,224,67,66,06,70882
"Sequoia Crest CDP, California",0,14,0,14,0,14,0,14,0,14,0,14,0,14,0,14,0,14,0,14,0,14,06,70966
"Sereno del Mar CDP, California",0,14,0,14,0,14,0,14,0,14,0,14,0,14,0,14,0,14,0,14,0,14,06,71000
"Seville CDP, California",36,24,7,13,11,13,0,14,4,7,7,8,0,14,0,14,1,3,4,8,2,3,06,71078
"Shafter city, California",2003,327,72,61,151,96,134,101,196,93,420,186,123,105,195,137,145,121,496,180,71,63,06,71106
"Shandon CDP, California",18,25,0,14,0,14,0,14,0,14,0,14,0,14,0,14,18,25,0,14,0,14,06,71134
"Shasta CDP, California",23,25,0,14,20,24,0,14,0,14,0,14,0,14,0,14,0,14,0,14,3,6,06,71218
"Shasta Lake city, California",1284,275,42,48,162,101,142,127,106,69,139,78,145,96,64,52,81,79,260,96,143,140,06,71225
"Shaver Lake CDP, California",10,12,0,14,5,8,0,14,0,14,0,14,0,14,5,8,0,14,0,14,0,14,06,71246
"Sheep Ranch CDP, California",0,14,0,14,0,14,0,14,0,14,0,14,0,14,0,14,0,14,0,14,0,14,06,71302
"Shell Ridge CDP, California",0,14,0,14,0,14,0,14,0,14,0,14,0,14,0,14,0,14,0,14,0,14,06,71362
"Shelter Cove CDP, California",60,74,0,14,0,14,0,14,37,66,0,14,0,14,0,14,0,14,0,14,23,33,06,71372
"Sheridan CDP, California",71,66,0,14,0,14,0,14,0,14,23,38,0,14,0,14,48,53,0,14,0,14,06,71414
"Shingle Springs CDP, California",181,94,0,14,32,40,34,50,68,69,0,14,14,22,5,10,15,23,13,21,0,14,06,71554
"Shingletown CDP, California",55,47,0,14,0,14,0,14,15,23,0,14,10,17,0,14,0,14,0,14,30,39,06,71568
"Shoshone CDP, California",10,16,0,14,0,14,10,16,0,14,0,14,0,14,0,14,0,14,0,14,0,14,06,71680
"Sierra Brooks CDP, California",0,14,0,14,0,14,0,14,0,14,0,14,0,14,0,14,0,14,0,14,0,14,06,71774
"Sierra City CDP, California",0,14,0,14,0,14,0,14,0,14,0,14,0,14,0,14,0,14,0,14,0,14,06,71778
"Sierra Madre city, California",2041,347,102,104,146,108,302,181,324,195,117,79,299,250,87,71,44,40,398,175,222,155,06,71806
"Sierra Village CDP, California",27,33,0,14,0,14,27,33,0,14,0,14,0,14,0,14,0,14,0,14,0,14,06,71834
"Sierraville CDP, California",27,26,0,14,0,14,0,14,0,14,0,14,0,14,22,25,5,8,0,14,0,14,06,71848
"Signal Hill city, California",2260,293,87,83,220,113,438,209,364,220,218,173,208,190,254,145,185,125,253,145,33,38,06,71876
"Silverado CDP, California",63,49,0,14,0,14,15,24,0,14,0,14,5,7,8,13,0,14,35,43,0,14,06,71918
"Silverado Resort CDP, California",54,57,18,28,0,14,0,14,0,14,0,14,11,18,0,14,0,14,25,41,0,14,06,71927
"Silver City CDP, California",0,14,0,14,0,14,0,14,0,14,0,14,0,14,0,14,0,14,0,14,0,14,06,71932
"Silver Lakes CDP, California",352,223,57,74,85,96,0,19,142,158,0,19,29,43,0,19,0,19,39,60,0,19,06,71964
"Simi Valley city, California",12034,687,431,180,520,170,780,228,1449,326,1001,210,1425,325,805,240,1310,426,3760,466,553,177,06,72016
"Sisquoc CDP, California",32,34,0,14,0,14,1,3,0,14,3,5,0,14,0,14,2,3,25,31,1,5,06,72086
"Sky Valley CDP, California",167,102,0,14,0,14,17,27,7,10,0,14,0,14,65,85,7,10,13,14,58,48,06,72156
"Sleepy Hollow CDP, California",135,179,28,43,0,14,0,14,0,14,0,14,0,14,0,14,0,14,107,173,0,14,06,72184
"Smartsville CDP, California",0,14,0,14,0,14,0,14,0,14,0,14,0,14,0,14,0,14,0,14,0,14,06,72282
"Smith Corner CDP, California",38,34,12,16,9,14,0,14,0,14,0,14,0,14,17,28,0,14,0,14,0,14,06,72338
"Smith River CDP, California",55,41,0,14,0,14,0,14,0,14,0,14,0,14,0,14,0,14,55,41,0,14,06,72380
"Snelling CDP, California",34,24,0,14,8,13,10,15,0,14,2,4,0,14,0,14,6,9,0,14,8,13,06,72408
"Soda Bay CDP, California",37,38,0,14,0,14,0,14,22,26,0,14,0,14,0,14,0,14,15,30,0,14,06,72478
"Soda Springs CDP, California",0,14,0,14,0,14,0,14,0,14,0,14,0,14,0,14,0,14,0,14,0,14,06,72492
"Solana Beach city, California",1838,249,29,47,88,56,287,102,227,116,172,96,93,71,94,64,127,87,592,224,129,103,06,72506
"Soledad city, California",1994,357,59,76,156,102,184,132,201,122,301,159,159,219,176,125,278,202,400,142,80,95,06,72520
"Solvang city, California",1173,290,51,52,77,60,307,237,104,91,129,85,6,11,60,48,76,71,360,159,3,5,06,72576
"Somis CDP, California",69,49,0,14,0,14,0,14,8,12,19,30,0,14,5,8,27,35,0,14,10,15,06,72632
"Sonoma city, California",1850,306,54,53,94,75,205,95,132,68,167,94,288,118,368,179,70,56,416,148,56,45,06,72646
"Sonoma State University CDP, California",0,14,0,14,0,14,0,14,0,14,0,14,0,14,0,14,0,14,0,14,0,14,06,72654
"Sonora city, California",1267,238,51,80,188,132,73,44,138,94,65,55,124,89,43,41,136,94,402,160,47,37,06,72674
"Soquel CDP, California",1153,252,88,83,110,93,80,90,105,56,131,99,147,102,8,12,46,57,304,110,134,91,06,72688
"Soulsbyville CDP, California",74,60,0,14,0,14,5,15,0,14,0,14,0,14,0,14,49,62,0,14,20,22,06,72772
"South Dos Palos CDP, California",209,114,0,14,0,14,0,14,0,14,0,14,49,52,0,14,0,14,75,70,85,95,06,72954
"South El Monte city, California",2517,236,33,35,125,65,171,71,200,76,289,134,253,140,152,71,258,95,915,208,121,86,06,72996
"South Gate city, California",13782,607,371,144,1099,240,1565,343,1521,275,1485,286,1058,227,790,223,1294,266,4076,497,523,175,06,73080
"South Lake Tahoe city, California",4634,459,92,83,490,195,515,158,446,173,623,193,264,125,364,145,666,257,1029,241,145,94,06,73108
"South Monrovia Island CDP, California",544,163,0,19,185,132,83,62,75,67,64,60,23,36,23,36,0,19,60,55,31,35,06,73167
"South Oroville CDP, California",458,180,0,14,0,14,26,35,71,77,12,20,27,34,53,77,0,14,192,132,77,90,06,73178
"South Pasadena city, California",5723,473,199,98,439,178,740,225,1057,385,546,177,645,186,475,191,456,134,992,231,174,91,06,73220
"South San Francisco city, California",8960,539,256,104,865,275,1204,253,1149,213,729,241,787,247,473,128,754,208,2470,353,273,131,06,73262
"South San Gabriel CDP, California",975,353,38,50,43,52,39,60,109,76,54,41,49,64,17,28,172,86,164,81,290,297,06,73276
"South San Jose Hills CDP, California",863,219,18,27,81,81,134,87,165,98,34,29,38,28,127,89,2,9,223,124,41,42,06,73290
"South Taft CDP, California",471,139,0,14,52,42,32,49,25,41,20,23,22,36,27,44,43,43,189,118,61,61,06,73388
"South Whittier CDP, California",5410,487,130,126,292,129,475,149,732,249,767,258,687,185,340,125,537,185,1222,257,228,94,06,73430
"Spaulding CDP, California",20,34,20,34,0,14,0,14,0,14,0,14,0,14,0,14,0,14,0,14,0,14,06,73554
"Spreckels CDP, California",24,36,0,14,0,14,0,14,0,14,24,36,0,14,0,14,0,14,0,14,0,14,06,73612
"Spring Garden CDP, California",0,14,0,14,0,14,0,14,0,14,0,14,0,14,0,14,0,14,0,14,0,14,06,73654
"Spring Valley CDP (Lake County), California",55,59,0,14,46,60,0,14,0,14,0,14,0,14,0,14,0,14,0,14,9,14,06,73690
"Spring Valley CDP (San Diego County), California",3526,412,52,41,318,151,410,196,310,92,360,177,264,124,500,167,393,147,907,215,12,13,06,73696
"Spring Valley Lake CDP, California",862,204,0,19,29,49,41,69,144,113,110,88,87,61,66,67,124,82,179,129,82,72,06,73700
"Springville CDP, California",0,14,0,14,0,14,0,14,0,14,0,14,0,14,0,14,0,14,0,14,0,14,06,73710
"Squaw Valley CDP, California",234,146,14,23,17,33,0,14,0,14,41,49,0,14,0,14,40,47,69,90,53,61,06,73794
"Squirrel Mountain Valley CDP, California",48,64,0,14,0,14,0,14,0,14,0,14,0,14,39,63,0,14,0,14,9,14,06,73815
"Stallion Springs CDP, California",84,74,0,14,0,14,10,18,0,14,0,14,8,13,8,15,0,14,50,73,8,14,06,73868
"Stanford CDP, California",2508,321,42,42,178,94,78,57,143,83,206,121,181,105,192,109,513,188,763,226,212,133,06,73906
"Stanton city, California",6593,461,108,53,549,207,648,318,764,252,569,236,385,173,491,183,754,177,2051,357,274,191,06,73962
"Stebbins CDP, California",45,42,0,14,0,14,0,14,0,14,11,15,0,14,0,14,0,14,34,42,0,14,06,74021
"Stevenson Ranch CDP, California",2535,430,25,30,82,56,277,162,283,166,166,127,417,260,180,177,253,116,651,241,201,149,06,74130
"Stevinson CDP, California",29,43,0,14,0,14,2,9,0,14,0,14,0,14,0,14,27,43,0,14,0,14,06,74144
"Stinson Beach CDP, California",6,9,0,14,0,14,0,14,0,14,0,14,0,14,0,14,0,14,6,9,0,14,06,74172
"Stirling City CDP, California",22,35,0,14,0,14,0,14,0,14,0,14,0,14,0,14,0,14,22,35,0,14,06,74186
"Stockton city, California",45648,1185,1419,304,2882,429,4991,578,4602,593,5364,653,3978,665,3524,496,4538,581,12093,948,2257,369,06,75000
"Stones Landing CDP, California",0,14,0,14,0,14,0,14,0,14,0,14,0,14,0,14,0,14,0,14,0,14,06,75122
"Stonyford CDP, California",20,20,0,14,0,14,0,14,7,10,0,14,0,14,2,4,0,14,1,4,10,15,06,75154
"Stratford CDP, California",94,71,0,14,0,14,0,14,0,14,0,14,62,71,0,14,0,14,32,33,0,14,06,75252
"Strathmore CDP, California",189,105,31,48,10,17,0,14,0,14,47,79,0,14,0,14,0,14,101,77,0,14,06,75280
"Strawberry CDP (Marin County), California",1389,289,6,9,95,59,80,45,234,177,143,77,157,71,101,80,105,84,398,130,70,65,06,75315
"Strawberry CDP (Tuolumne County), California",40,60,0,14,0,14,0,14,0,14,0,14,40,60,0,14,0,14,0,14,0,14,06,75322
"Sugarloaf Saw Mill CDP, California",0,14,0,14,0,14,0,14,0,14,0,14,0,14,0,14,0,14,0,14,0,14,06,75592
"Sugarloaf Village CDP, California",0,14,0,14,0,14,0,14,0,14,0,14,0,14,0,14,0,14,0,14,0,14,06,75596
"Suisun City city, California",3771,481,62,76,343,161,354,126,453,199,503,235,302,175,114,116,376,171,1202,318,62,53,06,75630
"Sultana CDP, California",126,40,0,14,37,25,12,13,14,14,28,20,16,15,0,14,6,9,13,18,0,14,06,75672
"Summerland CDP, California",224,123,0,14,0,14,0,14,0,14,0,14,27,43,97,146,52,97,48,79,0,14,06,75714
"Sunnyside CDP, California",280,116,14,23,37,38,33,44,0,14,10,16,61,69,0,14,16,27,83,59,26,24,06,75994
"Sunnyside-Tahoe City CDP, California",200,73,0,14,30,33,16,23,59,54,53,52,0,14,0,14,18,28,24,37,0,14,06,76015
"Sunny Slopes CDP, California",0,14,0,14,0,14,0,14,0,14,0,14,0,14,0,14,0,14,0,14,0,14,06,76040
"Sunnyvale city, California",33905,1100,2956,446,5436,700,5554,612,4675,630,2969,453,2144,443,2247,479,2139,487,4920,541,865,255,06,77000
"Sunol CDP, California",54,27,0,14,6,6,0,14,9,11,12,17,11,13,0,14,1,3,4,7,11,14,06,77042
"Sun Village CDP, California",843,299,44,53,9,13,42,50,6,14,42,50,68,107,40,53,154,102,260,204,178,156,06,77308
"Susanville city, California",1764,274,97,67,247,113,163,79,301,127,296,154,74,49,50,39,103,75,391,144,42,41,06,77364
"Sutter CDP, California",227,103,24,37,0,14,8,14,28,31,72,65,0,14,0,14,62,77,28,22,5,8,06,77378
"Sutter Creek city, California",545,187,39,63,55,47,56,72,112,104,61,51,21,30,18,41,28,36,54,71,101,94,06,77392
"Swall Meadows CDP, California",0,14,0,14,0,14,0,14,0,14,0,14,0,14,0,14,0,14,0,14,0,14,06,77430
"Taft city, California",1192,378,0,19,178,179,22,27,90,90,252,236,98,118,131,146,88,107,284,186,49,70,06,77574
"Taft Heights CDP, California",264,103,0,14,8,14,29,29,38,38,54,50,14,18,0,14,58,64,51,58,12,18,06,77588
"Taft Mosswood CDP, California",221,109,10,16,0,14,47,47,52,52,0,14,0,14,16,26,16,22,66,91,14,20,06,77595
"Tahoe Vista CDP, California",43,39,0,14,20,30,0,14,0,14,0,14,9,14,14,24,0,14,0,14,0,14,06,77700
"Tahoma CDP, California",127,48,10,15,0,14,9,13,0,14,0,14,37,28,0,14,23,24,41,31,7,11,06,77728
"Talmage CDP, California",175,108,0,14,0,14,0,14,57,61,0,14,0,14,33,51,10,16,36,41,39,54,06,77784
"Tamalpais-Homestead Valley CDP, California",664,198,58,56,77,73,70,69,96,85,74,54,63,60,28,30,8,14,131,81,59,60,06,77805
"Tancred CDP, California",6,6,0,14,0,14,0,14,0,14,0,14,0,14,0,14,0,14,0,14,6,6,06,77860
"Tara Hills CDP, California",546,174,0,14,0,14,52,51,70,70,47,51,0,14,0,14,71,76,202,122,104,117,06,77924
"Tarina CDP, California",0,14,0,14,0,14,0,14,0,14,0,14,0,14,0,14,0,14,0,14,0,14,06,77934
"Tarpey Village CDP, California",86,69,0,14,21,31,12,22,0,14,0,14,0,14,0,14,8,14,45,51,0,14,06,77960
"Taylorsville CDP, California",0,14,0,14,0,14,0,14,0,14,0,14,0,14,0,14,0,14,0,14,0,14,06,78008
"Tecopa CDP, California",11,11,0,14,0,14,0,14,0,14,0,14,0,14,0,14,3,6,0,14,8,9,06,78050
"Tehachapi city, California",1499,302,10,16,104,89,195,134,78,78,285,158,139,114,32,51,142,105,278,123,236,176,06,78092
"Tehama city, California",41,24,2,6,0,14,7,11,6,7,8,14,0,14,0,14,3,5,12,10,3,4,06,78106
"Temecula city, California",11705,782,138,68,532,207,1079,277,1873,364,1207,281,1537,371,830,313,1375,380,2781,428,353,185,06,78120
"Temelec CDP, California",141,95,0,14,0,14,0,14,30,34,16,26,0,14,0,14,0,14,95,83,0,14,06,78126
"Temescal Valley CDP, California",1265,384,52,81,10,18,129,112,17,29,44,53,135,120,190,204,158,128,394,231,136,86,06,78138
"Temple City city, California",4244,418,160,154,305,136,386,123,452,146,453,163,376,135,288,143,288,106,1207,238,329,137,06,78148
"Templeton CDP, California",961,256,51,55,64,63,177,154,48,54,103,92,80,58,151,131,30,30,242,171,15,24,06,78162
"Tennant CDP, California",8,10,0,14,0,14,0,14,0,14,0,14,0,14,8,10,0,14,0,14,0,14,06,78176
"Terminous CDP, California",0,14,0,14,0,14,0,14,0,14,0,14,0,14,0,14,0,14,0,14,0,14,06,78232
"Terra Bella CDP, California",257,115,113,72,0,14,0,14,0,14,0,14,0,14,21,32,0,14,70,62,53,79,06,78288
"Teviston CDP, California",185,90,0,14,24,35,0,14,23,34,57,60,0,14,0,14,0,14,59,52,22,28,06,78336
"Thermal CDP, California",319,126,38,44,14,18,47,52,0,14,11,20,69,64,0,14,28,32,85,76,27,33,06,78456
"Thermalito CDP, California",700,166,55,58,25,28,147,141,40,50,47,42,78,67,18,25,80,64,142,78,68,55,06,78470
"Thornton CDP, California",107,51,0,14,21,25,11,12,0,14,22,26,11,17,21,27,9,20,12,17,0,14,06,78568
"Thousand Oaks city, California",13593,768,332,143,723,226,1430,322,1508,342,1450,268,1261,295,747,224,1230,308,3685,613,1227,408,06,78582
"Thousand Palms CDP, California",749,307,16,28,173,129,0,19,13,20,0,19,173,131,23,37,36,52,294,214,21,18,06,78596
"Three Rivers CDP, California",409,256,0,14,12,19,62,68,167,228,11,12,0,14,0,14,58,68,41,37,58,55,06,78638
"Three Rocks CDP, California",8,11,0,14,3,5,0,14,5,10,0,14,0,14,0,14,0,14,0,14,0,14,06,78652
"Tiburon town, California",882,248,18,26,109,77,108,96,209,136,85,103,30,42,32,39,58,45,212,140,21,34,06,78666
"Timber Cove CDP, California",24,19,0,14,7,11,0,14,2,3,0,14,9,14,2,4,4,6,0,14,0,14,06,78715
"Tipton CDP, California",543,175,0,14,99,101,40,36,69,60,38,32,45,42,0,14,35,35,179,130,38,35,06,78750
"Tobin CDP, California",0,14,0,14,0,14,0,14,0,14,0,14,0,14,0,14,0,14,0,14,0,14,06,78792
"Tomales CDP, California",0,14,0,14,0,14,0,14,0,14,0,14,0,14,0,14,0,14,0,14,0,14,06,78890
"Tonyville CDP, California",61,69,0,14,29,45,0,14,0,14,0,14,0,14,0,14,0,14,32,46,0,14,06,78932
"Tooleville CDP, California",32,49,0,14,0,14,0,14,0,14,0,14,0,14,32,49,0,14,0,14,0,14,06,78949
"Topanga CDP, California",560,195,0,19,31,34,27,35,92,94,11,17,0,19,118,117,22,23,212,133,47,55,06,78960
"Topaz CDP, California",42,49,0,14,0,14,0,14,0,14,0,14,0,14,0,14,0,14,0,14,42,49,06,79030
"Toro Canyon CDP, California",100,56,15,22,0,14,0,14,16,25,6,10,6,10,12,20,0,14,29,28,16,24,06,79529
"Torrance city, California",24687,954,588,178,1921,384,2594,381,2918,374,2977,599,2323,476,1930,370,2467,474,5618,620,1351,349,06,80000
"Trabuco Canyon CDP, California",34,42,0,14,28,42,0,14,0,14,0,14,0,14,0,14,0,14,6,10,0,14,06,80210
"Tracy city, California",10134,804,107,86,657,253,1170,311,1702,363,949,255,1324,442,789,286,918,274,1976,314,542,179,06,80238
"Tranquillity CDP, California",77,62,0,14,0,14,0,14,0,14,59,56,0,14,0,14,0,14,18,28,0,14,06,80266
"Traver CDP, California",37,22,0,14,0,14,0,14,2,3,6,7,0,14,7,12,0,14,20,17,2,3,06,80280
"Tres Pinos CDP, California",16,17,0,14,7,10,0,14,0,14,0,14,0,14,0,14,0,14,9,13,0,14,06,80364
"Trinidad city, California",27,18,7,11,0,14,0,14,0,14,4,7,5,7,0,14,0,14,7,10,4,6,06,80448
"Trinity Center CDP, California",6,11,0,14,0,14,0,14,0,14,0,14,0,14,0,14,0,14,6,11,0,14,06,80476
"Trinity Village CDP, California",29,36,17,30,0,14,0,14,0,14,0,14,0,14,0,14,0,14,0,14,12,18,06,80483
"Trona CDP, California",0,14,0,14,0,14,0,14,0,14,0,14,0,14,0,14,0,14,0,14,0,14,06,80515
"Trowbridge CDP, California",7,12,0,14,0,14,0,14,0,14,0,14,0,14,0,14,0,14,0,14,7,12,06,80560
"Truckee town, California",1824,315,12,15,156,92,259,178,131,107,179,150,151,131,79,96,149,120,519,173,189,150,06,80588
"Tulare city, California",8680,609,112,72,659,255,1000,242,964,298,982,229,686,203,677,218,1147,290,2224,378,229,94,06,80644
"Tulelake city, California",148,60,7,11,19,23,11,18,18,28,46,36,0,14,0,14,17,29,30,25,0,14,06,80686
"Tuolumne City CDP, California",184,169,0,14,0,14,0,14,89,139,0,14,60,97,0,14,9,17,26,40,0,14,06,80763
"Tupman CDP, California",23,16,0,14,3,4,0,14,0,14,0,14,0,14,0,14,1,4,17,14,2,3,06,80784
"Turlock city, California",11147,699,189,141,1105,271,1400,379,1248,301,1082,233,909,216,811,212,1098,250,2695,501,610,281,06,80812
"Tustin city, California",14109,692,517,232,454,198,1328,274,1309,255,1607,334,1438,342,996,242,1566,321,4351,579,543,196,06,80854
"Tuttle CDP, California",22,32,0,14,22,32,0,14,0,14,0,14,0,14,0,14,0,14,0,14,0,14,06,80882
"Tuttletown CDP, California",16,22,0,14,0,14,0,14,0,14,0,14,0,14,0,14,0,14,16,22,0,14,06,80896
"Twain CDP, California",10,16,0,14,0,14,0,14,0,14,0,14,10,16,0,14,0,14,0,14,0,14,06,80952
"Twain Harte CDP, California",170,118,0,14,14,21,47,56,0,14,0,14,42,65,28,49,0,14,39,50,0,14,06,80966
"Twentynine Palms city, California",5739,375,156,149,560,221,666,303,565,215,542,209,637,223,442,197,719,294,1008,194,444,203,06,80994
"Twin Lakes CDP (Mono County), California",0,14,0,14,0,14,0,14,0,14,0,14,0,14,0,14,0,14,0,14,0,14,06,81048
"Twin Lakes CDP (Santa Cruz County), California",1442,218,85,92,103,63,169,81,195,123,121,83,87,75,103,96,148,92,394,153,37,44,06,81050
"Ukiah city, California",3424,415,94,69,159,97,288,142,364,157,435,191,398,164,242,145,443,262,815,248,186,93,06,81134
"Union City city, California",7504,604,356,121,638,193,917,255,1019,263,855,260,697,219,552,183,554,143,1565,344,351,108,06,81204
"University of California-Davis CDP, California",1460,255,7,11,56,58,39,53,74,51,18,23,20,27,48,45,103,70,865,195,230,115,06,81302
"University of California-Merced CDP, California",0,14,0,14,0,14,0,14,0,14,0,14,0,14,0,14,0,14,0,14,0,14,06,81312
"University of California-Santa Barbara CDP, California",604,118,15,17,51,28,100,52,107,55,51,50,56,36,42,36,79,55,93,48,10,12,06,81316
"Upland city, California",11747,647,240,110,823,268,1210,258,1529,325,1635,377,1179,303,982,278,1177,299,2645,468,327,134,06,81344
"Upper Lake CDP, California",25,26,0,14,0,14,0,14,13,19,0,14,12,17,0,14,0,14,0,14,0,14,06,81358
"Vacaville city, California",11136,702,259,147,236,105,1046,338,1203,285,1466,303,1608,266,1053,293,1144,237,2710,409,411,152,06,81554
"Valinda CDP, California",974,187,62,46,80,49,104,64,116,82,124,79,90,57,33,43,130,80,153,77,82,57,06,81638
"Vallecito CDP, California",46,69,0,14,0,14,0,14,0,14,0,14,0,14,0,14,0,14,0,14,46,69,06,81652
"Vallejo city, California",19089,894,494,126,725,222,1720,384,2066,351,1972,455,2079,394,1105,302,1934,427,6069,813,925,257,06,81666
"Valle Vista CDP, California",1584,329,20,30,37,33,161,118,181,132,219,167,239,132,98,61,25,23,525,199,79,79,06,81708
"Valley Acres CDP, California",47,44,0,14,35,39,0,14,12,15,0,14,0,14,0,14,0,14,0,14,0,14,06,81722
"Valley Center CDP, California",256,145,0,21,13,17,3,4,69,54,11,18,1,3,2,4,0,21,35,28,122,136,06,81736
"Valley Ford CDP, California",0,14,0,14,0,14,0,14,0,14,0,14,0,14,0,14,0,14,0,14,0,14,06,81778
"Valley Home CDP, California",3,6,0,14,0,14,0,14,0,14,0,14,0,14,3,6,0,14,0,14,0,14,06,81792
"Valley Ranch CDP, California",0,14,0,14,0,14,0,14,0,14,0,14,0,14,0,14,0,14,0,14,0,14,06,81869
"Valley Springs CDP, California",56,66,0,14,0,14,0,14,32,48,0,14,0,14,0,14,0,14,24,43,0,14,06,81890
"Valley Wells CDP, California",0,14,0,14,0,14,0,14,0,14,0,14,0,14,0,14,0,14,0,14,0,14,06,81925
"Val Verde CDP, California",127,59,9,12,19,23,0,14,17,17,17,27,0,14,16,27,49,55,0,14,0,14,06,81967
"Vandenberg AFB CDP, California",1138,171,0,14,34,30,25,26,77,46,120,80,75,46,198,87,266,131,323,145,20,19,06,82072
"Vandenberg Village CDP, California",659,199,0,19,0,19,69,67,69,88,108,84,60,70,53,69,105,97,113,94,82,94,06,82086
"Verdi CDP, California",21,37,0,14,0,14,0,14,0,14,0,14,0,14,0,14,0,14,0,14,21,37,06,82334
"Vernon city, California",92,35,0,14,8,7,10,7,22,13,23,25,2,2,2,2,10,8,12,11,3,4,06,82422
"Victor CDP, California",67,78,0,14,22,35,0,14,0,14,0,14,0,14,0,14,45,72,0,14,0,14,06,82562
"Victorville city, California",15032,829,583,384,732,246,1089,330,1811,460,1311,298,1106,306,672,236,1647,405,5490,680,591,214,06,82590
"View Park-Windsor Hills CDP, California",1382,315,55,67,108,123,207,162,109,132,334,176,52,63,71,93,65,64,368,209,13,23,06,82667
"Villa Park city, California",198,143,0,19,0,19,0,19,12,15,19,21,97,127,4,6,41,47,19,28,6,10,06,82744
"Vina CDP, California",11,17,0,14,0,14,0,14,0,14,0,14,11,17,0,14,0,14,0,14,0,14,06,82786
"Vincent CDP, California",858,270,0,21,30,28,46,39,44,43,285,196,41,31,86,98,76,55,201,94,49,47,06,82815
"Vine Hill CDP, California",269,132,27,42,0,14,37,57,9,15,83,61,23,38,10,18,24,39,46,73,10,17,06,82842
"Vineyard CDP, California",3131,416,15,25,241,136,317,166,227,108,364,140,211,164,282,154,282,134,950,264,242,123,06,82852
"Virginia Lakes CDP, California",0,14,0,14,0,14,0,14,0,14,0,14,0,14,0,14,0,14,0,14,0,14,06,82929
"Visalia city, California",18328,1197,518,216,1436,330,2422,654,2241,436,1933,378,1727,356,853,235,1790,367,4249,620,1159,361,06,82954
"Vista city, California",15620,775,189,106,682,228,1027,269,1876,305,2335,377,1742,399,833,217,1405,306,5016,563,515,230,06,82996
"Vista Santa Rosa CDP, California",138,75,0,14,0,14,3,6,33,38,0,14,29,46,0,14,0,14,39,40,34,40,06,83085
"Volcano CDP, California",46,69,0,14,0,14,0,14,0,14,0,14,0,14,0,14,0,14,46,69,0,14,06,83094
"Volta CDP, California",46,65,0,14,0,14,0,14,0,14,0,14,0,14,0,14,0,14,46,65,0,14,06,83108
"Walker CDP, California",29,39,0,14,0,14,0,14,0,14,0,14,12,21,0,14,0,14,0,14,17,31,06,83262
"Wallace CDP, California",87,98,0,14,0,14,0,14,0,14,19,38,0,14,0,14,0,14,68,108,0,14,06,83304
"Walnut city, California",1405,243,33,37,49,41,40,33,157,77,160,81,122,91,74,66,180,112,325,108,265,152,06,83332
"Walnut Creek city, California",11786,639,371,122,823,240,1492,351,1646,349,1227,258,1009,226,698,208,1371,378,2709,406,440,201,06,83346
"Walnut Grove CDP, California",230,105,33,52,14,23,26,39,0,14,37,60,0,14,36,57,36,46,25,42,23,26,06,83374
"Walnut Park CDP, California",1832,233,52,50,185,105,174,77,102,69,239,91,89,55,216,105,169,93,557,167,49,34,06,83402
"Warm Springs CDP, California",185,104,0,14,0,14,0,14,0,14,11,19,0,14,44,55,46,57,84,61,0,14,06,83460
"Warner Valley CDP, California",0,14,0,14,0,14,0,14,0,14,0,14,0,14,0,14,0,14,0,14,0,14,06,83494
"Wasco city, California",2645,412,121,73,190,105,222,105,223,118,246,182,305,181,238,135,226,132,786,279,88,84,06,83542
"Washington CDP, California",21,21,0,14,0,14,0,14,0,14,0,14,0,14,0,14,5,10,16,17,0,14,06,83570
"Waterford city, California",1141,218,11,19,42,35,309,136,148,132,156,112,113,113,41,45,37,36,284,116,0,19,06,83612
"Waterloo CDP, California",220,192,25,36,90,144,0,14,0,14,0,14,0,14,0,14,88,111,17,28,0,14,06,83626
"Watsonville city, California",8358,535,337,191,375,164,876,281,1053,270,967,298,545,181,652,207,671,207,2566,371,316,133,06,83668
"Waukena CDP, California",6,5,0,14,2,3,0,14,0,14,0,14,0,14,0,14,2,3,2,2,0,14,06,83724
"Wautec CDP, California",0,14,0,14,0,14,0,14,0,14,0,14,0,14,0,14,0,14,0,14,0,14,06,83730
"Wawona CDP, California",63,76,0,14,0,14,0,14,53,73,0,14,0,14,0,14,10,17,0,14,0,14,06,83766
"Weaverville CDP, California",410,228,0,14,183,188,83,96,34,56,0,14,35,32,0,14,32,55,4,6,39,52,06,83794
"Weed city, California",591,124,7,11,75,55,51,67,31,35,9,15,20,25,104,60,69,54,182,89,43,31,06,83850
"Weedpatch CDP, California",602,233,0,14,28,31,0,14,28,21,81,62,56,56,6,10,149,169,138,126,116,89,06,83863
"Weitchpec CDP, California",13,8,2,4,2,3,0,14,0,14,0,14,0,14,3,5,0,14,0,14,6,6,06,83906
"Weldon CDP, California",257,107,0,14,21,34,0,14,0,14,15,24,48,62,16,23,29,40,108,88,20,34,06,83948
"Weott CDP, California",49,76,0,14,0,14,0,14,0,14,0,14,0,14,0,14,0,14,0,14,49,76,06,84004
"West Athens CDP, California",1252,226,14,23,0,19,36,45,127,79,181,175,132,115,84,73,85,65,552,180,41,47,06,84116
"West Bishop CDP, California",136,76,0,14,0,14,33,48,0,14,9,13,8,12,28,39,18,22,13,17,27,28,06,84120
"West Carson CDP, California",2413,367,55,68,144,86,220,144,246,128,214,96,155,92,248,167,111,69,737,210,283,147,06,84144
"West Covina city, California",13069,705,336,140,644,196,1197,333,1305,259,1902,314,1310,287,827,237,1238,266,3750,518,560,167,06,84200
"West Goshen CDP, California",35,28,0,14,9,18,0,14,7,15,0,14,0,14,0,14,0,14,0,14,19,23,06,84345
"Westhaven-Moonstone CDP, California",216,116,0,14,10,13,8,12,0,14,20,19,18,17,0,14,0,14,138,108,22,16,06,84385
"West Hollywood city, California",18374,868,769,284,1729,490,3067,609,1984,566,2258,529,1374,371,633,248,1644,427,4245,675,671,237,06,84410
"Westlake Village city, California",577,186,61,70,36,32,44,23,31,30,140,124,43,45,8,13,42,40,112,87,60,74,06,84438
"Westley CDP, California",71,41,0,14,0,14,0,14,0,14,17,29,18,30,18,28,0,14,18,29,0,14,06,84480
"West Menlo Park CDP, California",279,112,28,39,52,37,11,20,19,20,24,24,56,51,47,75,9,13,33,42,0,14,06,84536
"Westminster city, California",13112,646,321,127,449,165,1455,308,1026,245,1085,274,1417,296,759,280,963,215,4648,512,989,307,06,84550
"West Modesto CDP, California",689,155,6,12,73,57,79,69,86,58,81,67,58,54,83,70,6,11,188,95,29,39,06,84578
"Westmont CDP, California",7405,513,302,152,309,151,405,159,733,198,478,204,640,213,421,185,566,163,3246,464,305,173,06,84592
"Westmorland city, California",259,66,9,16,23,23,16,22,34,26,15,25,29,26,11,17,15,16,76,41,31,29,06,84606
"West Park CDP, California",117,50,6,11,9,15,0,14,0,14,15,20,12,22,11,15,4,6,26,28,34,29,06,84680
"West Point CDP, California",106,64,0,14,0,14,0,14,0,14,0,14,11,17,0,14,9,15,43,51,43,34,06,84732
"West Puente Valley CDP, California",1148,268,6,10,49,57,80,59,94,86,93,77,114,102,182,104,28,45,419,178,83,68,06,84774
"West Rancho Dominguez CDP, California",2293,347,101,93,143,99,156,96,309,176,92,63,120,85,202,138,233,120,771,244,166,94,06,84780
"West Sacramento city, California",7700,566,195,94,454,204,745,219,1234,302,995,294,590,233,768,240,813,265,1663,303,243,110,06,84816
"Westside CDP, California",27,26,0,14,0,14,3,6,14,22,0,14,0,14,0,14,0,14,10,14,0,14,06,84863
"West Whittier-Los Nietos CDP, California",1606,295,0,25,82,60,176,114,309,180,161,95,252,122,132,101,111,95,304,142,79,67,06,84921
"Westwood CDP, California",184,114,0,14,0,14,30,49,0,14,0,14,23,34,0,14,0,14,103,100,28,36,06,84928
"Wheatland city, California",507,158,0,14,0,14,9,16,69,48,206,142,23,24,23,35,7,13,115,77,55,59,06,85012
"Whitehawk CDP, California",0,14,0,14,0,14,0,14,0,14,0,14,0,14,0,14,0,14,0,14,0,14,06,85086
"Whitewater CDP, California",68,37,0,14,11,16,13,18,0,14,12,15,18,25,7,13,0,14,7,13,0,14,06,85208
"Whitley Gardens CDP, California",34,34,0,14,0,14,0,14,0,14,0,14,0,14,12,21,0,14,22,24,0,14,06,85222
"Whitmore CDP, California",12,15,0,14,0,14,0,14,0,14,9,14,0,14,0,14,0,14,0,14,3,4,06,85250
"Whittier city, California",11842,722,159,96,627,208,1345,323,1089,270,1395,325,1315,277,1235,345,1465,258,2759,430,453,223,06,85292
"Wildomar city, California",2332,372,174,161,149,97,390,188,255,146,149,87,407,268,90,62,103,52,505,188,110,83,06,85446
"Wilkerson CDP, California",27,25,0,14,0,14,8,12,0,14,11,18,0,14,0,14,0,14,0,14,8,10,06,85551
"Williams city, California",733,167,137,125,27,36,15,28,149,101,24,29,17,30,65,80,33,53,220,131,46,49,06,85586
"Williams Canyon CDP, California",0,14,0,14,0,14,0,14,0,14,0,14,0,14,0,14,0,14,0,14,0,14,06,85587
"Willits city, California",1277,245,83,79,101,72,176,133,159,96,85,74,53,57,56,54,247,153,236,177,81,95,06,85600
"Willowbrook CDP, California",3384,359,45,36,327,158,236,104,309,152,319,134,394,201,364,163,301,118,894,217,195,114,06,85614
"Willow Creek CDP, California",234,118,0,14,0,14,0,14,0,14,54,58,0,14,0,14,108,96,55,44,17,29,06,85642
"Willows city, California",906,193,61,48,70,65,97,71,0,19,118,122,18,25,0,19,101,80,399,182,42,45,06,85684
"Wilseyville CDP, California",47,47,10,15,0,14,0,14,0,14,28,43,9,14,0,14,0,14,0,14,0,14,06,85810
"Wilsonia CDP, California",0,14,0,14,0,14,0,14,0,14,0,14,0,14,0,14,0,14,0,14,0,14,06,85866
"Wilton CDP, California",108,74,0,19,0,19,0,19,4,9,31,51,12,20,0,19,0,19,7,11,54,54,06,85880
"Winchester CDP, California",436,219,0,14,59,96,18,24,104,130,0,14,0,14,0,14,0,14,255,190,0,14,06,85894
"Windsor town, California",2242,361,52,54,60,38,299,156,278,137,185,106,249,141,199,156,151,90,589,210,180,126,06,85922
"Winter Gardens CDP, California",2842,424,12,20,133,94,358,213,386,295,368,189,257,118,337,167,284,144,629,205,78,68,06,85992
"Winterhaven CDP, California",35,38,0,14,0,14,0,14,0,14,0,14,0,14,0,14,0,14,0,14,35,38,06,86020
"Winters city, California",731,149,80,84,76,61,141,97,56,48,49,40,69,40,10,20,13,14,134,81,103,81,06,86034
"Winton CDP, California",1684,340,44,37,141,110,168,106,101,71,187,116,220,177,162,107,116,89,344,151,201,119,06,86076
"Wofford Heights CDP, California",344,157,0,14,116,94,0,14,43,68,0,14,0,14,0,14,0,14,96,72,89,84,06,86174
"Woodacre CDP, California",42,46,0,14,0,14,0,14,0,14,23,36,0,14,0,14,0,14,0,14,19,29,06,86216
"Woodbridge CDP, California",267,132,0,14,0,14,0,14,27,30,43,53,22,35,0,14,27,31,121,115,27,36,06,86230
"Woodcrest CDP, California",441,201,24,30,9,15,35,34,89,102,27,43,88,103,10,25,0,21,65,72,94,87,06,86244
"Woodlake city, California",986,184,8,13,76,70,126,69,63,49,69,54,80,63,157,126,66,58,240,115,101,75,06,86300
"Woodland city, California",8711,671,253,139,400,176,1126,337,1380,420,856,236,628,229,747,294,936,253,2020,381,365,191,06,86328
"Woodlands CDP, California",127,127,0,14,0,14,0,14,0,14,0,14,16,27,0,14,0,14,0,14,111,123,06,86380
"Woodside town, California",224,83,4,8,0,19,9,9,26,25,17,28,12,16,30,33,14,18,65,61,47,40,06,86440
"Woodville CDP, California",169,49,17,21,38,25,39,29,17,13,6,9,18,20,9,14,7,9,11,12,7,11,06,86482
"Woodville Farm Labor Camp CDP, California",127,46,0,14,55,35,34,27,33,29,0,14,0,14,0,14,0,14,5,9,0,14,06,86489
"Woody CDP, California",2,4,2,4,0,14,0,14,0,14,0,14,0,14,0,14,0,14,0,14,0,14,06,86496
"Wrightwood CDP, California",533,200,0,19,0,19,55,63,25,40,18,30,76,81,58,66,22,34,199,168,80,84,06,86594
"Yankee Hill CDP, California",34,38,0,14,0,14,0,14,0,14,18,29,0,14,0,14,0,14,16,25,0,14,06,86678
"Yermo CDP, California",270,303,0,14,189,298,11,17,0,14,0,14,0,14,9,16,0,14,22,20,39,49,06,86720
"Yettem CDP, California",0,14,0,14,0,14,0,14,0,14,0,14,0,14,0,14,0,14,0,14,0,14,06,86734
"Yolo CDP, California",201,122,0,14,0,14,61,61,40,64,0,14,0,14,0,14,0,14,100,99,0,14,06,86804
"Yorba Linda city, California",3896,486,131,89,187,109,135,77,627,253,744,269,146,78,274,121,431,167,1007,320,214,96,06,86832
"Yosemite Lakes CDP, California",298,165,0,19,0,19,0,19,25,39,104,92,21,24,18,36,0,19,130,116,0,19,06,86878
"Yosemite Valley CDP, California",157,92,45,52,0,14,20,31,0,14,0,14,25,38,0,14,0,14,67,73,0,14,06,86912
"Yosemite West CDP, California",0,14,0,14,0,14,0,14,0,14,0,14,0,14,0,14,0,14,0,14,0,14,06,86916
"Yountville city, California",493,1055,6,9,32,76,43,129,57,97,118,226,24,61,0,14,10,36,196,462,7,20,06,86930
"Yreka city, California",1510,214,38,36,132,79,53,35,147,90,128,96,68,61,60,50,165,102,662,178,57,57,06,86944
"Yuba City city, California",10099,666,357,188,760,226,1077,294,1447,344,876,215,775,189,1027,324,1085,374,2164,358,531,222,06,86972
"Yucaipa city, California",4916,701,140,82,269,173,453,171,865,390,509,183,652,251,265,155,508,266,1110,288,145,93,06,87042
"Yucca Valley town, California",3330,524,96,98,75,58,152,93,314,150,402,254,442,278,174,118,444,298,1017,350,214,240,06,87056
"Zayante CDP, California",70,68,8,15,42,61,0,14,10,15,10,16,0,14,0,14,0,14,0,14,0,14,06,87090
