NAME,B25031_001E,B25031_001M,B25031_002E,B25031_002M,B25031_003E,B25031_003M,B25031_004E,B25031_004M,B25031_005E,B25031_005M,B25031_006E,B25031_006M,B25031_007E,B25031_007M,state,place
"Acalanes Ridge CDP, California",3501,-333333333,-666666666,-222222222,-666666666,-222222222,3501,-333333333,-666666666,-222222222,-666666666,-222222222,-666666666,-222222222,06,00135
"Acampo CDP, California",-666666666,-222222222,-666666666,-222222222,-666666666,-222222222,-666666666,-222222222,-666666666,-222222222,-666666666,-222222222,-666666666,-222222222,06,00156
"Acton CDP, California",3056,2092,-666666666,-222222222,-666666666,-222222222,1167,903,-666666666,-222222222,-666666666,-222222222,-666666666,-222222222,06,00212
"Adelanto city, California",1437,117,981,164,1062,102,1314,93,1715,301,1918,231,1934,305,06,00296
"Adin CDP, California",-666666666,-222222222,-666666666,-222222222,-666666666,-222222222,-666666666,-222222222,-666666666,-222222222,-666666666,-222222222,-666666666,-222222222,06,00310
"Agoura Hills city, California",3218,230,-666666666,-222222222,3076,277,3002,487,3501,-333333333,3501,-333333333,3501,-333333333,06,00394
"Agua Dulce CDP, California",3501,-333333333,-666666666,-222222222,-666666666,-222222222,-666666666,-222222222,-666666666,-222222222,3501,-333333333,-666666666,-222222222,06,00450
"Aguanga CDP, California",797,590,-666666666,-222222222,-666666666,-222222222,-666666666,-222222222,-666666666,-222222222,-666666666,-222222222,-666666666,-222222222,06,00464
"Ahwahnee CDP, California",2417,1500,-666666666,-222222222,-666666666,-222222222,-666666666,-222222222,2519,1446,-666666666,-222222222,-666666666,-222222222,06,00478
"Airport CDP, California",1210,154,-666666666,-222222222,-666666666,-222222222,1260,366,1171,269,-666666666,-222222222,-666666666,-222222222,06,00535
"Alameda city, California",2474,62,1895,205,2178,76,2702,67,3270,542,3501,-333333333,-666666666,-222222222,06,00562
"Alamo CDP, California",3501,-333333333,-666666666,-222222222,-666666666,-222222222,-666666666,-222222222,3501,-333333333,3501,-333333333,-666666666,-222222222,06,00618
"Albany city, California",2445,61,2092,161,2081,134,2501,93,3501,-333333333,2941,706,-666666666,-222222222,06,00674
"Albion CDP, California",-666666666,-222222222,-666666666,-222222222,-666666666,-222222222,-666666666,-222222222,-666666666,-222222222,-666666666,-222222222,-666666666,-222222222,06,00716
"Alderpoint CDP, California",-666666666,-222222222,-666666666,-222222222,-666666666,-222222222,-666666666,-222222222,-666666666,-222222222,-666666666,-222222222,-666666666,-222222222,06,00786
"Alhambra city, California",1939,39,1523,144,1646,51,2070,51,2457,171,2352,446,3076,1529,06,00884
"Alhambra Valley CDP, California",-666666666,-222222222,-666666666,-222222222,-666666666,-222222222,-666666666,-222222222,-666666666,-222222222,-666666666,-222222222,-666666666,-222222222,06,00898
"Aliso Viejo city, California",2854,87,2387,199,2484,120,2935,119,3501,-333333333,3501,-333333333,-666666666,-222222222,06,00947
"Alleghany CDP, California",-666666666,-222222222,-666666666,-222222222,-666666666,-222222222,-666666666,-222222222,-666666666,-222222222,-666666666,-222222222,-666666666,-222222222,06,00982
"Allendale CDP, California",-666666666,-222222222,-666666666,-222222222,-666666666,-222222222,-666666666,-222222222,-666666666,-222222222,-666666666,-222222222,-666666666,-222222222,06,00996
"Allensworth CDP, California",967,223,-666666666,-222222222,-666666666,-222222222,933,232,1083,361,-666666666,-222222222,-666666666,-222222222,06,01010
"Almanor CDP, California",-666666666,-222222222,-666666666,-222222222,-666666666,-222222222,-666666666,-222222222,-666666666,-222222222,-666666666,-222222222,-666666666,-222222222,06,01094
"Alondra Park CDP, California",1877,87,1571,327,1678,80,2325,244,1887,864,2149,926,-666666666,-222222222,06,01150
"Alpaugh CDP, California",971,425,-666666666,-222222222,-666666666,-222222222,861,653,1375,617,-666666666,-222222222,-666666666,-222222222,06,01164
"Alpine CDP, California",1973,200,-666666666,-222222222,1829,295,1919,278,2151,491,-666666666,-222222222,-666666666,-222222222,06,01192
"Alpine Village CDP, California",2150,580,-666666666,-222222222,-666666666,-222222222,-666666666,-222222222,-666666666,-222222222,-666666666,-222222222,-666666666,-222222222,06,01228
"Alta CDP, California",1083,751,-666666666,-222222222,-666666666,-222222222,-666666666,-222222222,-666666666,-222222222,-666666666,-222222222,-666666666,-222222222,06,01276
"Altadena CDP, California",2355,174,1863,525,1877,126,2286,202,3140,213,3501,-333333333,-666666666,-222222222,06,01290
"Alta Sierra CDP (Kern County), California",-666666666,-222222222,-666666666,-222222222,-666666666,-222222222,-666666666,-222222222,-666666666,-222222222,-666666666,-222222222,-666666666,-222222222,06,01358
"Alta Sierra CDP (Nevada County), California",2254,726,-666666666,-222222222,-666666666,-222222222,1689,217,2752,296,-666666666,-222222222,-666666666,-222222222,06,01360
"Alto CDP, California",-666666666,-222222222,-666666666,-222222222,-666666666,-222222222,-666666666,-222222222,-666666666,-222222222,-666666666,-222222222,-666666666,-222222222,06,01416
"Alturas city, California",833,58,-666666666,-222222222,678,145,824,295,1239,247,-666666666,-222222222,-666666666,-222222222,06,01444
"Alum Rock CDP, California",2389,170,-666666666,-222222222,967,90,2528,472,2483,336,3501,-333333333,-666666666,-222222222,06,01458
"Amador City city, California",1708,722,-666666666,-222222222,1225,880,-666666666,-222222222,2188,479,-666666666,-222222222,-666666666,-222222222,06,01514
"Amador Pines CDP, California",-666666666,-222222222,-666666666,-222222222,-666666666,-222222222,-666666666,-222222222,-666666666,-222222222,-666666666,-222222222,-666666666,-222222222,06,01518
"American Canyon city, California",2537,242,-666666666,-222222222,2391,562,2526,489,2339,547,2778,465,3501,-333333333,06,01640
"Amesti CDP, California",1660,784,-666666666,-222222222,-666666666,-222222222,1372,252,2667,997,-666666666,-222222222,-666666666,-222222222,06,01651
"Anaheim city, California",2175,22,2074,79,1839,33,2259,29,2723,107,3484,238,3501,-333333333,06,02000
"Anchor Bay CDP, California",-666666666,-222222222,-666666666,-222222222,-666666666,-222222222,-666666666,-222222222,-666666666,-222222222,-666666666,-222222222,-666666666,-222222222,06,02028
"Anderson city, California",962,130,-666666666,-222222222,609,334,1056,130,1556,207,1583,375,-666666666,-222222222,06,02042
"Angels city, California",1833,152,-666666666,-222222222,-666666666,-222222222,-666666666,-222222222,1893,273,-666666666,-222222222,-666666666,-222222222,06,02112
"Angwin CDP, California",1504,439,-666666666,-222222222,1104,96,1790,160,3167,1271,-666666666,-222222222,-666666666,-222222222,06,02168
"Antelope CDP, California",2189,115,-666666666,-222222222,1655,138,1888,162,2263,87,2686,183,2690,203,06,02210
"Antioch city, California",2278,71,1356,782,1695,75,2064,92,2639,153,3119,142,3501,-333333333,06,02252
"Anza CDP, California",1580,649,-666666666,-222222222,-666666666,-222222222,-666666666,-222222222,1597,578,-666666666,-222222222,-666666666,-222222222,06,02294
"Apple Valley town, California",1444,60,1200,126,1033,412,1294,83,1729,65,1865,275,1881,991,06,02364
"Aptos CDP, California",2059,957,-666666666,-222222222,2167,1411,1448,945,3501,-333333333,3501,-333333333,-666666666,-222222222,06,02378
"Aptos Hills-Larkin Valley CDP, California",3501,-333333333,-666666666,-222222222,-666666666,-222222222,-666666666,-222222222,3501,-333333333,-666666666,-222222222,-666666666,-222222222,06,02382
"Arbuckle CDP, California",1224,178,-666666666,-222222222,-666666666,-222222222,1173,155,1207,400,-666666666,-222222222,-666666666,-222222222,06,02420
"Arcadia city, California",2191,68,1567,431,1600,95,2284,62,2659,213,3501,-333333333,3128,844,06,02462
"Arcata city, California",1327,65,1099,136,1086,54,1410,55,2116,116,2278,344,-666666666,-222222222,06,02476
"Arden-Arcade CDP, California",1588,37,1409,62,1341,42,1735,35,1982,160,1986,256,3501,-333333333,06,02553
"Armona CDP, California",1278,131,-666666666,-222222222,1120,543,1137,276,1358,143,-666666666,-222222222,-666666666,-222222222,06,02700
"Arnold CDP, California",1613,930,-666666666,-222222222,-666666666,-222222222,-666666666,-222222222,-666666666,-222222222,-666666666,-222222222,-666666666,-222222222,06,02770
"Aromas CDP, California",2638,445,-666666666,-222222222,-666666666,-222222222,-666666666,-222222222,2657,714,-666666666,-222222222,-666666666,-222222222,06,02812
"Arroyo Grande city, California",2173,169,1463,574,1352,159,2218,113,2654,197,3501,-333333333,-666666666,-222222222,06,02868
"Artesia city, California",2219,131,1750,118,1913,374,1969,202,2547,246,3497,694,-666666666,-222222222,06,02896
"Artois CDP, California",-666666666,-222222222,-666666666,-222222222,-666666666,-222222222,-666666666,-222222222,-666666666,-222222222,-666666666,-222222222,-666666666,-222222222,06,02910
"Arvin city, California",1122,89,-666666666,-222222222,855,95,1034,125,1273,107,1276,320,-666666666,-222222222,06,02924
"Ashland CDP, California",2110,93,2171,123,1804,70,2248,114,2763,394,2848,822,-666666666,-222222222,06,02980
"Aspen Springs CDP, California",-666666666,-222222222,-666666666,-222222222,-666666666,-222222222,-666666666,-222222222,-666666666,-222222222,-666666666,-222222222,-666666666,-222222222,06,03026
"Atascadero city, California",1854,83,1760,185,1396,193,1988,133,2644,156,3153,2012,-666666666,-222222222,06,03064
"Atherton town, California",3501,-333333333,-666666666,-222222222,-666666666,-222222222,-666666666,-222222222,3501,-333333333,3501,-333333333,-666666666,-222222222,06,03092
"Atwater city, California",1279,70,1087,118,945,88,1160,62,1503,142,1911,291,-666666666,-222222222,06,03162
"Auberry CDP, California",1452,1003,-666666666,-222222222,-666666666,-222222222,875,729,1641,1017,-666666666,-222222222,-666666666,-222222222,06,03190
"Auburn city, California",1501,129,1286,169,1096,207,1842,170,1898,643,3501,-333333333,-666666666,-222222222,06,03204
"Auburn Lake Trails CDP, California",-666666666,-222222222,-666666666,-222222222,-666666666,-222222222,-666666666,-222222222,-666666666,-222222222,-666666666,-222222222,-666666666,-222222222,06,03205
"August CDP, California",1221,207,733,257,886,96,1241,471,1810,228,2250,1068,-666666666,-222222222,06,03209
"Avalon city, California",2006,336,-666666666,-222222222,2226,71,1952,374,-666666666,-222222222,-666666666,-222222222,-666666666,-222222222,06,03274
"Avenal city, California",1015,109,-666666666,-222222222,820,461,857,166,1155,76,1267,157,-666666666,-222222222,06,03302
"Avery CDP, California",-666666666,-222222222,-666666666,-222222222,-666666666,-222222222,-666666666,-222222222,-666666666,-222222222,-666666666,-222222222,-666666666,-222222222,06,03316
"Avila Beach CDP, California",1878,454,-666666666,-222222222,-666666666,-222222222,-666666666,-222222222,-666666666,-222222222,-666666666,-222222222,-666666666,-222222222,06,03330
"Avocado Heights CDP, California",1989,251,1330,476,1659,546,1728,156,2339,231,3501,-333333333,-666666666,-222222222,06,03344
"Azusa city, California",1887,54,1369,371,1664,50,1998,99,2598,142,2409,780,-666666666,-222222222,06,03386
"Baker CDP, California",877,234,-666666666,-222222222,-666666666,-222222222,829,71,1375,339,-666666666,-222222222,-666666666,-222222222,06,03512
"Bakersfield city, California",1472,33,1121,70,1088,54,1327,47,1755,43,2213,87,2627,578,06,03526
"Bakersfield Country Club CDP, California",-666666666,-222222222,-666666666,-222222222,-666666666,-222222222,-666666666,-222222222,-666666666,-222222222,-666666666,-222222222,-666666666,-222222222,06,03546
"Baldwin Park city, California",1867,58,1613,521,1537,157,1832,78,2067,136,2293,286,2500,907,06,03666
"Ballard CDP, California",2563,1715,-666666666,-222222222,-666666666,-222222222,-666666666,-222222222,3214,410,-666666666,-222222222,-666666666,-222222222,06,03694
"Ballico CDP, California",892,420,-666666666,-222222222,-666666666,-222222222,-666666666,-222222222,-666666666,-222222222,-666666666,-222222222,-666666666,-222222222,06,03708
"Bangor CDP, California",-666666666,-222222222,-666666666,-222222222,-666666666,-222222222,-666666666,-222222222,-666666666,-222222222,-666666666,-222222222,-666666666,-222222222,06,03792
"Banning city, California",1650,130,1111,137,1133,109,1523,137,2061,222,2309,524,-666666666,-222222222,06,03820
"Barstow city, California",1091,76,720,111,901,243,1047,98,1311,179,1451,399,-666666666,-222222222,06,04030
"Bass Lake CDP, California",-666666666,-222222222,-666666666,-222222222,-666666666,-222222222,-666666666,-222222222,-666666666,-222222222,-666666666,-222222222,-666666666,-222222222,06,04198
"Bay Point CDP, California",2063,115,1471,771,1641,180,1848,380,2368,126,2783,217,-666666666,-222222222,06,04415
"Bayview CDP (Contra Costa County), California",2784,126,-666666666,-222222222,-666666666,-222222222,-666666666,-222222222,3501,-333333333,2758,61,-666666666,-222222222,06,04470
"Bayview CDP (Humboldt County), California",1085,153,-666666666,-222222222,775,413,1141,58,-666666666,-222222222,-666666666,-222222222,-666666666,-222222222,06,04478
"Baywood Park CDP, California",3501,-333333333,-666666666,-222222222,-666666666,-222222222,-666666666,-222222222,-666666666,-222222222,-666666666,-222222222,-666666666,-222222222,06,04549
"Beale AFB CDP, California",2758,140,-666666666,-222222222,-666666666,-222222222,2602,192,2992,284,-666666666,-222222222,-666666666,-222222222,06,04576
"Bear Creek CDP, California",-666666666,-222222222,-666666666,-222222222,-666666666,-222222222,-666666666,-222222222,-666666666,-222222222,-666666666,-222222222,-666666666,-222222222,06,04632
"Bear Valley CDP (Alpine County), California",-666666666,-222222222,-666666666,-222222222,-666666666,-222222222,-666666666,-222222222,-666666666,-222222222,-666666666,-222222222,-666666666,-222222222,06,04716
"Bear Valley CDP (Mariposa County), California",-666666666,-222222222,-666666666,-222222222,-666666666,-222222222,-666666666,-222222222,-666666666,-222222222,-666666666,-222222222,-666666666,-222222222,06,04730
"Bear Valley Springs CDP, California",1439,436,-666666666,-222222222,-666666666,-222222222,-666666666,-222222222,2506,1968,-666666666,-222222222,-666666666,-222222222,06,04734
"Beaumont city, California",1681,252,1157,119,606,401,1357,184,2343,349,2743,358,1523,395,06,04758
"Beckwourth CDP, California",-666666666,-222222222,-666666666,-222222222,-666666666,-222222222,-666666666,-222222222,-666666666,-222222222,-666666666,-222222222,-666666666,-222222222,06,04772
"Belden CDP, California",-666666666,-222222222,-666666666,-222222222,-666666666,-222222222,-666666666,-222222222,-666666666,-222222222,-666666666,-222222222,-666666666,-222222222,06,04856
"Bell city, California",1575,59,1151,132,1318,57,1727,58,2002,188,2097,343,-666666666,-222222222,06,04870
"Bella Vista CDP, California",-666666666,-222222222,-666666666,-222222222,-666666666,-222222222,-666666666,-222222222,863,249,1760,822,-666666666,-222222222,06,04926
"Bell Canyon CDP, California",-666666666,-222222222,-666666666,-222222222,-666666666,-222222222,-666666666,-222222222,-666666666,-222222222,-666666666,-222222222,-666666666,-222222222,06,04938
"Bellflower city, California",1830,40,1247,189,1510,71,2004,61,2358,153,1977,731,3282,156,06,04982
"Bell Gardens city, California",1694,43,1225,176,1278,91,1739,37,2207,111,2353,244,-666666666,-222222222,06,04996
"Belmont city, California",2875,108,2585,277,2490,174,3280,182,3501,-333333333,3501,-333333333,1879,1570,06,05108
"Belvedere city, California",3501,-333333333,-666666666,-222222222,2458,1101,3501,-333333333,3501,-333333333,3501,-333333333,-666666666,-222222222,06,05164
"Benbow CDP, California",-666666666,-222222222,-666666666,-222222222,-666666666,-222222222,-666666666,-222222222,-666666666,-222222222,-666666666,-222222222,-666666666,-222222222,06,05262
"Bend CDP, California",-666666666,-222222222,-666666666,-222222222,-666666666,-222222222,-666666666,-222222222,-666666666,-222222222,-666666666,-222222222,-666666666,-222222222,06,05276
"Benicia city, California",2280,104,1473,380,1761,337,2291,145,3322,492,2519,814,-666666666,-222222222,06,05290
"Ben Lomond CDP, California",2514,421,-666666666,-222222222,1773,619,2260,166,2758,118,3501,-333333333,-666666666,-222222222,06,05332
"Benton CDP, California",-666666666,-222222222,-666666666,-222222222,-666666666,-222222222,-666666666,-222222222,-666666666,-222222222,-666666666,-222222222,-666666666,-222222222,06,05346
"Benton Park CDP, California",1243,396,-666666666,-222222222,827,668,1161,111,1804,587,-666666666,-222222222,-666666666,-222222222,06,05356
"Berkeley city, California",2133,65,1744,70,2063,68,2413,131,2696,560,3501,-333333333,3067,2240,06,06000
"Bermuda Dunes CDP, California",1693,163,-666666666,-222222222,1206,426,1890,195,1583,1173,-666666666,-222222222,-666666666,-222222222,06,06028
"Berry Creek CDP, California",1344,490,-666666666,-222222222,-666666666,-222222222,-666666666,-222222222,-666666666,-222222222,-666666666,-222222222,-666666666,-222222222,06,06070
"Bertsch-Oceanview CDP, California",1649,154,-666666666,-222222222,-666666666,-222222222,-666666666,-222222222,-666666666,-222222222,-666666666,-222222222,-666666666,-222222222,06,06150
"Bethel Island CDP, California",1606,495,-666666666,-222222222,-666666666,-222222222,-666666666,-222222222,-666666666,-222222222,-666666666,-222222222,-666666666,-222222222,06,06210
"Beverly Hills city, California",2830,119,2075,327,2441,124,3436,292,3501,-333333333,3501,-333333333,3501,-333333333,06,06308
"Bieber CDP, California",-666666666,-222222222,-666666666,-222222222,-666666666,-222222222,-666666666,-222222222,-666666666,-222222222,-666666666,-222222222,-666666666,-222222222,06,06336
"Big Bear City CDP, California",1854,203,-666666666,-222222222,1859,1528,1669,202,2193,217,1440,1157,-666666666,-222222222,06,06406
"Big Bear Lake city, California",1454,200,-666666666,-222222222,1028,377,1437,177,1785,442,2042,1409,-666666666,-222222222,06,06434
"Big Bend CDP, California",-666666666,-222222222,-666666666,-222222222,-666666666,-222222222,-666666666,-222222222,-666666666,-222222222,-666666666,-222222222,-666666666,-222222222,06,06475
"Big Creek CDP, California",-666666666,-222222222,-666666666,-222222222,-666666666,-222222222,-666666666,-222222222,-666666666,-222222222,-666666666,-222222222,-666666666,-222222222,06,06518
"Biggs city, California",1474,212,-666666666,-222222222,-666666666,-222222222,1323,622,1671,159,-666666666,-222222222,-666666666,-222222222,06,06560
"Big Lagoon CDP, California",-666666666,-222222222,-666666666,-222222222,-666666666,-222222222,-666666666,-222222222,-666666666,-222222222,-666666666,-222222222,-666666666,-222222222,06,06567
"Big Pine CDP, California",1202,257,-666666666,-222222222,894,594,1132,100,2050,482,-666666666,-222222222,-666666666,-222222222,06,06616
"Big River CDP, California",839,248,-666666666,-222222222,-666666666,-222222222,823,235,950,453,-666666666,-222222222,-666666666,-222222222,06,06635
"Biola CDP, California",980,685,-666666666,-222222222,-666666666,-222222222,-666666666,-222222222,-666666666,-222222222,-666666666,-222222222,-666666666,-222222222,06,06728
"Bishop city, California",1580,130,-666666666,-222222222,1426,424,1609,310,-666666666,-222222222,-666666666,-222222222,-666666666,-222222222,06,06798
"Blackhawk CDP, California",3501,-333333333,-666666666,-222222222,-666666666,-222222222,-666666666,-222222222,3501,-333333333,3501,-333333333,3501,-333333333,06,06928
"Blacklake CDP, California",2403,1459,-666666666,-222222222,-666666666,-222222222,-666666666,-222222222,-666666666,-222222222,-666666666,-222222222,-666666666,-222222222,06,06935
"Black Point-Green Point CDP, California",3131,1408,-666666666,-222222222,-666666666,-222222222,-666666666,-222222222,3501,-333333333,-666666666,-222222222,-666666666,-222222222,06,06982
"Blairsden CDP, California",-666666666,-222222222,-666666666,-222222222,-666666666,-222222222,-666666666,-222222222,-666666666,-222222222,-666666666,-222222222,-666666666,-222222222,06,06994
"Bloomfield CDP, California",-666666666,-222222222,-666666666,-222222222,-666666666,-222222222,-666666666,-222222222,-666666666,-222222222,-666666666,-222222222,-666666666,-222222222,06,07036
"Bloomington CDP, California",1609,128,1485,435,959,664,1619,167,1734,221,1984,839,-666666666,-222222222,06,07064
"Blue Lake city, California",1284,149,-666666666,-222222222,725,298,1284,166,1447,921,-666666666,-222222222,-666666666,-222222222,06,07162
"Bluewater CDP, California",-666666666,-222222222,-666666666,-222222222,-666666666,-222222222,-666666666,-222222222,-666666666,-222222222,-666666666,-222222222,-666666666,-222222222,06,07172
"Blythe city, California",938,107,496,479,793,130,984,254,1367,97,-666666666,-222222222,-666666666,-222222222,06,07218
"Bodega CDP, California",-666666666,-222222222,-666666666,-222222222,-666666666,-222222222,-666666666,-222222222,-666666666,-222222222,-666666666,-222222222,-666666666,-222222222,06,07246
"Bodega Bay CDP, California",1689,458,-666666666,-222222222,-666666666,-222222222,-666666666,-222222222,-666666666,-222222222,-666666666,-222222222,-666666666,-222222222,06,07260
"Bodfish CDP, California",974,149,-666666666,-222222222,-666666666,-222222222,951,118,-666666666,-222222222,-666666666,-222222222,-666666666,-222222222,06,07274
"Bolinas CDP, California",1924,951,-666666666,-222222222,1895,374,-666666666,-222222222,-666666666,-222222222,-666666666,-222222222,-666666666,-222222222,06,07316
"Bombay Beach CDP, California",-666666666,-222222222,-666666666,-222222222,-666666666,-222222222,-666666666,-222222222,-666666666,-222222222,-666666666,-222222222,-666666666,-222222222,06,07372
"Bonadelle Ranchos CDP, California",1941,870,-666666666,-222222222,-666666666,-222222222,-666666666,-222222222,2411,549,-666666666,-222222222,-666666666,-222222222,06,07378
"Bonita CDP, California",2218,110,1777,859,2104,275,2259,115,2908,548,3501,-333333333,-666666666,-222222222,06,07414
"Bonny Doon CDP, California",1838,233,-666666666,-222222222,2174,654,-666666666,-222222222,-666666666,-222222222,-666666666,-222222222,-666666666,-222222222,06,07470
"Bonsall CDP, California",2336,398,-666666666,-222222222,1371,102,2320,216,2926,425,-666666666,-222222222,-666666666,-222222222,06,07498
"Boonville CDP, California",-666666666,-222222222,-666666666,-222222222,-666666666,-222222222,1318,759,-666666666,-222222222,-666666666,-222222222,-666666666,-222222222,06,07512
"Bootjack CDP, California",-666666666,-222222222,-666666666,-222222222,-666666666,-222222222,-666666666,-222222222,-666666666,-222222222,-666666666,-222222222,-666666666,-222222222,06,07525
"Boron CDP, California",1219,164,-666666666,-222222222,-666666666,-222222222,1223,511,1326,62,-666666666,-222222222,-666666666,-222222222,06,07568
"Boronda CDP, California",2112,323,-666666666,-222222222,-666666666,-222222222,2203,1613,1972,336,-666666666,-222222222,-666666666,-222222222,06,07578
"Borrego Springs CDP, California",1004,357,-666666666,-222222222,922,891,1177,390,-666666666,-222222222,-666666666,-222222222,-666666666,-222222222,06,07596
"Bostonia CDP, California",2087,126,1848,895,1605,280,1924,269,2418,246,3113,1567,-666666666,-222222222,06,07624
"Boulder Creek CDP, California",1907,145,-666666666,-222222222,-666666666,-222222222,2038,316,-666666666,-222222222,-666666666,-222222222,-666666666,-222222222,06,07652
"Boulevard CDP, California",-666666666,-222222222,-666666666,-222222222,-666666666,-222222222,-666666666,-222222222,-666666666,-222222222,-666666666,-222222222,-666666666,-222222222,06,07694
"Bowles CDP, California",-666666666,-222222222,-666666666,-222222222,-666666666,-222222222,-666666666,-222222222,-666666666,-222222222,-666666666,-222222222,-666666666,-222222222,06,07750
"Boyes Hot Springs CDP, California",1876,396,-666666666,-222222222,1924,489,1827,295,1882,1729,-666666666,-222222222,-666666666,-222222222,06,07848
"Bradbury city, California",3501,-333333333,-666666666,-222222222,-666666666,-222222222,-666666666,-222222222,-666666666,-222222222,-666666666,-222222222,-666666666,-222222222,06,07946
"Bradley CDP, California",-666666666,-222222222,-666666666,-222222222,-666666666,-222222222,-666666666,-222222222,-666666666,-222222222,-666666666,-222222222,-666666666,-222222222,06,07974
"Brawley city, California",988,62,744,312,834,99,1007,75,1198,137,985,268,-666666666,-222222222,06,08058
"Brea city, California",2397,82,2098,137,2000,156,2525,105,3015,363,3501,-333333333,-666666666,-222222222,06,08100
"Brentwood city, California",2758,200,1591,754,1220,1051,2308,162,2950,244,3457,332,3501,-333333333,06,08142
"Bret Harte CDP, California",1384,68,-666666666,-222222222,1144,368,1311,165,1523,162,-666666666,-222222222,-666666666,-222222222,06,08172
"Bridgeport CDP, California",242,67,-666666666,-222222222,-666666666,-222222222,-666666666,-222222222,-666666666,-222222222,-666666666,-222222222,-666666666,-222222222,06,08240
"Brisbane city, California",2574,243,-666666666,-222222222,2507,314,2855,600,-666666666,-222222222,-666666666,-222222222,-666666666,-222222222,06,08310
"Broadmoor CDP, California",3501,-333333333,-666666666,-222222222,-666666666,-222222222,-666666666,-222222222,3501,-333333333,-666666666,-222222222,-666666666,-222222222,06,08338
"Brookdale CDP, California",1814,473,1609,272,1985,384,-666666666,-222222222,-666666666,-222222222,-666666666,-222222222,-666666666,-222222222,06,08478
"Brooks CDP, California",-666666666,-222222222,-666666666,-222222222,-666666666,-222222222,-666666666,-222222222,-666666666,-222222222,-666666666,-222222222,-666666666,-222222222,06,08506
"Brooktrails CDP, California",1482,283,-666666666,-222222222,-666666666,-222222222,1611,243,-666666666,-222222222,-666666666,-222222222,-666666666,-222222222,06,08530
"Buckhorn CDP, California",2220,194,-666666666,-222222222,-666666666,-222222222,-666666666,-222222222,2322,256,-666666666,-222222222,-666666666,-222222222,06,08680
"Buck Meadows CDP, California",-666666666,-222222222,-666666666,-222222222,-666666666,-222222222,-666666666,-222222222,-666666666,-222222222,-666666666,-222222222,-666666666,-222222222,06,08716
"Bucks Lake CDP, California",-666666666,-222222222,-666666666,-222222222,-666666666,-222222222,-666666666,-222222222,-666666666,-222222222,-666666666,-222222222,-666666666,-222222222,06,08744
"Buellton city, California",2194,104,1080,221,1536,1202,2185,303,2274,89,2260,1394,-666666666,-222222222,06,08758
"Buena Park city, California",2206,51,1772,94,1771,111,2150,60,3049,163,3239,209,-666666666,-222222222,06,08786
"Buena Vista CDP, California",-666666666,-222222222,-666666666,-222222222,-666666666,-222222222,-666666666,-222222222,-666666666,-222222222,-666666666,-222222222,-666666666,-222222222,06,08828
"Burbank city, California",2192,51,1845,94,1849,49,2497,99,3399,251,3501,-333333333,-666666666,-222222222,06,08954
"Burbank CDP, California",2566,428,-666666666,-222222222,2188,362,2514,614,3501,-333333333,-666666666,-222222222,-666666666,-222222222,06,08968
"Burlingame city, California",2785,120,2409,189,2445,107,3342,175,3501,-333333333,3501,-333333333,3501,-333333333,06,09066
"Burney CDP, California",1110,252,-666666666,-222222222,432,165,1078,959,1403,148,-666666666,-222222222,-666666666,-222222222,06,09122
"Burnt Ranch CDP, California",-666666666,-222222222,-666666666,-222222222,-666666666,-222222222,-666666666,-222222222,-666666666,-222222222,-666666666,-222222222,-666666666,-222222222,06,09150
"Butte Creek Canyon CDP, California",-666666666,-222222222,-666666666,-222222222,-666666666,-222222222,-666666666,-222222222,-666666666,-222222222,-666666666,-222222222,-666666666,-222222222,06,09310
"Butte Meadows CDP, California",-666666666,-222222222,-666666666,-222222222,-666666666,-222222222,-666666666,-222222222,-666666666,-222222222,-666666666,-222222222,-666666666,-222222222,06,09318
"Butte Valley CDP, California",-666666666,-222222222,-666666666,-222222222,-666666666,-222222222,-666666666,-222222222,-666666666,-222222222,-666666666,-222222222,-666666666,-222222222,06,09324
"Buttonwillow CDP, California",1131,158,-666666666,-222222222,-666666666,-222222222,1128,138,1132,390,-666666666,-222222222,-666666666,-222222222,06,09332
"Byron CDP, California",2643,651,-666666666,-222222222,-666666666,-222222222,2606,1427,-666666666,-222222222,-666666666,-222222222,-666666666,-222222222,06,09346
"Bystrom CDP, California",1189,262,-666666666,-222222222,857,434,1032,220,1613,391,-666666666,-222222222,-666666666,-222222222,06,09353
"Cabazon CDP, California",1519,710,-666666666,-222222222,-666666666,-222222222,1683,324,1121,1101,-666666666,-222222222,-666666666,-222222222,06,09360
"Calabasas city, California",3089,154,3226,1625,2845,152,2978,183,3501,-333333333,3501,-333333333,3501,-333333333,06,09598
"Calexico city, California",1093,58,607,95,607,136,1084,62,1411,113,1663,115,-666666666,-222222222,06,09710
"California City city, California",1300,247,-666666666,-222222222,466,95,1083,135,1819,181,1479,843,-666666666,-222222222,06,09780
"California Hot Springs CDP, California",-666666666,-222222222,-666666666,-222222222,-666666666,-222222222,-666666666,-222222222,-666666666,-222222222,-666666666,-222222222,-666666666,-222222222,06,09822
"California Pines CDP, California",-666666666,-222222222,-666666666,-222222222,-666666666,-222222222,-666666666,-222222222,-666666666,-222222222,-666666666,-222222222,-666666666,-222222222,06,09834
"California Polytechnic State University CDP, California",-666666666,-222222222,-666666666,-222222222,-666666666,-222222222,-666666666,-222222222,-666666666,-222222222,-666666666,-222222222,-666666666,-222222222,06,09835
"Calimesa city, California",1783,156,-666666666,-222222222,-666666666,-222222222,1733,152,1960,279,-666666666,-222222222,-666666666,-222222222,06,09864
"Calipatria city, California",919,88,-666666666,-222222222,-666666666,-222222222,911,53,1140,112,-666666666,-222222222,-666666666,-222222222,06,09878
"Calistoga city, California",1767,171,-666666666,-222222222,1642,341,2308,833,1777,336,-666666666,-222222222,-666666666,-222222222,06,09892
"Callender CDP, California",2540,403,-666666666,-222222222,-666666666,-222222222,2676,278,2286,894,-666666666,-222222222,-666666666,-222222222,06,09948
"Calpella CDP, California",-666666666,-222222222,-666666666,-222222222,-666666666,-222222222,-666666666,-222222222,-666666666,-222222222,-666666666,-222222222,-666666666,-222222222,06,09990
"Calpine CDP, California",-666666666,-222222222,-666666666,-222222222,-666666666,-222222222,-666666666,-222222222,-666666666,-222222222,-666666666,-222222222,-666666666,-222222222,06,10004
"Calwa CDP, California",1228,297,-666666666,-222222222,1063,131,1046,153,-666666666,-222222222,-666666666,-222222222,-666666666,-222222222,06,10032
"Camanche North Shore CDP, California",-666666666,-222222222,-666666666,-222222222,-666666666,-222222222,-666666666,-222222222,-666666666,-222222222,-666666666,-222222222,-666666666,-222222222,06,10042
"Camanche Village CDP, California",1782,108,-666666666,-222222222,-666666666,-222222222,-666666666,-222222222,-666666666,-222222222,-666666666,-222222222,-666666666,-222222222,06,10044
"Camarillo city, California",2734,100,2543,686,2264,87,2594,126,3101,104,3501,-333333333,3501,-333333333,06,10046
"Cambria CDP, California",1924,332,-666666666,-222222222,1696,141,1848,315,3085,458,-666666666,-222222222,-666666666,-222222222,06,10074
"Cambrian Park CDP, California",3179,1226,-666666666,-222222222,-666666666,-222222222,3501,-333333333,3500,767,2400,2328,-666666666,-222222222,06,10088
"Cameron Park CDP, California",1806,138,1490,416,1256,312,1797,118,2087,325,3429,604,-666666666,-222222222,06,10256
"Camino CDP, California",1934,276,-666666666,-222222222,-666666666,-222222222,-666666666,-222222222,2004,366,3501,-333333333,-666666666,-222222222,06,10270
"Camino Tassajara CDP, California",2422,535,-666666666,-222222222,1756,108,2618,317,-666666666,-222222222,-666666666,-222222222,-666666666,-222222222,06,10301
"Campbell city, California",2737,83,1873,132,2394,118,2778,107,3501,-333333333,3501,-333333333,-666666666,-222222222,06,10345
"Camp Nelson CDP, California",-666666666,-222222222,-666666666,-222222222,-666666666,-222222222,-666666666,-222222222,-666666666,-222222222,-666666666,-222222222,-666666666,-222222222,06,10494
"Campo CDP, California",2004,1584,-666666666,-222222222,798,396,-666666666,-222222222,2299,450,-666666666,-222222222,-666666666,-222222222,06,10508
"Campo Seco CDP, California",-666666666,-222222222,-666666666,-222222222,-666666666,-222222222,-666666666,-222222222,-666666666,-222222222,-666666666,-222222222,-666666666,-222222222,06,10536
"Camp Pendleton Mainside CDP, California",3501,-333333333,-666666666,-222222222,-666666666,-222222222,-666666666,-222222222,3501,-333333333,-666666666,-222222222,-666666666,-222222222,06,10554
"Camp Pendleton South CDP, California",3092,169,-666666666,-222222222,-666666666,-222222222,2448,506,3042,178,3501,-333333333,-666666666,-222222222,06,10561
"Camptonville CDP, California",-666666666,-222222222,-666666666,-222222222,-666666666,-222222222,-666666666,-222222222,-666666666,-222222222,-666666666,-222222222,-666666666,-222222222,06,10676
"Canby CDP, California",-666666666,-222222222,-666666666,-222222222,-666666666,-222222222,-666666666,-222222222,-666666666,-222222222,-666666666,-222222222,-666666666,-222222222,06,10732
"Cantua Creek CDP, California",-666666666,-222222222,-666666666,-222222222,-666666666,-222222222,-666666666,-222222222,-666666666,-222222222,-666666666,-222222222,-666666666,-222222222,06,10816
"Canyondam CDP, California",-666666666,-222222222,-666666666,-222222222,-666666666,-222222222,-666666666,-222222222,-666666666,-222222222,-666666666,-222222222,-666666666,-222222222,06,10914
"Canyon Lake city, California",2608,190,-666666666,-222222222,-666666666,-222222222,2731,72,2491,270,-666666666,-222222222,2667,197,06,10928
"Capitola city, California",2512,193,1734,776,2203,134,2602,220,3501,-333333333,-666666666,-222222222,-666666666,-222222222,06,11040
"Caribou CDP, California",-666666666,-222222222,-666666666,-222222222,-666666666,-222222222,-666666666,-222222222,-666666666,-222222222,-666666666,-222222222,-666666666,-222222222,06,11166
"Carlsbad city, California",2808,100,1813,237,2275,115,2805,117,3426,187,3501,-333333333,3501,-333333333,06,11194
"Carmel-by-the-Sea city, California",2707,489,2116,657,2364,975,3172,401,2826,480,-666666666,-222222222,-666666666,-222222222,06,11250
"Carmel Valley Village CDP, California",2211,676,-666666666,-222222222,985,965,2513,488,3501,-333333333,-666666666,-222222222,-666666666,-222222222,06,11324
"Carmet CDP, California",-666666666,-222222222,-666666666,-222222222,-666666666,-222222222,-666666666,-222222222,-666666666,-222222222,-666666666,-222222222,-666666666,-222222222,06,11376
"Carmichael CDP, California",1702,31,1475,79,1500,78,1722,32,2151,130,2495,261,3028,1441,06,11390
"Carnelian Bay CDP, California",-666666666,-222222222,-666666666,-222222222,-666666666,-222222222,-666666666,-222222222,-666666666,-222222222,-666666666,-222222222,-666666666,-222222222,06,11418
"Carpinteria city, California",2377,149,2380,362,2055,289,2291,219,2989,573,3501,-333333333,-666666666,-222222222,06,11446
"Carrick CDP, California",-666666666,-222222222,-666666666,-222222222,-666666666,-222222222,-666666666,-222222222,-666666666,-222222222,-666666666,-222222222,-666666666,-222222222,06,11481
"Carson city, California",1956,109,1561,593,1377,163,1723,119,2325,181,3118,224,3052,1404,06,11530
"Cartago CDP, California",1188,800,-666666666,-222222222,-666666666,-222222222,-666666666,-222222222,-666666666,-222222222,-666666666,-222222222,-666666666,-222222222,06,11600
"Caruthers CDP, California",1186,278,-666666666,-222222222,-666666666,-222222222,-666666666,-222222222,1454,685,-666666666,-222222222,-666666666,-222222222,06,11614
"Casa Conejo CDP, California",2946,492,-666666666,-222222222,-666666666,-222222222,-666666666,-222222222,3375,597,-666666666,-222222222,-666666666,-222222222,06,11656
"Casa de Oro-Mount Helix CDP, California",1973,228,1188,451,1466,256,1864,136,2918,318,3501,-333333333,3500,1127,06,11691
"Casa Loma CDP, California",749,532,-666666666,-222222222,628,207,1316,986,-666666666,-222222222,-666666666,-222222222,-666666666,-222222222,06,11696
"Casmalia CDP, California",-666666666,-222222222,-666666666,-222222222,-666666666,-222222222,-666666666,-222222222,-666666666,-222222222,-666666666,-222222222,-666666666,-222222222,06,11754
"Caspar CDP, California",-666666666,-222222222,-666666666,-222222222,-666666666,-222222222,-666666666,-222222222,-666666666,-222222222,-666666666,-222222222,-666666666,-222222222,06,11768
"Cassel CDP, California",-666666666,-222222222,-666666666,-222222222,-666666666,-222222222,-666666666,-222222222,-666666666,-222222222,-666666666,-222222222,-666666666,-222222222,06,11782
"Castaic CDP, California",1770,115,1422,140,1572,443,1678,162,3383,473,3501,-333333333,-666666666,-222222222,06,11796
"Castella CDP, California",840,154,-666666666,-222222222,-666666666,-222222222,860,224,-666666666,-222222222,-666666666,-222222222,-666666666,-222222222,06,11824
"Castle Hill CDP, California",-666666666,-222222222,-666666666,-222222222,-666666666,-222222222,-666666666,-222222222,-666666666,-222222222,-666666666,-222222222,-666666666,-222222222,06,11915
"Castro Valley CDP, California",2554,105,2138,151,1978,193,2671,102,2877,206,3501,-333333333,-666666666,-222222222,06,11964
"Castroville CDP, California",1948,576,-666666666,-222222222,1708,1649,1743,673,2116,297,-666666666,-222222222,-666666666,-222222222,06,11978
"Cathedral City city, California",1601,90,745,181,930,211,1658,114,2020,145,2130,528,-666666666,-222222222,06,12048
"Catheys Valley CDP, California",-666666666,-222222222,-666666666,-222222222,-666666666,-222222222,-666666666,-222222222,-666666666,-222222222,-666666666,-222222222,-666666666,-222222222,06,12062
"Cayucos CDP, California",1571,325,1141,39,1492,301,2056,501,1475,1067,-666666666,-222222222,-666666666,-222222222,06,12132
"Cazadero CDP, California",1795,992,-666666666,-222222222,1727,669,2033,1870,-666666666,-222222222,-666666666,-222222222,-666666666,-222222222,06,12146
"Cedar Flat CDP, California",-666666666,-222222222,-666666666,-222222222,-666666666,-222222222,-666666666,-222222222,-666666666,-222222222,-666666666,-222222222,-666666666,-222222222,06,12216
"Cedar Ridge CDP, California",1615,244,-666666666,-222222222,1352,307,-666666666,-222222222,1735,582,-666666666,-222222222,-666666666,-222222222,06,12300
"Cedar Slope CDP, California",-666666666,-222222222,-666666666,-222222222,-666666666,-222222222,-666666666,-222222222,-666666666,-222222222,-666666666,-222222222,-666666666,-222222222,06,12314
"Cedarville CDP, California",-666666666,-222222222,-666666666,-222222222,-666666666,-222222222,-666666666,-222222222,-666666666,-222222222,-666666666,-222222222,-666666666,-222222222,06,12328
"Centerville CDP (Fresno County), California",-666666666,-222222222,-666666666,-222222222,-666666666,-222222222,-666666666,-222222222,-666666666,-222222222,-666666666,-222222222,-666666666,-222222222,06,12412
"Centerville CDP (Shasta County), California",-666666666,-222222222,-666666666,-222222222,-666666666,-222222222,-666666666,-222222222,-666666666,-222222222,-666666666,-222222222,-666666666,-222222222,06,12415
"Ceres city, California",1639,81,1082,246,691,107,1540,101,1803,82,2115,286,1392,1200,06,12524
"Cerritos city, California",2930,161,3103,585,2772,566,2614,163,3005,239,3501,-333333333,2981,1530,06,12552
"Chalfant CDP, California",-666666666,-222222222,-666666666,-222222222,-666666666,-222222222,-666666666,-222222222,-666666666,-222222222,-666666666,-222222222,-666666666,-222222222,06,12594
"Challenge-Brownsville CDP, California",842,20,-666666666,-222222222,-666666666,-222222222,-666666666,-222222222,-666666666,-222222222,-666666666,-222222222,-666666666,-222222222,06,12612
"Channel Islands Beach CDP, California",2392,330,-666666666,-222222222,2782,238,2251,77,3011,404,-666666666,-222222222,-666666666,-222222222,06,12669
"Charleston View CDP, California",-666666666,-222222222,-666666666,-222222222,-666666666,-222222222,-666666666,-222222222,-666666666,-222222222,-666666666,-222222222,-666666666,-222222222,06,12730
"Charter Oak CDP, California",1900,340,1139,72,1649,1506,1745,1033,2958,1104,-666666666,-222222222,-666666666,-222222222,06,12734
"Cherokee CDP, California",-666666666,-222222222,-666666666,-222222222,-666666666,-222222222,-666666666,-222222222,-666666666,-222222222,-666666666,-222222222,-666666666,-222222222,06,12818
"Cherokee Strip CDP, California",-666666666,-222222222,-666666666,-222222222,-666666666,-222222222,-666666666,-222222222,-666666666,-222222222,-666666666,-222222222,-666666666,-222222222,06,12860
"Cherryland CDP, California",2140,92,1458,965,1821,97,2305,69,2184,574,2289,83,-666666666,-222222222,06,12902
"Cherry Valley CDP, California",1399,215,-666666666,-222222222,1314,272,1174,391,1849,588,-666666666,-222222222,-666666666,-222222222,06,12916
"Chester CDP, California",1110,91,-666666666,-222222222,-666666666,-222222222,-666666666,-222222222,1161,71,-666666666,-222222222,-666666666,-222222222,06,12930
"Chico city, California",1488,35,1068,113,1162,37,1480,37,1941,100,2211,135,2088,1197,06,13014
"Chilcoot-Vinton CDP, California",-666666666,-222222222,-666666666,-222222222,-666666666,-222222222,-666666666,-222222222,-666666666,-222222222,-666666666,-222222222,-666666666,-222222222,06,13077
"China Lake Acres CDP, California",1283,383,-666666666,-222222222,-666666666,-222222222,-666666666,-222222222,1375,58,-666666666,-222222222,-666666666,-222222222,06,13157
"Chinese Camp CDP, California",-666666666,-222222222,-666666666,-222222222,-666666666,-222222222,-666666666,-222222222,-666666666,-222222222,-666666666,-222222222,-666666666,-222222222,06,13182
"Chino city, California",2336,90,2123,849,1882,207,2126,180,2683,120,3192,189,2891,624,06,13210
"Chino Hills city, California",2894,95,2692,583,2290,148,2807,131,3134,155,3501,-333333333,3501,-333333333,06,13214
"Choctaw Valley CDP, California",-666666666,-222222222,-666666666,-222222222,-666666666,-222222222,-666666666,-222222222,-666666666,-222222222,-666666666,-222222222,-666666666,-222222222,06,13278
"Chowchilla city, California",1178,70,1092,86,458,126,1136,80,1335,155,1614,353,-666666666,-222222222,06,13294
"Chualar CDP, California",1253,331,1364,1212,-666666666,-222222222,-666666666,-222222222,1211,570,-666666666,-222222222,-666666666,-222222222,06,13364
"Chula Vista city, California",2229,42,1800,81,1822,76,2175,52,2822,128,2983,264,3501,-333333333,06,13392
"Citrus CDP, California",2344,172,-666666666,-222222222,-666666666,-222222222,2167,300,2423,258,2360,593,-666666666,-222222222,06,13560
"Citrus Heights city, California",1827,35,1569,151,1657,53,1828,36,2159,89,2335,195,-666666666,-222222222,06,13588
"Claremont city, California",2237,186,1756,80,1709,182,2309,160,3125,209,3501,-333333333,3501,-333333333,06,13756
"Clarksburg CDP, California",2545,364,-666666666,-222222222,-666666666,-222222222,-666666666,-222222222,-666666666,-222222222,-666666666,-222222222,-666666666,-222222222,06,13784
"Clay CDP, California",1469,666,-666666666,-222222222,-666666666,-222222222,1458,1087,-666666666,-222222222,-666666666,-222222222,-666666666,-222222222,06,13854
"Clayton city, California",3501,-333333333,-666666666,-222222222,-666666666,-222222222,2188,756,3501,-333333333,3304,733,-666666666,-222222222,06,13882
"Clear Creek CDP, California",-666666666,-222222222,-666666666,-222222222,-666666666,-222222222,-666666666,-222222222,-666666666,-222222222,-666666666,-222222222,-666666666,-222222222,06,13910
"Clearlake city, California",1240,165,1144,485,909,378,1056,145,1598,217,2769,605,-666666666,-222222222,06,13945
"Clearlake Oaks CDP, California",1506,277,1395,528,-666666666,-222222222,1690,468,-666666666,-222222222,-666666666,-222222222,-666666666,-222222222,06,13966
"Clearlake Riviera CDP, California",1815,248,-666666666,-222222222,-666666666,-222222222,-666666666,-222222222,1808,161,-666666666,-222222222,-666666666,-222222222,06,13985
"Cleone CDP, California",-666666666,-222222222,-666666666,-222222222,-666666666,-222222222,-666666666,-222222222,-666666666,-222222222,-666666666,-222222222,-666666666,-222222222,06,14008
"Clio CDP, California",-666666666,-222222222,-666666666,-222222222,-666666666,-222222222,-666666666,-222222222,-666666666,-222222222,-666666666,-222222222,-666666666,-222222222,06,14106
"Clipper Mills CDP, California",-666666666,-222222222,-666666666,-222222222,-666666666,-222222222,-666666666,-222222222,-666666666,-222222222,-666666666,-222222222,-666666666,-222222222,06,14148
"Cloverdale city, California",1435,231,-666666666,-222222222,958,197,1695,320,2815,344,-666666666,-222222222,-666666666,-222222222,06,14190
"Clovis city, California",1792,56,1373,168,1323,72,1558,74,2159,63,2592,133,3417,1136,06,14218
"Clyde CDP, California",1404,488,-666666666,-222222222,-666666666,-222222222,-666666666,-222222222,-666666666,-222222222,-666666666,-222222222,-666666666,-222222222,06,14232
"Coachella city, California",1144,76,838,123,923,216,941,74,1387,115,1632,136,2553,452,06,14260
"Coalinga city, California",1093,110,-666666666,-222222222,931,149,1041,133,1293,537,2219,101,-666666666,-222222222,06,14274
"Coarsegold CDP, California",1121,303,-666666666,-222222222,-666666666,-222222222,-666666666,-222222222,1196,687,-666666666,-222222222,-666666666,-222222222,06,14288
"Cobb CDP, California",-666666666,-222222222,-666666666,-222222222,-666666666,-222222222,-666666666,-222222222,-666666666,-222222222,-666666666,-222222222,-666666666,-222222222,06,14302
"Coffee Creek CDP, California",-666666666,-222222222,-666666666,-222222222,-666666666,-222222222,-666666666,-222222222,-666666666,-222222222,-666666666,-222222222,-666666666,-222222222,06,14406
"Cohasset CDP, California",-666666666,-222222222,-666666666,-222222222,-666666666,-222222222,-666666666,-222222222,-666666666,-222222222,-666666666,-222222222,-666666666,-222222222,06,14442
"Cold Springs CDP (El Dorado County), California",-666666666,-222222222,-666666666,-222222222,-666666666,-222222222,-666666666,-222222222,-666666666,-222222222,-666666666,-222222222,-666666666,-222222222,06,14450
"Cold Springs CDP (Tuolumne County), California",-666666666,-222222222,-666666666,-222222222,-666666666,-222222222,-666666666,-222222222,-666666666,-222222222,-666666666,-222222222,-666666666,-222222222,06,14454
"Coleville CDP, California",2160,171,-666666666,-222222222,-666666666,-222222222,-666666666,-222222222,2189,163,-666666666,-222222222,-666666666,-222222222,06,14484
"Colfax city, California",1553,142,-666666666,-222222222,951,253,1667,136,2000,292,-666666666,-222222222,-666666666,-222222222,06,14498
"College City CDP, California",-666666666,-222222222,-666666666,-222222222,-666666666,-222222222,-666666666,-222222222,-666666666,-222222222,-666666666,-222222222,-666666666,-222222222,06,14554
"Collierville CDP, California",1754,505,-666666666,-222222222,-666666666,-222222222,1222,846,1919,340,-666666666,-222222222,-666666666,-222222222,06,14708
"Colma town, California",2303,414,-666666666,-222222222,1701,113,2175,474,2804,198,-666666666,-222222222,-666666666,-222222222,06,14736
"Coloma CDP, California",2149,216,-666666666,-222222222,-666666666,-222222222,-666666666,-222222222,-666666666,-222222222,-666666666,-222222222,-666666666,-222222222,06,14764
"Colton city, California",1661,55,1244,127,1508,107,1724,67,2002,145,2320,150,-666666666,-222222222,06,14890
"Columbia CDP, California",1217,373,-666666666,-222222222,-666666666,-222222222,843,337,1182,271,1899,538,-666666666,-222222222,06,14904
"Colusa city, California",1132,74,-666666666,-222222222,742,259,1101,68,1578,170,-666666666,-222222222,-666666666,-222222222,06,14946
"Commerce city, California",1549,146,1027,381,1145,317,1743,126,2066,231,-666666666,-222222222,-666666666,-222222222,06,14974
"Comptche CDP, California",-666666666,-222222222,-666666666,-222222222,-666666666,-222222222,-666666666,-222222222,-666666666,-222222222,-666666666,-222222222,-666666666,-222222222,06,15030
"Compton city, California",1664,62,1166,132,1288,70,1748,51,2086,115,2119,284,3501,-333333333,06,15044
"Concord city, California",2274,34,2160,106,1943,77,2245,38,3039,120,3487,362,3238,697,06,16000
"Concow CDP, California",-666666666,-222222222,-666666666,-222222222,-666666666,-222222222,-666666666,-222222222,-666666666,-222222222,-666666666,-222222222,-666666666,-222222222,06,16035
"Contra Costa Centre CDP, California",2713,155,2380,201,2622,231,3096,215,2336,436,-666666666,-222222222,-666666666,-222222222,06,16090
"Copperopolis CDP, California",2138,387,-666666666,-222222222,-666666666,-222222222,2219,854,2144,556,-666666666,-222222222,-666666666,-222222222,06,16210
"Corcoran city, California",1160,152,-666666666,-222222222,525,199,1068,212,1410,175,1430,472,-666666666,-222222222,06,16224
"Corning city, California",961,182,-666666666,-222222222,538,216,1007,140,1393,152,-666666666,-222222222,-666666666,-222222222,06,16322
"Corona city, California",2228,65,1834,182,1780,92,2190,79,2669,79,3288,133,3486,700,06,16350
"Coronado city, California",3257,172,2547,334,2343,163,3237,139,3501,-333333333,3501,-333333333,3501,-333333333,06,16378
"Coronita CDP, California",1993,482,-666666666,-222222222,-666666666,-222222222,2029,356,-666666666,-222222222,-666666666,-222222222,-666666666,-222222222,06,16420
"Corralitos CDP, California",2218,1215,-666666666,-222222222,-666666666,-222222222,2288,1246,-666666666,-222222222,-666666666,-222222222,-666666666,-222222222,06,16434
"Corte Madera town, California",3501,-333333333,-666666666,-222222222,2962,872,3501,-333333333,3501,-333333333,3501,-333333333,-666666666,-222222222,06,16462
"Costa Mesa city, California",2446,39,1811,129,2221,57,2492,64,3499,178,3501,-333333333,3501,-333333333,06,16532
"Cotati city, California",2056,266,-666666666,-222222222,1139,803,2313,153,2609,1028,-666666666,-222222222,-666666666,-222222222,06,16560
"Coto de Caza CDP, California",3501,-333333333,1656,252,-666666666,-222222222,2835,175,3501,-333333333,3501,-333333333,3501,-333333333,06,16580
"Cottonwood CDP (Kern County), California",1029,100,-666666666,-222222222,1043,451,996,114,992,167,1362,269,-666666666,-222222222,06,16623
"Cottonwood CDP (Shasta County), California",1391,482,-666666666,-222222222,-666666666,-222222222,2514,1682,1041,411,-666666666,-222222222,-666666666,-222222222,06,16630
"Coulterville CDP, California",-666666666,-222222222,-666666666,-222222222,-666666666,-222222222,-666666666,-222222222,-666666666,-222222222,-666666666,-222222222,-666666666,-222222222,06,16644
"Country Club CDP, California",1848,230,-666666666,-222222222,1220,677,1783,478,1986,308,2202,117,-666666666,-222222222,06,16651
"Courtland CDP, California",1239,833,-666666666,-222222222,-666666666,-222222222,-666666666,-222222222,-666666666,-222222222,-666666666,-222222222,-666666666,-222222222,06,16714
"Covelo CDP, California",1281,370,-666666666,-222222222,-666666666,-222222222,1288,742,-666666666,-222222222,-666666666,-222222222,-666666666,-222222222,06,16728
"Covina city, California",1931,72,1900,183,1780,80,2009,132,2194,194,2788,834,-666666666,-222222222,06,16742
"Cowan CDP, California",-666666666,-222222222,-666666666,-222222222,-666666666,-222222222,-666666666,-222222222,-666666666,-222222222,-666666666,-222222222,-666666666,-222222222,06,16762
"Crescent City city, California",1192,81,-666666666,-222222222,1125,246,1144,59,1573,260,-666666666,-222222222,-666666666,-222222222,06,17022
"Crescent Mills CDP, California",-666666666,-222222222,-666666666,-222222222,-666666666,-222222222,-666666666,-222222222,-666666666,-222222222,-666666666,-222222222,-666666666,-222222222,06,17050
"Cressey CDP, California",-666666666,-222222222,-666666666,-222222222,-666666666,-222222222,-666666666,-222222222,-666666666,-222222222,-666666666,-222222222,-666666666,-222222222,06,17078
"Crest CDP, California",1196,568,-666666666,-222222222,1763,176,-666666666,-222222222,-666666666,-222222222,-666666666,-222222222,-666666666,-222222222,06,17106
"Crestline CDP, California",1538,297,-666666666,-222222222,1134,381,1428,294,1957,339,-666666666,-222222222,-666666666,-222222222,06,17162
"Creston CDP, California",-666666666,-222222222,-666666666,-222222222,-666666666,-222222222,-666666666,-222222222,-666666666,-222222222,-666666666,-222222222,-666666666,-222222222,06,17232
"C-Road CDP, California",-666666666,-222222222,-666666666,-222222222,-666666666,-222222222,-666666666,-222222222,-666666666,-222222222,-666666666,-222222222,-666666666,-222222222,06,17267
"Crockett CDP, California",2287,183,-666666666,-222222222,1056,343,2211,227,2540,299,-666666666,-222222222,-666666666,-222222222,06,17274
"Cromberg CDP, California",-666666666,-222222222,-666666666,-222222222,-666666666,-222222222,-666666666,-222222222,-666666666,-222222222,-666666666,-222222222,-666666666,-222222222,06,17288
"Crowley Lake CDP, California",-666666666,-222222222,-666666666,-222222222,-666666666,-222222222,-666666666,-222222222,-666666666,-222222222,-666666666,-222222222,-666666666,-222222222,06,17372
"Crows Landing CDP, California",-666666666,-222222222,-666666666,-222222222,-666666666,-222222222,-666666666,-222222222,-666666666,-222222222,-666666666,-222222222,-666666666,-222222222,06,17428
"Cudahy city, California",1711,61,1329,119,1155,84,1706,70,2148,151,2362,362,-666666666,-222222222,06,17498
"Culver City city, California",2737,78,1803,339,2437,195,2880,136,3501,-333333333,3501,-333333333,-666666666,-222222222,06,17568
"Cupertino city, California",3501,-333333333,3060,361,3010,173,3501,-333333333,3501,-333333333,3501,-333333333,3501,-333333333,06,17610
"Cutler CDP, California",1249,195,1473,713,-666666666,-222222222,1091,141,1325,233,1525,492,-666666666,-222222222,06,17708
"Cutten CDP, California",1636,504,-666666666,-222222222,1144,44,1450,440,2250,1033,-666666666,-222222222,-666666666,-222222222,06,17722
"Cuyama CDP, California",-666666666,-222222222,-666666666,-222222222,-666666666,-222222222,-666666666,-222222222,-666666666,-222222222,-666666666,-222222222,-666666666,-222222222,06,17727
"Cypress city, California",2483,104,1852,1047,2233,104,2406,143,2808,119,3124,443,3501,-333333333,06,17750
"Dales CDP, California",-666666666,-222222222,-666666666,-222222222,-666666666,-222222222,-666666666,-222222222,-666666666,-222222222,-666666666,-222222222,-666666666,-222222222,06,17876
"Daly City city, California",2551,88,2283,98,2217,86,2869,157,3501,-333333333,3082,495,3501,-333333333,06,17918
"Dana Point city, California",3106,167,3037,2273,2561,199,2992,169,3501,-333333333,3501,-333333333,3501,-333333333,06,17946
"Danville town, California",3501,-333333333,-666666666,-222222222,2848,1182,2828,140,3501,-333333333,3501,-333333333,3501,-333333333,06,17988
"Daphnedale Park CDP, California",-666666666,-222222222,-666666666,-222222222,-666666666,-222222222,-666666666,-222222222,-666666666,-222222222,-666666666,-222222222,-666666666,-222222222,06,17995
"Darwin CDP, California",-666666666,-222222222,-666666666,-222222222,-666666666,-222222222,-666666666,-222222222,-666666666,-222222222,-666666666,-222222222,-666666666,-222222222,06,18030
"Davenport CDP, California",1469,1168,-666666666,-222222222,965,389,-666666666,-222222222,-666666666,-222222222,-666666666,-222222222,-666666666,-222222222,06,18086
"Davis city, California",2187,44,1887,251,1812,74,2172,59,2653,113,2787,465,3426,821,06,18100
"Day Valley CDP, California",1669,412,-666666666,-222222222,-666666666,-222222222,2131,1188,1602,544,-666666666,-222222222,-666666666,-222222222,06,18153
"Deer Park CDP, California",1641,1062,-666666666,-222222222,-666666666,-222222222,-666666666,-222222222,-666666666,-222222222,-666666666,-222222222,-666666666,-222222222,06,18324
"Del Aire CDP, California",2976,226,2686,337,3042,196,3061,482,2443,1441,-666666666,-222222222,-666666666,-222222222,06,18352
"Delano city, California",1199,76,780,280,694,189,1187,66,1401,120,1653,101,-666666666,-222222222,06,18394
"Del Dios CDP, California",2706,1348,-666666666,-222222222,-666666666,-222222222,-666666666,-222222222,-666666666,-222222222,-666666666,-222222222,-666666666,-222222222,06,18422
"Delft Colony CDP, California",793,531,-666666666,-222222222,-666666666,-222222222,793,489,-666666666,-222222222,-666666666,-222222222,-666666666,-222222222,06,18450
"Delhi CDP, California",1274,176,-666666666,-222222222,-666666666,-222222222,1258,191,1346,226,1661,500,-666666666,-222222222,06,18464
"Delleker CDP, California",-666666666,-222222222,-666666666,-222222222,-666666666,-222222222,-666666666,-222222222,-666666666,-222222222,-666666666,-222222222,-666666666,-222222222,06,18485
"Del Mar city, California",3501,-333333333,-666666666,-222222222,3003,409,3501,-333333333,3501,-333333333,-666666666,-222222222,-666666666,-222222222,06,18506
"Del Monte Forest CDP, California",3501,-333333333,-666666666,-222222222,-666666666,-222222222,3501,-333333333,3501,-333333333,3501,-333333333,-666666666,-222222222,06,18590
"Del Rey CDP, California",742,141,-666666666,-222222222,-666666666,-222222222,-666666666,-222222222,799,657,702,398,-666666666,-222222222,06,18674
"Del Rey Oaks city, California",3298,148,-666666666,-222222222,-666666666,-222222222,2775,72,3382,218,-666666666,-222222222,-666666666,-222222222,06,18688
"Del Rio CDP, California",-666666666,-222222222,-666666666,-222222222,-666666666,-222222222,-666666666,-222222222,-666666666,-222222222,-666666666,-222222222,-666666666,-222222222,06,18695
"Denair CDP, California",1382,45,-666666666,-222222222,-666666666,-222222222,-666666666,-222222222,1750,1127,-666666666,-222222222,-666666666,-222222222,06,18856
"Derby Acres CDP, California",1183,138,-666666666,-222222222,-666666666,-222222222,-666666666,-222222222,1266,190,-666666666,-222222222,-666666666,-222222222,06,18926
"Descanso CDP, California",3250,447,-666666666,-222222222,-666666666,-222222222,-666666666,-222222222,3284,318,-666666666,-222222222,-666666666,-222222222,06,18940
"Desert Center CDP, California",1135,684,-666666666,-222222222,-666666666,-222222222,-666666666,-222222222,1198,1127,-666666666,-222222222,-666666666,-222222222,06,18982
"Desert Edge CDP, California",903,310,-666666666,-222222222,738,327,795,288,912,338,-666666666,-222222222,-666666666,-222222222,06,18986
"Desert Hot Springs city, California",1412,125,962,309,873,92,1366,173,1865,180,2320,418,2346,1704,06,18996
"Desert Palms CDP, California",1957,698,-666666666,-222222222,-666666666,-222222222,1879,333,3501,-333333333,-666666666,-222222222,-666666666,-222222222,06,19022
"Desert Shores CDP, California",-666666666,-222222222,-666666666,-222222222,-666666666,-222222222,-666666666,-222222222,-666666666,-222222222,-666666666,-222222222,-666666666,-222222222,06,19024
"Desert View Highlands CDP, California",2002,343,-666666666,-222222222,-666666666,-222222222,2149,404,1829,1017,-666666666,-222222222,-666666666,-222222222,06,19052
"Diablo CDP, California",-666666666,-222222222,-666666666,-222222222,-666666666,-222222222,-666666666,-222222222,-666666666,-222222222,-666666666,-222222222,-666666666,-222222222,06,19150
"Diablo Grande CDP, California",3069,1709,-666666666,-222222222,-666666666,-222222222,-666666666,-222222222,-666666666,-222222222,-666666666,-222222222,-666666666,-222222222,06,19155
"Diamond Bar city, California",2521,121,2134,181,2258,221,2364,107,2742,111,3335,340,-666666666,-222222222,06,19192
"Diamond Springs CDP, California",1682,184,-666666666,-222222222,1108,152,1420,234,1910,284,1743,493,-666666666,-222222222,06,19220
"Di Giorgio CDP, California",1115,406,-666666666,-222222222,-666666666,-222222222,-666666666,-222222222,1154,352,-666666666,-222222222,-666666666,-222222222,06,19248
"Dillon Beach CDP, California",-666666666,-222222222,-666666666,-222222222,-666666666,-222222222,-666666666,-222222222,-666666666,-222222222,-666666666,-222222222,-666666666,-222222222,06,19262
"Dinuba city, California",1209,106,843,101,584,156,1053,108,1393,63,1867,910,2057,473,06,19318
"Discovery Bay CDP, California",3029,887,-666666666,-222222222,-666666666,-222222222,3071,1604,2170,885,3177,162,3501,-333333333,06,19339
"Dixon city, California",1859,188,-666666666,-222222222,1038,115,1869,172,2244,234,3092,531,-666666666,-222222222,06,19402
"Dixon Lane-MeadowCreek CDP, California",2622,899,-666666666,-222222222,-666666666,-222222222,2750,2336,2654,1300,-666666666,-222222222,-666666666,-222222222,06,19406
"Dobbins CDP, California",-666666666,-222222222,-666666666,-222222222,-666666666,-222222222,-666666666,-222222222,-666666666,-222222222,-666666666,-222222222,-666666666,-222222222,06,19416
"Dogtown CDP, California",2406,814,-666666666,-222222222,-666666666,-222222222,3501,-333333333,2227,851,-666666666,-222222222,-666666666,-222222222,06,19440
"Dollar Point CDP, California",2340,909,-666666666,-222222222,-666666666,-222222222,-666666666,-222222222,2150,812,-666666666,-222222222,-666666666,-222222222,06,19455
"Dorrington CDP, California",-666666666,-222222222,-666666666,-222222222,-666666666,-222222222,-666666666,-222222222,-666666666,-222222222,-666666666,-222222222,-666666666,-222222222,06,19570
"Dorris city, California",746,147,-666666666,-222222222,-666666666,-222222222,734,161,-666666666,-222222222,-666666666,-222222222,-666666666,-222222222,06,19584
"Dos Palos city, California",1125,440,-666666666,-222222222,-666666666,-222222222,1216,320,1549,271,-666666666,-222222222,-666666666,-222222222,06,19612
"Dos Palos Y CDP, California",705,136,-666666666,-222222222,-666666666,-222222222,-666666666,-222222222,-666666666,-222222222,-666666666,-222222222,-666666666,-222222222,06,19654
"Douglas City CDP, California",947,545,-666666666,-222222222,-666666666,-222222222,-666666666,-222222222,-666666666,-222222222,-666666666,-222222222,-666666666,-222222222,06,19724
"Douglas Flat CDP, California",-666666666,-222222222,-666666666,-222222222,-666666666,-222222222,-666666666,-222222222,-666666666,-222222222,-666666666,-222222222,-666666666,-222222222,06,19738
"Downey city, California",1937,41,1677,84,1704,31,2095,52,2540,119,2535,1807,3150,2879,06,19766
"Downieville CDP, California",-666666666,-222222222,-666666666,-222222222,-666666666,-222222222,-666666666,-222222222,-666666666,-222222222,-666666666,-222222222,-666666666,-222222222,06,19794
"Doyle CDP, California",-666666666,-222222222,-666666666,-222222222,-666666666,-222222222,-666666666,-222222222,-666666666,-222222222,-666666666,-222222222,-666666666,-222222222,06,19878
"Drytown CDP, California",-666666666,-222222222,-666666666,-222222222,-666666666,-222222222,-666666666,-222222222,-666666666,-222222222,-666666666,-222222222,-666666666,-222222222,06,19976
"Duarte city, California",2105,176,1764,261,1145,356,2225,127,2689,239,3501,-333333333,-666666666,-222222222,06,19990
"Dublin city, California",3191,66,2658,177,2678,94,3216,73,3501,-333333333,3501,-333333333,3501,-333333333,06,20018
"Ducor CDP, California",1240,440,-666666666,-222222222,-666666666,-222222222,1163,116,-666666666,-222222222,-666666666,-222222222,-666666666,-222222222,06,20032
"Dunnigan CDP, California",-666666666,-222222222,-666666666,-222222222,-666666666,-222222222,-666666666,-222222222,-666666666,-222222222,-666666666,-222222222,-666666666,-222222222,06,20228
"Dunsmuir city, California",1093,233,700,200,871,555,1000,293,1477,159,-666666666,-222222222,-666666666,-222222222,06,20242
"Durham CDP, California",1105,82,-666666666,-222222222,-666666666,-222222222,1112,131,876,696,-666666666,-222222222,-666666666,-222222222,06,20270
"Dustin Acres CDP, California",1699,149,-666666666,-222222222,-666666666,-222222222,-666666666,-222222222,-666666666,-222222222,-666666666,-222222222,-666666666,-222222222,06,20284
"Dutch Flat CDP, California",-666666666,-222222222,-666666666,-222222222,-666666666,-222222222,-666666666,-222222222,-666666666,-222222222,-666666666,-222222222,-666666666,-222222222,06,20298
"Eagleville CDP, California",-666666666,-222222222,-666666666,-222222222,-666666666,-222222222,-666666666,-222222222,-666666666,-222222222,-666666666,-222222222,-666666666,-222222222,06,20424
"Earlimart CDP, California",965,116,-666666666,-222222222,709,170,875,76,1097,90,1375,105,-666666666,-222222222,06,20438
"East Bakersfield CDP, California",1090,66,1041,132,942,99,1086,114,1553,260,1683,141,-666666666,-222222222,06,20515
"Eastern Goleta Valley CDP, California",2964,327,1516,507,1299,210,3002,310,3501,-333333333,3501,-333333333,3501,-333333333,06,20574
"East Foothills CDP, California",3321,558,-666666666,-222222222,-666666666,-222222222,3415,595,3501,-333333333,2763,1792,-666666666,-222222222,06,20598
"East Hemet CDP, California",1655,244,-666666666,-222222222,1268,151,1527,144,2181,171,-666666666,-222222222,-666666666,-222222222,06,20697
"East Los Angeles CDP, California",1494,39,1013,111,1209,52,1644,40,1866,88,1799,168,-666666666,-222222222,06,20802
"East Nicolaus CDP, California",-666666666,-222222222,-666666666,-222222222,-666666666,-222222222,-666666666,-222222222,-666666666,-222222222,-666666666,-222222222,-666666666,-222222222,06,20900
"East Niles CDP, California",1250,86,899,885,737,186,1082,93,1367,123,1684,207,-666666666,-222222222,06,20903
"East Oakdale CDP, California",2122,252,-666666666,-222222222,-666666666,-222222222,-666666666,-222222222,-666666666,-222222222,-666666666,-222222222,-666666666,-222222222,06,20907
"Easton CDP, California",1388,320,-666666666,-222222222,755,651,1361,156,1734,366,-666666666,-222222222,-666666666,-222222222,06,20928
"East Orosi CDP, California",-666666666,-222222222,-666666666,-222222222,-666666666,-222222222,-666666666,-222222222,-666666666,-222222222,-666666666,-222222222,-666666666,-222222222,06,20942
"East Palo Alto city, California",2244,166,2027,366,1791,102,2446,335,2919,334,3501,-333333333,3261,1643,06,20956
"East Pasadena CDP, California",2229,339,1417,1208,1375,390,2419,625,2333,548,3501,-333333333,-666666666,-222222222,06,20984
"East Porterville CDP, California",1044,152,1101,54,725,437,893,131,1125,423,1490,288,-666666666,-222222222,06,21012
"East Quincy CDP, California",1681,126,-666666666,-222222222,-666666666,-222222222,-666666666,-222222222,1436,296,-666666666,-222222222,-666666666,-222222222,06,21026
"East Rancho Dominguez CDP, California",1701,84,1337,397,1227,153,1723,68,2091,143,-666666666,-222222222,-666666666,-222222222,06,21034
"East Richmond Heights CDP, California",2071,222,-666666666,-222222222,-666666666,-222222222,2155,220,-666666666,-222222222,-666666666,-222222222,-666666666,-222222222,06,21061
"East San Gabriel CDP, California",1976,86,1752,190,1699,107,2023,136,3022,305,3501,-333333333,-666666666,-222222222,06,21096
"East Shore CDP, California",-666666666,-222222222,-666666666,-222222222,-666666666,-222222222,-666666666,-222222222,-666666666,-222222222,-666666666,-222222222,-666666666,-222222222,06,21138
"East Sonora CDP, California",1309,195,1144,38,1037,488,1468,271,-666666666,-222222222,-666666666,-222222222,-666666666,-222222222,06,21188
"East Tulare Villa CDP, California",1455,200,-666666666,-222222222,-666666666,-222222222,-666666666,-222222222,1450,202,-666666666,-222222222,-666666666,-222222222,06,21210
"Eastvale city, California",3252,105,-666666666,-222222222,-666666666,-222222222,2824,120,3044,373,3501,-333333333,3473,459,06,21230
"East Whittier CDP, California",1794,111,1215,191,1601,145,2015,175,2600,1066,2318,449,-666666666,-222222222,06,21292
"Edgewood CDP, California",-666666666,-222222222,-666666666,-222222222,-666666666,-222222222,-666666666,-222222222,-666666666,-222222222,-666666666,-222222222,-666666666,-222222222,06,21530
"Edison CDP, California",-666666666,-222222222,-666666666,-222222222,-666666666,-222222222,-666666666,-222222222,-666666666,-222222222,-666666666,-222222222,-666666666,-222222222,06,21544
"Edmundson Acres CDP, California",1342,149,-666666666,-222222222,-666666666,-222222222,-666666666,-222222222,1225,250,-666666666,-222222222,-666666666,-222222222,06,21558
"Edna CDP, California",-666666666,-222222222,-666666666,-222222222,-666666666,-222222222,-666666666,-222222222,-666666666,-222222222,-666666666,-222222222,-666666666,-222222222,06,21565
"Edwards AFB CDP, California",2457,115,-666666666,-222222222,-666666666,-222222222,2488,294,2362,86,2764,180,-666666666,-222222222,06,21600
"El Adobe CDP, California",-666666666,-222222222,-666666666,-222222222,-666666666,-222222222,-666666666,-222222222,-666666666,-222222222,-666666666,-222222222,-666666666,-222222222,06,21691
"El Cajon city, California",1856,27,1632,71,1650,43,1951,43,2371,111,2738,246,1619,397,06,21712
"El Centro city, California",1052,63,761,76,768,66,1086,68,1213,69,1761,110,3501,-333333333,06,21782
"El Centro Naval Air Facility CDP, California",1741,58,-666666666,-222222222,-666666666,-222222222,-666666666,-222222222,1691,118,1776,105,-666666666,-222222222,06,21788
"El Cerrito city, California",2548,119,2219,250,1947,188,2689,91,3274,318,3501,-333333333,-666666666,-222222222,06,21796
"El Cerrito CDP, California",1787,690,-666666666,-222222222,-666666666,-222222222,-666666666,-222222222,2053,1587,-666666666,-222222222,-666666666,-222222222,06,21810
"El Dorado Hills CDP, California",2552,239,-666666666,-222222222,1226,604,2345,156,3026,227,3501,-333333333,-666666666,-222222222,06,21880
"Eldridge CDP, California",1968,590,-666666666,-222222222,-666666666,-222222222,2294,158,3000,361,-666666666,-222222222,-666666666,-222222222,06,21894
"Elfin Forest CDP, California",-666666666,-222222222,-666666666,-222222222,-666666666,-222222222,-666666666,-222222222,-666666666,-222222222,-666666666,-222222222,-666666666,-222222222,06,21916
"El Granada CDP, California",-666666666,-222222222,-666666666,-222222222,-666666666,-222222222,-666666666,-222222222,3501,-333333333,-666666666,-222222222,-666666666,-222222222,06,21936
"Elizabeth Lake CDP, California",2094,535,-666666666,-222222222,-666666666,-222222222,-666666666,-222222222,2375,530,-666666666,-222222222,-666666666,-222222222,06,21964
"Elk Creek CDP, California",-666666666,-222222222,-666666666,-222222222,-666666666,-222222222,-666666666,-222222222,-666666666,-222222222,-666666666,-222222222,-666666666,-222222222,06,22006
"Elk Grove city, California",2262,50,1215,1060,1331,209,1913,139,2388,78,2707,59,2894,166,06,22020
"Elkhorn CDP, California",2000,1962,-666666666,-222222222,-666666666,-222222222,2313,900,-666666666,-222222222,-666666666,-222222222,-666666666,-222222222,06,22034
"El Macero CDP, California",-666666666,-222222222,-666666666,-222222222,-666666666,-222222222,-666666666,-222222222,-666666666,-222222222,-666666666,-222222222,-666666666,-222222222,06,22104
"Elmira CDP, California",-666666666,-222222222,-666666666,-222222222,-666666666,-222222222,-666666666,-222222222,-666666666,-222222222,-666666666,-222222222,-666666666,-222222222,06,22146
"El Monte city, California",1736,28,1130,167,1367,76,1801,32,2136,100,2256,265,1827,283,06,22230
"El Monte Mobile Village CDP, California",-666666666,-222222222,-666666666,-222222222,-666666666,-222222222,-666666666,-222222222,-666666666,-222222222,-666666666,-222222222,-666666666,-222222222,06,22235
"El Nido CDP, California",950,115,-666666666,-222222222,-666666666,-222222222,938,323,975,559,-666666666,-222222222,-666666666,-222222222,06,22286
"El Paso de Robles (Paso Robles) city, California",1981,163,1146,199,1538,489,1917,148,2575,231,2782,339,1750,335,06,22300
"El Portal CDP, California",-666666666,-222222222,-666666666,-222222222,-666666666,-222222222,479,10,-666666666,-222222222,-666666666,-222222222,-666666666,-222222222,06,22328
"El Rancho CDP, California",-666666666,-222222222,-666666666,-222222222,-666666666,-222222222,-666666666,-222222222,-666666666,-222222222,-666666666,-222222222,-666666666,-222222222,06,22360
"El Rio CDP, California",2089,586,-666666666,-222222222,-666666666,-222222222,1912,1457,2271,255,2679,789,-666666666,-222222222,06,22370
"El Segundo city, California",2556,152,1430,142,1943,199,2845,115,3501,-333333333,3501,-333333333,-666666666,-222222222,06,22412
"El Sobrante CDP (Contra Costa County), California",2216,124,2181,1365,1789,126,2244,135,2415,538,2661,1177,-666666666,-222222222,06,22454
"El Sobrante CDP (Riverside County), California",2880,243,-666666666,-222222222,-666666666,-222222222,-666666666,-222222222,3071,514,2822,176,-666666666,-222222222,06,22457
"El Verano CDP, California",2372,213,-666666666,-222222222,1810,659,2419,269,2551,341,-666666666,-222222222,-666666666,-222222222,06,22510
"Elverta CDP, California",1551,236,-666666666,-222222222,-666666666,-222222222,1643,338,1547,292,-666666666,-222222222,-666666666,-222222222,06,22524
"Emerald Lake Hills CDP, California",3501,-333333333,-666666666,-222222222,-666666666,-222222222,3501,-333333333,-666666666,-222222222,3501,-333333333,-666666666,-222222222,06,22587
"Emeryville city, California",2936,137,2619,208,2710,151,3282,78,3501,-333333333,2742,349,-666666666,-222222222,06,22594
"Empire CDP, California",1238,264,-666666666,-222222222,-666666666,-222222222,1250,283,1582,1202,-666666666,-222222222,-666666666,-222222222,06,22622
"Encinitas city, California",2886,115,2370,266,2233,100,2904,122,3501,-333333333,3501,-333333333,3501,-333333333,06,22678
"Escalon city, California",1724,353,-666666666,-222222222,964,255,1611,303,2026,346,2676,272,-666666666,-222222222,06,22790
"Escondido city, California",2046,61,1646,206,1683,48,2088,57,2536,166,3257,112,2906,381,06,22804
"Esparto CDP, California",1673,414,-666666666,-222222222,-666666666,-222222222,-666666666,-222222222,1700,533,-666666666,-222222222,-666666666,-222222222,06,22846
"Etna city, California",859,132,673,105,-666666666,-222222222,900,282,-666666666,-222222222,-666666666,-222222222,-666666666,-222222222,06,22972
"Eucalyptus Hills CDP, California",1408,411,-666666666,-222222222,-666666666,-222222222,-666666666,-222222222,1424,864,-666666666,-222222222,-666666666,-222222222,06,23000
"Eureka city, California",1195,73,722,136,924,135,1203,99,1845,146,2661,180,2824,476,06,23042
"Exeter city, California",1286,113,1254,741,590,129,1082,236,1347,97,1729,45,-666666666,-222222222,06,23126
"Fairbanks Ranch CDP, California",-666666666,-222222222,-666666666,-222222222,-666666666,-222222222,-666666666,-222222222,-666666666,-222222222,-666666666,-222222222,-666666666,-222222222,06,23150
"Fairfax CDP, California",1407,344,-666666666,-222222222,-666666666,-222222222,1346,494,-666666666,-222222222,-666666666,-222222222,-666666666,-222222222,06,23158
"Fairfax town, California",2367,233,-666666666,-222222222,1694,328,2983,662,-666666666,-222222222,-666666666,-222222222,-666666666,-222222222,06,23168
"Fairfield city, California",2266,47,1795,625,1879,116,2174,83,2602,105,2868,256,3501,-333333333,06,23182
"Fairhaven CDP, California",1694,91,-666666666,-222222222,-666666666,-222222222,1375,385,-666666666,-222222222,-666666666,-222222222,-666666666,-222222222,06,23196
"Fairmead CDP, California",1418,175,-666666666,-222222222,-666666666,-222222222,1385,296,1554,516,-666666666,-222222222,-666666666,-222222222,06,23210
"Fair Oaks CDP, California",1910,72,1960,297,1637,98,1939,129,2331,212,3105,596,-666666666,-222222222,06,23294
"Fairview CDP, California",2644,478,-666666666,-222222222,-666666666,-222222222,2245,107,3501,-333333333,3501,-333333333,-666666666,-222222222,06,23350
"Fallbrook CDP, California",1786,58,1590,259,1502,153,1776,52,3016,544,2882,596,-666666666,-222222222,06,23462
"Fall River Mills CDP, California",-666666666,-222222222,-666666666,-222222222,-666666666,-222222222,-666666666,-222222222,-666666666,-222222222,-666666666,-222222222,-666666666,-222222222,06,23532
"Farmersville city, California",1114,127,-666666666,-222222222,392,343,1138,82,1344,401,-666666666,-222222222,-666666666,-222222222,06,23616
"Farmington CDP, California",-666666666,-222222222,-666666666,-222222222,-666666666,-222222222,-666666666,-222222222,-666666666,-222222222,-666666666,-222222222,-666666666,-222222222,06,23630
"Fellows CDP, California",-666666666,-222222222,-666666666,-222222222,-666666666,-222222222,-666666666,-222222222,-666666666,-222222222,-666666666,-222222222,-666666666,-222222222,06,23812
"Felton CDP, California",2068,296,-666666666,-222222222,1805,177,2756,265,2908,1586,-666666666,-222222222,-666666666,-222222222,06,23826
"Ferndale city, California",1028,100,-666666666,-222222222,935,148,1084,62,1200,387,1100,583,-666666666,-222222222,06,23910
"Fetters Hot Springs-Agua Caliente CDP, California",1743,167,-666666666,-222222222,1580,582,1907,201,3501,-333333333,-666666666,-222222222,-666666666,-222222222,06,23973
"Fiddletown CDP, California",-666666666,-222222222,-666666666,-222222222,-666666666,-222222222,-666666666,-222222222,-666666666,-222222222,-666666666,-222222222,-666666666,-222222222,06,23980
"Fieldbrook CDP, California",1240,787,-666666666,-222222222,1115,26,1833,283,2231,73,-666666666,-222222222,-666666666,-222222222,06,24008
"Fields Landing CDP, California",-666666666,-222222222,-666666666,-222222222,-666666666,-222222222,-666666666,-222222222,-666666666,-222222222,-666666666,-222222222,-666666666,-222222222,06,24022
"Fillmore city, California",1870,234,1092,845,1311,220,1703,208,2122,431,2752,137,-666666666,-222222222,06,24092
"Firebaugh city, California",982,111,903,291,1703,846,962,88,1074,408,1061,404,-666666666,-222222222,06,24134
"Fish Camp CDP, California",-666666666,-222222222,-666666666,-222222222,-666666666,-222222222,-666666666,-222222222,-666666666,-222222222,-666666666,-222222222,-666666666,-222222222,06,24218
"Florence-Graham CDP, California",1521,63,1029,94,1284,62,1637,68,1835,101,2296,508,3432,1347,06,24477
"Florin CDP, California",1622,76,738,126,1175,239,1457,104,1875,100,2076,169,2101,1022,06,24498
"Floriston CDP, California",-666666666,-222222222,-666666666,-222222222,-666666666,-222222222,-666666666,-222222222,-666666666,-222222222,-666666666,-222222222,-666666666,-222222222,06,24526
"Flournoy CDP, California",-666666666,-222222222,-666666666,-222222222,-666666666,-222222222,-666666666,-222222222,-666666666,-222222222,-666666666,-222222222,-666666666,-222222222,06,24568
"Folsom city, California",2352,47,2093,453,2084,75,2285,57,2863,170,3155,143,3330,299,06,24638
"Fontana city, California",1839,51,1042,398,1240,136,1697,50,2169,94,2763,123,2938,225,06,24680
"Foothill Farms CDP, California",1695,59,1419,189,1263,126,1643,74,2003,137,2636,106,-666666666,-222222222,06,24722
"Forbestown CDP, California",-666666666,-222222222,-666666666,-222222222,-666666666,-222222222,-666666666,-222222222,-666666666,-222222222,-666666666,-222222222,-666666666,-222222222,06,24750
"Ford City CDP, California",1075,150,-666666666,-222222222,778,691,986,102,1221,409,-666666666,-222222222,-666666666,-222222222,06,24764
"Foresta CDP, California",-666666666,-222222222,-666666666,-222222222,-666666666,-222222222,-666666666,-222222222,-666666666,-222222222,-666666666,-222222222,-666666666,-222222222,06,24792
"Foresthill CDP, California",2158,1121,-666666666,-222222222,-666666666,-222222222,-666666666,-222222222,-666666666,-222222222,-666666666,-222222222,-666666666,-222222222,06,24834
"Forest Meadows CDP, California",-666666666,-222222222,-666666666,-222222222,-666666666,-222222222,-666666666,-222222222,-666666666,-222222222,-666666666,-222222222,-666666666,-222222222,06,24897
"Forest Ranch CDP, California",-666666666,-222222222,-666666666,-222222222,-666666666,-222222222,-666666666,-222222222,-666666666,-222222222,-666666666,-222222222,-666666666,-222222222,06,24918
"Forestville CDP, California",1833,223,-666666666,-222222222,1753,118,2062,330,1469,646,-666666666,-222222222,-666666666,-222222222,06,24960
"Fort Bidwell CDP, California",542,387,-666666666,-222222222,-666666666,-222222222,-666666666,-222222222,558,264,-666666666,-222222222,-666666666,-222222222,06,25030
"Fort Bragg city, California",1290,131,919,324,679,535,1455,125,1841,244,2089,485,-666666666,-222222222,06,25058
"Fort Dick CDP, California",-666666666,-222222222,-666666666,-222222222,-666666666,-222222222,-666666666,-222222222,-666666666,-222222222,-666666666,-222222222,-666666666,-222222222,06,25086
"Fort Hunter Liggett CDP, California",-666666666,-222222222,-666666666,-222222222,-666666666,-222222222,-666666666,-222222222,-666666666,-222222222,-666666666,-222222222,-666666666,-222222222,06,25093
"Fort Irwin CDP, California",1818,81,-666666666,-222222222,1484,640,1639,105,1916,132,2849,313,-666666666,-222222222,06,25114
"Fort Jones city, California",1137,114,-666666666,-222222222,-666666666,-222222222,928,354,1195,170,-666666666,-222222222,-666666666,-222222222,06,25128
"Fortuna city, California",1168,118,-666666666,-222222222,864,62,1242,138,1631,415,2199,224,-666666666,-222222222,06,25296
"Fort Washington CDP, California",-666666666,-222222222,-666666666,-222222222,-666666666,-222222222,-666666666,-222222222,-666666666,-222222222,-666666666,-222222222,-666666666,-222222222,06,25300
"Foster City city, California",3501,-333333333,3144,310,3280,154,3501,-333333333,3501,-333333333,3501,-333333333,3501,-333333333,06,25338
"Fountain Valley city, California",2631,134,2125,200,2194,77,2643,93,2989,325,3501,-333333333,3501,-333333333,06,25380
"Fowler city, California",1218,124,-666666666,-222222222,941,292,1108,52,1790,522,2183,160,-666666666,-222222222,06,25436
"Franklin CDP (Merced County), California",1399,119,-666666666,-222222222,-666666666,-222222222,1313,210,1320,186,1922,312,-666666666,-222222222,06,25488
"Franklin CDP (Sacramento County), California",-666666666,-222222222,-666666666,-222222222,-666666666,-222222222,-666666666,-222222222,-666666666,-222222222,-666666666,-222222222,-666666666,-222222222,06,25506
"Frazier Park CDP, California",1500,528,-666666666,-222222222,-666666666,-222222222,1216,257,1912,618,-666666666,-222222222,-666666666,-222222222,06,25534
"Freedom CDP, California",1621,209,-666666666,-222222222,-666666666,-222222222,-666666666,-222222222,1481,360,-666666666,-222222222,-666666666,-222222222,06,25576
"Freeport CDP, California",-666666666,-222222222,-666666666,-222222222,-666666666,-222222222,-666666666,-222222222,-666666666,-222222222,-666666666,-222222222,-666666666,-222222222,06,25590
"Fremont city, California",2933,48,2306,109,2455,67,2950,56,3501,-333333333,3501,-333333333,3501,-333333333,06,26000
"French Camp CDP, California",1991,355,-666666666,-222222222,-666666666,-222222222,-666666666,-222222222,2020,344,-666666666,-222222222,-666666666,-222222222,06,26028
"French Gulch CDP, California",1125,438,-666666666,-222222222,-666666666,-222222222,-666666666,-222222222,-666666666,-222222222,-666666666,-222222222,-666666666,-222222222,06,26056
"French Valley CDP, California",3119,221,-666666666,-222222222,2085,559,1897,317,2716,532,3358,207,3501,-333333333,06,26067
"Fresno city, California",1421,21,1153,36,1132,48,1400,28,1765,45,2097,135,2277,397,06,27000
"Friant CDP, California",-666666666,-222222222,-666666666,-222222222,-666666666,-222222222,-666666666,-222222222,-666666666,-222222222,-666666666,-222222222,-666666666,-222222222,06,27014
"Fruitdale CDP, California",2746,306,-666666666,-222222222,2631,525,-666666666,-222222222,-666666666,-222222222,-666666666,-222222222,-666666666,-222222222,06,27080
"Fruitridge Pocket CDP, California",1473,261,-666666666,-222222222,1036,719,1558,381,1656,425,-666666666,-222222222,-666666666,-222222222,06,27130
"Fuller Acres CDP, California",1313,924,-666666666,-222222222,-666666666,-222222222,-666666666,-222222222,3069,2507,-666666666,-222222222,-666666666,-222222222,06,27190
"Fullerton city, California",2194,37,1879,108,1922,81,2201,36,2942,107,3501,-333333333,3501,-333333333,06,28000
"Fulton CDP, California",-666666666,-222222222,-666666666,-222222222,-666666666,-222222222,-666666666,-222222222,-666666666,-222222222,-666666666,-222222222,-666666666,-222222222,06,28014
"Furnace Creek CDP, California",-666666666,-222222222,-666666666,-222222222,-666666666,-222222222,-666666666,-222222222,-666666666,-222222222,-666666666,-222222222,-666666666,-222222222,06,28021
"Galt city, California",1596,172,1687,281,892,349,1548,177,2121,305,2631,270,-666666666,-222222222,06,28112
"Garberville CDP, California",1293,395,-666666666,-222222222,892,509,1463,217,-666666666,-222222222,-666666666,-222222222,-666666666,-222222222,06,28154
"Gardena city, California",1809,55,1415,83,1542,123,1873,79,2403,247,3114,389,-666666666,-222222222,06,28168
"Garden Acres CDP, California",1354,190,-666666666,-222222222,1140,163,1334,134,1506,282,-666666666,-222222222,-666666666,-222222222,06,28182
"Garden Farms CDP, California",-666666666,-222222222,-666666666,-222222222,-666666666,-222222222,-666666666,-222222222,-666666666,-222222222,-666666666,-222222222,-666666666,-222222222,06,28210
"Garden Grove city, California",2012,48,1726,86,1635,55,2058,52,2595,130,3159,186,3501,-333333333,06,29000
"Garey CDP, California",-666666666,-222222222,-666666666,-222222222,-666666666,-222222222,-666666666,-222222222,-666666666,-222222222,-666666666,-222222222,-666666666,-222222222,06,29070
"Garnet CDP, California",1907,349,-666666666,-222222222,-666666666,-222222222,1382,796,1920,423,2219,98,-666666666,-222222222,06,29112
"Gasquet CDP, California",-666666666,-222222222,-666666666,-222222222,-666666666,-222222222,-666666666,-222222222,-666666666,-222222222,-666666666,-222222222,-666666666,-222222222,06,29154
"Gazelle CDP, California",-666666666,-222222222,-666666666,-222222222,-666666666,-222222222,-666666666,-222222222,1708,124,-666666666,-222222222,-666666666,-222222222,06,29252
"Georgetown CDP, California",926,339,-666666666,-222222222,-666666666,-222222222,957,24,-666666666,-222222222,-666666666,-222222222,-666666666,-222222222,06,29350
"Gerber CDP, California",1375,895,-666666666,-222222222,-666666666,-222222222,-666666666,-222222222,-666666666,-222222222,-666666666,-222222222,-666666666,-222222222,06,29392
"Geyserville CDP, California",2156,769,-666666666,-222222222,1750,535,2100,1061,-666666666,-222222222,-666666666,-222222222,-666666666,-222222222,06,29420
"Gilroy city, California",2301,93,2000,1295,1428,351,2265,94,2771,310,3501,-333333333,3501,-333333333,06,29504
"Glencoe CDP, California",-666666666,-222222222,-666666666,-222222222,-666666666,-222222222,-666666666,-222222222,-666666666,-222222222,-666666666,-222222222,-666666666,-222222222,06,29714
"Glendale city, California",2182,34,1728,54,1906,42,2356,40,2935,189,2058,953,1973,1770,06,30000
"Glendora city, California",2254,64,2020,364,1832,161,2185,58,2796,246,3501,-333333333,2743,340,06,30014
"Glen Ellen CDP, California",1582,759,-666666666,-222222222,-666666666,-222222222,-666666666,-222222222,-666666666,-222222222,-666666666,-222222222,-666666666,-222222222,06,30028
"Glennville CDP, California",-666666666,-222222222,-666666666,-222222222,-666666666,-222222222,-666666666,-222222222,-666666666,-222222222,-666666666,-222222222,-666666666,-222222222,06,30126
"Golden Hills CDP, California",1377,130,-666666666,-222222222,1068,224,1231,131,1561,467,-666666666,-222222222,-666666666,-222222222,06,30282
"Gold Mountain CDP, California",-666666666,-222222222,-666666666,-222222222,-666666666,-222222222,-666666666,-222222222,-666666666,-222222222,-666666666,-222222222,-666666666,-222222222,06,30339
"Gold River CDP, California",2448,352,-666666666,-222222222,-666666666,-222222222,2497,449,2216,690,-666666666,-222222222,-666666666,-222222222,06,30345
"Goleta city, California",2437,120,1841,256,2122,166,2749,196,3501,-333333333,3501,-333333333,1990,1804,06,30378
"Gonzales city, California",1524,259,1155,474,733,589,1371,201,1916,339,2214,166,-666666666,-222222222,06,30392
"Good Hope CDP, California",1528,274,-666666666,-222222222,1040,180,1580,391,1497,325,2125,1267,-666666666,-222222222,06,30410
"Goodmanville CDP, California",-666666666,-222222222,-666666666,-222222222,-666666666,-222222222,-666666666,-222222222,-666666666,-222222222,-666666666,-222222222,-666666666,-222222222,06,30412
"Goodyears Bar CDP, California",-666666666,-222222222,-666666666,-222222222,-666666666,-222222222,-666666666,-222222222,-666666666,-222222222,-666666666,-222222222,-666666666,-222222222,06,30420
"Goshen CDP, California",1231,631,-666666666,-222222222,-666666666,-222222222,968,83,1150,134,1703,114,-666666666,-222222222,06,30476
"Graeagle CDP, California",-666666666,-222222222,-666666666,-222222222,-666666666,-222222222,-666666666,-222222222,-666666666,-222222222,-666666666,-222222222,-666666666,-222222222,06,30560
"Grand Terrace city, California",2024,152,2228,270,1596,533,1975,205,2297,155,-666666666,-222222222,-666666666,-222222222,06,30658
"Grangeville CDP, California",-666666666,-222222222,-666666666,-222222222,-666666666,-222222222,-666666666,-222222222,-666666666,-222222222,-666666666,-222222222,-666666666,-222222222,06,30686
"Granite Bay CDP, California",2740,246,-666666666,-222222222,2273,768,2550,586,2969,248,1398,84,-666666666,-222222222,06,30693
"Granite Hills CDP, California",1959,1291,-666666666,-222222222,-666666666,-222222222,-666666666,-222222222,-666666666,-222222222,-666666666,-222222222,-666666666,-222222222,06,30703
"Graniteville CDP, California",-666666666,-222222222,-666666666,-222222222,-666666666,-222222222,-666666666,-222222222,-666666666,-222222222,-666666666,-222222222,-666666666,-222222222,06,30714
"Grass Valley city, California",1458,160,-666666666,-222222222,1094,175,1573,114,2118,344,3136,1124,-666666666,-222222222,06,30798
"Graton CDP, California",2826,195,-666666666,-222222222,-666666666,-222222222,2857,184,-666666666,-222222222,-666666666,-222222222,-666666666,-222222222,06,30812
"Grayson CDP, California",1591,354,-666666666,-222222222,-666666666,-222222222,-666666666,-222222222,1625,346,-666666666,-222222222,-666666666,-222222222,06,30882
"Greeley Hill CDP, California",-666666666,-222222222,-666666666,-222222222,-666666666,-222222222,-666666666,-222222222,-666666666,-222222222,-666666666,-222222222,-666666666,-222222222,06,30900
"Greenacres CDP, California",1761,481,-666666666,-222222222,846,320,1121,360,1910,406,-666666666,-222222222,-666666666,-222222222,06,30938
"Green Acres CDP, California",1696,809,-666666666,-222222222,-666666666,-222222222,-666666666,-222222222,1804,509,-666666666,-222222222,-666666666,-222222222,06,30944
"Greenfield CDP, California",1766,617,-666666666,-222222222,-666666666,-222222222,1138,120,1475,231,-666666666,-222222222,-666666666,-222222222,06,30987
"Greenfield city, California",1724,134,1776,175,1213,257,1429,214,1852,240,2168,172,-666666666,-222222222,06,30994
"Greenhorn CDP, California",-666666666,-222222222,-666666666,-222222222,-666666666,-222222222,-666666666,-222222222,-666666666,-222222222,-666666666,-222222222,-666666666,-222222222,06,31029
"Green Valley CDP (Los Angeles County), California",1738,327,-666666666,-222222222,-666666666,-222222222,1824,415,-666666666,-222222222,-666666666,-222222222,-666666666,-222222222,06,31092
"Green Valley CDP (Solano County), California",2394,376,-666666666,-222222222,-666666666,-222222222,-666666666,-222222222,-666666666,-222222222,-666666666,-222222222,-666666666,-222222222,06,31099
"Greenview CDP, California",-666666666,-222222222,-666666666,-222222222,-666666666,-222222222,-666666666,-222222222,-666666666,-222222222,-666666666,-222222222,-666666666,-222222222,06,31134
"Greenville CDP, California",296,268,-666666666,-222222222,-666666666,-222222222,-666666666,-222222222,-666666666,-222222222,-666666666,-222222222,-666666666,-222222222,06,31162
"Grenada CDP, California",932,181,-666666666,-222222222,-666666666,-222222222,-666666666,-222222222,-666666666,-222222222,-666666666,-222222222,-666666666,-222222222,06,31246
"Gridley city, California",1176,113,-666666666,-222222222,889,272,1177,122,1358,122,993,859,-666666666,-222222222,06,31260
"Grimes CDP, California",-666666666,-222222222,-666666666,-222222222,-666666666,-222222222,-666666666,-222222222,-666666666,-222222222,-666666666,-222222222,-666666666,-222222222,06,31288
"Grizzly Flats CDP, California",-666666666,-222222222,-666666666,-222222222,-666666666,-222222222,-666666666,-222222222,-666666666,-222222222,-666666666,-222222222,-666666666,-222222222,06,31302
"Groveland CDP, California",-666666666,-222222222,-666666666,-222222222,-666666666,-222222222,-666666666,-222222222,-666666666,-222222222,-666666666,-222222222,-666666666,-222222222,06,31372
"Grover Beach city, California",2061,102,1705,885,1610,299,2019,131,2290,103,-666666666,-222222222,-666666666,-222222222,06,31393
"Guadalupe city, California",1732,110,1202,232,-666666666,-222222222,1697,131,1890,188,-666666666,-222222222,-666666666,-222222222,06,31414
"Guerneville CDP, California",1579,237,730,10,1440,337,1683,267,3250,207,-666666666,-222222222,-666666666,-222222222,06,31470
"Guinda CDP, California",-666666666,-222222222,-666666666,-222222222,-666666666,-222222222,-666666666,-222222222,-666666666,-222222222,-666666666,-222222222,-666666666,-222222222,06,31540
"Gustine city, California",1395,190,-666666666,-222222222,1615,1346,1366,205,1697,352,1376,313,-666666666,-222222222,06,31568
"Hacienda Heights CDP, California",2300,127,1327,477,1697,103,2136,170,2551,200,3054,245,2815,144,06,31596
"Half Moon Bay city, California",2433,619,-666666666,-222222222,-666666666,-222222222,2193,630,3385,940,3501,-333333333,-666666666,-222222222,06,31708
"Hamilton Branch CDP, California",-666666666,-222222222,-666666666,-222222222,-666666666,-222222222,-666666666,-222222222,-666666666,-222222222,-666666666,-222222222,-666666666,-222222222,06,31883
"Hamilton City CDP, California",903,47,-666666666,-222222222,-666666666,-222222222,883,50,932,57,-666666666,-222222222,-666666666,-222222222,06,31890
"Hanford city, California",1309,101,896,176,916,73,1171,83,1680,118,1801,153,-666666666,-222222222,06,31960
"Happy Camp CDP, California",775,177,-666666666,-222222222,-666666666,-222222222,817,446,908,324,1083,489,-666666666,-222222222,06,32030
"Happy Valley CDP, California",1282,812,-666666666,-222222222,-666666666,-222222222,-666666666,-222222222,1629,1467,-666666666,-222222222,-666666666,-222222222,06,32036
"Harbison Canyon CDP, California",2793,628,-666666666,-222222222,-666666666,-222222222,2570,1095,2875,1069,-666666666,-222222222,-666666666,-222222222,06,32044
"Hardwick CDP, California",-666666666,-222222222,-666666666,-222222222,-666666666,-222222222,-666666666,-222222222,-666666666,-222222222,-666666666,-222222222,-666666666,-222222222,06,32156
"Harmony Grove CDP, California",3501,-333333333,-666666666,-222222222,-666666666,-222222222,-666666666,-222222222,-666666666,-222222222,3501,-333333333,-666666666,-222222222,06,32212
"Hartland CDP, California",-666666666,-222222222,-666666666,-222222222,-666666666,-222222222,-666666666,-222222222,-666666666,-222222222,-666666666,-222222222,-666666666,-222222222,06,32324
"Hartley CDP, California",1225,294,-666666666,-222222222,-666666666,-222222222,-666666666,-222222222,-666666666,-222222222,-666666666,-222222222,-666666666,-222222222,06,32340
"Hasley Canyon CDP, California",-666666666,-222222222,-666666666,-222222222,-666666666,-222222222,-666666666,-222222222,-666666666,-222222222,-666666666,-222222222,-666666666,-222222222,06,32385
"Hat Creek CDP, California",-666666666,-222222222,-666666666,-222222222,-666666666,-222222222,-666666666,-222222222,-666666666,-222222222,-666666666,-222222222,-666666666,-222222222,06,32408
"Hathaway Pines CDP, California",-666666666,-222222222,-666666666,-222222222,-666666666,-222222222,-666666666,-222222222,-666666666,-222222222,-666666666,-222222222,-666666666,-222222222,06,32436
"Hawaiian Gardens city, California",1696,171,1492,245,1175,306,1747,117,2350,255,-666666666,-222222222,-666666666,-222222222,06,32506
"Hawthorne city, California",1782,26,1437,37,1666,30,1936,53,2520,167,2980,898,2083,1962,06,32548
"Hayfork CDP, California",840,414,-666666666,-222222222,-666666666,-222222222,-666666666,-222222222,-666666666,-222222222,-666666666,-222222222,-666666666,-222222222,06,32562
"Hayward city, California",2391,46,2120,124,2050,81,2455,69,2903,249,3501,-333333333,3501,-333333333,06,33000
"Healdsburg city, California",2158,271,-666666666,-222222222,1148,107,2296,134,2595,903,3237,95,-666666666,-222222222,06,33056
"Heber CDP, California",1086,91,-666666666,-222222222,-666666666,-222222222,820,174,1187,97,-666666666,-222222222,-666666666,-222222222,06,33084
"Hemet city, California",1575,71,1069,198,1185,75,1579,89,1843,131,2217,261,2592,327,06,33182
"Herald CDP, California",-666666666,-222222222,-666666666,-222222222,-666666666,-222222222,-666666666,-222222222,-666666666,-222222222,-666666666,-222222222,-666666666,-222222222,06,33294
"Hercules city, California",2991,414,-666666666,-222222222,1773,208,2517,601,3501,-333333333,3501,-333333333,-666666666,-222222222,06,33308
"Herlong CDP, California",1069,90,-666666666,-222222222,-666666666,-222222222,1018,93,1167,165,-666666666,-222222222,-666666666,-222222222,06,33336
"Hermosa Beach city, California",2887,196,2481,226,2470,199,3247,195,3501,-333333333,3501,-333333333,-666666666,-222222222,06,33364
"Hesperia city, California",1590,92,997,455,1095,80,1408,49,1838,79,2088,144,2387,314,06,33434
"Hickman CDP, California",1313,782,-666666666,-222222222,-666666666,-222222222,1529,1038,1219,566,-666666666,-222222222,-666666666,-222222222,06,33504
"Hidden Hills city, California",-666666666,-222222222,-666666666,-222222222,-666666666,-222222222,-666666666,-222222222,-666666666,-222222222,-666666666,-222222222,-666666666,-222222222,06,33518
"Hidden Meadows CDP, California",2736,451,-666666666,-222222222,-666666666,-222222222,-666666666,-222222222,-666666666,-222222222,-666666666,-222222222,-666666666,-222222222,06,33532
"Hidden Valley Lake CDP, California",2437,213,-666666666,-222222222,-666666666,-222222222,2218,227,2688,108,-666666666,-222222222,-666666666,-222222222,06,33549
"Highgrove CDP, California",1463,283,1027,401,1446,190,1742,249,-666666666,-222222222,-666666666,-222222222,-666666666,-222222222,06,33574
"Highland city, California",1629,93,1375,250,1243,138,1512,123,2038,248,2276,249,2888,1260,06,33588
"Highlands CDP, California",3501,-333333333,-666666666,-222222222,-666666666,-222222222,3501,-333333333,3501,-333333333,3501,-333333333,-666666666,-222222222,06,33632
"Hillcrest CDP, California",1259,109,-666666666,-222222222,974,592,1226,117,1336,188,-666666666,-222222222,-666666666,-222222222,06,33689
"Hillsborough town, California",3501,-333333333,-666666666,-222222222,-666666666,-222222222,-666666666,-222222222,-666666666,-222222222,3501,-333333333,-666666666,-222222222,06,33798
"Hilmar-Irwin CDP, California",1536,195,-666666666,-222222222,-666666666,-222222222,1492,383,1623,206,-666666666,-222222222,-666666666,-222222222,06,33861
"Hiouchi CDP, California",-666666666,-222222222,-666666666,-222222222,-666666666,-222222222,-666666666,-222222222,-666666666,-222222222,-666666666,-222222222,-666666666,-222222222,06,33935
"Hollister city, California",1914,92,-666666666,-222222222,1060,226,1801,73,2466,353,2723,382,2770,155,06,34120
"Holtville city, California",861,115,-666666666,-222222222,830,243,754,109,1278,152,1552,1237,-666666666,-222222222,06,34246
"Home Garden CDP, California",1166,78,-666666666,-222222222,-666666666,-222222222,1159,270,1158,78,-666666666,-222222222,-666666666,-222222222,06,34281
"Home Gardens CDP, California",2065,255,1725,1262,1225,177,1655,269,2407,550,2710,747,-666666666,-222222222,06,34302
"Homeland CDP, California",1635,271,-666666666,-222222222,-666666666,-222222222,1516,354,1491,701,1691,938,-666666666,-222222222,06,34316
"Homestead Valley CDP, California",1047,139,-666666666,-222222222,-666666666,-222222222,-666666666,-222222222,-666666666,-222222222,-666666666,-222222222,-666666666,-222222222,06,34392
"Homewood Canyon CDP, California",-666666666,-222222222,-666666666,-222222222,-666666666,-222222222,-666666666,-222222222,-666666666,-222222222,-666666666,-222222222,-666666666,-222222222,06,34405
"Honcut CDP, California",-666666666,-222222222,-666666666,-222222222,-666666666,-222222222,-666666666,-222222222,-666666666,-222222222,-666666666,-222222222,-666666666,-222222222,06,34428
"Hood CDP, California",-666666666,-222222222,-666666666,-222222222,-666666666,-222222222,-666666666,-222222222,-666666666,-222222222,-666666666,-222222222,-666666666,-222222222,06,34484
"Hoopa CDP, California",887,143,-666666666,-222222222,-666666666,-222222222,861,66,964,288,-666666666,-222222222,-666666666,-222222222,06,34540
"Hopland CDP, California",1696,445,-666666666,-222222222,-666666666,-222222222,1404,782,1900,235,-666666666,-222222222,-666666666,-222222222,06,34652
"Hornbrook CDP, California",693,383,-666666666,-222222222,-666666666,-222222222,681,13,-666666666,-222222222,-666666666,-222222222,-666666666,-222222222,06,34694
"Hornitos CDP, California",-666666666,-222222222,-666666666,-222222222,-666666666,-222222222,-666666666,-222222222,-666666666,-222222222,-666666666,-222222222,-666666666,-222222222,06,34708
"Hughson city, California",1748,295,3501,-333333333,1083,176,-666666666,-222222222,1704,335,2647,1181,-666666666,-222222222,06,34904
"Humboldt Hill CDP, California",1896,216,-666666666,-222222222,1587,1037,1418,83,2266,174,-666666666,-222222222,-666666666,-222222222,06,34928
"Huntington Beach city, California",2510,50,2189,93,2222,45,2543,53,3189,106,3501,-333333333,3501,-333333333,06,36000
"Huntington Park city, California",1505,47,1131,70,1360,37,1694,46,1935,116,2687,199,-666666666,-222222222,06,36056
"Huron city, California",1054,236,-666666666,-222222222,829,254,1041,364,1260,459,1344,244,-666666666,-222222222,06,36084
"Hyampom CDP, California",-666666666,-222222222,-666666666,-222222222,-666666666,-222222222,-666666666,-222222222,-666666666,-222222222,-666666666,-222222222,-666666666,-222222222,06,36098
"Hydesville CDP, California",860,299,-666666666,-222222222,-666666666,-222222222,-666666666,-222222222,-666666666,-222222222,-666666666,-222222222,-666666666,-222222222,06,36126
"Hypericum CDP, California",-666666666,-222222222,-666666666,-222222222,-666666666,-222222222,-666666666,-222222222,-666666666,-222222222,-666666666,-222222222,-666666666,-222222222,06,36135
"Idlewild CDP, California",-666666666,-222222222,-666666666,-222222222,-666666666,-222222222,-666666666,-222222222,-666666666,-222222222,-666666666,-222222222,-666666666,-222222222,06,36168
"Idyllwild-Pine Cove CDP, California",1554,411,-666666666,-222222222,1056,242,1723,296,1713,1045,-666666666,-222222222,-666666666,-222222222,06,36203
"Igo CDP, California",-666666666,-222222222,-666666666,-222222222,-666666666,-222222222,-666666666,-222222222,-666666666,-222222222,-666666666,-222222222,-666666666,-222222222,06,36252
"Imperial city, California",1255,316,1484,1168,-666666666,-222222222,1111,69,1750,140,1746,387,-666666666,-222222222,06,36280
"Imperial Beach city, California",2011,85,1705,103,1746,75,2058,94,2533,345,3371,379,-666666666,-222222222,06,36294
"Independence CDP, California",1203,286,-666666666,-222222222,-666666666,-222222222,1018,199,1688,428,-666666666,-222222222,-666666666,-222222222,06,36350
"Indian Falls CDP, California",-666666666,-222222222,-666666666,-222222222,-666666666,-222222222,-666666666,-222222222,-666666666,-222222222,-666666666,-222222222,-666666666,-222222222,06,36364
"Indianola CDP, California",1920,1135,-666666666,-222222222,-666666666,-222222222,-666666666,-222222222,-666666666,-222222222,-666666666,-222222222,-666666666,-222222222,06,36420
"Indian Wells city, California",1088,118,-666666666,-222222222,955,53,1166,110,3501,-333333333,-666666666,-222222222,-666666666,-222222222,06,36434
"Indio city, California",1437,53,974,79,1305,95,1448,79,1647,210,2189,245,2326,654,06,36448
"Indio Hills CDP, California",1563,597,-666666666,-222222222,-666666666,-222222222,-666666666,-222222222,-666666666,-222222222,-666666666,-222222222,-666666666,-222222222,06,36452
"Industry city, California",1375,634,-666666666,-222222222,-666666666,-222222222,1667,475,1679,240,-666666666,-222222222,-666666666,-222222222,06,36490
"Inglewood city, California",1787,36,1432,81,1570,51,1986,74,2177,99,1902,530,-666666666,-222222222,06,36546
"Interlaken CDP, California",1941,473,-666666666,-222222222,-666666666,-222222222,1267,572,2500,605,-666666666,-222222222,-666666666,-222222222,06,36613
"Inverness CDP, California",1829,879,2000,1320,-666666666,-222222222,-666666666,-222222222,-666666666,-222222222,-666666666,-222222222,-666666666,-222222222,06,36616
"Inyokern CDP, California",800,373,-666666666,-222222222,-666666666,-222222222,-666666666,-222222222,-666666666,-222222222,-666666666,-222222222,-666666666,-222222222,06,36658
"Ione city, California",-666666666,-222222222,-666666666,-222222222,335,41,1179,686,1956,350,-666666666,-222222222,-666666666,-222222222,06,36672
"Iron Horse CDP, California",-666666666,-222222222,-666666666,-222222222,-666666666,-222222222,-666666666,-222222222,-666666666,-222222222,-666666666,-222222222,-666666666,-222222222,06,36735
"Irvine city, California",2997,51,2555,82,2595,50,3154,44,3501,-333333333,3501,-333333333,3501,-333333333,06,36770
"Irwindale city, California",1931,475,-666666666,-222222222,850,527,1771,240,2141,300,-666666666,-222222222,-666666666,-222222222,06,36826
"Isla Vista CDP, California",1878,95,1535,174,1843,107,2547,704,1904,490,3501,-333333333,3501,-333333333,06,36868
"Isleton city, California",1168,322,-666666666,-222222222,-666666666,-222222222,1191,455,-666666666,-222222222,-666666666,-222222222,-666666666,-222222222,06,36882
"Ivanhoe CDP, California",870,228,-666666666,-222222222,-666666666,-222222222,1112,672,789,170,-666666666,-222222222,-666666666,-222222222,06,36910
"Jackson city, California",1429,151,-666666666,-222222222,-666666666,-222222222,1497,202,1796,73,-666666666,-222222222,-666666666,-222222222,06,36980
"Jacumba CDP, California",-666666666,-222222222,-666666666,-222222222,-666666666,-222222222,-666666666,-222222222,-666666666,-222222222,-666666666,-222222222,-666666666,-222222222,06,37022
"Jamestown CDP, California",944,242,-666666666,-222222222,1014,226,879,520,-666666666,-222222222,-666666666,-222222222,-666666666,-222222222,06,37106
"Jamul CDP, California",3501,-333333333,-666666666,-222222222,-666666666,-222222222,-666666666,-222222222,-666666666,-222222222,-666666666,-222222222,-666666666,-222222222,06,37120
"Janesville CDP, California",1374,99,-666666666,-222222222,-666666666,-222222222,1317,143,-666666666,-222222222,-666666666,-222222222,-666666666,-222222222,06,37134
"Jenner CDP, California",-666666666,-222222222,-666666666,-222222222,-666666666,-222222222,-666666666,-222222222,-666666666,-222222222,-666666666,-222222222,-666666666,-222222222,06,37274
"Johannesburg CDP, California",-666666666,-222222222,-666666666,-222222222,-666666666,-222222222,-666666666,-222222222,-666666666,-222222222,-666666666,-222222222,-666666666,-222222222,06,37400
"Johnson Park CDP, California",1086,402,-666666666,-222222222,-666666666,-222222222,1114,31,-666666666,-222222222,-666666666,-222222222,-666666666,-222222222,06,37442
"Johnstonville CDP, California",968,161,-666666666,-222222222,-666666666,-222222222,956,20,1600,295,-666666666,-222222222,-666666666,-222222222,06,37484
"Johnsville CDP, California",-666666666,-222222222,-666666666,-222222222,-666666666,-222222222,-666666666,-222222222,-666666666,-222222222,-666666666,-222222222,-666666666,-222222222,06,37512
"Jones Valley CDP, California",-666666666,-222222222,-666666666,-222222222,-666666666,-222222222,-666666666,-222222222,-666666666,-222222222,-666666666,-222222222,-666666666,-222222222,06,37533
"Joshua Tree CDP, California",1246,505,777,64,918,205,1628,627,1674,118,-666666666,-222222222,-666666666,-222222222,06,37554
"Jovista CDP, California",-666666666,-222222222,-666666666,-222222222,-666666666,-222222222,-666666666,-222222222,-666666666,-222222222,-666666666,-222222222,-666666666,-222222222,06,37568
"Julian CDP, California",1860,809,-666666666,-222222222,-666666666,-222222222,-666666666,-222222222,1860,809,-666666666,-222222222,-666666666,-222222222,06,37582
"Junction City CDP, California",-666666666,-222222222,-666666666,-222222222,-666666666,-222222222,-666666666,-222222222,-666666666,-222222222,-666666666,-222222222,-666666666,-222222222,06,37596
"June Lake CDP, California",-666666666,-222222222,-666666666,-222222222,-666666666,-222222222,-666666666,-222222222,-666666666,-222222222,-666666666,-222222222,-666666666,-222222222,06,37624
"Jurupa Valley city, California",1741,58,1212,126,1316,117,1677,60,1933,114,2648,204,3501,-333333333,06,37692
"Keddie CDP, California",-666666666,-222222222,-666666666,-222222222,-666666666,-222222222,-666666666,-222222222,-666666666,-222222222,-666666666,-222222222,-666666666,-222222222,06,37904
"Keeler CDP, California",-666666666,-222222222,-666666666,-222222222,-666666666,-222222222,-666666666,-222222222,-666666666,-222222222,-666666666,-222222222,-666666666,-222222222,06,37918
"Keene CDP, California",-666666666,-222222222,-666666666,-222222222,-666666666,-222222222,-666666666,-222222222,-666666666,-222222222,-666666666,-222222222,-666666666,-222222222,06,37946
"Kelly Ridge CDP, California",2505,912,-666666666,-222222222,-666666666,-222222222,1477,1330,-666666666,-222222222,-666666666,-222222222,-666666666,-222222222,06,38024
"Kelseyville CDP, California",1132,143,-666666666,-222222222,-666666666,-222222222,-666666666,-222222222,1127,90,-666666666,-222222222,-666666666,-222222222,06,38044
"Kennedy CDP, California",1697,111,-666666666,-222222222,-666666666,-222222222,1304,999,1765,134,1844,507,-666666666,-222222222,06,38065
"Kennedy Meadows CDP, California",-666666666,-222222222,-666666666,-222222222,-666666666,-222222222,-666666666,-222222222,-666666666,-222222222,-666666666,-222222222,-666666666,-222222222,06,38076
"Kensington CDP, California",3501,-333333333,-666666666,-222222222,3501,-333333333,-666666666,-222222222,3501,-333333333,3501,-333333333,-666666666,-222222222,06,38086
"Kentfield CDP, California",2741,374,2133,896,2164,673,2669,157,3501,-333333333,-666666666,-222222222,-666666666,-222222222,06,38114
"Kenwood CDP, California",-666666666,-222222222,-666666666,-222222222,-666666666,-222222222,-666666666,-222222222,-666666666,-222222222,-666666666,-222222222,-666666666,-222222222,06,38156
"Kep'el CDP, California",-666666666,-222222222,-666666666,-222222222,-666666666,-222222222,-666666666,-222222222,-666666666,-222222222,-666666666,-222222222,-666666666,-222222222,06,38177
"Kerman city, California",1223,177,897,371,909,384,1171,317,1415,262,1804,130,-666666666,-222222222,06,38226
"Kernville CDP, California",-666666666,-222222222,-666666666,-222222222,-666666666,-222222222,-666666666,-222222222,-666666666,-222222222,-666666666,-222222222,-666666666,-222222222,06,38310
"Keswick CDP, California",-666666666,-222222222,-666666666,-222222222,-666666666,-222222222,-666666666,-222222222,-666666666,-222222222,-666666666,-222222222,-666666666,-222222222,06,38352
"Kettleman City CDP, California",1055,260,-666666666,-222222222,-666666666,-222222222,773,323,1099,80,-666666666,-222222222,-666666666,-222222222,06,38394
"Keyes CDP, California",1546,280,-666666666,-222222222,-666666666,-222222222,-666666666,-222222222,1600,379,1633,469,-666666666,-222222222,06,38422
"King City city, California",1534,170,1369,200,1083,130,1523,164,2013,570,2109,344,-666666666,-222222222,06,38520
"Kings Beach CDP, California",1271,164,1225,239,-666666666,-222222222,-666666666,-222222222,1297,972,-666666666,-222222222,-666666666,-222222222,06,38548
"Kingsburg city, California",1277,178,-666666666,-222222222,1101,924,1148,150,1945,332,1391,340,-666666666,-222222222,06,38562
"Kingvale CDP, California",-666666666,-222222222,-666666666,-222222222,-666666666,-222222222,-666666666,-222222222,-666666666,-222222222,-666666666,-222222222,-666666666,-222222222,06,38604
"Kirkwood CDP, California",-666666666,-222222222,-666666666,-222222222,-666666666,-222222222,-666666666,-222222222,-666666666,-222222222,-666666666,-222222222,-666666666,-222222222,06,38646
"Klamath CDP, California",1250,448,-666666666,-222222222,917,327,983,542,1533,963,1615,416,-666666666,-222222222,06,38702
"Knightsen CDP, California",-666666666,-222222222,-666666666,-222222222,-666666666,-222222222,-666666666,-222222222,-666666666,-222222222,-666666666,-222222222,-666666666,-222222222,06,38772
"Knights Ferry CDP, California",-666666666,-222222222,-666666666,-222222222,-666666666,-222222222,-666666666,-222222222,-666666666,-222222222,-666666666,-222222222,-666666666,-222222222,06,38786
"Knights Landing CDP, California",-666666666,-222222222,-666666666,-222222222,-666666666,-222222222,-666666666,-222222222,-666666666,-222222222,-666666666,-222222222,-666666666,-222222222,06,38800
"La Cañada Flintridge city, California",2873,680,-666666666,-222222222,2320,177,2407,305,3501,-333333333,3501,-333333333,3501,-333333333,06,39003
"La Crescenta-Montrose CDP, California",2281,278,1517,286,1718,261,2744,169,2868,486,3501,-333333333,-666666666,-222222222,06,39045
"La Cresta CDP, California",1177,61,594,460,1010,124,1247,88,1375,183,1206,550,-666666666,-222222222,06,39052
"Ladera CDP, California",-666666666,-222222222,-666666666,-222222222,-666666666,-222222222,-666666666,-222222222,-666666666,-222222222,-666666666,-222222222,-666666666,-222222222,06,39094
"Ladera Heights CDP, California",2875,717,-666666666,-222222222,2875,1068,2917,1526,2343,1281,-666666666,-222222222,-666666666,-222222222,06,39108
"Ladera Ranch CDP, California",3350,202,-666666666,-222222222,2263,47,3146,134,3501,-333333333,3501,-333333333,-666666666,-222222222,06,39114
"Lafayette city, California",2892,302,2206,152,2086,380,3151,458,3501,-333333333,3501,-333333333,-666666666,-222222222,06,39122
"La Grange CDP, California",775,311,-666666666,-222222222,-666666666,-222222222,-666666666,-222222222,-666666666,-222222222,-666666666,-222222222,-666666666,-222222222,06,39164
"Laguna Beach city, California",2986,201,2635,546,2403,174,3377,239,3501,-333333333,3285,643,-666666666,-222222222,06,39178
"Laguna Hills city, California",2728,98,2362,215,2457,179,2774,119,3178,245,3501,-333333333,-666666666,-222222222,06,39220
"Laguna Niguel city, California",2903,83,2597,194,2443,109,2823,80,3501,-333333333,3501,-333333333,3501,-333333333,06,39248
"Laguna Woods city, California",2328,70,-666666666,-222222222,2191,221,2341,85,2813,958,-666666666,-222222222,-666666666,-222222222,06,39259
"Lagunitas-Forest Knolls CDP, California",2387,1961,-666666666,-222222222,-666666666,-222222222,-666666666,-222222222,-666666666,-222222222,-666666666,-222222222,-666666666,-222222222,06,39283
"La Habra city, California",2129,50,1789,229,1981,123,2124,57,2410,110,3206,1025,3501,-333333333,06,39290
"La Habra Heights city, California",1206,603,-666666666,-222222222,-666666666,-222222222,1630,221,-666666666,-222222222,-666666666,-222222222,-666666666,-222222222,06,39304
"La Honda CDP, California",1196,714,-666666666,-222222222,-666666666,-222222222,-666666666,-222222222,-666666666,-222222222,-666666666,-222222222,-666666666,-222222222,06,39318
"Lake Almanor Country Club CDP, California",-666666666,-222222222,-666666666,-222222222,-666666666,-222222222,-666666666,-222222222,-666666666,-222222222,-666666666,-222222222,-666666666,-222222222,06,39411
"Lake Almanor Peninsula CDP, California",-666666666,-222222222,-666666666,-222222222,-666666666,-222222222,-666666666,-222222222,-666666666,-222222222,-666666666,-222222222,-666666666,-222222222,06,39420
"Lake Almanor West CDP, California",-666666666,-222222222,-666666666,-222222222,-666666666,-222222222,-666666666,-222222222,-666666666,-222222222,-666666666,-222222222,-666666666,-222222222,06,39425
"Lake Arrowhead CDP, California",1875,371,-666666666,-222222222,1587,595,1789,633,1970,430,-666666666,-222222222,-666666666,-222222222,06,39444
"Lake California CDP, California",1606,263,-666666666,-222222222,-666666666,-222222222,1536,300,1755,366,-666666666,-222222222,-666666666,-222222222,06,39460
"Lake City CDP, California",-666666666,-222222222,-666666666,-222222222,-666666666,-222222222,-666666666,-222222222,-666666666,-222222222,-666666666,-222222222,-666666666,-222222222,06,39472
"Lake Davis CDP, California",-666666666,-222222222,-666666666,-222222222,-666666666,-222222222,-666666666,-222222222,-666666666,-222222222,-666666666,-222222222,-666666666,-222222222,06,39483
"Lake Don Pedro CDP, California",1750,803,-666666666,-222222222,-666666666,-222222222,-666666666,-222222222,2156,255,-666666666,-222222222,-666666666,-222222222,06,39484
"Lake Elsinore city, California",2078,119,921,314,1411,226,1917,206,2177,148,3159,144,3393,230,06,39486
"Lake Forest city, California",2672,114,2311,136,2247,62,2747,78,3501,-333333333,3501,-333333333,3501,-333333333,06,39496
"Lakehead CDP, California",1875,1781,-666666666,-222222222,-666666666,-222222222,-666666666,-222222222,-666666666,-222222222,-666666666,-222222222,-666666666,-222222222,06,39514
"Lake Hughes CDP, California",2042,1209,-666666666,-222222222,-666666666,-222222222,-666666666,-222222222,-666666666,-222222222,-666666666,-222222222,-666666666,-222222222,06,39556
"Lake Isabella CDP, California",1163,121,-666666666,-222222222,648,311,1133,67,1655,397,-666666666,-222222222,-666666666,-222222222,06,39570
"Lakeland Village CDP, California",1858,135,-666666666,-222222222,1678,139,1795,89,1891,352,2554,600,-666666666,-222222222,06,39598
"Lake Los Angeles CDP, California",1530,265,-666666666,-222222222,-666666666,-222222222,-666666666,-222222222,1675,147,1412,102,-666666666,-222222222,06,39612
"Lake Mathews CDP, California",1866,1055,-666666666,-222222222,-666666666,-222222222,-666666666,-222222222,2098,308,-666666666,-222222222,-666666666,-222222222,06,39645
"Lake Nacimiento CDP, California",1793,515,-666666666,-222222222,-666666666,-222222222,1433,1014,1879,995,-666666666,-222222222,-666666666,-222222222,06,39670
"Lake of the Pines CDP, California",2399,419,-666666666,-222222222,-666666666,-222222222,-666666666,-222222222,2588,544,-666666666,-222222222,-666666666,-222222222,06,39690
"Lake of the Woods CDP, California",1683,236,-666666666,-222222222,-666666666,-222222222,1574,508,-666666666,-222222222,-666666666,-222222222,-666666666,-222222222,06,39696
"Lakeport city, California",1063,267,-666666666,-222222222,400,99,1389,367,1221,587,-666666666,-222222222,-666666666,-222222222,06,39710
"Lake Riverside CDP, California",-666666666,-222222222,-666666666,-222222222,-666666666,-222222222,-666666666,-222222222,-666666666,-222222222,-666666666,-222222222,-666666666,-222222222,06,39715
"Lake San Marcos CDP, California",2585,214,-666666666,-222222222,2944,2461,2503,245,2609,530,-666666666,-222222222,-666666666,-222222222,06,39724
"Lake Shastina CDP, California",1238,675,-666666666,-222222222,-666666666,-222222222,1137,40,1863,725,-666666666,-222222222,-666666666,-222222222,06,39728
"Lake Sherwood CDP, California",3214,2095,-666666666,-222222222,-666666666,-222222222,-666666666,-222222222,-666666666,-222222222,-666666666,-222222222,-666666666,-222222222,06,39735
"Lakeside CDP (Kern County), California",1303,220,-666666666,-222222222,-666666666,-222222222,-666666666,-222222222,1295,216,-666666666,-222222222,-666666666,-222222222,06,39759
"Lakeside CDP (San Diego County), California",2016,170,1776,625,1330,338,1983,149,2279,276,3501,-333333333,3230,112,06,39766
"Lakeview CDP, California",-666666666,-222222222,-666666666,-222222222,-666666666,-222222222,-666666666,-222222222,-666666666,-222222222,-666666666,-222222222,-666666666,-222222222,06,39836
"Lake Wildwood CDP, California",2507,364,-666666666,-222222222,-666666666,-222222222,-666666666,-222222222,2456,462,-666666666,-222222222,-666666666,-222222222,06,39885
"Lakewood city, California",2347,99,1528,209,1594,202,2298,106,2748,80,3142,278,2250,851,06,39892
"La Mesa city, California",2049,64,1646,183,1788,84,2217,65,2773,155,3106,994,-666666666,-222222222,06,40004
"La Mirada city, California",2217,225,1347,459,1537,235,2068,235,3121,240,3046,362,2574,1310,06,40032
"Lamont CDP, California",991,145,-666666666,-222222222,819,33,936,67,1289,173,1630,180,-666666666,-222222222,06,40088
"Lanare CDP, California",-666666666,-222222222,-666666666,-222222222,-666666666,-222222222,-666666666,-222222222,-666666666,-222222222,-666666666,-222222222,-666666666,-222222222,06,40116
"Lancaster city, California",1764,45,990,320,1349,104,1678,65,1903,75,2268,96,2868,634,06,40130
"La Palma city, California",2262,113,-666666666,-222222222,2043,411,2169,140,2757,162,3463,661,3501,-333333333,06,40256
"La Porte CDP, California",-666666666,-222222222,-666666666,-222222222,-666666666,-222222222,-666666666,-222222222,-666666666,-222222222,-666666666,-222222222,-666666666,-222222222,06,40312
"La Presa CDP, California",1852,47,1826,603,1680,91,1836,57,2091,377,2388,579,-666666666,-222222222,06,40326
"La Puente city, California",1849,77,1109,780,1424,79,1864,109,2221,145,2432,276,-666666666,-222222222,06,40340
"La Quinta city, California",1785,141,1071,284,1133,883,1414,495,2236,123,2715,241,-666666666,-222222222,06,40354
"La Riviera CDP, California",1849,60,1457,505,1756,49,1825,85,2063,147,2250,594,-666666666,-222222222,06,40410
"Larkfield-Wikiup CDP, California",2104,331,-666666666,-222222222,1742,100,2106,276,3087,225,-666666666,-222222222,-666666666,-222222222,06,40426
"Larkspur city, California",3001,204,2225,372,2452,235,2984,193,3501,-333333333,3501,-333333333,-666666666,-222222222,06,40438
"La Selva Beach CDP, California",3379,763,-666666666,-222222222,1821,600,2917,485,3501,-333333333,-666666666,-222222222,-666666666,-222222222,06,40508
"Las Flores CDP (Orange County), California",2938,379,-666666666,-222222222,2530,319,2901,188,-666666666,-222222222,-666666666,-222222222,-666666666,-222222222,06,40526
"Las Flores CDP (Tehama County), California",-666666666,-222222222,-666666666,-222222222,-666666666,-222222222,-666666666,-222222222,-666666666,-222222222,-666666666,-222222222,-666666666,-222222222,06,40536
"Las Lomas CDP, California",1969,1149,-666666666,-222222222,-666666666,-222222222,1796,142,2792,2712,-666666666,-222222222,-666666666,-222222222,06,40592
"Lathrop city, California",2570,236,-666666666,-222222222,-666666666,-222222222,1678,560,2403,251,2654,349,3135,319,06,40704
"Laton CDP, California",1091,518,-666666666,-222222222,-666666666,-222222222,-666666666,-222222222,-666666666,-222222222,-666666666,-222222222,-666666666,-222222222,06,40746
"La Verne city, California",2315,105,1458,401,1972,286,2219,119,2930,232,3501,-333333333,-666666666,-222222222,06,40830
"La Vina CDP, California",-666666666,-222222222,-666666666,-222222222,-666666666,-222222222,-666666666,-222222222,-666666666,-222222222,-666666666,-222222222,-666666666,-222222222,06,40872
"Lawndale city, California",1938,76,1148,229,1630,174,2006,93,2363,229,2776,256,-666666666,-222222222,06,40886
"Laytonville CDP, California",928,407,-666666666,-222222222,-666666666,-222222222,-666666666,-222222222,964,101,429,230,-666666666,-222222222,06,40928
"Lebec CDP, California",-666666666,-222222222,-666666666,-222222222,-666666666,-222222222,-666666666,-222222222,-666666666,-222222222,-666666666,-222222222,-666666666,-222222222,06,40956
"Lee Vining CDP, California",-666666666,-222222222,-666666666,-222222222,-666666666,-222222222,-666666666,-222222222,-666666666,-222222222,-666666666,-222222222,-666666666,-222222222,06,40998
"Leggett CDP, California",-666666666,-222222222,-666666666,-222222222,-666666666,-222222222,-666666666,-222222222,-666666666,-222222222,-666666666,-222222222,-666666666,-222222222,06,41026
"Le Grand CDP, California",866,110,-666666666,-222222222,-666666666,-222222222,891,436,848,56,-666666666,-222222222,-666666666,-222222222,06,41040
"Lemon Cove CDP, California",-666666666,-222222222,-666666666,-222222222,-666666666,-222222222,-666666666,-222222222,-666666666,-222222222,-666666666,-222222222,-666666666,-222222222,06,41110
"Lemon Grove city, California",1893,112,1214,117,1379,128,1931,105,2734,109,3501,-333333333,-666666666,-222222222,06,41124
"Lemon Hill CDP, California",1421,85,-666666666,-222222222,1148,104,1412,62,1787,256,1700,114,-666666666,-222222222,06,41142
"Lemoore city, California",1555,138,1079,525,1306,513,1420,143,1839,135,2183,178,-666666666,-222222222,06,41152
"Lemoore Station CDP, California",1881,86,-666666666,-222222222,-666666666,-222222222,1568,206,1974,134,1997,302,-666666666,-222222222,06,41166
"Lennox CDP, California",1517,86,1153,87,1404,58,1682,63,1932,261,-666666666,-222222222,-666666666,-222222222,06,41180
"Lenwood CDP, California",1176,256,-666666666,-222222222,-666666666,-222222222,1172,402,1205,408,-666666666,-222222222,-666666666,-222222222,06,41194
"Leona Valley CDP, California",-666666666,-222222222,-666666666,-222222222,-666666666,-222222222,-666666666,-222222222,-666666666,-222222222,-666666666,-222222222,-666666666,-222222222,06,41208
"Lewiston CDP, California",1113,148,-666666666,-222222222,-666666666,-222222222,1833,1151,-666666666,-222222222,-666666666,-222222222,-666666666,-222222222,06,41278
"Lexington Hills CDP, California",2482,312,-666666666,-222222222,2625,247,-666666666,-222222222,-666666666,-222222222,-666666666,-222222222,-666666666,-222222222,06,41282
"Likely CDP, California",-666666666,-222222222,-666666666,-222222222,-666666666,-222222222,-666666666,-222222222,-666666666,-222222222,-666666666,-222222222,-666666666,-222222222,06,41390
"Lincoln city, California",2090,208,-666666666,-222222222,1289,573,1848,178,2184,232,3111,394,2861,837,06,41474
"Lincoln Village CDP, California",2127,503,-666666666,-222222222,-666666666,-222222222,1438,146,-666666666,-222222222,-666666666,-222222222,-666666666,-222222222,06,41558
"Linda CDP, California",1211,127,847,176,649,348,1030,114,1495,268,2099,813,1859,739,06,41572
"Lindcove CDP, California",1602,505,-666666666,-222222222,-666666666,-222222222,-666666666,-222222222,1648,659,-666666666,-222222222,-666666666,-222222222,06,41656
"Linden CDP, California",1794,851,-666666666,-222222222,-666666666,-222222222,-666666666,-222222222,1898,1246,-666666666,-222222222,-666666666,-222222222,06,41670
"Lindsay city, California",1009,97,1016,536,686,166,1003,137,1158,91,1013,167,-666666666,-222222222,06,41712
"Linnell Camp CDP, California",605,42,-666666666,-222222222,-666666666,-222222222,-666666666,-222222222,613,37,-666666666,-222222222,-666666666,-222222222,06,41740
"Litchfield CDP, California",-666666666,-222222222,-666666666,-222222222,-666666666,-222222222,-666666666,-222222222,-666666666,-222222222,-666666666,-222222222,-666666666,-222222222,06,41782
"Little Grass Valley CDP, California",-666666666,-222222222,-666666666,-222222222,-666666666,-222222222,-666666666,-222222222,-666666666,-222222222,-666666666,-222222222,-666666666,-222222222,06,41789
"Little River CDP, California",-666666666,-222222222,-666666666,-222222222,-666666666,-222222222,-666666666,-222222222,-666666666,-222222222,-666666666,-222222222,-666666666,-222222222,06,41866
"Littlerock CDP, California",1782,290,-666666666,-222222222,-666666666,-222222222,-666666666,-222222222,-666666666,-222222222,-666666666,-222222222,-666666666,-222222222,06,41880
"Little Valley CDP, California",-666666666,-222222222,-666666666,-222222222,-666666666,-222222222,-666666666,-222222222,-666666666,-222222222,-666666666,-222222222,-666666666,-222222222,06,41908
"Live Oak CDP, California",2421,175,1771,123,1893,542,2445,277,3233,260,3501,-333333333,-666666666,-222222222,06,41922
"Live Oak city, California",1014,393,-666666666,-222222222,676,253,1139,483,1766,288,-666666666,-222222222,-666666666,-222222222,06,41936
"Livermore city, California",2677,94,-666666666,-222222222,2098,160,2672,157,3273,132,3501,-333333333,3501,-333333333,06,41992
"Livingston city, California",1315,175,1067,195,723,685,930,540,1597,189,1876,167,-666666666,-222222222,06,42006
"Lockeford CDP, California",1304,133,-666666666,-222222222,-666666666,-222222222,1156,457,1416,420,-666666666,-222222222,-666666666,-222222222,06,42104
"Lockwood CDP (Amador County), California",-666666666,-222222222,-666666666,-222222222,-666666666,-222222222,-666666666,-222222222,-666666666,-222222222,-666666666,-222222222,-666666666,-222222222,06,42142
"Lockwood CDP (Monterey County), California",-666666666,-222222222,-666666666,-222222222,-666666666,-222222222,-666666666,-222222222,-666666666,-222222222,-666666666,-222222222,-666666666,-222222222,06,42146
"Lodi city, California",1680,66,1131,187,1216,68,1662,92,2030,114,2159,248,-666666666,-222222222,06,42202
"Lodoga CDP, California",-666666666,-222222222,-666666666,-222222222,-666666666,-222222222,-666666666,-222222222,-666666666,-222222222,-666666666,-222222222,-666666666,-222222222,06,42230
"Loleta CDP, California",999,187,673,6,985,156,1265,241,-666666666,-222222222,-666666666,-222222222,-666666666,-222222222,06,42328
"Loma Linda city, California",1855,95,1306,854,1695,154,1829,115,2225,166,2495,697,2316,780,06,42370
"Loma Mar CDP, California",-666666666,-222222222,-666666666,-222222222,-666666666,-222222222,-666666666,-222222222,-666666666,-222222222,-666666666,-222222222,-666666666,-222222222,06,42384
"Loma Rica CDP, California",1724,228,-666666666,-222222222,-666666666,-222222222,-666666666,-222222222,1463,314,-666666666,-222222222,-666666666,-222222222,06,42412
"Lomita city, California",1961,114,1696,295,1514,191,2073,114,2116,474,3501,-333333333,-666666666,-222222222,06,42468
"Lompico CDP, California",-666666666,-222222222,-666666666,-222222222,-666666666,-222222222,-666666666,-222222222,-666666666,-222222222,-666666666,-222222222,-666666666,-222222222,06,42510
"Lompoc city, California",1589,63,1361,180,1262,154,1513,89,2141,113,2335,570,3501,-333333333,06,42524
"London CDP, California",1019,98,-666666666,-222222222,-666666666,-222222222,1014,205,1095,126,-666666666,-222222222,-666666666,-222222222,06,42566
"Lone Pine CDP, California",797,59,765,268,-666666666,-222222222,847,44,1690,303,-666666666,-222222222,-666666666,-222222222,06,42580
"Long Barn CDP, California",-666666666,-222222222,-666666666,-222222222,-666666666,-222222222,-666666666,-222222222,-666666666,-222222222,-666666666,-222222222,-666666666,-222222222,06,42622
"Long Beach city, California",1871,20,1541,57,1696,26,2056,35,2467,82,2887,365,2342,740,06,43000
"Lookout CDP, California",-666666666,-222222222,-666666666,-222222222,-666666666,-222222222,-666666666,-222222222,-666666666,-222222222,-666666666,-222222222,-666666666,-222222222,06,43126
"Loomis town, California",1702,240,-666666666,-222222222,-666666666,-222222222,1726,85,2042,707,-666666666,-222222222,-666666666,-222222222,06,43140
"Los Alamitos city, California",2365,80,-666666666,-222222222,1744,70,2393,78,2692,169,3501,-333333333,-666666666,-222222222,06,43224
"Los Alamos CDP, California",2882,1104,-666666666,-222222222,-666666666,-222222222,-666666666,-222222222,-666666666,-222222222,-666666666,-222222222,-666666666,-222222222,06,43252
"Los Altos city, California",3501,-333333333,3501,-333333333,3286,260,3501,-333333333,3501,-333333333,3501,-333333333,3501,-333333333,06,43280
"Los Altos Hills town, California",3501,-333333333,-666666666,-222222222,-666666666,-222222222,-666666666,-222222222,3501,-333333333,-666666666,-222222222,3501,-333333333,06,43294
"Los Angeles city, California",1933,9,1523,20,1744,11,2206,17,2557,46,2851,122,2616,219,06,44000
"Los Banos city, California",1557,96,880,495,1286,603,1288,135,1693,102,2218,323,2376,669,06,44028
"Los Berros CDP, California",-666666666,-222222222,-666666666,-222222222,-666666666,-222222222,-666666666,-222222222,-666666666,-222222222,-666666666,-222222222,-666666666,-222222222,06,44042
"Los Gatos town, California",3247,211,2614,984,2590,244,3089,211,3501,-333333333,3501,-333333333,3501,-333333333,06,44112
"Los Molinos CDP, California",1113,333,-666666666,-222222222,662,304,1175,236,-666666666,-222222222,-666666666,-222222222,-666666666,-222222222,06,44140
"Los Olivos CDP, California",2194,1960,-666666666,-222222222,-666666666,-222222222,-666666666,-222222222,3501,-333333333,-666666666,-222222222,-666666666,-222222222,06,44168
"Los Osos CDP, California",2047,198,-666666666,-222222222,1399,320,2122,158,2639,413,-666666666,-222222222,-666666666,-222222222,06,44182
"Los Ranchos CDP, California",-666666666,-222222222,-666666666,-222222222,-666666666,-222222222,-666666666,-222222222,-666666666,-222222222,-666666666,-222222222,-666666666,-222222222,06,44242
"Lost Hills CDP, California",841,84,-666666666,-222222222,-666666666,-222222222,827,161,852,65,-666666666,-222222222,-666666666,-222222222,06,44280
"Lower Lake CDP, California",1038,386,-666666666,-222222222,-666666666,-222222222,-666666666,-222222222,1568,1120,-666666666,-222222222,-666666666,-222222222,06,44350
"Loyalton city, California",-666666666,-222222222,-666666666,-222222222,-666666666,-222222222,-666666666,-222222222,-666666666,-222222222,-666666666,-222222222,-666666666,-222222222,06,44364
"Loyola CDP, California",3501,-333333333,-666666666,-222222222,-666666666,-222222222,-666666666,-222222222,3501,-333333333,3501,-333333333,-666666666,-222222222,06,44378
"Lucas Valley-Marinwood CDP, California",3501,-333333333,-666666666,-222222222,690,307,-666666666,-222222222,3501,-333333333,3501,-333333333,-666666666,-222222222,06,44399
"Lucerne CDP, California",1408,62,-666666666,-222222222,995,322,1416,44,1805,546,-666666666,-222222222,-666666666,-222222222,06,44406
"Lucerne Valley CDP, California",1181,134,-666666666,-222222222,-666666666,-222222222,1201,660,1161,189,-666666666,-222222222,-666666666,-222222222,06,44420
"Lynwood city, California",1652,47,1332,425,1397,51,1710,47,1913,114,3501,-333333333,2333,242,06,44574
"Lytle Creek CDP, California",-666666666,-222222222,-666666666,-222222222,-666666666,-222222222,-666666666,-222222222,-666666666,-222222222,-666666666,-222222222,-666666666,-222222222,06,44644
"Mabie CDP, California",-666666666,-222222222,-666666666,-222222222,-666666666,-222222222,-666666666,-222222222,-666666666,-222222222,-666666666,-222222222,-666666666,-222222222,06,44672
"McArthur CDP, California",-666666666,-222222222,-666666666,-222222222,-666666666,-222222222,-666666666,-222222222,-666666666,-222222222,-666666666,-222222222,-666666666,-222222222,06,44700
"McClellan Park CDP, California",1888,744,-666666666,-222222222,1121,106,-666666666,-222222222,1951,320,-666666666,-222222222,-666666666,-222222222,06,44760
"McClenney Tract CDP, California",-666666666,-222222222,-666666666,-222222222,-666666666,-222222222,-666666666,-222222222,-666666666,-222222222,-666666666,-222222222,-666666666,-222222222,06,44770
"McCloud CDP, California",989,532,-666666666,-222222222,933,795,-666666666,-222222222,1304,593,-666666666,-222222222,-666666666,-222222222,06,44784
"Macdoel CDP, California",-666666666,-222222222,-666666666,-222222222,-666666666,-222222222,-666666666,-222222222,-666666666,-222222222,-666666666,-222222222,-666666666,-222222222,06,44812
"McFarland city, California",1131,42,-666666666,-222222222,927,115,1087,28,1321,85,1278,183,-666666666,-222222222,06,44826
"McGee Creek CDP, California",-666666666,-222222222,-666666666,-222222222,-666666666,-222222222,-666666666,-222222222,-666666666,-222222222,-666666666,-222222222,-666666666,-222222222,06,44830
"McKinleyville CDP, California",1607,177,-666666666,-222222222,991,119,1555,202,1979,215,2447,1204,-666666666,-222222222,06,44910
"McKittrick CDP, California",-666666666,-222222222,-666666666,-222222222,-666666666,-222222222,-666666666,-222222222,-666666666,-222222222,-666666666,-222222222,-666666666,-222222222,06,44924
"McSwain CDP, California",1516,695,-666666666,-222222222,-666666666,-222222222,-666666666,-222222222,2131,324,-666666666,-222222222,-666666666,-222222222,06,45006
"Madeline CDP, California",-666666666,-222222222,-666666666,-222222222,-666666666,-222222222,-666666666,-222222222,-666666666,-222222222,-666666666,-222222222,-666666666,-222222222,06,45008
"Madera city, California",1353,58,1323,153,910,118,1205,73,1557,119,1817,107,2318,1383,06,45022
"Madera Acres CDP, California",1685,252,-666666666,-222222222,-666666666,-222222222,-666666666,-222222222,1633,230,-666666666,-222222222,-666666666,-222222222,06,45050
"Madera Ranchos CDP, California",-666666666,-222222222,-666666666,-222222222,-666666666,-222222222,-666666666,-222222222,-666666666,-222222222,-666666666,-222222222,-666666666,-222222222,06,45054
"Madison CDP, California",-666666666,-222222222,-666666666,-222222222,-666666666,-222222222,-666666666,-222222222,-666666666,-222222222,-666666666,-222222222,-666666666,-222222222,06,45064
"Mad River CDP, California",-666666666,-222222222,-666666666,-222222222,-666666666,-222222222,-666666666,-222222222,-666666666,-222222222,-666666666,-222222222,-666666666,-222222222,06,45092
"Magalia CDP, California",1478,201,-666666666,-222222222,-666666666,-222222222,1436,441,1538,349,-666666666,-222222222,-666666666,-222222222,06,45120
"Malaga CDP, California",1440,412,-666666666,-222222222,-666666666,-222222222,-666666666,-222222222,1405,254,-666666666,-222222222,-666666666,-222222222,06,45232
"Malibu city, California",3501,-333333333,2895,1418,3501,-333333333,3501,-333333333,3501,-333333333,3501,-333333333,-666666666,-222222222,06,45246
"Mammoth Lakes town, California",1645,208,938,842,1471,452,1775,509,1656,1075,-666666666,-222222222,-666666666,-222222222,06,45358
"Manchester CDP, California",-666666666,-222222222,-666666666,-222222222,-666666666,-222222222,581,187,-666666666,-222222222,-666666666,-222222222,-666666666,-222222222,06,45386
"Manhattan Beach city, California",3449,250,1957,262,2368,96,3501,-333333333,3501,-333333333,3501,-333333333,3501,-333333333,06,45400
"Manila CDP, California",1617,554,686,333,881,302,1817,393,-666666666,-222222222,-666666666,-222222222,-666666666,-222222222,06,45414
"Manteca city, California",2065,67,1099,285,1479,271,2010,117,2247,94,2473,283,2349,957,06,45484
"Manton CDP, California",-666666666,-222222222,-666666666,-222222222,-666666666,-222222222,-666666666,-222222222,-666666666,-222222222,-666666666,-222222222,-666666666,-222222222,06,45512
"March ARB CDP, California",1639,473,655,641,1052,1005,1886,1338,-666666666,-222222222,-666666666,-222222222,2692,1440,06,45680
"Maricopa city, California",1203,266,-666666666,-222222222,-666666666,-222222222,1014,299,1446,393,-666666666,-222222222,-666666666,-222222222,06,45736
"Marina city, California",2101,117,1562,206,1711,134,2058,108,2900,320,2849,296,-666666666,-222222222,06,45778
"Marina del Rey CDP, California",3501,-333333333,2852,387,3236,164,3501,-333333333,-666666666,-222222222,-666666666,-222222222,-666666666,-222222222,06,45806
"Marin City CDP, California",1335,217,1206,194,-666666666,-222222222,1402,828,-666666666,-222222222,-666666666,-222222222,-666666666,-222222222,06,45820
"Mariposa CDP, California",593,131,-666666666,-222222222,561,114,-666666666,-222222222,-666666666,-222222222,-666666666,-222222222,-666666666,-222222222,06,45932
"Markleeville CDP, California",-666666666,-222222222,-666666666,-222222222,-666666666,-222222222,-666666666,-222222222,-666666666,-222222222,-666666666,-222222222,-666666666,-222222222,06,45988
"Martell CDP, California",-666666666,-222222222,-666666666,-222222222,-666666666,-222222222,-666666666,-222222222,-666666666,-222222222,-666666666,-222222222,-666666666,-222222222,06,46100
"Martinez city, California",2353,87,1791,366,1997,171,2523,177,3078,245,3501,-333333333,-666666666,-222222222,06,46114
"Marysville city, California",1295,69,1569,513,850,285,1362,60,1623,337,-666666666,-222222222,-666666666,-222222222,06,46170
"Matheny CDP, California",1242,197,-666666666,-222222222,-666666666,-222222222,1155,138,1500,574,-666666666,-222222222,-666666666,-222222222,06,46223
"Mather CDP, California",2181,155,-666666666,-222222222,2104,360,2075,200,2967,494,-666666666,-222222222,-666666666,-222222222,06,46226
"Maxwell CDP, California",1388,121,-666666666,-222222222,-666666666,-222222222,1319,164,1512,342,-666666666,-222222222,-666666666,-222222222,06,46338
"Mayfair CDP, California",1260,156,-666666666,-222222222,1156,438,1345,198,1240,206,-666666666,-222222222,-666666666,-222222222,06,46400
"Mayflower Village CDP, California",2243,952,-666666666,-222222222,1250,519,2553,1202,1858,928,3314,467,-666666666,-222222222,06,46436
"Maywood city, California",1525,67,1177,120,1344,80,1686,42,1844,267,2446,364,-666666666,-222222222,06,46492
"Meadowbrook CDP, California",1599,273,-666666666,-222222222,-666666666,-222222222,-666666666,-222222222,1462,1318,-666666666,-222222222,-666666666,-222222222,06,46520
"Meadow Valley CDP, California",1168,449,-666666666,-222222222,-666666666,-222222222,-666666666,-222222222,-666666666,-222222222,-666666666,-222222222,-666666666,-222222222,06,46618
"Meadow Vista CDP, California",1808,563,-666666666,-222222222,-666666666,-222222222,-666666666,-222222222,2650,250,-666666666,-222222222,-666666666,-222222222,06,46632
"Mead Valley CDP, California",1926,294,-666666666,-222222222,1308,476,1835,239,1943,603,2167,394,-666666666,-222222222,06,46646
"Mecca CDP, California",916,87,970,285,843,807,888,87,1175,710,1199,831,-666666666,-222222222,06,46660
"Meiners Oaks CDP, California",2225,865,-666666666,-222222222,1013,124,1777,655,3042,347,-666666666,-222222222,-666666666,-222222222,06,46702
"Mendocino CDP, California",-666666666,-222222222,-666666666,-222222222,-666666666,-222222222,-666666666,-222222222,-666666666,-222222222,-666666666,-222222222,-666666666,-222222222,06,46814
"Mendota city, California",1042,98,792,594,731,71,983,170,1097,123,1559,212,-666666666,-222222222,06,46828
"Menifee city, California",2110,91,1815,263,1769,218,1831,115,2390,140,2748,274,3501,-333333333,06,46842
"Menlo Park city, California",3239,156,1997,521,2485,221,3501,-333333333,3501,-333333333,3501,-333333333,-666666666,-222222222,06,46870
"Mentone CDP, California",1472,234,681,19,1751,141,1310,207,1828,585,-666666666,-222222222,-666666666,-222222222,06,46884
"Merced city, California",1393,43,1198,152,1144,74,1315,67,1562,88,1702,157,2609,256,06,46898
"Meridian CDP, California",-666666666,-222222222,-666666666,-222222222,-666666666,-222222222,-666666666,-222222222,-666666666,-222222222,-666666666,-222222222,-666666666,-222222222,06,46926
"Mesa CDP, California",-666666666,-222222222,-666666666,-222222222,-666666666,-222222222,-666666666,-222222222,-666666666,-222222222,-666666666,-222222222,-666666666,-222222222,06,47013
"Mesa Verde CDP, California",1106,372,-666666666,-222222222,-666666666,-222222222,-666666666,-222222222,888,302,-666666666,-222222222,-666666666,-222222222,06,47066
"Mesa Vista CDP, California",-666666666,-222222222,-666666666,-222222222,-666666666,-222222222,-666666666,-222222222,-666666666,-222222222,-666666666,-222222222,-666666666,-222222222,06,47086
"Mettler CDP, California",-666666666,-222222222,-666666666,-222222222,-666666666,-222222222,-666666666,-222222222,-666666666,-222222222,-666666666,-222222222,-666666666,-222222222,06,47164
"Mexican Colony CDP, California",-666666666,-222222222,-666666666,-222222222,-666666666,-222222222,-666666666,-222222222,-666666666,-222222222,-666666666,-222222222,-666666666,-222222222,06,47192
"Meyers CDP, California",2856,242,-666666666,-222222222,-666666666,-222222222,-666666666,-222222222,2813,287,-666666666,-222222222,-666666666,-222222222,06,47206
"Middletown CDP, California",2083,1288,-666666666,-222222222,-666666666,-222222222,-666666666,-222222222,2220,95,-666666666,-222222222,-666666666,-222222222,06,47332
"Midpines CDP, California",-666666666,-222222222,-666666666,-222222222,-666666666,-222222222,-666666666,-222222222,-666666666,-222222222,-666666666,-222222222,-666666666,-222222222,06,47374
"Midway City CDP, California",1611,199,1346,385,1256,749,1646,172,2342,659,2669,1451,-666666666,-222222222,06,47430
"Milford CDP, California",-666666666,-222222222,-666666666,-222222222,-666666666,-222222222,-666666666,-222222222,-666666666,-222222222,-666666666,-222222222,-666666666,-222222222,06,47472
"Millbrae city, California",3272,163,3059,750,2667,346,3157,146,3501,-333333333,3501,-333333333,-666666666,-222222222,06,47486
"Millerton CDP, California",-666666666,-222222222,-666666666,-222222222,-666666666,-222222222,-666666666,-222222222,-666666666,-222222222,-666666666,-222222222,-666666666,-222222222,06,47592
"Mill Valley city, California",3278,682,2087,638,2477,416,3501,-333333333,3501,-333333333,3501,-333333333,-666666666,-222222222,06,47710
"Millville CDP, California",-666666666,-222222222,-666666666,-222222222,-666666666,-222222222,-666666666,-222222222,-666666666,-222222222,-666666666,-222222222,-666666666,-222222222,06,47724
"Milpitas city, California",3120,150,2594,161,2712,77,3276,185,3501,-333333333,3501,-333333333,3344,1206,06,47766
"Mineral CDP, California",-666666666,-222222222,-666666666,-222222222,-666666666,-222222222,-666666666,-222222222,-666666666,-222222222,-666666666,-222222222,-666666666,-222222222,06,47794
"Minkler CDP, California",880,580,-666666666,-222222222,-666666666,-222222222,-666666666,-222222222,-666666666,-222222222,-666666666,-222222222,-666666666,-222222222,06,47822
"Mira Monte CDP, California",2017,729,-666666666,-222222222,1426,895,2049,470,-666666666,-222222222,-666666666,-222222222,-666666666,-222222222,06,48046
"Miranda CDP, California",-666666666,-222222222,-666666666,-222222222,-666666666,-222222222,-666666666,-222222222,-666666666,-222222222,-666666666,-222222222,-666666666,-222222222,06,48060
"Mission Canyon CDP, California",3501,-333333333,-666666666,-222222222,-666666666,-222222222,3501,-333333333,-666666666,-222222222,3501,-333333333,-666666666,-222222222,06,48147
"Mission Hills CDP, California",1838,130,-666666666,-222222222,-666666666,-222222222,-666666666,-222222222,1838,130,-666666666,-222222222,-666666666,-222222222,06,48186
"Mission Viejo city, California",2839,91,2442,201,2370,168,2844,94,3444,319,3501,-333333333,3501,-333333333,06,48256
"Mi-Wuk Village CDP, California",1444,338,-666666666,-222222222,-666666666,-222222222,-666666666,-222222222,-666666666,-222222222,-666666666,-222222222,-666666666,-222222222,06,48298
"Modesto city, California",1690,33,1074,219,1326,106,1661,42,1880,58,2228,87,3094,376,06,48354
"Modjeska CDP, California",1900,1189,-666666666,-222222222,-666666666,-222222222,-666666666,-222222222,-666666666,-222222222,-666666666,-222222222,-666666666,-222222222,06,48410
"Mohawk Vista CDP, California",-666666666,-222222222,-666666666,-222222222,-666666666,-222222222,-666666666,-222222222,-666666666,-222222222,-666666666,-222222222,-666666666,-222222222,06,48448
"Mojave CDP, California",1214,117,-666666666,-222222222,-666666666,-222222222,1163,133,1244,220,-666666666,-222222222,-666666666,-222222222,06,48452
"Mokelumne Hill CDP, California",-666666666,-222222222,-666666666,-222222222,-666666666,-222222222,-666666666,-222222222,-666666666,-222222222,-666666666,-222222222,-666666666,-222222222,06,48480
"Monmouth CDP, California",1234,238,-666666666,-222222222,-666666666,-222222222,-666666666,-222222222,-666666666,-222222222,-666666666,-222222222,-666666666,-222222222,06,48592
"Mono City CDP, California",-666666666,-222222222,-666666666,-222222222,-666666666,-222222222,-666666666,-222222222,-666666666,-222222222,-666666666,-222222222,-666666666,-222222222,06,48602
"Mono Vista CDP, California",2104,489,-666666666,-222222222,-666666666,-222222222,-666666666,-222222222,-666666666,-222222222,2750,870,-666666666,-222222222,06,48641
"Monrovia city, California",2114,81,1692,496,1759,86,2193,72,2932,235,1955,1097,-666666666,-222222222,06,48648
"Monson CDP, California",1472,1411,-666666666,-222222222,-666666666,-222222222,-666666666,-222222222,1472,1411,-666666666,-222222222,-666666666,-222222222,06,48676
"Montague city, California",833,524,-666666666,-222222222,525,110,-666666666,-222222222,1310,483,-666666666,-222222222,-666666666,-222222222,06,48690
"Montalvin Manor CDP, California",1983,437,-666666666,-222222222,-666666666,-222222222,-666666666,-222222222,-666666666,-222222222,-666666666,-222222222,-666666666,-222222222,06,48718
"Montara CDP, California",3032,1300,-666666666,-222222222,-666666666,-222222222,-666666666,-222222222,-666666666,-222222222,-666666666,-222222222,-666666666,-222222222,06,48760
"Montclair city, California",1889,111,1200,1010,1689,321,1757,76,2097,255,2295,65,-666666666,-222222222,06,48788
"Montebello city, California",1827,37,1059,144,1557,93,1885,44,2203,101,3093,423,-666666666,-222222222,06,48816
"Montecito CDP, California",3501,-333333333,1330,481,3501,-333333333,3501,-333333333,3501,-333333333,3501,-333333333,3501,-333333333,06,48844
"Monterey city, California",2353,60,1910,281,2001,126,2424,75,3501,-333333333,3501,-333333333,3501,-333333333,06,48872
"Monterey Park city, California",1888,46,1157,382,1580,103,1958,71,2580,195,2513,762,2625,1504,06,48914
"Monterey Park Tract CDP, California",-666666666,-222222222,-666666666,-222222222,-666666666,-222222222,-666666666,-222222222,-666666666,-222222222,-666666666,-222222222,-666666666,-222222222,06,48916
"Monte Rio CDP, California",1817,143,-666666666,-222222222,1853,255,1750,527,-666666666,-222222222,-666666666,-222222222,-666666666,-222222222,06,48928
"Monte Sereno city, California",-666666666,-222222222,-666666666,-222222222,-666666666,-222222222,-666666666,-222222222,-666666666,-222222222,-666666666,-222222222,-666666666,-222222222,06,48956
"Montgomery Creek CDP, California",-666666666,-222222222,-666666666,-222222222,-666666666,-222222222,-666666666,-222222222,-666666666,-222222222,-666666666,-222222222,-666666666,-222222222,06,48998
"Monument Hills CDP, California",-666666666,-222222222,-666666666,-222222222,-666666666,-222222222,-666666666,-222222222,-666666666,-222222222,-666666666,-222222222,-666666666,-222222222,06,49045
"Moorpark city, California",2559,190,2214,1823,2267,267,2025,237,2911,247,3456,309,3501,-333333333,06,49138
"Morada CDP, California",1867,273,-666666666,-222222222,-666666666,-222222222,-666666666,-222222222,-666666666,-222222222,-666666666,-222222222,-666666666,-222222222,06,49180
"Moraga town, California",2895,593,-666666666,-222222222,2278,391,2433,305,3501,-333333333,3501,-333333333,-666666666,-222222222,06,49187
"Moreno Valley city, California",2135,38,1619,226,1764,103,2016,81,2277,55,2466,114,2713,321,06,49270
"Morgan Hill city, California",2474,142,1422,923,1968,447,2341,148,3313,300,3450,689,3501,-333333333,06,49278
"Morongo Valley CDP, California",1354,91,-666666666,-222222222,-666666666,-222222222,1317,514,1420,144,-666666666,-222222222,-666666666,-222222222,06,49348
"Morro Bay city, California",1858,93,564,480,1543,338,1987,190,2760,917,-666666666,-222222222,-666666666,-222222222,06,49362
"Moskowite Corner CDP, California",-666666666,-222222222,-666666666,-222222222,-666666666,-222222222,-666666666,-222222222,-666666666,-222222222,-666666666,-222222222,-666666666,-222222222,06,49432
"Moss Beach CDP, California",-666666666,-222222222,-666666666,-222222222,-666666666,-222222222,-666666666,-222222222,-666666666,-222222222,-666666666,-222222222,-666666666,-222222222,06,49446
"Moss Landing CDP, California",-666666666,-222222222,-666666666,-222222222,-666666666,-222222222,-666666666,-222222222,-666666666,-222222222,-666666666,-222222222,-666666666,-222222222,06,49488
"Mountain Center CDP, California",-666666666,-222222222,-666666666,-222222222,-666666666,-222222222,-666666666,-222222222,-666666666,-222222222,-666666666,-222222222,-666666666,-222222222,06,49544
"Mountain Gate CDP, California",1454,259,-666666666,-222222222,-666666666,-222222222,1348,74,-666666666,-222222222,-666666666,-222222222,-666666666,-222222222,06,49558
"Mountain House CDP, California",3501,-333333333,2197,548,2445,2353,-666666666,-222222222,3107,287,3501,-333333333,3501,-333333333,06,49582
"Mountain Meadows CDP, California",-666666666,-222222222,-666666666,-222222222,-666666666,-222222222,-666666666,-222222222,-666666666,-222222222,-666666666,-222222222,-666666666,-222222222,06,49592
"Mountain Mesa CDP, California",851,190,-666666666,-222222222,-666666666,-222222222,-666666666,-222222222,-666666666,-222222222,-666666666,-222222222,-666666666,-222222222,06,49600
"Mountain Ranch CDP, California",-666666666,-222222222,-666666666,-222222222,-666666666,-222222222,-666666666,-222222222,-666666666,-222222222,-666666666,-222222222,-666666666,-222222222,06,49628
"Mountain View CDP, California",2018,380,-666666666,-222222222,1794,298,2139,761,-666666666,-222222222,-666666666,-222222222,-666666666,-222222222,06,49651
"Mountain View city, California",3062,93,2324,96,2665,91,3340,107,3501,-333333333,3501,-333333333,3501,-333333333,06,49670
"Mountain View Acres CDP, California",-666666666,-222222222,-666666666,-222222222,-666666666,-222222222,-666666666,-222222222,-666666666,-222222222,-666666666,-222222222,-666666666,-222222222,06,49684
"Mt. Bullion CDP, California",-666666666,-222222222,-666666666,-222222222,-666666666,-222222222,-666666666,-222222222,-666666666,-222222222,-666666666,-222222222,-666666666,-222222222,06,49726
"Mount Hebron CDP, California",-666666666,-222222222,-666666666,-222222222,-666666666,-222222222,-666666666,-222222222,-666666666,-222222222,-666666666,-222222222,-666666666,-222222222,06,49768
"Mount Hermon CDP, California",1394,279,-666666666,-222222222,-666666666,-222222222,1394,279,-666666666,-222222222,-666666666,-222222222,-666666666,-222222222,06,49796
"Mount Laguna CDP, California",-666666666,-222222222,-666666666,-222222222,-666666666,-222222222,-666666666,-222222222,-666666666,-222222222,-666666666,-222222222,-666666666,-222222222,06,49810
"Mount Shasta city, California",1406,231,-666666666,-222222222,501,131,1266,197,1741,378,-666666666,-222222222,-666666666,-222222222,06,49852
"Muir Beach CDP, California",3501,-333333333,-666666666,-222222222,-666666666,-222222222,-666666666,-222222222,-666666666,-222222222,-666666666,-222222222,-666666666,-222222222,06,49950
"Murphys CDP, California",1523,543,-666666666,-222222222,915,812,2037,934,1824,205,-666666666,-222222222,-666666666,-222222222,06,50034
"Murrieta city, California",2388,70,1769,1105,2013,142,2266,94,2622,142,2864,143,3501,-333333333,06,50076
"Muscoy CDP, California",1747,236,1603,658,985,207,1813,400,2051,277,1565,402,-666666666,-222222222,06,50132
"Myers Flat CDP, California",-666666666,-222222222,-666666666,-222222222,-666666666,-222222222,-666666666,-222222222,-666666666,-222222222,-666666666,-222222222,-666666666,-222222222,06,50146
"Myrtletown CDP, California",1583,314,-666666666,-222222222,1149,89,1725,288,2135,289,-666666666,-222222222,-666666666,-222222222,06,50188
"Napa city, California",2282,69,1402,303,1731,97,2343,72,3086,178,3501,-333333333,3210,675,06,50258
"National City city, California",1692,46,1235,137,1486,95,1809,66,2051,195,2318,299,-666666666,-222222222,06,50398
"Needles city, California",745,80,-666666666,-222222222,630,101,831,144,1142,225,-666666666,-222222222,-666666666,-222222222,06,50734
"Nevada City city, California",1411,752,-666666666,-222222222,1093,337,1674,977,-666666666,-222222222,-666666666,-222222222,-666666666,-222222222,06,50874
"Newark city, California",2776,113,2051,1983,1873,323,2612,80,3203,264,3501,-333333333,3501,-333333333,06,50916
"Newcastle CDP, California",1798,345,-666666666,-222222222,-666666666,-222222222,1330,353,-666666666,-222222222,2446,821,-666666666,-222222222,06,51000
"New Cuyama CDP, California",-666666666,-222222222,-666666666,-222222222,-666666666,-222222222,-666666666,-222222222,-666666666,-222222222,-666666666,-222222222,-666666666,-222222222,06,51028
"Newell CDP, California",-666666666,-222222222,-666666666,-222222222,-666666666,-222222222,-666666666,-222222222,-666666666,-222222222,-666666666,-222222222,-666666666,-222222222,06,51042
"Newman city, California",1420,212,-666666666,-222222222,-666666666,-222222222,1334,618,1246,193,2811,171,-666666666,-222222222,06,51140
"New Pine Creek CDP, California",-666666666,-222222222,-666666666,-222222222,-666666666,-222222222,-666666666,-222222222,-666666666,-222222222,-666666666,-222222222,-666666666,-222222222,06,51168
"Newport Beach city, California",3316,90,2541,202,2705,104,3323,93,3501,-333333333,3501,-333333333,3501,-333333333,06,51182
"Nicasio CDP, California",-666666666,-222222222,-666666666,-222222222,-666666666,-222222222,-666666666,-222222222,-666666666,-222222222,-666666666,-222222222,-666666666,-222222222,06,51280
"Nice CDP, California",1293,263,-666666666,-222222222,863,626,1591,896,-666666666,-222222222,-666666666,-222222222,-666666666,-222222222,06,51294
"Nicolaus CDP, California",-666666666,-222222222,-666666666,-222222222,-666666666,-222222222,-666666666,-222222222,-666666666,-222222222,-666666666,-222222222,-666666666,-222222222,06,51336
"Niland CDP, California",-666666666,-222222222,-666666666,-222222222,-666666666,-222222222,-666666666,-222222222,-666666666,-222222222,-666666666,-222222222,-666666666,-222222222,06,51392
"Nipinnawasee CDP, California",-666666666,-222222222,-666666666,-222222222,-666666666,-222222222,-666666666,-222222222,-666666666,-222222222,-666666666,-222222222,-666666666,-222222222,06,51470
"Nipomo CDP, California",2106,167,-666666666,-222222222,-666666666,-222222222,1547,359,2150,155,3307,168,-666666666,-222222222,06,51476
"Norco city, California",1925,222,1818,660,1147,163,1319,184,2333,395,2902,453,-666666666,-222222222,06,51560
"Nord CDP, California",-666666666,-222222222,-666666666,-222222222,-666666666,-222222222,-666666666,-222222222,-666666666,-222222222,-666666666,-222222222,-666666666,-222222222,06,51574
"Norris Canyon CDP, California",-666666666,-222222222,-666666666,-222222222,-666666666,-222222222,-666666666,-222222222,-666666666,-222222222,-666666666,-222222222,-666666666,-222222222,06,51622
"North Auburn CDP, California",1742,93,-666666666,-222222222,1788,209,1665,101,2022,292,-666666666,-222222222,-666666666,-222222222,06,51637
"North Edwards CDP, California",1162,441,-666666666,-222222222,-666666666,-222222222,-666666666,-222222222,1290,141,-666666666,-222222222,-666666666,-222222222,06,51812
"North El Monte CDP, California",2366,192,-666666666,-222222222,2070,773,2264,108,2583,722,3000,401,-666666666,-222222222,06,51820
"North Fair Oaks CDP, California",2314,169,1674,237,2030,259,2971,507,2754,664,3501,-333333333,3501,-333333333,06,51840
"North Fork CDP, California",1399,172,-666666666,-222222222,-666666666,-222222222,1471,329,1420,281,-666666666,-222222222,-666666666,-222222222,06,51868
"North Gate CDP, California",-666666666,-222222222,-666666666,-222222222,-666666666,-222222222,-666666666,-222222222,-666666666,-222222222,-666666666,-222222222,-666666666,-222222222,06,51890
"North Highlands CDP, California",1636,59,1323,105,1350,137,1617,84,1843,107,1915,275,-666666666,-222222222,06,51924
"North Lakeport CDP, California",1758,266,-666666666,-222222222,1125,93,1762,737,1838,429,-666666666,-222222222,-666666666,-222222222,06,51990
"North Richmond CDP, California",2157,500,-666666666,-222222222,-666666666,-222222222,1685,576,2740,220,2775,610,-666666666,-222222222,06,52162
"North San Juan CDP, California",-666666666,-222222222,-666666666,-222222222,-666666666,-222222222,-666666666,-222222222,-666666666,-222222222,-666666666,-222222222,-666666666,-222222222,06,52246
"North Shore CDP, California",1365,47,-666666666,-222222222,-666666666,-222222222,-666666666,-222222222,-666666666,-222222222,-666666666,-222222222,-666666666,-222222222,06,52302
"North Tustin CDP, California",2462,197,-666666666,-222222222,1672,405,2405,182,2991,443,2129,1366,3501,-333333333,06,52379
"Norwalk city, California",2090,57,1551,391,1647,136,2127,59,2674,132,2696,564,1886,1218,06,52526
"Novato city, California",2506,127,2405,1040,1784,230,2557,182,3082,461,3501,-333333333,3501,-333333333,06,52582
"Nubieber CDP, California",-666666666,-222222222,-666666666,-222222222,-666666666,-222222222,-666666666,-222222222,-666666666,-222222222,-666666666,-222222222,-666666666,-222222222,06,52610
"Nuevo CDP, California",1531,858,-666666666,-222222222,-666666666,-222222222,1156,93,-666666666,-222222222,2646,620,-666666666,-222222222,06,52624
"Oakdale city, California",1559,145,1196,1103,1244,341,1410,165,1923,157,2450,281,-666666666,-222222222,06,52694
"Oak Glen CDP, California",-666666666,-222222222,-666666666,-222222222,-666666666,-222222222,-666666666,-222222222,-666666666,-222222222,-666666666,-222222222,-666666666,-222222222,06,52715
"Oak Hills CDP, California",1724,653,-666666666,-222222222,-666666666,-222222222,1278,236,2157,245,1171,145,-666666666,-222222222,06,52760
"Oakhurst CDP, California",1728,319,-666666666,-222222222,1180,387,1026,499,2014,312,-666666666,-222222222,-666666666,-222222222,06,52764
"Oakland city, California",1979,29,1511,87,1821,41,2218,57,2369,121,2619,413,1788,370,06,53000
"Oakley city, California",1953,223,-666666666,-222222222,1066,317,1746,95,2450,411,2557,655,3065,507,06,53070
"Oak Park CDP, California",3149,145,2886,285,2612,348,3159,134,3230,663,3501,-333333333,-666666666,-222222222,06,53116
"Oak Run CDP, California",-666666666,-222222222,-666666666,-222222222,-666666666,-222222222,758,405,-666666666,-222222222,-666666666,-222222222,-666666666,-222222222,06,53140
"Oak Shores CDP, California",2308,1020,-666666666,-222222222,-666666666,-222222222,-666666666,-222222222,-666666666,-222222222,-666666666,-222222222,-666666666,-222222222,06,53160
"Oak View CDP, California",2271,426,-666666666,-222222222,1651,1003,1431,273,2591,399,3278,88,-666666666,-222222222,06,53182
"Oakville CDP, California",-666666666,-222222222,-666666666,-222222222,-666666666,-222222222,-666666666,-222222222,-666666666,-222222222,-666666666,-222222222,-666666666,-222222222,06,53196
"Oasis CDP, California",862,49,890,85,756,111,923,47,882,67,620,115,-666666666,-222222222,06,53224
"Occidental CDP, California",1063,957,-666666666,-222222222,-666666666,-222222222,1215,1101,-666666666,-222222222,-666666666,-222222222,-666666666,-222222222,06,53266
"Oceano CDP, California",1584,628,-666666666,-222222222,1117,80,1804,520,2215,342,-666666666,-222222222,-666666666,-222222222,06,53294
"Oceanside city, California",2303,37,2000,171,1918,76,2305,43,2796,109,3435,214,3331,399,06,53322
"Ocotillo CDP, California",-666666666,-222222222,-666666666,-222222222,-666666666,-222222222,-666666666,-222222222,-666666666,-222222222,-666666666,-222222222,-666666666,-222222222,06,53378
"Oildale CDP, California",1281,68,723,330,959,78,1241,56,1623,136,1875,1034,-666666666,-222222222,06,53448
"Ojai city, California",1955,248,-666666666,-222222222,1168,164,2059,287,3042,1279,-666666666,-222222222,-666666666,-222222222,06,53476
"Olancha CDP, California",-666666666,-222222222,-666666666,-222222222,-666666666,-222222222,-666666666,-222222222,-666666666,-222222222,-666666666,-222222222,-666666666,-222222222,06,53490
"Olde Stockdale CDP, California",-666666666,-222222222,-666666666,-222222222,-666666666,-222222222,-666666666,-222222222,-666666666,-222222222,-666666666,-222222222,-666666666,-222222222,06,53503
"Old Fig Garden CDP, California",1428,177,1151,51,-666666666,-222222222,1416,137,1964,399,-666666666,-222222222,-666666666,-222222222,06,53505
"Old River CDP, California",-666666666,-222222222,-666666666,-222222222,-666666666,-222222222,-666666666,-222222222,-666666666,-222222222,-666666666,-222222222,-666666666,-222222222,06,53574
"Old Station CDP, California",-666666666,-222222222,-666666666,-222222222,-666666666,-222222222,-666666666,-222222222,-666666666,-222222222,-666666666,-222222222,-666666666,-222222222,06,53602
"Old Stine CDP, California",1579,192,-666666666,-222222222,964,97,1225,472,1692,229,-666666666,-222222222,-666666666,-222222222,06,53603
"Olivehurst CDP, California",1326,208,-666666666,-222222222,769,302,1115,693,1448,221,2795,1454,-666666666,-222222222,06,53714
"Ono CDP, California",-666666666,-222222222,-666666666,-222222222,-666666666,-222222222,-666666666,-222222222,-666666666,-222222222,-666666666,-222222222,-666666666,-222222222,06,53882
"Ontario city, California",2030,50,1943,197,1647,91,1999,69,2248,71,2788,137,3501,-333333333,06,53896
"Onyx CDP, California",-666666666,-222222222,-666666666,-222222222,-666666666,-222222222,-666666666,-222222222,-666666666,-222222222,-666666666,-222222222,-666666666,-222222222,06,53910
"Orange city, California",2327,50,2175,155,1914,98,2334,58,2951,191,3501,-333333333,3501,-333333333,06,53980
"Orange Blossom CDP, California",2709,108,-666666666,-222222222,-666666666,-222222222,-666666666,-222222222,-666666666,-222222222,-666666666,-222222222,-666666666,-222222222,06,53987
"Orange Cove city, California",1103,82,699,306,774,130,1014,187,1323,79,1273,255,-666666666,-222222222,06,54008
"Orangevale CDP, California",1932,93,1805,109,1660,106,1839,84,2275,98,2339,313,-666666666,-222222222,06,54092
"Orcutt CDP, California",2193,128,1667,432,1324,710,2144,260,2268,166,2741,323,2803,1217,06,54120
"Orick CDP, California",825,274,-666666666,-222222222,-666666666,-222222222,1302,917,-666666666,-222222222,-666666666,-222222222,-666666666,-222222222,06,54218
"Orinda city, California",3501,-333333333,-666666666,-222222222,339,266,3501,-333333333,3501,-333333333,3501,-333333333,-666666666,-222222222,06,54232
"Orland city, California",1146,129,-666666666,-222222222,783,498,1173,145,1177,260,-666666666,-222222222,-666666666,-222222222,06,54274
"Orosi CDP, California",1204,146,-666666666,-222222222,-666666666,-222222222,881,247,1405,266,-666666666,-222222222,-666666666,-222222222,06,54372
"Oroville city, California",1093,60,745,340,879,67,1170,42,1583,283,-666666666,-222222222,-666666666,-222222222,06,54386
"Oroville East CDP, California",1211,605,-666666666,-222222222,775,457,1418,297,884,824,742,450,-666666666,-222222222,06,54388
"Oxnard city, California",2032,63,1569,170,1722,58,1940,60,2425,151,2987,148,2900,370,06,54652
"Pacheco CDP, California",1828,777,-666666666,-222222222,-666666666,-222222222,1556,693,2547,1462,-666666666,-222222222,-666666666,-222222222,06,54764
"Pacifica city, California",3098,184,1759,1726,2763,111,3122,187,3501,-333333333,3501,-333333333,3501,-333333333,06,54806
"Pacific Grove city, California",2455,129,1865,288,2024,238,2638,173,3501,-333333333,3501,-333333333,-666666666,-222222222,06,54848
"Pajaro CDP, California",1850,275,1552,551,-666666666,-222222222,2102,1314,2408,600,-666666666,-222222222,-666666666,-222222222,06,55044
"Pajaro Dunes CDP, California",-666666666,-222222222,-666666666,-222222222,-666666666,-222222222,-666666666,-222222222,-666666666,-222222222,-666666666,-222222222,-666666666,-222222222,06,55048
"Pala CDP, California",1263,280,-666666666,-222222222,-666666666,-222222222,1182,424,1344,345,-666666666,-222222222,-666666666,-222222222,06,55058
"Palermo CDP, California",1135,122,-666666666,-222222222,886,272,1156,146,1131,191,-666666666,-222222222,-666666666,-222222222,06,55086
"Palmdale city, California",1802,60,1405,284,1351,74,1633,80,1895,108,2383,104,2869,660,06,55156
"Palm Desert city, California",1778,53,1556,194,1473,210,1934,86,2089,334,2548,1429,3501,-333333333,06,55184
"Palm Springs city, California",1562,61,1339,101,1344,72,1734,73,1972,381,2381,781,-666666666,-222222222,06,55254
"Palo Alto city, California",3484,157,1983,470,2760,110,3501,-333333333,3501,-333333333,3501,-333333333,3501,-333333333,06,55282
"Palo Cedro CDP, California",1375,325,-666666666,-222222222,-666666666,-222222222,-666666666,-222222222,1375,325,-666666666,-222222222,-666666666,-222222222,06,55296
"Paloma CDP, California",-666666666,-222222222,-666666666,-222222222,-666666666,-222222222,-666666666,-222222222,-666666666,-222222222,-666666666,-222222222,-666666666,-222222222,06,55310
"Palos Verdes Estates city, California",3217,484,-666666666,-222222222,-666666666,-222222222,3114,436,3501,-333333333,3501,-333333333,-666666666,-222222222,06,55380
"Palo Verde CDP, California",-666666666,-222222222,-666666666,-222222222,-666666666,-222222222,-666666666,-222222222,-666666666,-222222222,-666666666,-222222222,-666666666,-222222222,06,55422
"Panorama Heights CDP, California",-666666666,-222222222,-666666666,-222222222,-666666666,-222222222,-666666666,-222222222,-666666666,-222222222,-666666666,-222222222,-666666666,-222222222,06,55506
"Paradise town, California",1241,142,-666666666,-222222222,1153,60,1530,218,2612,710,-666666666,-222222222,-666666666,-222222222,06,55520
"Paradise CDP, California",861,704,-666666666,-222222222,-666666666,-222222222,-666666666,-222222222,-666666666,-222222222,-666666666,-222222222,-666666666,-222222222,06,55528
"Paradise Park CDP, California",-666666666,-222222222,-666666666,-222222222,-666666666,-222222222,-666666666,-222222222,-666666666,-222222222,-666666666,-222222222,-666666666,-222222222,06,55604
"Paramount city, California",1875,55,1450,212,1670,107,1974,93,1969,185,2387,569,3475,1161,06,55618
"Parklawn CDP, California",1401,196,-666666666,-222222222,-666666666,-222222222,1168,547,1455,217,-666666666,-222222222,-666666666,-222222222,06,55728
"Parksdale CDP, California",1656,412,-666666666,-222222222,-666666666,-222222222,1394,1177,1393,477,2317,615,-666666666,-222222222,06,55751
"Parkway CDP, California",1517,124,1388,325,1097,137,1564,134,1951,183,1858,980,-666666666,-222222222,06,55800
"Parkwood CDP, California",1536,379,-666666666,-222222222,-666666666,-222222222,-666666666,-222222222,1497,796,-666666666,-222222222,-666666666,-222222222,06,55842
"Parlier city, California",1105,83,970,159,770,74,998,143,1316,90,1135,55,-666666666,-222222222,06,55856
"Pasadena city, California",2265,38,1871,119,1995,63,2457,53,2936,193,3501,-333333333,2229,1174,06,56000
"Pasatiempo CDP, California",-666666666,-222222222,-666666666,-222222222,-666666666,-222222222,-666666666,-222222222,-666666666,-222222222,-666666666,-222222222,-666666666,-222222222,06,56028
"Paskenta CDP, California",-666666666,-222222222,-666666666,-222222222,-666666666,-222222222,-666666666,-222222222,-666666666,-222222222,-666666666,-222222222,-666666666,-222222222,06,56042
"Patterson city, California",1655,250,-666666666,-222222222,778,45,1653,741,1685,168,2361,237,2701,197,06,56112
"Patterson Tract CDP, California",1220,641,-666666666,-222222222,-666666666,-222222222,873,237,1716,161,-666666666,-222222222,-666666666,-222222222,06,56120
"Patton Village CDP, California",1175,538,-666666666,-222222222,-666666666,-222222222,-666666666,-222222222,-666666666,-222222222,-666666666,-222222222,-666666666,-222222222,06,56140
"Paxton CDP, California",-666666666,-222222222,-666666666,-222222222,-666666666,-222222222,-666666666,-222222222,-666666666,-222222222,-666666666,-222222222,-666666666,-222222222,06,56182
"Paynes Creek CDP, California",-666666666,-222222222,-666666666,-222222222,-666666666,-222222222,-666666666,-222222222,-666666666,-222222222,-666666666,-222222222,-666666666,-222222222,06,56196
"Pearsonville CDP, California",-666666666,-222222222,-666666666,-222222222,-666666666,-222222222,-666666666,-222222222,-666666666,-222222222,-666666666,-222222222,-666666666,-222222222,06,56294
"Penngrove CDP, California",2130,302,-666666666,-222222222,1518,636,2277,248,-666666666,-222222222,-666666666,-222222222,-666666666,-222222222,06,56476
"Penn Valley CDP, California",1230,848,-666666666,-222222222,-666666666,-222222222,1156,227,2058,877,-666666666,-222222222,-666666666,-222222222,06,56518
"Penryn CDP, California",573,394,-666666666,-222222222,-666666666,-222222222,-666666666,-222222222,-666666666,-222222222,-666666666,-222222222,-666666666,-222222222,06,56546
"Pepperdine University CDP, California",3139,1713,-666666666,-222222222,-666666666,-222222222,-666666666,-222222222,-666666666,-222222222,-666666666,-222222222,-666666666,-222222222,06,56598
"Perris city, California",1876,126,1381,77,1208,156,1647,192,2121,90,2312,141,2218,366,06,56700
"Pescadero CDP, California",-666666666,-222222222,-666666666,-222222222,-666666666,-222222222,-666666666,-222222222,-666666666,-222222222,-666666666,-222222222,-666666666,-222222222,06,56756
"Petaluma city, California",2440,134,2290,344,1485,230,2536,163,3077,248,3013,1570,-666666666,-222222222,06,56784
"Petaluma Center CDP, California",3333,1930,-666666666,-222222222,-666666666,-222222222,-666666666,-222222222,3501,-333333333,2275,117,-666666666,-222222222,06,56786
"Peters CDP, California",-666666666,-222222222,-666666666,-222222222,-666666666,-222222222,-666666666,-222222222,-666666666,-222222222,-666666666,-222222222,-666666666,-222222222,06,56798
"Phelan CDP, California",1525,232,-666666666,-222222222,1316,159,1378,315,1746,305,-666666666,-222222222,-666666666,-222222222,06,56826
"Phillipsville CDP, California",-666666666,-222222222,-666666666,-222222222,-666666666,-222222222,-666666666,-222222222,-666666666,-222222222,-666666666,-222222222,-666666666,-222222222,06,56854
"Philo CDP, California",-666666666,-222222222,-666666666,-222222222,-666666666,-222222222,-666666666,-222222222,-666666666,-222222222,-666666666,-222222222,-666666666,-222222222,06,56868
"Phoenix Lake CDP, California",1313,730,-666666666,-222222222,-666666666,-222222222,-666666666,-222222222,-666666666,-222222222,-666666666,-222222222,-666666666,-222222222,06,56870
"Pico Rivera city, California",1786,63,1602,99,1543,345,1805,87,2351,150,2682,858,-666666666,-222222222,06,56924
"Piedmont city, California",3501,-333333333,-666666666,-222222222,-666666666,-222222222,3501,-333333333,3501,-333333333,-666666666,-222222222,-666666666,-222222222,06,56938
"Pierpoint CDP, California",-666666666,-222222222,-666666666,-222222222,-666666666,-222222222,-666666666,-222222222,-666666666,-222222222,-666666666,-222222222,-666666666,-222222222,06,57011
"Pike CDP, California",-666666666,-222222222,-666666666,-222222222,-666666666,-222222222,-666666666,-222222222,-666666666,-222222222,-666666666,-222222222,-666666666,-222222222,06,57036
"Pine Canyon CDP, California",1783,461,-666666666,-222222222,-666666666,-222222222,-666666666,-222222222,1467,243,2153,273,-666666666,-222222222,06,57070
"Pine Flat CDP, California",-666666666,-222222222,-666666666,-222222222,-666666666,-222222222,-666666666,-222222222,-666666666,-222222222,-666666666,-222222222,-666666666,-222222222,06,57134
"Pine Grove CDP, California",1253,216,-666666666,-222222222,-666666666,-222222222,1438,215,-666666666,-222222222,-666666666,-222222222,-666666666,-222222222,06,57148
"Pine Hills CDP, California",1633,134,-666666666,-222222222,1605,916,1630,186,1875,393,-666666666,-222222222,-666666666,-222222222,06,57204
"Pine Mountain Club CDP, California",2145,862,-666666666,-222222222,-666666666,-222222222,1529,678,2878,1480,-666666666,-222222222,-666666666,-222222222,06,57240
"Pine Mountain Lake CDP, California",1406,85,-666666666,-222222222,889,656,1402,60,1875,1349,-666666666,-222222222,-666666666,-222222222,06,57244
"Pine Valley CDP, California",-666666666,-222222222,-666666666,-222222222,-666666666,-222222222,-666666666,-222222222,-666666666,-222222222,-666666666,-222222222,-666666666,-222222222,06,57260
"Pinole city, California",2700,233,2265,644,1744,196,2594,150,3033,496,3501,-333333333,-666666666,-222222222,06,57288
"Piñon Hills CDP, California",1672,292,-666666666,-222222222,-666666666,-222222222,1487,282,1660,340,-666666666,-222222222,-666666666,-222222222,06,57302
"Pioneer CDP, California",1205,589,-666666666,-222222222,-666666666,-222222222,-666666666,-222222222,-666666666,-222222222,-666666666,-222222222,-666666666,-222222222,06,57330
"Piru CDP, California",1490,307,-666666666,-222222222,-666666666,-222222222,1710,574,1121,426,-666666666,-222222222,-666666666,-222222222,06,57372
"Pismo Beach city, California",2232,320,1226,473,1494,243,2534,466,3120,399,-666666666,-222222222,-666666666,-222222222,06,57414
"Pittsburg city, California",2264,58,2057,286,2008,198,2411,139,2325,145,2592,289,3501,-333333333,06,57456
"Pixley CDP, California",1475,349,-666666666,-222222222,-666666666,-222222222,1229,784,1444,405,-666666666,-222222222,-666666666,-222222222,06,57512
"Placentia city, California",2388,84,1906,452,2181,106,2293,65,3128,242,3501,-333333333,3501,-333333333,06,57526
"Placerville city, California",1234,175,-666666666,-222222222,904,241,1203,249,1858,183,-666666666,-222222222,-666666666,-222222222,06,57540
"Plainview CDP, California",1446,650,-666666666,-222222222,-666666666,-222222222,-666666666,-222222222,1542,768,-666666666,-222222222,-666666666,-222222222,06,57568
"Planada CDP, California",1036,155,-666666666,-222222222,-666666666,-222222222,960,88,1220,180,-666666666,-222222222,-666666666,-222222222,06,57582
"Platina CDP, California",-666666666,-222222222,-666666666,-222222222,-666666666,-222222222,-666666666,-222222222,-666666666,-222222222,-666666666,-222222222,-666666666,-222222222,06,57666
"Pleasant Hill city, California",2533,164,2069,309,2142,152,2748,114,3121,236,3501,-333333333,2952,2139,06,57764
"Pleasanton city, California",3060,123,2331,210,2327,166,3088,104,3501,-333333333,3501,-333333333,3501,-333333333,06,57792
"Pleasure Point CDP, California",2705,400,1431,131,1742,220,2820,336,3484,458,-666666666,-222222222,-666666666,-222222222,06,57825
"Plumas Eureka CDP, California",-666666666,-222222222,-666666666,-222222222,-666666666,-222222222,-666666666,-222222222,-666666666,-222222222,-666666666,-222222222,-666666666,-222222222,06,57828
"Plumas Lake CDP, California",2302,158,-666666666,-222222222,-666666666,-222222222,-666666666,-222222222,-666666666,-222222222,-666666666,-222222222,-666666666,-222222222,06,57829
"Plymouth city, California",1330,102,-666666666,-222222222,-666666666,-222222222,-666666666,-222222222,1384,25,-666666666,-222222222,-666666666,-222222222,06,57834
"Point Arena city, California",1917,954,-666666666,-222222222,988,635,1075,855,2257,120,-666666666,-222222222,-666666666,-222222222,06,57876
"Point Reyes Station CDP, California",1898,298,-666666666,-222222222,1795,109,-666666666,-222222222,-666666666,-222222222,-666666666,-222222222,-666666666,-222222222,06,57960
"Pollock Pines CDP, California",1281,289,629,65,1203,169,1438,362,2174,169,-666666666,-222222222,-666666666,-222222222,06,58030
"Pomona city, California",1810,38,1489,180,1481,63,1836,61,2263,57,2486,168,1943,447,06,58072
"Ponderosa CDP, California",-666666666,-222222222,-666666666,-222222222,-666666666,-222222222,-666666666,-222222222,-666666666,-222222222,-666666666,-222222222,-666666666,-222222222,06,58134
"Poplar-Cotton Center CDP, California",1044,142,-666666666,-222222222,-666666666,-222222222,994,201,781,378,1272,179,-666666666,-222222222,06,58191
"Port Costa CDP, California",-666666666,-222222222,-666666666,-222222222,-666666666,-222222222,-666666666,-222222222,-666666666,-222222222,-666666666,-222222222,-666666666,-222222222,06,58226
"Porterville city, California",1148,39,881,452,826,101,1095,46,1377,112,1678,310,-666666666,-222222222,06,58240
"Port Hueneme city, California",2228,91,-666666666,-222222222,1353,691,2247,73,2601,239,2637,281,-666666666,-222222222,06,58296
"Portola city, California",819,237,-666666666,-222222222,486,287,797,463,1268,511,-666666666,-222222222,-666666666,-222222222,06,58352
"Portola Valley town, California",3501,-333333333,-666666666,-222222222,3501,-333333333,3501,-333333333,-666666666,-222222222,-666666666,-222222222,-666666666,-222222222,06,58380
"Posey CDP, California",-666666666,-222222222,-666666666,-222222222,-666666666,-222222222,-666666666,-222222222,-666666666,-222222222,-666666666,-222222222,-666666666,-222222222,06,58422
"Poso Park CDP, California",-666666666,-222222222,-666666666,-222222222,-666666666,-222222222,-666666666,-222222222,-666666666,-222222222,-666666666,-222222222,-666666666,-222222222,06,58436
"Post Mountain CDP, California",-666666666,-222222222,-666666666,-222222222,-666666666,-222222222,-666666666,-222222222,-666666666,-222222222,-666666666,-222222222,-666666666,-222222222,06,58456
"Potomac Park CDP, California",1218,130,-666666666,-222222222,650,486,991,213,1357,99,-666666666,-222222222,-666666666,-222222222,06,58471
"Potrero CDP, California",-666666666,-222222222,-666666666,-222222222,-666666666,-222222222,-666666666,-222222222,-666666666,-222222222,-666666666,-222222222,-666666666,-222222222,06,58478
"Potter Valley CDP, California",1629,284,-666666666,-222222222,-666666666,-222222222,1717,135,1441,661,-666666666,-222222222,-666666666,-222222222,06,58506
"Poway city, California",2301,112,1980,399,1857,251,2151,136,2878,321,3501,-333333333,3501,-333333333,06,58520
"Prattville CDP, California",-666666666,-222222222,-666666666,-222222222,-666666666,-222222222,-666666666,-222222222,-666666666,-222222222,-666666666,-222222222,-666666666,-222222222,06,58618
"Princeton CDP, California",1195,140,-666666666,-222222222,-666666666,-222222222,1195,140,-666666666,-222222222,-666666666,-222222222,-666666666,-222222222,06,58758
"Proberta CDP, California",-666666666,-222222222,-666666666,-222222222,-666666666,-222222222,-666666666,-222222222,-666666666,-222222222,-666666666,-222222222,-666666666,-222222222,06,58814
"Prunedale CDP, California",1618,311,-666666666,-222222222,1414,152,1445,357,1630,470,2952,820,-666666666,-222222222,06,58870
"Pumpkin Center CDP, California",-666666666,-222222222,-666666666,-222222222,-666666666,-222222222,-666666666,-222222222,-666666666,-222222222,-666666666,-222222222,-666666666,-222222222,06,58940
"Quartz Hill CDP, California",1540,374,-666666666,-222222222,1129,25,1574,180,2308,315,3501,-333333333,-666666666,-222222222,06,59052
"Quincy CDP, California",1026,866,-666666666,-222222222,627,328,1199,297,-666666666,-222222222,-666666666,-222222222,-666666666,-222222222,06,59080
"Rackerby CDP, California",1344,70,-666666666,-222222222,-666666666,-222222222,-666666666,-222222222,-666666666,-222222222,-666666666,-222222222,-666666666,-222222222,06,59115
"Rail Road Flat CDP, California",914,419,-666666666,-222222222,-666666666,-222222222,765,439,-666666666,-222222222,-666666666,-222222222,-666666666,-222222222,06,59220
"Rainbow CDP, California",2085,442,-666666666,-222222222,-666666666,-222222222,1683,1092,2200,1216,-666666666,-222222222,-666666666,-222222222,06,59248
"Raisin City CDP, California",-666666666,-222222222,-666666666,-222222222,-666666666,-222222222,-666666666,-222222222,-666666666,-222222222,-666666666,-222222222,-666666666,-222222222,06,59290
"Ramona CDP, California",1830,92,-666666666,-222222222,1581,219,1799,102,2107,451,2723,88,-666666666,-222222222,06,59346
"Rancho Calaveras CDP, California",1826,458,-666666666,-222222222,-666666666,-222222222,1818,142,-666666666,-222222222,-666666666,-222222222,-666666666,-222222222,06,59426
"Rancho Cordova city, California",1787,53,1373,238,1459,116,1773,75,2059,108,2559,395,3127,1993,06,59444
"Rancho Cucamonga city, California",2357,42,1965,195,2057,74,2314,49,2801,77,3137,196,3501,-333333333,06,59451
"Rancho Mirage city, California",1510,322,1494,371,1061,170,1500,819,1683,811,3501,-333333333,-666666666,-222222222,06,59500
"Rancho Mission Viejo CDP, California",3501,-333333333,2715,112,2553,648,3501,-333333333,3501,-333333333,3501,-333333333,-666666666,-222222222,06,59503
"Rancho Murieta CDP, California",-666666666,-222222222,-666666666,-222222222,-666666666,-222222222,-666666666,-222222222,-666666666,-222222222,-666666666,-222222222,-666666666,-222222222,06,59506
"Rancho Palos Verdes city, California",3501,-333333333,2469,1092,2381,166,2935,340,3501,-333333333,3501,-333333333,3501,-333333333,06,59514
"Rancho San Diego CDP, California",2618,286,2428,1183,2363,139,2583,431,3333,191,3250,2350,-666666666,-222222222,06,59550
"Rancho Santa Fe CDP, California",3501,-333333333,-666666666,-222222222,-666666666,-222222222,-666666666,-222222222,-666666666,-222222222,-666666666,-222222222,-666666666,-222222222,06,59584
"Rancho Santa Margarita city, California",2625,120,2219,44,2266,70,2835,96,3501,-333333333,3501,-333333333,-666666666,-222222222,06,59587
"Rancho Tehama Reserve CDP, California",937,169,-666666666,-222222222,-666666666,-222222222,-666666666,-222222222,-666666666,-222222222,-666666666,-222222222,-666666666,-222222222,06,59604
"Randsburg CDP, California",-666666666,-222222222,-666666666,-222222222,-666666666,-222222222,-666666666,-222222222,-666666666,-222222222,-666666666,-222222222,-666666666,-222222222,06,59668
"Red Bluff city, California",1121,80,-666666666,-222222222,747,190,1103,61,1564,224,1903,673,-666666666,-222222222,06,59892
"Red Corral CDP, California",-666666666,-222222222,-666666666,-222222222,-666666666,-222222222,-666666666,-222222222,-666666666,-222222222,-666666666,-222222222,-666666666,-222222222,06,59896
"Redcrest CDP, California",-666666666,-222222222,-666666666,-222222222,-666666666,-222222222,-666666666,-222222222,-666666666,-222222222,-666666666,-222222222,-666666666,-222222222,06,59906
"Redding city, California",1379,44,995,291,998,67,1309,49,1924,90,2478,228,1764,555,06,59920
"Redlands city, California",2005,66,2103,269,1713,88,1979,100,2255,96,2305,162,3501,-333333333,06,59962
"Redondo Beach city, California",2691,71,2267,117,2286,72,2669,68,3501,-333333333,3501,-333333333,3501,-333333333,06,60018
"Redway CDP, California",659,352,-666666666,-222222222,-666666666,-222222222,-666666666,-222222222,-666666666,-222222222,-666666666,-222222222,-666666666,-222222222,06,60088
"Redwood City city, California",2968,76,2217,187,2735,101,3366,162,3501,-333333333,3501,-333333333,3501,-333333333,06,60102
"Redwood Valley CDP, California",-666666666,-222222222,-666666666,-222222222,-666666666,-222222222,-666666666,-222222222,-666666666,-222222222,-666666666,-222222222,-666666666,-222222222,06,60214
"Reedley city, California",1288,70,1219,206,958,172,1189,95,1445,125,2149,445,-666666666,-222222222,06,60242
"Reliez Valley CDP, California",3501,-333333333,-666666666,-222222222,-666666666,-222222222,-666666666,-222222222,-666666666,-222222222,-666666666,-222222222,-666666666,-222222222,06,60279
"Rexland Acres CDP, California",1435,149,-666666666,-222222222,-666666666,-222222222,1250,1084,1440,158,-666666666,-222222222,-666666666,-222222222,06,60370
"Rialto city, California",1759,59,1201,154,1197,151,1681,55,2037,116,2504,231,3174,315,06,60466
"Richfield CDP, California",1222,499,-666666666,-222222222,-666666666,-222222222,-666666666,-222222222,-666666666,-222222222,-666666666,-222222222,-666666666,-222222222,06,60592
"Richgrove CDP, California",961,116,-666666666,-222222222,836,301,881,183,1033,157,-666666666,-222222222,-666666666,-222222222,06,60606
"Richmond city, California",1960,90,1538,260,1593,142,2073,130,2571,251,2439,466,3165,959,06,60620
"Richvale CDP, California",-666666666,-222222222,-666666666,-222222222,-666666666,-222222222,-666666666,-222222222,-666666666,-222222222,-666666666,-222222222,-666666666,-222222222,06,60662
"Ridgecrest city, California",1186,101,862,91,836,64,1080,160,1392,216,1918,538,-666666666,-222222222,06,60704
"Ridgecrest Heights CDP, California",-666666666,-222222222,-666666666,-222222222,-666666666,-222222222,-666666666,-222222222,-666666666,-222222222,-666666666,-222222222,-666666666,-222222222,06,60705
"Ridgemark CDP, California",3412,528,-666666666,-222222222,-666666666,-222222222,2568,329,3501,-333333333,-666666666,-222222222,-666666666,-222222222,06,60706
"Rio Dell city, California",1042,127,942,17,1095,335,1168,120,-666666666,-222222222,-666666666,-222222222,-666666666,-222222222,06,60900
"Rio del Mar CDP, California",3407,326,-666666666,-222222222,-666666666,-222222222,3015,350,3501,-333333333,3501,-333333333,-666666666,-222222222,06,60928
"Rio Linda CDP, California",1839,200,-666666666,-222222222,1558,680,1471,216,2181,99,1439,244,-666666666,-222222222,06,60942
"Rio Oso CDP, California",1625,353,-666666666,-222222222,-666666666,-222222222,-666666666,-222222222,1656,364,-666666666,-222222222,-666666666,-222222222,06,60970
"Rio Vista city, California",1724,246,1571,1517,1069,620,1790,146,2441,648,-666666666,-222222222,-666666666,-222222222,06,60984
"Ripley CDP, California",542,160,-666666666,-222222222,-666666666,-222222222,-666666666,-222222222,-666666666,-222222222,-666666666,-222222222,-666666666,-222222222,06,61012
"Ripon city, California",1851,150,-666666666,-222222222,1445,245,1732,176,2198,137,2844,2396,-666666666,-222222222,06,61026
"Riverbank city, California",1604,226,-666666666,-222222222,864,75,1487,211,1802,226,2132,642,2713,121,06,61068
"Riverdale CDP, California",1126,99,-666666666,-222222222,-666666666,-222222222,1043,513,1568,447,-666666666,-222222222,-666666666,-222222222,06,61096
"Riverdale Park CDP, California",1554,616,-666666666,-222222222,-666666666,-222222222,-666666666,-222222222,1625,472,-666666666,-222222222,-666666666,-222222222,06,61106
"Rivergrove CDP, California",-666666666,-222222222,-666666666,-222222222,-666666666,-222222222,-666666666,-222222222,-666666666,-222222222,-666666666,-222222222,-666666666,-222222222,06,61108
"River Pines CDP, California",-666666666,-222222222,-666666666,-222222222,-666666666,-222222222,-666666666,-222222222,-666666666,-222222222,-666666666,-222222222,-666666666,-222222222,06,61124
"Riverside city, California",1914,33,1540,91,1597,54,1905,44,2218,67,2475,124,2962,392,06,62000
"Robbins CDP, California",-666666666,-222222222,-666666666,-222222222,-666666666,-222222222,-666666666,-222222222,-666666666,-222222222,-666666666,-222222222,-666666666,-222222222,06,62168
"Robinson Mill CDP, California",-666666666,-222222222,-666666666,-222222222,-666666666,-222222222,-666666666,-222222222,-666666666,-222222222,-666666666,-222222222,-666666666,-222222222,06,62200
"Rocklin city, California",2258,51,2051,201,1856,160,2212,66,2653,142,3164,360,3351,369,06,62364
"Rodeo CDP, California",2190,206,-666666666,-222222222,662,142,2268,171,2481,264,2527,1265,-666666666,-222222222,06,62490
"Rodriguez Camp CDP, California",532,291,-666666666,-222222222,-666666666,-222222222,-666666666,-222222222,-666666666,-222222222,-666666666,-222222222,-666666666,-222222222,06,62496
"Rohnert Park city, California",2279,72,1726,131,2008,158,2283,74,3106,171,3169,421,3501,-333333333,06,62546
"Rolling Hills city, California",3501,-333333333,-666666666,-222222222,-666666666,-222222222,-666666666,-222222222,-666666666,-222222222,-666666666,-222222222,-666666666,-222222222,06,62602
"Rolling Hills CDP, California",-666666666,-222222222,-666666666,-222222222,-666666666,-222222222,-666666666,-222222222,-666666666,-222222222,-666666666,-222222222,-666666666,-222222222,06,62625
"Rolling Hills Estates city, California",3501,-333333333,-666666666,-222222222,-666666666,-222222222,3501,-333333333,3501,-333333333,3501,-333333333,-666666666,-222222222,06,62644
"Rollingwood CDP, California",1836,593,-666666666,-222222222,1410,98,-666666666,-222222222,2490,1276,-666666666,-222222222,-666666666,-222222222,06,62700
"Romoland CDP, California",2043,405,-666666666,-222222222,-666666666,-222222222,-666666666,-222222222,-666666666,-222222222,-666666666,-222222222,-666666666,-222222222,06,62756
"Rosamond CDP, California",1498,185,-666666666,-222222222,579,278,1444,148,1698,252,1727,122,-666666666,-222222222,06,62826
"Rosedale CDP, California",1637,907,-666666666,-222222222,-666666666,-222222222,1112,294,1885,981,891,644,-666666666,-222222222,06,62854
"Rose Hills CDP, California",2172,374,-666666666,-222222222,-666666666,-222222222,2336,304,-666666666,-222222222,-666666666,-222222222,-666666666,-222222222,06,62860
"Rosemead city, California",1834,59,1346,105,1354,71,1792,51,2260,121,2241,132,2510,1869,06,62896
"Rosemont CDP, California",1831,103,-666666666,-222222222,1450,69,1758,139,2124,143,2365,388,-666666666,-222222222,06,62910
"Roseville city, California",2142,55,2105,182,1692,64,2140,48,2569,79,3056,135,3399,380,06,62938
"Ross town, California",3501,-333333333,-666666666,-222222222,-666666666,-222222222,3501,-333333333,-666666666,-222222222,-666666666,-222222222,-666666666,-222222222,06,62980
"Rossmoor CDP, California",3501,-333333333,-666666666,-222222222,2787,105,-666666666,-222222222,3501,-333333333,3501,-333333333,-666666666,-222222222,06,63050
"Rough and Ready CDP, California",1214,241,-666666666,-222222222,-666666666,-222222222,-666666666,-222222222,-666666666,-222222222,-666666666,-222222222,-666666666,-222222222,06,63106
"Round Mountain CDP, California",-666666666,-222222222,-666666666,-222222222,-666666666,-222222222,-666666666,-222222222,-666666666,-222222222,-666666666,-222222222,-666666666,-222222222,06,63134
"Round Valley CDP, California",1357,98,-666666666,-222222222,-666666666,-222222222,1486,320,1296,139,-666666666,-222222222,-666666666,-222222222,06,63148
"Rouse CDP, California",1383,309,-666666666,-222222222,-666666666,-222222222,1152,355,1362,306,-666666666,-222222222,-666666666,-222222222,06,63168
"Rowland Heights CDP, California",1967,67,1706,258,1706,108,1857,54,2354,188,3172,495,2808,1219,06,63218
"Rumsey CDP, California",-666666666,-222222222,-666666666,-222222222,-666666666,-222222222,-666666666,-222222222,-666666666,-222222222,-666666666,-222222222,-666666666,-222222222,06,63302
"Running Springs CDP, California",1804,322,-666666666,-222222222,-666666666,-222222222,1921,618,1726,783,-666666666,-222222222,-666666666,-222222222,06,63316
"Ruth CDP, California",-666666666,-222222222,-666666666,-222222222,-666666666,-222222222,-666666666,-222222222,-666666666,-222222222,-666666666,-222222222,-666666666,-222222222,06,63386
"Rutherford CDP, California",-666666666,-222222222,-666666666,-222222222,-666666666,-222222222,-666666666,-222222222,-666666666,-222222222,-666666666,-222222222,-666666666,-222222222,06,63400
"Sacramento city, California",1779,19,1425,105,1530,41,1839,30,2059,50,2186,82,2522,416,06,64000
"Sage CDP, California",2363,1275,-666666666,-222222222,-666666666,-222222222,-666666666,-222222222,2606,422,-666666666,-222222222,-666666666,-222222222,06,64056
"St. Helena city, California",2535,420,1833,276,-666666666,-222222222,2768,279,1936,1323,3501,-333333333,-666666666,-222222222,06,64140
"Salida CDP, California",2081,220,-666666666,-222222222,-666666666,-222222222,1894,1442,2131,206,1919,569,-666666666,-222222222,06,64210
"Salinas city, California",1991,47,1684,115,1691,66,2065,62,2240,108,2599,186,3501,-333333333,06,64224
"Salmon Creek CDP, California",-666666666,-222222222,-666666666,-222222222,-666666666,-222222222,-666666666,-222222222,-666666666,-222222222,-666666666,-222222222,-666666666,-222222222,06,64252
"Salton City CDP, California",1372,89,-666666666,-222222222,-666666666,-222222222,-666666666,-222222222,1346,78,-666666666,-222222222,-666666666,-222222222,06,64294
"Salton Sea Beach CDP, California",-666666666,-222222222,-666666666,-222222222,-666666666,-222222222,-666666666,-222222222,-666666666,-222222222,-666666666,-222222222,-666666666,-222222222,06,64308
"Salyer CDP, California",-666666666,-222222222,-666666666,-222222222,-666666666,-222222222,-666666666,-222222222,-666666666,-222222222,-666666666,-222222222,-666666666,-222222222,06,64378
"Samoa CDP, California",1125,735,-666666666,-222222222,-666666666,-222222222,1141,144,876,463,-666666666,-222222222,-666666666,-222222222,06,64392
"San Andreas CDP, California",1327,359,-666666666,-222222222,679,277,1361,328,2167,331,-666666666,-222222222,-666666666,-222222222,06,64420
"San Anselmo town, California",2797,327,1644,778,2372,201,3324,438,3501,-333333333,3501,-333333333,-666666666,-222222222,06,64434
"San Antonio Heights CDP, California",1683,408,-666666666,-222222222,1700,618,1661,602,-666666666,-222222222,-666666666,-222222222,-666666666,-222222222,06,64462
"San Ardo CDP, California",1225,323,-666666666,-222222222,-666666666,-222222222,-666666666,-222222222,1354,493,-666666666,-222222222,-666666666,-222222222,06,64476
"San Bernardino city, California",1508,34,1198,165,1200,48,1565,50,1916,66,2165,243,1542,1503,06,65000
"San Bruno city, California",2773,119,1974,296,2415,142,2904,171,3501,-333333333,3501,-333333333,3501,-333333333,06,65028
"San Buenaventura (Ventura) city, California",2198,47,1695,168,1894,110,2299,67,2596,156,3054,265,-666666666,-222222222,06,65042
"San Carlos city, California",2854,128,2133,247,2482,130,3286,464,3501,-333333333,3501,-333333333,3501,-333333333,06,65070
"San Clemente city, California",2460,118,1717,117,2131,117,2572,156,3394,391,3501,-333333333,3501,-333333333,06,65084
"Sand City city, California",2316,640,2000,363,1853,484,2107,556,3150,349,-666666666,-222222222,-666666666,-222222222,06,65112
"San Diego city, California",2313,18,1797,46,1963,24,2442,25,2948,73,3501,-333333333,3501,-333333333,06,66000
"San Diego Country Estates CDP, California",2851,304,-666666666,-222222222,-666666666,-222222222,-666666666,-222222222,3313,346,-666666666,-222222222,-666666666,-222222222,06,66004
"San Dimas city, California",2278,99,2094,519,1878,139,2298,102,2561,246,2856,732,3501,-333333333,06,66070
"San Fernando city, California",1748,71,1743,171,1541,159,1804,111,2031,428,3501,-333333333,-666666666,-222222222,06,66140
"San Francisco city, California",2476,30,1574,61,2455,48,3124,65,3469,137,3501,-333333333,1913,466,06,67000
"San Gabriel city, California",1915,53,1404,115,1646,56,1916,59,2455,222,3214,180,-666666666,-222222222,06,67042
"Sanger city, California",1209,92,934,154,955,48,1122,84,1447,187,1756,665,-666666666,-222222222,06,67056
"San Geronimo CDP, California",-666666666,-222222222,-666666666,-222222222,-666666666,-222222222,-666666666,-222222222,-666666666,-222222222,-666666666,-222222222,-666666666,-222222222,06,67070
"San Jacinto city, California",1615,233,717,80,1036,413,1271,239,2015,243,3017,730,3114,866,06,67112
"San Joaquin city, California",967,120,-666666666,-222222222,-666666666,-222222222,912,136,1360,134,-666666666,-222222222,-666666666,-222222222,06,67126
"San Jose city, California",2669,28,2085,89,2297,37,2732,41,3479,84,3501,-333333333,3501,-333333333,06,68000
"San Juan Bautista city, California",1889,262,-666666666,-222222222,1635,302,2022,313,2852,924,-666666666,-222222222,-666666666,-222222222,06,68014
"San Juan Capistrano city, California",2438,197,1395,571,1885,313,2401,341,2643,223,3501,-333333333,-666666666,-222222222,06,68028
"San Leandro city, California",2186,69,1650,144,1812,70,2422,99,2876,196,3082,909,3268,89,06,68084
"San Lorenzo CDP, California",2163,166,1304,745,1063,497,2182,116,2860,325,2266,539,-666666666,-222222222,06,68112
"San Lucas CDP, California",1679,275,-666666666,-222222222,-666666666,-222222222,-666666666,-222222222,-666666666,-222222222,-666666666,-222222222,-666666666,-222222222,06,68140
"San Luis Obispo city, California",1965,82,1438,97,1535,97,2154,69,2655,347,2408,728,3333,1220,06,68154
"San Marcos city, California",2348,76,1799,340,2041,145,2331,91,2602,276,3185,659,3501,-333333333,06,68196
"San Marino city, California",3501,-333333333,-666666666,-222222222,-666666666,-222222222,3501,-333333333,3501,-333333333,3501,-333333333,3501,-333333333,06,68224
"San Martin CDP, California",2613,526,-666666666,-222222222,2059,375,1500,357,2781,209,2912,1734,-666666666,-222222222,06,68238
"San Mateo city, California",3077,100,2307,107,2663,122,3424,121,3501,-333333333,3501,-333333333,3501,-333333333,06,68252
"San Miguel CDP (Contra Costa County), California",2758,229,-666666666,-222222222,-666666666,-222222222,-666666666,-222222222,2781,426,-666666666,-222222222,-666666666,-222222222,06,68263
"San Miguel CDP (San Luis Obispo County), California",1791,490,-666666666,-222222222,-666666666,-222222222,1974,394,1756,672,-666666666,-222222222,-666666666,-222222222,06,68266
"San Pablo city, California",2018,118,1709,408,1481,179,2141,108,2293,229,2789,577,1587,337,06,68294
"San Pasqual CDP, California",2180,250,1810,105,1790,257,2677,558,3501,-333333333,-666666666,-222222222,-666666666,-222222222,06,68308
"San Rafael city, California",2377,73,1910,126,2062,164,2664,131,3501,-333333333,3501,-333333333,2844,2214,06,68364
"San Ramon city, California",2968,96,2274,167,2547,125,3000,136,3501,-333333333,3501,-333333333,3501,-333333333,06,68378
"San Simeon CDP, California",1311,521,-666666666,-222222222,-666666666,-222222222,1422,543,-666666666,-222222222,-666666666,-222222222,-666666666,-222222222,06,68434
"Santa Ana city, California",2082,31,1574,105,1812,39,2188,33,2570,90,2708,194,2483,355,06,69000
"Santa Barbara city, California",2413,62,1867,115,2111,67,2772,101,3499,236,3501,-333333333,2467,414,06,69070
"Santa Clara city, California",3016,60,2615,201,2656,100,3153,78,3501,-333333333,3501,-333333333,3501,-333333333,06,69084
"Santa Clarita city, California",2544,58,1962,360,2109,105,2511,60,3024,116,3501,-333333333,3461,1039,06,69088
"Santa Cruz city, California",2452,128,1634,182,1973,167,2758,112,3501,-333333333,2955,452,3501,-333333333,06,69112
"Santa Fe Springs city, California",2033,139,2253,102,1647,337,2123,259,2329,297,-666666666,-222222222,-666666666,-222222222,06,69154
"Santa Margarita CDP, California",-666666666,-222222222,-666666666,-222222222,-666666666,-222222222,-666666666,-222222222,-666666666,-222222222,-666666666,-222222222,-666666666,-222222222,06,69182
"Santa Maria city, California",1925,50,1520,263,1621,92,1856,45,2278,79,2348,174,3207,890,06,69196
"Santa Monica city, California",2402,88,1680,116,2322,92,2834,155,2887,452,3501,-333333333,3501,-333333333,06,70000
"Santa Nella CDP, California",-666666666,-222222222,-666666666,-222222222,-666666666,-222222222,795,59,1577,765,-666666666,-222222222,-666666666,-222222222,06,70028
"Santa Paula city, California",1736,72,1199,247,1362,74,1719,56,2167,242,2224,365,-666666666,-222222222,06,70042
"Santa Rosa city, California",2152,51,1679,159,1721,74,2192,56,2714,71,3280,369,3415,872,06,70098
"Santa Rosa Valley CDP, California",2846,1298,-666666666,-222222222,-666666666,-222222222,-666666666,-222222222,2846,1310,-666666666,-222222222,-666666666,-222222222,06,70130
"Santa Susana CDP, California",-666666666,-222222222,-666666666,-222222222,-666666666,-222222222,-666666666,-222222222,-666666666,-222222222,-666666666,-222222222,-666666666,-222222222,06,70140
"Santa Venetia CDP, California",-666666666,-222222222,-666666666,-222222222,629,164,-666666666,-222222222,3501,-333333333,-666666666,-222222222,-666666666,-222222222,06,70154
"Santa Ynez CDP, California",1969,1359,-666666666,-222222222,496,244,1734,345,3457,666,3501,-333333333,-666666666,-222222222,06,70182
"Santee city, California",2250,84,1829,567,1752,121,2141,96,2605,321,2985,383,2728,137,06,70224
"Saranap CDP, California",2540,368,-666666666,-222222222,2277,125,3059,525,3501,-333333333,-666666666,-222222222,-666666666,-222222222,06,70266
"Saratoga city, California",3501,-333333333,2186,1042,-666666666,-222222222,2919,882,3501,-333333333,3501,-333333333,3501,-333333333,06,70280
"Saticoy CDP, California",2292,1346,-666666666,-222222222,-666666666,-222222222,2561,1963,2083,971,-666666666,-222222222,-666666666,-222222222,06,70322
"Sattley CDP, California",-666666666,-222222222,-666666666,-222222222,-666666666,-222222222,-666666666,-222222222,-666666666,-222222222,-666666666,-222222222,-666666666,-222222222,06,70336
"Sausalito city, California",3501,-333333333,2363,410,2456,245,3501,-333333333,3501,-333333333,3501,-333333333,-666666666,-222222222,06,70364
"Scotia CDP, California",1185,99,-666666666,-222222222,-666666666,-222222222,1157,71,-666666666,-222222222,-666666666,-222222222,-666666666,-222222222,06,70518
"Scotts Valley city, California",2491,302,1225,322,1719,421,2426,214,3501,-333333333,-666666666,-222222222,-666666666,-222222222,06,70588
"Seacliff CDP, California",2462,172,2011,386,2260,23,2702,185,3501,-333333333,-666666666,-222222222,-666666666,-222222222,06,70644
"Seal Beach city, California",2649,138,2254,125,2359,190,2759,196,3501,-333333333,3501,-333333333,-666666666,-222222222,06,70686
"Sea Ranch CDP, California",-666666666,-222222222,-666666666,-222222222,-666666666,-222222222,-666666666,-222222222,-666666666,-222222222,-666666666,-222222222,-666666666,-222222222,06,70712
"Searles Valley CDP, California",819,63,-666666666,-222222222,725,150,697,210,885,76,-666666666,-222222222,-666666666,-222222222,06,70728
"Seaside city, California",2409,116,1405,95,1736,59,2198,119,2924,159,2964,376,3212,2896,06,70742
"Sebastopol city, California",1902,224,884,797,1719,587,2202,126,-666666666,-222222222,3250,1392,-666666666,-222222222,06,70770
"Seeley CDP, California",1100,60,-666666666,-222222222,-666666666,-222222222,1104,46,-666666666,-222222222,-666666666,-222222222,-666666666,-222222222,06,70798
"Selma city, California",1232,110,732,351,853,241,1079,124,1466,172,1488,601,-666666666,-222222222,06,70882
"Sequoia Crest CDP, California",-666666666,-222222222,-666666666,-222222222,-666666666,-222222222,-666666666,-222222222,-666666666,-222222222,-666666666,-222222222,-666666666,-222222222,06,70966
"Sereno del Mar CDP, California",-666666666,-222222222,-666666666,-222222222,-666666666,-222222222,-666666666,-222222222,-666666666,-222222222,-666666666,-222222222,-666666666,-222222222,06,71000
"Seville CDP, California",1200,384,-666666666,-222222222,-666666666,-222222222,1188,497,1180,372,-666666666,-222222222,-666666666,-222222222,06,71078
"Shafter city, California",1253,150,599,502,924,77,1095,113,1531,160,1794,879,-666666666,-222222222,06,71106
"Shandon CDP, California",-666666666,-222222222,-666666666,-222222222,-666666666,-222222222,-666666666,-222222222,-666666666,-222222222,-666666666,-222222222,-666666666,-222222222,06,71134
"Shasta CDP, California",-666666666,-222222222,-666666666,-222222222,-666666666,-222222222,-666666666,-222222222,-666666666,-222222222,-666666666,-222222222,-666666666,-222222222,06,71218
"Shasta Lake city, California",1298,226,-666666666,-222222222,724,318,1038,275,1628,112,2044,467,-666666666,-222222222,06,71225
"Shaver Lake CDP, California",-666666666,-222222222,-666666666,-222222222,-666666666,-222222222,-666666666,-222222222,-666666666,-222222222,-666666666,-222222222,-666666666,-222222222,06,71246
"Sheep Ranch CDP, California",-666666666,-222222222,-666666666,-222222222,-666666666,-222222222,-666666666,-222222222,-666666666,-222222222,-666666666,-222222222,-666666666,-222222222,06,71302
"Shell Ridge CDP, California",-666666666,-222222222,-666666666,-222222222,-666666666,-222222222,-666666666,-222222222,-666666666,-222222222,-666666666,-222222222,-666666666,-222222222,06,71362
"Shelter Cove CDP, California",-666666666,-222222222,-666666666,-222222222,-666666666,-222222222,-666666666,-222222222,-666666666,-222222222,-666666666,-222222222,-666666666,-222222222,06,71372
"Sheridan CDP, California",1835,981,-666666666,-222222222,-666666666,-222222222,-666666666,-222222222,-666666666,-222222222,-666666666,-222222222,-666666666,-222222222,06,71414
"Shingle Springs CDP, California",1411,680,-666666666,-222222222,-666666666,-222222222,1868,753,-666666666,-222222222,-666666666,-222222222,-666666666,-222222222,06,71554
"Shingletown CDP, California",-666666666,-222222222,-666666666,-222222222,-666666666,-222222222,-666666666,-222222222,-666666666,-222222222,-666666666,-222222222,-666666666,-222222222,06,71568
"Shoshone CDP, California",-666666666,-222222222,-666666666,-222222222,-666666666,-222222222,-666666666,-222222222,-666666666,-222222222,-666666666,-222222222,-666666666,-222222222,06,71680
"Sierra Brooks CDP, California",-666666666,-222222222,-666666666,-222222222,-666666666,-222222222,-666666666,-222222222,-666666666,-222222222,-666666666,-222222222,-666666666,-222222222,06,71774
"Sierra City CDP, California",-666666666,-222222222,-666666666,-222222222,-666666666,-222222222,-666666666,-222222222,-666666666,-222222222,-666666666,-222222222,-666666666,-222222222,06,71778
"Sierra Madre city, California",2198,98,1267,650,1881,517,2261,106,2270,913,3501,-333333333,-666666666,-222222222,06,71806
"Sierra Village CDP, California",-666666666,-222222222,-666666666,-222222222,-666666666,-222222222,-666666666,-222222222,-666666666,-222222222,-666666666,-222222222,-666666666,-222222222,06,71834
"Sierraville CDP, California",-666666666,-222222222,-666666666,-222222222,-666666666,-222222222,-666666666,-222222222,-666666666,-222222222,-666666666,-222222222,-666666666,-222222222,06,71848
"Signal Hill city, California",1851,120,1421,134,1594,186,2067,223,2355,1232,2862,398,-666666666,-222222222,06,71876
"Silverado CDP, California",2164,282,-666666666,-222222222,-666666666,-222222222,1967,819,-666666666,-222222222,-666666666,-222222222,-666666666,-222222222,06,71918
"Silverado Resort CDP, California",3501,-333333333,-666666666,-222222222,-666666666,-222222222,-666666666,-222222222,-666666666,-222222222,-666666666,-222222222,-666666666,-222222222,06,71927
"Silver City CDP, California",-666666666,-222222222,-666666666,-222222222,-666666666,-222222222,-666666666,-222222222,-666666666,-222222222,-666666666,-222222222,-666666666,-222222222,06,71932
"Silver Lakes CDP, California",1720,256,-666666666,-222222222,-666666666,-222222222,-666666666,-222222222,1693,581,-666666666,-222222222,-666666666,-222222222,06,71964
"Simi Valley city, California",2579,87,1961,499,2180,84,2461,101,3130,138,3369,163,3501,-333333333,06,72016
"Sisquoc CDP, California",1681,774,-666666666,-222222222,-666666666,-222222222,1694,772,-666666666,-222222222,-666666666,-222222222,-666666666,-222222222,06,72086
"Sky Valley CDP, California",863,258,-666666666,-222222222,-666666666,-222222222,-666666666,-222222222,836,107,-666666666,-222222222,-666666666,-222222222,06,72156
"Sleepy Hollow CDP, California",-666666666,-222222222,-666666666,-222222222,-666666666,-222222222,-666666666,-222222222,-666666666,-222222222,-666666666,-222222222,-666666666,-222222222,06,72184
"Smartsville CDP, California",-666666666,-222222222,-666666666,-222222222,-666666666,-222222222,-666666666,-222222222,-666666666,-222222222,-666666666,-222222222,-666666666,-222222222,06,72282
"Smith Corner CDP, California",-666666666,-222222222,-666666666,-222222222,-666666666,-222222222,-666666666,-222222222,-666666666,-222222222,-666666666,-222222222,-666666666,-222222222,06,72338
"Smith River CDP, California",-666666666,-222222222,-666666666,-222222222,-666666666,-222222222,-666666666,-222222222,-666666666,-222222222,-666666666,-222222222,-666666666,-222222222,06,72380
"Snelling CDP, California",-666666666,-222222222,-666666666,-222222222,-666666666,-222222222,-666666666,-222222222,-666666666,-222222222,-666666666,-222222222,-666666666,-222222222,06,72408
"Soda Bay CDP, California",1675,1588,-666666666,-222222222,-666666666,-222222222,-666666666,-222222222,-666666666,-222222222,-666666666,-222222222,-666666666,-222222222,06,72478
"Soda Springs CDP, California",-666666666,-222222222,-666666666,-222222222,-666666666,-222222222,-666666666,-222222222,-666666666,-222222222,-666666666,-222222222,-666666666,-222222222,06,72492
"Solana Beach city, California",3212,306,2379,419,2641,554,3501,-333333333,3471,601,3501,-333333333,-666666666,-222222222,06,72506
"Soledad city, California",1698,132,986,702,-666666666,-222222222,1681,112,2038,242,2154,339,-666666666,-222222222,06,72520
"Solvang city, California",1666,199,-666666666,-222222222,1304,230,1798,56,3316,314,-666666666,-222222222,-666666666,-222222222,06,72576
"Somis CDP, California",2548,375,-666666666,-222222222,-666666666,-222222222,-666666666,-222222222,-666666666,-222222222,-666666666,-222222222,-666666666,-222222222,06,72632
"Sonoma city, California",2226,204,-666666666,-222222222,1403,131,2317,216,3224,733,-666666666,-222222222,-666666666,-222222222,06,72646
"Sonoma State University CDP, California",-666666666,-222222222,-666666666,-222222222,-666666666,-222222222,-666666666,-222222222,-666666666,-222222222,-666666666,-222222222,-666666666,-222222222,06,72654
"Sonora city, California",1238,182,889,219,918,324,1509,296,1858,233,-666666666,-222222222,-666666666,-222222222,06,72674
"Soquel CDP, California",2266,248,-666666666,-222222222,1886,284,2328,357,3501,-333333333,-666666666,-222222222,-666666666,-222222222,06,72688
"Soulsbyville CDP, California",-666666666,-222222222,-666666666,-222222222,-666666666,-222222222,-666666666,-222222222,-666666666,-222222222,-666666666,-222222222,-666666666,-222222222,06,72772
"South Dos Palos CDP, California",1585,607,-666666666,-222222222,-666666666,-222222222,-666666666,-222222222,1535,979,-666666666,-222222222,-666666666,-222222222,06,72954
"South El Monte city, California",1752,101,1342,832,1213,169,1843,132,2157,181,2676,464,-666666666,-222222222,06,72996
"South Gate city, California",1531,47,1211,106,1344,33,1672,49,2123,132,2288,1133,1708,746,06,73080
"South Lake Tahoe city, California",1606,130,952,236,1310,84,1733,96,2086,202,2355,725,-666666666,-222222222,06,73108
"South Monrovia Island CDP, California",1814,306,-666666666,-222222222,-666666666,-222222222,1663,233,2775,795,-666666666,-222222222,-666666666,-222222222,06,73167
"South Oroville CDP, California",1412,157,-666666666,-222222222,-666666666,-222222222,1323,173,1721,919,-666666666,-222222222,-666666666,-222222222,06,73178
"South Pasadena city, California",2284,52,1954,295,2032,122,2428,91,3501,-333333333,3501,-333333333,-666666666,-222222222,06,73220
"South San Francisco city, California",2802,140,2200,205,2405,156,2920,164,3501,-333333333,3501,-333333333,2435,2360,06,73262
"South San Gabriel CDP, California",2148,431,-666666666,-222222222,992,852,1847,225,2864,393,-666666666,-222222222,2789,450,06,73276
"South San Jose Hills CDP, California",1884,264,-666666666,-222222222,977,233,1770,418,2170,236,2240,711,-666666666,-222222222,06,73290
"South Taft CDP, California",955,113,-666666666,-222222222,918,324,884,97,1136,80,-666666666,-222222222,-666666666,-222222222,06,73388
"South Whittier CDP, California",1908,87,1429,167,1568,104,1933,162,2638,120,2432,554,2188,1106,06,73430
"Spaulding CDP, California",-666666666,-222222222,-666666666,-222222222,-666666666,-222222222,-666666666,-222222222,-666666666,-222222222,-666666666,-222222222,-666666666,-222222222,06,73554
"Spreckels CDP, California",-666666666,-222222222,-666666666,-222222222,-666666666,-222222222,-666666666,-222222222,-666666666,-222222222,-666666666,-222222222,-666666666,-222222222,06,73612
"Spring Garden CDP, California",-666666666,-222222222,-666666666,-222222222,-666666666,-222222222,-666666666,-222222222,-666666666,-222222222,-666666666,-222222222,-666666666,-222222222,06,73654
"Spring Valley CDP (Lake County), California",-666666666,-222222222,-666666666,-222222222,-666666666,-222222222,-666666666,-222222222,-666666666,-222222222,-666666666,-222222222,-666666666,-222222222,06,73690
"Spring Valley CDP (San Diego County), California",2166,90,1472,391,1988,235,2065,121,2275,189,2989,432,3501,-333333333,06,73696
"Spring Valley Lake CDP, California",2350,173,-666666666,-222222222,-666666666,-222222222,-666666666,-222222222,2329,244,2421,438,-666666666,-222222222,06,73700
"Springville CDP, California",-666666666,-222222222,-666666666,-222222222,-666666666,-222222222,-666666666,-222222222,-666666666,-222222222,-666666666,-222222222,-666666666,-222222222,06,73710
"Squaw Valley CDP, California",1129,476,-666666666,-222222222,-666666666,-222222222,-666666666,-222222222,1130,360,-666666666,-222222222,-666666666,-222222222,06,73794
"Squirrel Mountain Valley CDP, California",-666666666,-222222222,-666666666,-222222222,-666666666,-222222222,-666666666,-222222222,-666666666,-222222222,-666666666,-222222222,-666666666,-222222222,06,73815
"Stallion Springs CDP, California",2250,100,-666666666,-222222222,-666666666,-222222222,-666666666,-222222222,-666666666,-222222222,-666666666,-222222222,-666666666,-222222222,06,73868
"Stanford CDP, California",1976,111,1914,102,2079,331,2030,401,1813,1049,2268,734,-666666666,-222222222,06,73906
"Stanton city, California",1997,92,1979,176,1714,94,2053,113,2610,168,1891,817,1133,740,06,73962
"Stebbins CDP, California",-666666666,-222222222,-666666666,-222222222,-666666666,-222222222,-666666666,-222222222,-666666666,-222222222,-666666666,-222222222,-666666666,-222222222,06,74021
"Stevenson Ranch CDP, California",2841,216,-666666666,-222222222,2257,39,2845,140,3501,-333333333,3501,-333333333,-666666666,-222222222,06,74130
"Stevinson CDP, California",-666666666,-222222222,-666666666,-222222222,-666666666,-222222222,-666666666,-222222222,-666666666,-222222222,-666666666,-222222222,-666666666,-222222222,06,74144
"Stinson Beach CDP, California",-666666666,-222222222,-666666666,-222222222,-666666666,-222222222,-666666666,-222222222,-666666666,-222222222,-666666666,-222222222,-666666666,-222222222,06,74172
"Stirling City CDP, California",-666666666,-222222222,-666666666,-222222222,-666666666,-222222222,-666666666,-222222222,-666666666,-222222222,-666666666,-222222222,-666666666,-222222222,06,74186
"Stockton city, California",1577,34,1204,106,1240,50,1504,53,1850,56,2291,139,2844,741,06,75000
"Stones Landing CDP, California",-666666666,-222222222,-666666666,-222222222,-666666666,-222222222,-666666666,-222222222,-666666666,-222222222,-666666666,-222222222,-666666666,-222222222,06,75122
"Stonyford CDP, California",286,191,-666666666,-222222222,-666666666,-222222222,-666666666,-222222222,-666666666,-222222222,-666666666,-222222222,-666666666,-222222222,06,75154
"Stratford CDP, California",-666666666,-222222222,-666666666,-222222222,-666666666,-222222222,-666666666,-222222222,-666666666,-222222222,-666666666,-222222222,-666666666,-222222222,06,75252
"Strathmore CDP, California",871,174,-666666666,-222222222,-666666666,-222222222,1075,754,-666666666,-222222222,-666666666,-222222222,-666666666,-222222222,06,75280
"Strawberry CDP (Marin County), California",2958,413,1692,880,2670,257,2703,112,3501,-333333333,3501,-333333333,-666666666,-222222222,06,75315
"Strawberry CDP (Tuolumne County), California",-666666666,-222222222,-666666666,-222222222,-666666666,-222222222,-666666666,-222222222,-666666666,-222222222,-666666666,-222222222,-666666666,-222222222,06,75322
"Sugarloaf Saw Mill CDP, California",-666666666,-222222222,-666666666,-222222222,-666666666,-222222222,-666666666,-222222222,-666666666,-222222222,-666666666,-222222222,-666666666,-222222222,06,75592
"Sugarloaf Village CDP, California",-666666666,-222222222,-666666666,-222222222,-666666666,-222222222,-666666666,-222222222,-666666666,-222222222,-666666666,-222222222,-666666666,-222222222,06,75596
"Suisun City city, California",2157,94,-666666666,-222222222,1241,702,2045,368,2298,160,2510,309,3040,415,06,75630
"Sultana CDP, California",850,154,-666666666,-222222222,-666666666,-222222222,1013,157,819,211,-666666666,-222222222,-666666666,-222222222,06,75672
"Summerland CDP, California",-666666666,-222222222,-666666666,-222222222,-666666666,-222222222,-666666666,-222222222,-666666666,-222222222,-666666666,-222222222,-666666666,-222222222,06,75714
"Sunnyside CDP, California",1324,348,-666666666,-222222222,-666666666,-222222222,1181,549,3045,2072,-666666666,-222222222,-666666666,-222222222,06,75994
"Sunnyside-Tahoe City CDP, California",1745,201,1182,441,-666666666,-222222222,1741,206,-666666666,-222222222,-666666666,-222222222,-666666666,-222222222,06,76015
"Sunny Slopes CDP, California",-666666666,-222222222,-666666666,-222222222,-666666666,-222222222,-666666666,-222222222,-666666666,-222222222,-666666666,-222222222,-666666666,-222222222,06,76040
"Sunnyvale city, California",3039,59,2301,108,2732,52,3269,78,3501,-333333333,3501,-333333333,3501,-333333333,06,77000
"Sunol CDP, California",3501,-333333333,-666666666,-222222222,-666666666,-222222222,3313,605,-666666666,-222222222,-666666666,-222222222,-666666666,-222222222,06,77042
"Sun Village CDP, California",1753,190,-666666666,-222222222,-666666666,-222222222,-666666666,-222222222,1795,184,2136,433,1191,526,06,77308
"Susanville city, California",902,77,581,426,675,87,902,62,1466,98,-666666666,-222222222,-666666666,-222222222,06,77364
"Sutter CDP, California",1764,237,-666666666,-222222222,-666666666,-222222222,1593,687,2382,355,-666666666,-222222222,-666666666,-222222222,06,77378
"Sutter Creek city, California",1572,291,-666666666,-222222222,-666666666,-222222222,1644,225,2102,679,-666666666,-222222222,-666666666,-222222222,06,77392
"Swall Meadows CDP, California",-666666666,-222222222,-666666666,-222222222,-666666666,-222222222,-666666666,-222222222,-666666666,-222222222,-666666666,-222222222,-666666666,-222222222,06,77430
"Taft city, California",1069,189,-666666666,-222222222,600,195,981,84,1363,262,1914,420,-666666666,-222222222,06,77574
"Taft Heights CDP, California",1066,189,-666666666,-222222222,-666666666,-222222222,1036,246,1253,317,-666666666,-222222222,-666666666,-222222222,06,77588
"Taft Mosswood CDP, California",1786,324,-666666666,-222222222,-666666666,-222222222,-666666666,-222222222,1634,167,-666666666,-222222222,-666666666,-222222222,06,77595
"Tahoe Vista CDP, California",1027,845,-666666666,-222222222,-666666666,-222222222,-666666666,-222222222,-666666666,-222222222,-666666666,-222222222,-666666666,-222222222,06,77700
"Tahoma CDP, California",1843,292,-666666666,-222222222,1606,258,2111,298,-666666666,-222222222,-666666666,-222222222,-666666666,-222222222,06,77728
"Talmage CDP, California",1306,354,-666666666,-222222222,-666666666,-222222222,1329,278,-666666666,-222222222,-666666666,-222222222,-666666666,-222222222,06,77784
"Tamalpais-Homestead Valley CDP, California",3501,-333333333,1678,1263,3439,444,3501,-333333333,3501,-333333333,3501,-333333333,-666666666,-222222222,06,77805
"Tancred CDP, California",-666666666,-222222222,-666666666,-222222222,-666666666,-222222222,-666666666,-222222222,-666666666,-222222222,-666666666,-222222222,-666666666,-222222222,06,77860
"Tara Hills CDP, California",2451,265,-666666666,-222222222,2252,81,-666666666,-222222222,2839,467,-666666666,-222222222,-666666666,-222222222,06,77924
"Tarina CDP, California",-666666666,-222222222,-666666666,-222222222,-666666666,-222222222,-666666666,-222222222,-666666666,-222222222,-666666666,-222222222,-666666666,-222222222,06,77934
"Tarpey Village CDP, California",2163,549,-666666666,-222222222,-666666666,-222222222,-666666666,-222222222,2207,94,-666666666,-222222222,-666666666,-222222222,06,77960
"Taylorsville CDP, California",-666666666,-222222222,-666666666,-222222222,-666666666,-222222222,-666666666,-222222222,-666666666,-222222222,-666666666,-222222222,-666666666,-222222222,06,78008
"Tecopa CDP, California",-666666666,-222222222,-666666666,-222222222,-666666666,-222222222,-666666666,-222222222,-666666666,-222222222,-666666666,-222222222,-666666666,-222222222,06,78050
"Tehachapi city, California",1295,129,-666666666,-222222222,845,610,1218,139,1555,331,2120,1253,-666666666,-222222222,06,78092
"Tehama city, California",988,814,-666666666,-222222222,-666666666,-222222222,-666666666,-222222222,1292,798,-666666666,-222222222,-666666666,-222222222,06,78106
"Temecula city, California",2347,50,1988,255,1894,152,2194,57,2569,157,3093,247,3501,-333333333,06,78120
"Temelec CDP, California",3030,769,-666666666,-222222222,-666666666,-222222222,2650,813,-666666666,-222222222,-666666666,-222222222,-666666666,-222222222,06,78126
"Temescal Valley CDP, California",2938,821,-666666666,-222222222,-666666666,-222222222,-666666666,-222222222,2387,294,3501,-333333333,3501,-333333333,06,78138
"Temple City city, California",2135,137,1378,121,1652,115,2094,125,2873,201,3501,-333333333,-666666666,-222222222,06,78148
"Templeton CDP, California",2533,500,-666666666,-222222222,1241,432,-666666666,-222222222,2928,490,3084,339,-666666666,-222222222,06,78162
"Tennant CDP, California",-666666666,-222222222,-666666666,-222222222,-666666666,-222222222,-666666666,-222222222,-666666666,-222222222,-666666666,-222222222,-666666666,-222222222,06,78176
"Terminous CDP, California",-666666666,-222222222,-666666666,-222222222,-666666666,-222222222,-666666666,-222222222,-666666666,-222222222,-666666666,-222222222,-666666666,-222222222,06,78232
"Terra Bella CDP, California",1048,466,-666666666,-222222222,-666666666,-222222222,727,445,-666666666,-222222222,-666666666,-222222222,-666666666,-222222222,06,78288
"Teviston CDP, California",1108,222,-666666666,-222222222,-666666666,-222222222,-666666666,-222222222,1055,468,-666666666,-222222222,-666666666,-222222222,06,78336
"Thermal CDP, California",986,210,-666666666,-222222222,694,160,1254,320,933,292,-666666666,-222222222,-666666666,-222222222,06,78456
"Thermalito CDP, California",1178,165,-666666666,-222222222,949,114,1110,187,1539,295,-666666666,-222222222,-666666666,-222222222,06,78470
"Thornton CDP, California",865,341,-666666666,-222222222,-666666666,-222222222,1030,491,1083,1039,-666666666,-222222222,-666666666,-222222222,06,78568
"Thousand Oaks city, California",2664,100,2254,234,2315,69,2595,125,3209,87,3501,-333333333,3501,-333333333,06,78582
"Thousand Palms CDP, California",1495,448,-666666666,-222222222,-666666666,-222222222,1259,433,1620,617,-666666666,-222222222,-666666666,-222222222,06,78596
"Three Rivers CDP, California",1557,746,-666666666,-222222222,950,240,-666666666,-222222222,1734,54,-666666666,-222222222,-666666666,-222222222,06,78638
"Three Rocks CDP, California",-666666666,-222222222,-666666666,-222222222,-666666666,-222222222,-666666666,-222222222,-666666666,-222222222,-666666666,-222222222,-666666666,-222222222,06,78652
"Tiburon town, California",3501,-333333333,-666666666,-222222222,2287,141,3501,-333333333,3501,-333333333,-666666666,-222222222,-666666666,-222222222,06,78666
"Timber Cove CDP, California",2200,124,-666666666,-222222222,-666666666,-222222222,-666666666,-222222222,-666666666,-222222222,-666666666,-222222222,-666666666,-222222222,06,78715
"Tipton CDP, California",1370,213,-666666666,-222222222,938,71,1125,397,1653,169,1322,94,-666666666,-222222222,06,78750
"Tobin CDP, California",-666666666,-222222222,-666666666,-222222222,-666666666,-222222222,-666666666,-222222222,-666666666,-222222222,-666666666,-222222222,-666666666,-222222222,06,78792
"Tomales CDP, California",-666666666,-222222222,-666666666,-222222222,-666666666,-222222222,-666666666,-222222222,-666666666,-222222222,-666666666,-222222222,-666666666,-222222222,06,78890
"Tonyville CDP, California",-666666666,-222222222,-666666666,-222222222,-666666666,-222222222,-666666666,-222222222,-666666666,-222222222,-666666666,-222222222,-666666666,-222222222,06,78932
"Tooleville CDP, California",-666666666,-222222222,-666666666,-222222222,-666666666,-222222222,-666666666,-222222222,-666666666,-222222222,-666666666,-222222222,-666666666,-222222222,06,78949
"Topanga CDP, California",3501,-333333333,-666666666,-222222222,3501,-333333333,3501,-333333333,3501,-333333333,3501,-333333333,-666666666,-222222222,06,78960
"Topaz CDP, California",-666666666,-222222222,-666666666,-222222222,-666666666,-222222222,-666666666,-222222222,-666666666,-222222222,-666666666,-222222222,-666666666,-222222222,06,79030
"Toro Canyon CDP, California",2179,861,-666666666,-222222222,-666666666,-222222222,-666666666,-222222222,-666666666,-222222222,-666666666,-222222222,-666666666,-222222222,06,79529
"Torrance city, California",2280,52,1629,89,1928,64,2421,82,3267,183,3501,-333333333,2571,1573,06,80000
"Trabuco Canyon CDP, California",-666666666,-222222222,-666666666,-222222222,-666666666,-222222222,-666666666,-222222222,-666666666,-222222222,-666666666,-222222222,-666666666,-222222222,06,80210
"Tracy city, California",2478,87,2176,718,1997,232,2183,136,2595,129,3113,132,3501,-333333333,06,80238
"Tranquillity CDP, California",1215,408,-666666666,-222222222,-666666666,-222222222,-666666666,-222222222,-666666666,-222222222,-666666666,-222222222,-666666666,-222222222,06,80266
"Traver CDP, California",889,284,-666666666,-222222222,-666666666,-222222222,-666666666,-222222222,895,242,-666666666,-222222222,-666666666,-222222222,06,80280
"Tres Pinos CDP, California",-666666666,-222222222,-666666666,-222222222,-666666666,-222222222,-666666666,-222222222,-666666666,-222222222,-666666666,-222222222,-666666666,-222222222,06,80364
"Trinidad city, California",2139,2045,-666666666,-222222222,-666666666,-222222222,2400,1565,-666666666,-222222222,-666666666,-222222222,-666666666,-222222222,06,80448
"Trinity Center CDP, California",-666666666,-222222222,-666666666,-222222222,-666666666,-222222222,-666666666,-222222222,-666666666,-222222222,-666666666,-222222222,-666666666,-222222222,06,80476
"Trinity Village CDP, California",-666666666,-222222222,-666666666,-222222222,-666666666,-222222222,-666666666,-222222222,-666666666,-222222222,-666666666,-222222222,-666666666,-222222222,06,80483
"Trona CDP, California",-666666666,-222222222,-666666666,-222222222,-666666666,-222222222,-666666666,-222222222,-666666666,-222222222,-666666666,-222222222,-666666666,-222222222,06,80515
"Trowbridge CDP, California",-666666666,-222222222,-666666666,-222222222,-666666666,-222222222,-666666666,-222222222,-666666666,-222222222,-666666666,-222222222,-666666666,-222222222,06,80560
"Truckee town, California",1961,230,912,865,1551,626,2078,286,2255,288,3472,2213,-666666666,-222222222,06,80588
"Tulare city, California",1435,58,782,37,853,41,1285,83,1596,86,1884,145,1881,1241,06,80644
"Tulelake city, California",852,169,-666666666,-222222222,-666666666,-222222222,725,181,896,280,-666666666,-222222222,-666666666,-222222222,06,80686
"Tuolumne City CDP, California",-666666666,-222222222,-666666666,-222222222,-666666666,-222222222,-666666666,-222222222,-666666666,-222222222,-666666666,-222222222,-666666666,-222222222,06,80763
"Tupman CDP, California",928,193,-666666666,-222222222,-666666666,-222222222,-666666666,-222222222,-666666666,-222222222,-666666666,-222222222,-666666666,-222222222,06,80784
"Turlock city, California",1612,55,869,199,1189,161,1498,71,1891,82,2318,196,-666666666,-222222222,06,80812
"Tustin city, California",2449,57,2203,133,2182,87,2571,94,2892,307,3501,-333333333,3501,-333333333,06,80854
"Tuttle CDP, California",-666666666,-222222222,-666666666,-222222222,-666666666,-222222222,-666666666,-222222222,-666666666,-222222222,-666666666,-222222222,-666666666,-222222222,06,80882
"Tuttletown CDP, California",-666666666,-222222222,-666666666,-222222222,-666666666,-222222222,-666666666,-222222222,-666666666,-222222222,-666666666,-222222222,-666666666,-222222222,06,80896
"Twain CDP, California",-666666666,-222222222,-666666666,-222222222,-666666666,-222222222,-666666666,-222222222,-666666666,-222222222,-666666666,-222222222,-666666666,-222222222,06,80952
"Twain Harte CDP, California",1893,717,-666666666,-222222222,-666666666,-222222222,2181,228,-666666666,-222222222,-666666666,-222222222,-666666666,-222222222,06,80966
"Twentynine Palms city, California",1352,91,867,126,1060,252,1199,54,1566,146,1911,212,-666666666,-222222222,06,80994
"Twin Lakes CDP (Mono County), California",-666666666,-222222222,-666666666,-222222222,-666666666,-222222222,-666666666,-222222222,-666666666,-222222222,-666666666,-222222222,-666666666,-222222222,06,81048
"Twin Lakes CDP (Santa Cruz County), California",2344,216,1610,441,2027,278,2821,300,2635,543,-666666666,-222222222,-666666666,-222222222,06,81050
"Ukiah city, California",1331,93,948,414,454,234,1406,58,2006,221,-666666666,-222222222,-666666666,-222222222,06,81134
"Union City city, California",2713,80,2348,736,2502,162,2614,142,3114,162,3501,-333333333,3501,-333333333,06,81204
"University of California-Davis CDP, California",1678,200,1355,975,1486,252,1931,189,2661,991,1293,335,-666666666,-222222222,06,81302
"University of California-Merced CDP, California",-666666666,-222222222,-666666666,-222222222,-666666666,-222222222,-666666666,-222222222,-666666666,-222222222,-666666666,-222222222,-666666666,-222222222,06,81312
"University of California-Santa Barbara CDP, California",1526,111,-666666666,-222222222,1138,14,1638,65,-666666666,-222222222,-666666666,-222222222,-666666666,-222222222,06,81316
"Upland city, California",2029,63,1674,106,1786,53,2088,72,2316,158,3227,125,3501,-333333333,06,81344
"Upper Lake CDP, California",-666666666,-222222222,-666666666,-222222222,-666666666,-222222222,-666666666,-222222222,-666666666,-222222222,-666666666,-222222222,-666666666,-222222222,06,81358
"Vacaville city, California",2299,74,1930,379,1952,171,2165,91,2688,110,3103,196,2404,1052,06,81554
"Valinda CDP, California",1829,234,-666666666,-222222222,1516,326,1590,232,2455,350,-666666666,-222222222,-666666666,-222222222,06,81638
"Vallecito CDP, California",-666666666,-222222222,-666666666,-222222222,-666666666,-222222222,-666666666,-222222222,-666666666,-222222222,-666666666,-222222222,-666666666,-222222222,06,81652
"Vallejo city, California",2073,62,1489,154,1684,101,2005,76,2412,104,2945,195,3191,207,06,81666
"Valle Vista CDP, California",1738,187,-666666666,-222222222,1149,302,1531,171,2421,753,2233,90,-666666666,-222222222,06,81708
"Valley Acres CDP, California",1151,49,-666666666,-222222222,-666666666,-222222222,-666666666,-222222222,-666666666,-222222222,-666666666,-222222222,-666666666,-222222222,06,81722
"Valley Center CDP, California",1750,599,-666666666,-222222222,-666666666,-222222222,1202,885,-666666666,-222222222,2707,182,-666666666,-222222222,06,81736
"Valley Ford CDP, California",-666666666,-222222222,-666666666,-222222222,-666666666,-222222222,-666666666,-222222222,-666666666,-222222222,-666666666,-222222222,-666666666,-222222222,06,81778
"Valley Home CDP, California",-666666666,-222222222,-666666666,-222222222,-666666666,-222222222,-666666666,-222222222,-666666666,-222222222,-666666666,-222222222,-666666666,-222222222,06,81792
"Valley Ranch CDP, California",-666666666,-222222222,-666666666,-222222222,-666666666,-222222222,-666666666,-222222222,-666666666,-222222222,-666666666,-222222222,-666666666,-222222222,06,81869
"Valley Springs CDP, California",-666666666,-222222222,-666666666,-222222222,-666666666,-222222222,-666666666,-222222222,-666666666,-222222222,-666666666,-222222222,-666666666,-222222222,06,81890
"Valley Wells CDP, California",-666666666,-222222222,-666666666,-222222222,-666666666,-222222222,-666666666,-222222222,-666666666,-222222222,-666666666,-222222222,-666666666,-222222222,06,81925
"Val Verde CDP, California",1633,192,-666666666,-222222222,-666666666,-222222222,1715,76,1529,514,-666666666,-222222222,-666666666,-222222222,06,81967
"Vandenberg AFB CDP, California",2747,100,-666666666,-222222222,-666666666,-222222222,2555,248,2810,137,2836,232,-666666666,-222222222,06,82072
"Vandenberg Village CDP, California",2313,115,-666666666,-222222222,-666666666,-222222222,2255,127,2287,144,-666666666,-222222222,-666666666,-222222222,06,82086
"Verdi CDP, California",-666666666,-222222222,-666666666,-222222222,-666666666,-222222222,-666666666,-222222222,-666666666,-222222222,-666666666,-222222222,-666666666,-222222222,06,82334
"Vernon city, California",1439,109,-666666666,-222222222,1306,137,1478,190,1400,206,-666666666,-222222222,-666666666,-222222222,06,82422
"Victor CDP, California",-666666666,-222222222,-666666666,-222222222,-666666666,-222222222,-666666666,-222222222,-666666666,-222222222,-666666666,-222222222,-666666666,-222222222,06,82562
"Victorville city, California",1618,81,1011,128,1112,182,1276,83,1844,79,2173,177,2319,94,06,82590
"View Park-Windsor Hills CDP, California",2132,277,-666666666,-222222222,1690,408,2206,325,3501,-333333333,-666666666,-222222222,-666666666,-222222222,06,82667
"Villa Park city, California",-666666666,-222222222,-666666666,-222222222,-666666666,-222222222,-666666666,-222222222,-666666666,-222222222,-666666666,-222222222,-666666666,-222222222,06,82744
"Vina CDP, California",-666666666,-222222222,-666666666,-222222222,-666666666,-222222222,-666666666,-222222222,-666666666,-222222222,-666666666,-222222222,-666666666,-222222222,06,82786
"Vincent CDP, California",2064,373,1044,263,-666666666,-222222222,1708,185,2235,246,2765,175,-666666666,-222222222,06,82815
"Vine Hill CDP, California",2460,287,-666666666,-222222222,-666666666,-222222222,2330,244,2791,896,-666666666,-222222222,-666666666,-222222222,06,82842
"Vineyard CDP, California",2090,149,-666666666,-222222222,1049,338,1378,195,2129,114,2514,312,2972,403,06,82852
"Virginia Lakes CDP, California",-666666666,-222222222,-666666666,-222222222,-666666666,-222222222,-666666666,-222222222,-666666666,-222222222,-666666666,-222222222,-666666666,-222222222,06,82929
"Visalia city, California",1490,43,1343,445,912,123,1385,34,1712,74,2152,249,1569,331,06,82954
"Vista city, California",2249,43,1840,177,1924,82,2253,53,2689,207,3252,276,2694,1677,06,82996
"Vista Santa Rosa CDP, California",1356,548,-666666666,-222222222,-666666666,-222222222,-666666666,-222222222,1467,528,-666666666,-222222222,-666666666,-222222222,06,83085
"Volcano CDP, California",-666666666,-222222222,-666666666,-222222222,-666666666,-222222222,-666666666,-222222222,-666666666,-222222222,-666666666,-222222222,-666666666,-222222222,06,83094
"Volta CDP, California",-666666666,-222222222,-666666666,-222222222,-666666666,-222222222,-666666666,-222222222,-666666666,-222222222,-666666666,-222222222,-666666666,-222222222,06,83108
"Walker CDP, California",-666666666,-222222222,-666666666,-222222222,-666666666,-222222222,-666666666,-222222222,-666666666,-222222222,-666666666,-222222222,-666666666,-222222222,06,83262
"Wallace CDP, California",-666666666,-222222222,-666666666,-222222222,-666666666,-222222222,-666666666,-222222222,-666666666,-222222222,-666666666,-222222222,-666666666,-222222222,06,83304
"Walnut city, California",3202,442,-666666666,-222222222,-666666666,-222222222,2206,134,2929,206,3501,-333333333,3501,-333333333,06,83332
"Walnut Creek city, California",2680,111,2365,149,2385,117,2848,143,3501,-333333333,3501,-333333333,3501,-333333333,06,83346
"Walnut Grove CDP, California",1471,274,-666666666,-222222222,-666666666,-222222222,1388,228,-666666666,-222222222,-666666666,-222222222,-666666666,-222222222,06,83374
"Walnut Park CDP, California",1483,129,871,408,1262,118,1631,198,2229,295,2341,669,-666666666,-222222222,06,83402
"Warm Springs CDP, California",1653,138,-666666666,-222222222,-666666666,-222222222,1371,105,1752,70,-666666666,-222222222,-666666666,-222222222,06,83460
"Warner Valley CDP, California",-666666666,-222222222,-666666666,-222222222,-666666666,-222222222,-666666666,-222222222,-666666666,-222222222,-666666666,-222222222,-666666666,-222222222,06,83494
"Wasco city, California",1089,81,720,147,797,133,1025,149,1348,217,1316,355,-666666666,-222222222,06,83542
"Washington CDP, California",1328,514,-666666666,-222222222,-666666666,-222222222,-666666666,-222222222,-666666666,-222222222,-666666666,-222222222,-666666666,-222222222,06,83570
"Waterford city, California",1620,166,-666666666,-222222222,-666666666,-222222222,1282,298,1777,181,1215,1113,1964,1363,06,83612
"Waterloo CDP, California",2346,987,-666666666,-222222222,-666666666,-222222222,2661,1706,2123,1241,-666666666,-222222222,-666666666,-222222222,06,83626
"Watsonville city, California",1889,100,1831,170,1558,220,1775,134,2470,211,2979,1040,3501,-333333333,06,83668
"Waukena CDP, California",1375,305,-666666666,-222222222,-666666666,-222222222,1375,305,-666666666,-222222222,-666666666,-222222222,-666666666,-222222222,06,83724
"Wautec CDP, California",-666666666,-222222222,-666666666,-222222222,-666666666,-222222222,-666666666,-222222222,-666666666,-222222222,-666666666,-222222222,-666666666,-222222222,06,83730
"Wawona CDP, California",1133,71,-666666666,-222222222,-666666666,-222222222,-666666666,-222222222,-666666666,-222222222,-666666666,-222222222,-666666666,-222222222,06,83766
"Weaverville CDP, California",1056,270,-666666666,-222222222,-666666666,-222222222,760,94,-666666666,-222222222,-666666666,-222222222,-666666666,-222222222,06,83794
"Weed city, California",788,245,-666666666,-222222222,504,364,981,371,1150,133,-666666666,-222222222,-666666666,-222222222,06,83850
"Weedpatch CDP, California",915,193,-666666666,-222222222,-666666666,-222222222,919,234,1578,259,989,687,-666666666,-222222222,06,83863
"Weitchpec CDP, California",425,374,-666666666,-222222222,-666666666,-222222222,-666666666,-222222222,-666666666,-222222222,-666666666,-222222222,-666666666,-222222222,06,83906
"Weldon CDP, California",1120,109,-666666666,-222222222,-666666666,-222222222,1120,109,-666666666,-222222222,-666666666,-222222222,-666666666,-222222222,06,83948
"Weott CDP, California",-666666666,-222222222,-666666666,-222222222,-666666666,-222222222,-666666666,-222222222,-666666666,-222222222,-666666666,-222222222,-666666666,-222222222,06,84004
"West Athens CDP, California",1622,170,1461,176,1411,335,1487,459,1834,184,3225,204,-666666666,-222222222,06,84116
"West Bishop CDP, California",1431,948,-666666666,-222222222,-666666666,-222222222,1287,163,-666666666,-222222222,-666666666,-222222222,-666666666,-222222222,06,84120
"West Carson CDP, California",1891,158,1463,381,1525,605,1934,237,2030,599,2490,645,-666666666,-222222222,06,84144
"West Covina city, California",2245,61,1851,150,1727,151,2296,67,2615,99,2619,193,2548,1060,06,84200
"West Goshen CDP, California",-666666666,-222222222,-666666666,-222222222,-666666666,-222222222,-666666666,-222222222,-666666666,-222222222,-666666666,-222222222,-666666666,-222222222,06,84345
"Westhaven-Moonstone CDP, California",2500,803,-666666666,-222222222,1870,441,1151,59,2813,291,-666666666,-222222222,-666666666,-222222222,06,84385
"West Hollywood city, California",2091,87,1735,156,1991,128,2540,215,3501,-333333333,-666666666,-222222222,-666666666,-222222222,06,84410
"Westlake Village city, California",3501,-333333333,-666666666,-222222222,2238,227,2852,409,3501,-333333333,3501,-333333333,-666666666,-222222222,06,84438
"Westley CDP, California",749,137,-666666666,-222222222,-666666666,-222222222,-666666666,-222222222,-666666666,-222222222,-666666666,-222222222,-666666666,-222222222,06,84480
"West Menlo Park CDP, California",3324,593,2239,609,2929,1332,3335,571,3501,-333333333,3501,-333333333,-666666666,-222222222,06,84536
"Westminster city, California",2168,64,1863,204,1656,146,2208,91,2454,190,3131,246,1955,608,06,84550
"West Modesto CDP, California",1432,96,781,549,1066,390,1390,86,1527,205,1873,332,-666666666,-222222222,06,84578
"Westmont CDP, California",1466,83,1233,262,1284,117,1579,109,1663,297,2560,591,-666666666,-222222222,06,84592
"Westmorland city, California",793,155,-666666666,-222222222,752,700,546,392,1099,206,-666666666,-222222222,-666666666,-222222222,06,84606
"West Park CDP, California",1227,788,-666666666,-222222222,-666666666,-222222222,-666666666,-222222222,1500,1156,-666666666,-222222222,-666666666,-222222222,06,84680
"West Point CDP, California",987,555,-666666666,-222222222,-666666666,-222222222,987,555,-666666666,-222222222,-666666666,-222222222,-666666666,-222222222,06,84732
"West Puente Valley CDP, California",2342,358,-666666666,-222222222,1089,93,1857,284,2721,285,2884,1405,3106,293,06,84774
"West Rancho Dominguez CDP, California",1695,143,1028,722,590,542,1683,167,2036,316,3034,938,-666666666,-222222222,06,84780
"West Sacramento city, California",1665,117,1412,91,1225,120,1690,110,2167,138,2380,569,2833,435,06,84816
"Westside CDP, California",1518,1009,-666666666,-222222222,-666666666,-222222222,-666666666,-222222222,1625,1264,-666666666,-222222222,-666666666,-222222222,06,84863
"West Whittier-Los Nietos CDP, California",1913,144,2221,209,1583,300,1841,157,2406,597,2326,1140,-666666666,-222222222,06,84921
"Westwood CDP, California",947,533,-666666666,-222222222,-666666666,-222222222,-666666666,-222222222,-666666666,-222222222,-666666666,-222222222,-666666666,-222222222,06,84928
"Wheatland city, California",1264,439,-666666666,-222222222,1188,403,794,770,1680,608,-666666666,-222222222,-666666666,-222222222,06,85012
"Whitehawk CDP, California",-666666666,-222222222,-666666666,-222222222,-666666666,-222222222,-666666666,-222222222,-666666666,-222222222,-666666666,-222222222,-666666666,-222222222,06,85086
"Whitewater CDP, California",1190,314,-666666666,-222222222,-666666666,-222222222,-666666666,-222222222,888,572,1554,790,-666666666,-222222222,06,85208
"Whitley Gardens CDP, California",1750,1537,-666666666,-222222222,-666666666,-222222222,-666666666,-222222222,-666666666,-222222222,-666666666,-222222222,-666666666,-222222222,06,85222
"Whitmore CDP, California",-666666666,-222222222,-666666666,-222222222,-666666666,-222222222,-666666666,-222222222,-666666666,-222222222,-666666666,-222222222,-666666666,-222222222,06,85250
"Whittier city, California",1906,42,1526,167,1626,62,2010,73,2658,129,2449,315,-666666666,-222222222,06,85292
"Wildomar city, California",2003,232,-666666666,-222222222,1111,199,1554,710,1992,392,3245,377,3383,788,06,85446
"Wilkerson CDP, California",-666666666,-222222222,-666666666,-222222222,-666666666,-222222222,-666666666,-222222222,-666666666,-222222222,-666666666,-222222222,-666666666,-222222222,06,85551
"Williams city, California",1184,326,-666666666,-222222222,915,356,1708,350,1472,523,900,626,-666666666,-222222222,06,85586
"Williams Canyon CDP, California",-666666666,-222222222,-666666666,-222222222,-666666666,-222222222,-666666666,-222222222,-666666666,-222222222,-666666666,-222222222,-666666666,-222222222,06,85587
"Willits city, California",1197,181,1574,1209,1002,752,1284,476,1741,392,-666666666,-222222222,-666666666,-222222222,06,85600
"Willowbrook CDP, California",1570,123,875,333,962,95,1730,112,1864,286,2460,779,-666666666,-222222222,06,85614
"Willow Creek CDP, California",-666666666,-222222222,-666666666,-222222222,-666666666,-222222222,-666666666,-222222222,-666666666,-222222222,-666666666,-222222222,-666666666,-222222222,06,85642
"Willows city, California",1237,173,-666666666,-222222222,874,326,1183,161,1498,346,-666666666,-222222222,-666666666,-222222222,06,85684
"Wilseyville CDP, California",-666666666,-222222222,-666666666,-222222222,-666666666,-222222222,-666666666,-222222222,-666666666,-222222222,-666666666,-222222222,-666666666,-222222222,06,85810
"Wilsonia CDP, California",-666666666,-222222222,-666666666,-222222222,-666666666,-222222222,-666666666,-222222222,-666666666,-222222222,-666666666,-222222222,-666666666,-222222222,06,85866
"Wilton CDP, California",1823,871,-666666666,-222222222,-666666666,-222222222,1726,340,-666666666,-222222222,-666666666,-222222222,-666666666,-222222222,06,85880
"Winchester CDP, California",1658,629,-666666666,-222222222,1184,209,2773,2674,-666666666,-222222222,-666666666,-222222222,-666666666,-222222222,06,85894
"Windsor town, California",2433,670,3501,-333333333,1284,185,1639,309,3156,215,3501,-333333333,-666666666,-222222222,06,85922
"Winter Gardens CDP, California",1913,99,1452,290,1739,47,2029,150,2180,210,-666666666,-222222222,-666666666,-222222222,06,85992
"Winterhaven CDP, California",-666666666,-222222222,-666666666,-222222222,-666666666,-222222222,-666666666,-222222222,-666666666,-222222222,-666666666,-222222222,-666666666,-222222222,06,86020
"Winters city, California",1568,274,-666666666,-222222222,790,335,1489,517,2771,850,-666666666,-222222222,-666666666,-222222222,06,86034
"Winton CDP, California",1156,88,1076,409,941,80,1003,162,1267,112,1531,477,-666666666,-222222222,06,86076
"Wofford Heights CDP, California",911,170,-666666666,-222222222,-666666666,-222222222,641,379,945,234,-666666666,-222222222,-666666666,-222222222,06,86174
"Woodacre CDP, California",-666666666,-222222222,-666666666,-222222222,-666666666,-222222222,-666666666,-222222222,-666666666,-222222222,-666666666,-222222222,-666666666,-222222222,06,86216
"Woodbridge CDP, California",1566,465,-666666666,-222222222,-666666666,-222222222,973,739,1878,270,-666666666,-222222222,-666666666,-222222222,06,86230
"Woodcrest CDP, California",2909,540,-666666666,-222222222,-666666666,-222222222,-666666666,-222222222,2746,120,3198,1247,-666666666,-222222222,06,86244
"Woodlake city, California",968,64,935,77,911,316,932,81,1131,225,-666666666,-222222222,-666666666,-222222222,06,86300
"Woodland city, California",1583,102,1281,575,1263,92,1657,114,2084,148,1991,1268,3501,-333333333,06,86328
"Woodlands CDP, California",-666666666,-222222222,-666666666,-222222222,-666666666,-222222222,-666666666,-222222222,-666666666,-222222222,-666666666,-222222222,-666666666,-222222222,06,86380
"Woodside town, California",3501,-333333333,-666666666,-222222222,3292,795,3501,-333333333,-666666666,-222222222,3501,-333333333,-666666666,-222222222,06,86440
"Woodville CDP, California",1102,152,-666666666,-222222222,-666666666,-222222222,840,184,1241,119,-666666666,-222222222,-666666666,-222222222,06,86482
"Woodville Farm Labor Camp CDP, California",563,44,-666666666,-222222222,-666666666,-222222222,492,123,582,38,-666666666,-222222222,-666666666,-222222222,06,86489
"Woody CDP, California",-666666666,-222222222,-666666666,-222222222,-666666666,-222222222,-666666666,-222222222,-666666666,-222222222,-666666666,-222222222,-666666666,-222222222,06,86496
"Wrightwood CDP, California",1833,230,-666666666,-222222222,1497,269,1732,223,2133,346,-666666666,-222222222,-666666666,-222222222,06,86594
"Yankee Hill CDP, California",-666666666,-222222222,-666666666,-222222222,-666666666,-222222222,-666666666,-222222222,-666666666,-222222222,-666666666,-222222222,-666666666,-222222222,06,86678
"Yermo CDP, California",681,127,-666666666,-222222222,-666666666,-222222222,-666666666,-222222222,-666666666,-222222222,-666666666,-222222222,-666666666,-222222222,06,86720
"Yettem CDP, California",-666666666,-222222222,-666666666,-222222222,-666666666,-222222222,-666666666,-222222222,-666666666,-222222222,-666666666,-222222222,-666666666,-222222222,06,86734
"Yolo CDP, California",1803,324,-666666666,-222222222,-666666666,-222222222,-666666666,-222222222,-666666666,-222222222,-666666666,-222222222,-666666666,-222222222,06,86804
"Yorba Linda city, California",2846,149,1727,639,1852,361,2443,425,3073,453,3501,-333333333,3501,-333333333,06,86832
"Yosemite Lakes CDP, California",1907,470,-666666666,-222222222,-666666666,-222222222,-666666666,-222222222,1728,183,2968,1893,-666666666,-222222222,06,86878
"Yosemite Valley CDP, California",2150,1497,-666666666,-222222222,-666666666,-222222222,-666666666,-222222222,-666666666,-222222222,-666666666,-222222222,-666666666,-222222222,06,86912
"Yosemite West CDP, California",-666666666,-222222222,-666666666,-222222222,-666666666,-222222222,-666666666,-222222222,-666666666,-222222222,-666666666,-222222222,-666666666,-222222222,06,86916
"Yountville city, California",2399,364,2177,699,-666666666,-222222222,3024,548,2325,1833,-666666666,-222222222,-666666666,-222222222,06,86930
"Yreka city, California",987,79,775,2,812,102,996,92,1483,162,1614,756,-666666666,-222222222,06,86944
"Yuba City city, California",1454,46,1102,136,1326,61,1311,58,1770,103,2381,257,2118,469,06,86972
"Yucaipa city, California",1711,120,2354,846,886,147,1665,129,2216,498,2263,373,2115,1376,06,87042
"Yucca Valley town, California",1428,185,949,73,1000,218,1170,117,1830,120,-666666666,-222222222,-666666666,-222222222,06,87056
"Zayante CDP, California",2260,124,-666666666,-222222222,-666666666,-222222222,2300,1343,-666666666,-222222222,-666666666,-222222222,-666666666,-222222222,06,87090
