jurisdiction,year,metric,income_category,value,source,unit_of_measure
carlsbad,2025,RHNA Allocation,Very Low,1311,HCD RHNA 6th Cycle Progress Report,Housing units (count)
chula vista,2025,RHNA Allocation,Very Low,2750,HCD RHNA 6th Cycle Progress Report,Housing units (count)
coronado,2025,RHNA Allocation,Very Low,312,HCD RHNA 6th Cycle Progress Report,Housing units (count)
del mar,2025,RHNA Allocation,Very Low,37,HCD RHNA 6th Cycle Progress Report,Housing units (count)
el cajon,2025,RHNA Allocation,Very Low,481,HCD RHNA 6th Cycle Progress Report,Housing units (count)
encinitas,2025,RHNA Allocation,Very Low,469,HCD RHNA 6th Cycle Progress Report,Housing units (count)
escondido,2025,RHNA Allocation,Very Low,1864,HCD RHNA 6th Cycle Progress Report,Housing units (count)
imperial beach,2025,RHNA Allocation,Very Low,225,HCD RHNA 6th Cycle Progress Report,Housing units (count)
la mesa,2025,RHNA Allocation,Very Low,859,HCD RHNA 6th Cycle Progress Report,Housing units (count)
lemon grove,2025,RHNA Allocation,Very Low,295,HCD RHNA 6th Cycle Progress Report,Housing units (count)
national city,2025,RHNA Allocation,Very Low,645,HCD RHNA 6th Cycle Progress Report,Housing units (count)
oceanside,2025,RHNA Allocation,Very Low,1268,HCD RHNA 6th Cycle Progress Report,Housing units (count)
poway,2025,RHNA Allocation,Very Low,468,HCD RHNA 6th Cycle Progress Report,Housing units (count)
san diego,2025,RHNA Allocation,Very Low,27549,HCD RHNA 6th Cycle Progress Report,Housing units (count)
san marcos,2025,RHNA Allocation,Very Low,728,HCD RHNA 6th Cycle Progress Report,Housing units (count)
santee,2025,RHNA Allocation,Very Low,406,HCD RHNA 6th Cycle Progress Report,Housing units (count)
solana beach,2025,RHNA Allocation,Very Low,316,HCD RHNA 6th Cycle Progress Report,Housing units (count)
unincorporated san diego county,2025,RHNA Allocation,Very Low,1834,HCD RHNA 6th Cycle Progress Report,Housing units (count)
vista,2025,RHNA Allocation,Very Low,515,HCD RHNA 6th Cycle Progress Report,Housing units (count)
carlsbad,2025,RHNA Allocation,Low,784,HCD RHNA 6th Cycle Progress Report,Housing units (count)
chula vista,2025,RHNA Allocation,Low,1777,HCD RHNA 6th Cycle Progress Report,Housing units (count)
coronado,2025,RHNA Allocation,Low,169,HCD RHNA 6th Cycle Progress Report,Housing units (count)
del mar,2025,RHNA Allocation,Low,64,HCD RHNA 6th Cycle Progress Report,Housing units (count)
el cajon,2025,RHNA Allocation,Low,414,HCD RHNA 6th Cycle Progress Report,Housing units (count)
encinitas,2025,RHNA Allocation,Low,369,HCD RHNA 6th Cycle Progress Report,Housing units (count)
escondido,2025,RHNA Allocation,Low,1249,HCD RHNA 6th Cycle Progress Report,Housing units (count)
imperial beach,2025,RHNA Allocation,Low,123,HCD RHNA 6th Cycle Progress Report,Housing units (count)
la mesa,2025,RHNA Allocation,Low,487,HCD RHNA 6th Cycle Progress Report,Housing units (count)
lemon grove,2025,RHNA Allocation,Low,166,HCD RHNA 6th Cycle Progress Report,Housing units (count)
national city,2025,RHNA Allocation,Low,506,HCD RHNA 6th Cycle Progress Report,Housing units (count)
oceanside,2025,RHNA Allocation,Low,718,HCD RHNA 6th Cycle Progress Report,Housing units (count)
poway,2025,RHNA Allocation,Low,268,HCD RHNA 6th Cycle Progress Report,Housing units (count)
san diego,2025,RHNA Allocation,Low,17331,HCD RHNA 6th Cycle Progress Report,Housing units (count)
san marcos,2025,RHNA Allocation,Low,530,HCD RHNA 6th Cycle Progress Report,Housing units (count)
santee,2025,RHNA Allocation,Low,200,HCD RHNA 6th Cycle Progress Report,Housing units (count)
solana beach,2025,RHNA Allocation,Low,159,HCD RHNA 6th Cycle Progress Report,Housing units (count)
unincorporated san diego county,2025,RHNA Allocation,Low,992,HCD RHNA 6th Cycle Progress Report,Housing units (count)
vista,2025,RHNA Allocation,Low,321,HCD RHNA 6th Cycle Progress Report,Housing units (count)
carlsbad,2025,RHNA Allocation,Moderate,749,HCD RHNA 6th Cycle Progress Report,Housing units (count)
chula vista,2025,RHNA Allocation,Moderate,1911,HCD RHNA 6th Cycle Progress Report,Housing units (count)
coronado,2025,RHNA Allocation,Moderate,159,HCD RHNA 6th Cycle Progress Report,Housing units (count)
del mar,2025,RHNA Allocation,Moderate,31,HCD RHNA 6th Cycle Progress Report,Housing units (count)
el cajon,2025,RHNA Allocation,Moderate,518,HCD RHNA 6th Cycle Progress Report,Housing units (count)
encinitas,2025,RHNA Allocation,Moderate,308,HCD RHNA 6th Cycle Progress Report,Housing units (count)
escondido,2025,RHNA Allocation,Moderate,1527,HCD RHNA 6th Cycle Progress Report,Housing units (count)
imperial beach,2025,RHNA Allocation,Moderate,183,HCD RHNA 6th Cycle Progress Report,Housing units (count)
la mesa,2025,RHNA Allocation,Moderate,577,HCD RHNA 6th Cycle Progress Report,Housing units (count)
lemon grove,2025,RHNA Allocation,Moderate,193,HCD RHNA 6th Cycle Progress Report,Housing units (count)
national city,2025,RHNA Allocation,Moderate,711,HCD RHNA 6th Cycle Progress Report,Housing units (count)
oceanside,2025,RHNA Allocation,Moderate,883,HCD RHNA 6th Cycle Progress Report,Housing units (count)
poway,2025,RHNA Allocation,Moderate,241,HCD RHNA 6th Cycle Progress Report,Housing units (count)
san diego,2025,RHNA Allocation,Moderate,19319,HCD RHNA 6th Cycle Progress Report,Housing units (count)
san marcos,2025,RHNA Allocation,Moderate,542,HCD RHNA 6th Cycle Progress Report,Housing units (count)
santee,2025,RHNA Allocation,Moderate,188,HCD RHNA 6th Cycle Progress Report,Housing units (count)
solana beach,2025,RHNA Allocation,Moderate,160,HCD RHNA 6th Cycle Progress Report,Housing units (count)
unincorporated san diego county,2025,RHNA Allocation,Moderate,1165,HCD RHNA 6th Cycle Progress Report,Housing units (count)
vista,2025,RHNA Allocation,Moderate,369,HCD RHNA 6th Cycle Progress Report,Housing units (count)
carlsbad,2025,RHNA Allocation,Above Moderate,1029,HCD RHNA 6th Cycle Progress Report,Housing units (count)
chula vista,2025,RHNA Allocation,Above Moderate,4667,HCD RHNA 6th Cycle Progress Report,Housing units (count)
coronado,2025,RHNA Allocation,Above Moderate,272,HCD RHNA 6th Cycle Progress Report,Housing units (count)
del mar,2025,RHNA Allocation,Above Moderate,31,HCD RHNA 6th Cycle Progress Report,Housing units (count)
el cajon,2025,RHNA Allocation,Above Moderate,1867,HCD RHNA 6th Cycle Progress Report,Housing units (count)
encinitas,2025,RHNA Allocation,Above Moderate,408,HCD RHNA 6th Cycle Progress Report,Housing units (count)
escondido,2025,RHNA Allocation,Above Moderate,4967,HCD RHNA 6th Cycle Progress Report,Housing units (count)
imperial beach,2025,RHNA Allocation,Above Moderate,798,HCD RHNA 6th Cycle Progress Report,Housing units (count)
la mesa,2025,RHNA Allocation,Above Moderate,1874,HCD RHNA 6th Cycle Progress Report,Housing units (count)
lemon grove,2025,RHNA Allocation,Above Moderate,705,HCD RHNA 6th Cycle Progress Report,Housing units (count)
national city,2025,RHNA Allocation,Above Moderate,3575,HCD RHNA 6th Cycle Progress Report,Housing units (count)
oceanside,2025,RHNA Allocation,Above Moderate,2574,HCD RHNA 6th Cycle Progress Report,Housing units (count)
poway,2025,RHNA Allocation,Above Moderate,342,HCD RHNA 6th Cycle Progress Report,Housing units (count)
san diego,2025,RHNA Allocation,Above Moderate,43837,HCD RHNA 6th Cycle Progress Report,Housing units (count)
san marcos,2025,RHNA Allocation,Above Moderate,1316,HCD RHNA 6th Cycle Progress Report,Housing units (count)
santee,2025,RHNA Allocation,Above Moderate,425,HCD RHNA 6th Cycle Progress Report,Housing units (count)
solana beach,2025,RHNA Allocation,Above Moderate,240,HCD RHNA 6th Cycle Progress Report,Housing units (count)
unincorporated san diego county,2025,RHNA Allocation,Above Moderate,2709,HCD RHNA 6th Cycle Progress Report,Housing units (count)
vista,2025,RHNA Allocation,Above Moderate,1356,HCD RHNA 6th Cycle Progress Report,Housing units (count)
carlsbad,2025,RHNA Allocation,Total,3873,HCD RHNA 6th Cycle Progress Report,Housing units (count)
chula vista,2025,RHNA Allocation,Total,11105,HCD RHNA 6th Cycle Progress Report,Housing units (count)
coronado,2025,RHNA Allocation,Total,912,HCD RHNA 6th Cycle Progress Report,Housing units (count)
del mar,2025,RHNA Allocation,Total,163,HCD RHNA 6th Cycle Progress Report,Housing units (count)
el cajon,2025,RHNA Allocation,Total,3280,HCD RHNA 6th Cycle Progress Report,Housing units (count)
encinitas,2025,RHNA Allocation,Total,1554,HCD RHNA 6th Cycle Progress Report,Housing units (count)
escondido,2025,RHNA Allocation,Total,9607,HCD RHNA 6th Cycle Progress Report,Housing units (count)
imperial beach,2025,RHNA Allocation,Total,1329,HCD RHNA 6th Cycle Progress Report,Housing units (count)
la mesa,2025,RHNA Allocation,Total,3797,HCD RHNA 6th Cycle Progress Report,Housing units (count)
lemon grove,2025,RHNA Allocation,Total,1359,HCD RHNA 6th Cycle Progress Report,Housing units (count)
national city,2025,RHNA Allocation,Total,5437,HCD RHNA 6th Cycle Progress Report,Housing units (count)
oceanside,2025,RHNA Allocation,Total,5443,HCD RHNA 6th Cycle Progress Report,Housing units (count)
poway,2025,RHNA Allocation,Total,1319,HCD RHNA 6th Cycle Progress Report,Housing units (count)
san diego,2025,RHNA Allocation,Total,108036,HCD RHNA 6th Cycle Progress Report,Housing units (count)
san marcos,2025,RHNA Allocation,Total,3116,HCD RHNA 6th Cycle Progress Report,Housing units (count)
santee,2025,RHNA Allocation,Total,1219,HCD RHNA 6th Cycle Progress Report,Housing units (count)
solana beach,2025,RHNA Allocation,Total,875,HCD RHNA 6th Cycle Progress Report,Housing units (count)
unincorporated san diego county,2025,RHNA Allocation,Total,6700,HCD RHNA 6th Cycle Progress Report,Housing units (count)
vista,2025,RHNA Allocation,Total,2561,HCD RHNA 6th Cycle Progress Report,Housing units (count)
carlsbad,2025,RHNA Qualifying Units,Very Low,65,HCD RHNA 6th Cycle Progress Report,Housing units (count)
chula vista,2025,RHNA Qualifying Units,Very Low,130,HCD RHNA 6th Cycle Progress Report,Housing units (count)
coronado,2025,RHNA Qualifying Units,Very Low,0,HCD RHNA 6th Cycle Progress Report,Housing units (count)
del mar,2025,RHNA Qualifying Units,Very Low,0,HCD RHNA 6th Cycle Progress Report,Housing units (count)
el cajon,2025,RHNA Qualifying Units,Very Low,0,HCD RHNA 6th Cycle Progress Report,Housing units (count)
encinitas,2025,RHNA Qualifying Units,Very Low,118,HCD RHNA 6th Cycle Progress Report,Housing units (count)
escondido,2025,RHNA Qualifying Units,Very Low,185,HCD RHNA 6th Cycle Progress Report,Housing units (count)
imperial beach,2025,RHNA Qualifying Units,Very Low,0,HCD RHNA 6th Cycle Progress Report,Housing units (count)
la mesa,2025,RHNA Qualifying Units,Very Low,24,HCD RHNA 6th Cycle Progress Report,Housing units (count)
lemon grove,2025,RHNA Qualifying Units,Very Low,0,HCD RHNA 6th Cycle Progress Report,Housing units (count)
national city,2025,RHNA Qualifying Units,Very Low,97,HCD RHNA 6th Cycle Progress Report,Housing units (count)
oceanside,2025,RHNA Qualifying Units,Very Low,185,HCD RHNA 6th Cycle Progress Report,Housing units (count)
poway,2025,RHNA Qualifying Units,Very Low,1,HCD RHNA 6th Cycle Progress Report,Housing units (count)
san diego,2025,RHNA Qualifying Units,Very Low,2513,HCD RHNA 6th Cycle Progress Report,Housing units (count)
san marcos,2025,RHNA Qualifying Units,Very Low,155,HCD RHNA 6th Cycle Progress Report,Housing units (count)
santee,2025,RHNA Qualifying Units,Very Low,0,HCD RHNA 6th Cycle Progress Report,Housing units (count)
solana beach,2025,RHNA Qualifying Units,Very Low,0,HCD RHNA 6th Cycle Progress Report,Housing units (count)
unincorporated san diego county,2025,RHNA Qualifying Units,Very Low,462,HCD RHNA 6th Cycle Progress Report,Housing units (count)
vista,2025,RHNA Qualifying Units,Very Low,57,HCD RHNA 6th Cycle Progress Report,Housing units (count)
carlsbad,2025,RHNA Qualifying Units,Low,198,HCD RHNA 6th Cycle Progress Report,Housing units (count)
chula vista,2025,RHNA Qualifying Units,Low,377,HCD RHNA 6th Cycle Progress Report,Housing units (count)
coronado,2025,RHNA Qualifying Units,Low,0,HCD RHNA 6th Cycle Progress Report,Housing units (count)
del mar,2025,RHNA Qualifying Units,Low,0,HCD RHNA 6th Cycle Progress Report,Housing units (count)
el cajon,2025,RHNA Qualifying Units,Low,281,HCD RHNA 6th Cycle Progress Report,Housing units (count)
encinitas,2025,RHNA Qualifying Units,Low,74,HCD RHNA 6th Cycle Progress Report,Housing units (count)
escondido,2025,RHNA Qualifying Units,Low,273,HCD RHNA 6th Cycle Progress Report,Housing units (count)
imperial beach,2025,RHNA Qualifying Units,Low,0,HCD RHNA 6th Cycle Progress Report,Housing units (count)
la mesa,2025,RHNA Qualifying Units,Low,167,HCD RHNA 6th Cycle Progress Report,Housing units (count)
lemon grove,2025,RHNA Qualifying Units,Low,23,HCD RHNA 6th Cycle Progress Report,Housing units (count)
national city,2025,RHNA Qualifying Units,Low,317,HCD RHNA 6th Cycle Progress Report,Housing units (count)
oceanside,2025,RHNA Qualifying Units,Low,203,HCD RHNA 6th Cycle Progress Report,Housing units (count)
poway,2025,RHNA Qualifying Units,Low,0,HCD RHNA 6th Cycle Progress Report,Housing units (count)
san diego,2025,RHNA Qualifying Units,Low,2958,HCD RHNA 6th Cycle Progress Report,Housing units (count)
san marcos,2025,RHNA Qualifying Units,Low,269,HCD RHNA 6th Cycle Progress Report,Housing units (count)
santee,2025,RHNA Qualifying Units,Low,5,HCD RHNA 6th Cycle Progress Report,Housing units (count)
solana beach,2025,RHNA Qualifying Units,Low,32,HCD RHNA 6th Cycle Progress Report,Housing units (count)
unincorporated san diego county,2025,RHNA Qualifying Units,Low,1125,HCD RHNA 6th Cycle Progress Report,Housing units (count)
vista,2025,RHNA Qualifying Units,Low,11,HCD RHNA 6th Cycle Progress Report,Housing units (count)
carlsbad,2025,RHNA Qualifying Units,Moderate,293,HCD RHNA 6th Cycle Progress Report,Housing units (count)
chula vista,2025,RHNA Qualifying Units,Moderate,943,HCD RHNA 6th Cycle Progress Report,Housing units (count)
coronado,2025,RHNA Qualifying Units,Moderate,0,HCD RHNA 6th Cycle Progress Report,Housing units (count)
del mar,2025,RHNA Qualifying Units,Moderate,66,HCD RHNA 6th Cycle Progress Report,Housing units (count)
el cajon,2025,RHNA Qualifying Units,Moderate,154,HCD RHNA 6th Cycle Progress Report,Housing units (count)
encinitas,2025,RHNA Qualifying Units,Moderate,122,HCD RHNA 6th Cycle Progress Report,Housing units (count)
escondido,2025,RHNA Qualifying Units,Moderate,74,HCD RHNA 6th Cycle Progress Report,Housing units (count)
imperial beach,2025,RHNA Qualifying Units,Moderate,0,HCD RHNA 6th Cycle Progress Report,Housing units (count)
la mesa,2025,RHNA Qualifying Units,Moderate,412,HCD RHNA 6th Cycle Progress Report,Housing units (count)
lemon grove,2025,RHNA Qualifying Units,Moderate,0,HCD RHNA 6th Cycle Progress Report,Housing units (count)
national city,2025,RHNA Qualifying Units,Moderate,0,HCD RHNA 6th Cycle Progress Report,Housing units (count)
oceanside,2025,RHNA Qualifying Units,Moderate,512,HCD RHNA 6th Cycle Progress Report,Housing units (count)
poway,2025,RHNA Qualifying Units,Moderate,116,HCD RHNA 6th Cycle Progress Report,Housing units (count)
san diego,2025,RHNA Qualifying Units,Moderate,1360,HCD RHNA 6th Cycle Progress Report,Housing units (count)
san marcos,2025,RHNA Qualifying Units,Moderate,915,HCD RHNA 6th Cycle Progress Report,Housing units (count)
santee,2025,RHNA Qualifying Units,Moderate,194,HCD RHNA 6th Cycle Progress Report,Housing units (count)
solana beach,2025,RHNA Qualifying Units,Moderate,95,HCD RHNA 6th Cycle Progress Report,Housing units (count)
unincorporated san diego county,2025,RHNA Qualifying Units,Moderate,1167,HCD RHNA 6th Cycle Progress Report,Housing units (count)
vista,2025,RHNA Qualifying Units,Moderate,0,HCD RHNA 6th Cycle Progress Report,Housing units (count)
carlsbad,2025,RHNA Qualifying Units,Above Moderate,991,HCD RHNA 6th Cycle Progress Report,Housing units (count)
chula vista,2025,RHNA Qualifying Units,Above Moderate,4716,HCD RHNA 6th Cycle Progress Report,Housing units (count)
coronado,2025,RHNA Qualifying Units,Above Moderate,204,HCD RHNA 6th Cycle Progress Report,Housing units (count)
del mar,2025,RHNA Qualifying Units,Above Moderate,45,HCD RHNA 6th Cycle Progress Report,Housing units (count)
el cajon,2025,RHNA Qualifying Units,Above Moderate,350,HCD RHNA 6th Cycle Progress Report,Housing units (count)
encinitas,2025,RHNA Qualifying Units,Above Moderate,1135,HCD RHNA 6th Cycle Progress Report,Housing units (count)
escondido,2025,RHNA Qualifying Units,Above Moderate,1572,HCD RHNA 6th Cycle Progress Report,Housing units (count)
imperial beach,2025,RHNA Qualifying Units,Above Moderate,213,HCD RHNA 6th Cycle Progress Report,Housing units (count)
la mesa,2025,RHNA Qualifying Units,Above Moderate,453,HCD RHNA 6th Cycle Progress Report,Housing units (count)
lemon grove,2025,RHNA Qualifying Units,Above Moderate,326,HCD RHNA 6th Cycle Progress Report,Housing units (count)
national city,2025,RHNA Qualifying Units,Above Moderate,295,HCD RHNA 6th Cycle Progress Report,Housing units (count)
oceanside,2025,RHNA Qualifying Units,Above Moderate,2148,HCD RHNA 6th Cycle Progress Report,Housing units (count)
poway,2025,RHNA Qualifying Units,Above Moderate,411,HCD RHNA 6th Cycle Progress Report,Housing units (count)
san diego,2025,RHNA Qualifying Units,Above Moderate,29702,HCD RHNA 6th Cycle Progress Report,Housing units (count)
san marcos,2025,RHNA Qualifying Units,Above Moderate,1232,HCD RHNA 6th Cycle Progress Report,Housing units (count)
santee,2025,RHNA Qualifying Units,Above Moderate,322,HCD RHNA 6th Cycle Progress Report,Housing units (count)
solana beach,2025,RHNA Qualifying Units,Above Moderate,78,HCD RHNA 6th Cycle Progress Report,Housing units (count)
unincorporated san diego county,2025,RHNA Qualifying Units,Above Moderate,3380,HCD RHNA 6th Cycle Progress Report,Housing units (count)
vista,2025,RHNA Qualifying Units,Above Moderate,838,HCD RHNA 6th Cycle Progress Report,Housing units (count)
carlsbad,2025,RHNA Qualifying Units,Total,1547,HCD RHNA 6th Cycle Progress Report,Housing units (count)
chula vista,2025,RHNA Qualifying Units,Total,6166,HCD RHNA 6th Cycle Progress Report,Housing units (count)
coronado,2025,RHNA Qualifying Units,Total,204,HCD RHNA 6th Cycle Progress Report,Housing units (count)
del mar,2025,RHNA Qualifying Units,Total,111,HCD RHNA 6th Cycle Progress Report,Housing units (count)
el cajon,2025,RHNA Qualifying Units,Total,785,HCD RHNA 6th Cycle Progress Report,Housing units (count)
encinitas,2025,RHNA Qualifying Units,Total,1449,HCD RHNA 6th Cycle Progress Report,Housing units (count)
escondido,2025,RHNA Qualifying Units,Total,2104,HCD RHNA 6th Cycle Progress Report,Housing units (count)
imperial beach,2025,RHNA Qualifying Units,Total,213,HCD RHNA 6th Cycle Progress Report,Housing units (count)
la mesa,2025,RHNA Qualifying Units,Total,1056,HCD RHNA 6th Cycle Progress Report,Housing units (count)
lemon grove,2025,RHNA Qualifying Units,Total,349,HCD RHNA 6th Cycle Progress Report,Housing units (count)
national city,2025,RHNA Qualifying Units,Total,709,HCD RHNA 6th Cycle Progress Report,Housing units (count)
oceanside,2025,RHNA Qualifying Units,Total,3048,HCD RHNA 6th Cycle Progress Report,Housing units (count)
poway,2025,RHNA Qualifying Units,Total,528,HCD RHNA 6th Cycle Progress Report,Housing units (count)
san diego,2025,RHNA Qualifying Units,Total,36533,HCD RHNA 6th Cycle Progress Report,Housing units (count)
san marcos,2025,RHNA Qualifying Units,Total,2571,HCD RHNA 6th Cycle Progress Report,Housing units (count)
santee,2025,RHNA Qualifying Units,Total,521,HCD RHNA 6th Cycle Progress Report,Housing units (count)
solana beach,2025,RHNA Qualifying Units,Total,205,HCD RHNA 6th Cycle Progress Report,Housing units (count)
unincorporated san diego county,2025,RHNA Qualifying Units,Total,6134,HCD RHNA 6th Cycle Progress Report,Housing units (count)
vista,2025,RHNA Qualifying Units,Total,906,HCD RHNA 6th Cycle Progress Report,Housing units (count)
carlsbad,2025,RHNA Remaining,Very Low,1246,HCD RHNA 6th Cycle Progress Report,Housing units (count)
chula vista,2025,RHNA Remaining,Very Low,2620,HCD RHNA 6th Cycle Progress Report,Housing units (count)
coronado,2025,RHNA Remaining,Very Low,312,HCD RHNA 6th Cycle Progress Report,Housing units (count)
del mar,2025,RHNA Remaining,Very Low,37,HCD RHNA 6th Cycle Progress Report,Housing units (count)
el cajon,2025,RHNA Remaining,Very Low,481,HCD RHNA 6th Cycle Progress Report,Housing units (count)
encinitas,2025,RHNA Remaining,Very Low,351,HCD RHNA 6th Cycle Progress Report,Housing units (count)
escondido,2025,RHNA Remaining,Very Low,1679,HCD RHNA 6th Cycle Progress Report,Housing units (count)
imperial beach,2025,RHNA Remaining,Very Low,225,HCD RHNA 6th Cycle Progress Report,Housing units (count)
la mesa,2025,RHNA Remaining,Very Low,835,HCD RHNA 6th Cycle Progress Report,Housing units (count)
lemon grove,2025,RHNA Remaining,Very Low,295,HCD RHNA 6th Cycle Progress Report,Housing units (count)
national city,2025,RHNA Remaining,Very Low,548,HCD RHNA 6th Cycle Progress Report,Housing units (count)
oceanside,2025,RHNA Remaining,Very Low,1083,HCD RHNA 6th Cycle Progress Report,Housing units (count)
poway,2025,RHNA Remaining,Very Low,467,HCD RHNA 6th Cycle Progress Report,Housing units (count)
san diego,2025,RHNA Remaining,Very Low,25036,HCD RHNA 6th Cycle Progress Report,Housing units (count)
san marcos,2025,RHNA Remaining,Very Low,573,HCD RHNA 6th Cycle Progress Report,Housing units (count)
santee,2025,RHNA Remaining,Very Low,406,HCD RHNA 6th Cycle Progress Report,Housing units (count)
solana beach,2025,RHNA Remaining,Very Low,316,HCD RHNA 6th Cycle Progress Report,Housing units (count)
unincorporated san diego county,2025,RHNA Remaining,Very Low,1372,HCD RHNA 6th Cycle Progress Report,Housing units (count)
vista,2025,RHNA Remaining,Very Low,458,HCD RHNA 6th Cycle Progress Report,Housing units (count)
carlsbad,2025,RHNA Remaining,Low,586,HCD RHNA 6th Cycle Progress Report,Housing units (count)
chula vista,2025,RHNA Remaining,Low,1400,HCD RHNA 6th Cycle Progress Report,Housing units (count)
coronado,2025,RHNA Remaining,Low,169,HCD RHNA 6th Cycle Progress Report,Housing units (count)
del mar,2025,RHNA Remaining,Low,64,HCD RHNA 6th Cycle Progress Report,Housing units (count)
el cajon,2025,RHNA Remaining,Low,133,HCD RHNA 6th Cycle Progress Report,Housing units (count)
encinitas,2025,RHNA Remaining,Low,295,HCD RHNA 6th Cycle Progress Report,Housing units (count)
escondido,2025,RHNA Remaining,Low,976,HCD RHNA 6th Cycle Progress Report,Housing units (count)
imperial beach,2025,RHNA Remaining,Low,123,HCD RHNA 6th Cycle Progress Report,Housing units (count)
la mesa,2025,RHNA Remaining,Low,320,HCD RHNA 6th Cycle Progress Report,Housing units (count)
lemon grove,2025,RHNA Remaining,Low,143,HCD RHNA 6th Cycle Progress Report,Housing units (count)
national city,2025,RHNA Remaining,Low,189,HCD RHNA 6th Cycle Progress Report,Housing units (count)
oceanside,2025,RHNA Remaining,Low,515,HCD RHNA 6th Cycle Progress Report,Housing units (count)
poway,2025,RHNA Remaining,Low,268,HCD RHNA 6th Cycle Progress Report,Housing units (count)
san diego,2025,RHNA Remaining,Low,14373,HCD RHNA 6th Cycle Progress Report,Housing units (count)
san marcos,2025,RHNA Remaining,Low,261,HCD RHNA 6th Cycle Progress Report,Housing units (count)
santee,2025,RHNA Remaining,Low,195,HCD RHNA 6th Cycle Progress Report,Housing units (count)
solana beach,2025,RHNA Remaining,Low,127,HCD RHNA 6th Cycle Progress Report,Housing units (count)
unincorporated san diego county,2025,RHNA Remaining,Low,0,HCD RHNA 6th Cycle Progress Report,Housing units (count)
vista,2025,RHNA Remaining,Low,310,HCD RHNA 6th Cycle Progress Report,Housing units (count)
carlsbad,2025,RHNA Remaining,Moderate,456,HCD RHNA 6th Cycle Progress Report,Housing units (count)
chula vista,2025,RHNA Remaining,Moderate,968,HCD RHNA 6th Cycle Progress Report,Housing units (count)
coronado,2025,RHNA Remaining,Moderate,159,HCD RHNA 6th Cycle Progress Report,Housing units (count)
del mar,2025,RHNA Remaining,Moderate,0,HCD RHNA 6th Cycle Progress Report,Housing units (count)
el cajon,2025,RHNA Remaining,Moderate,364,HCD RHNA 6th Cycle Progress Report,Housing units (count)
encinitas,2025,RHNA Remaining,Moderate,186,HCD RHNA 6th Cycle Progress Report,Housing units (count)
escondido,2025,RHNA Remaining,Moderate,1453,HCD RHNA 6th Cycle Progress Report,Housing units (count)
imperial beach,2025,RHNA Remaining,Moderate,183,HCD RHNA 6th Cycle Progress Report,Housing units (count)
la mesa,2025,RHNA Remaining,Moderate,165,HCD RHNA 6th Cycle Progress Report,Housing units (count)
lemon grove,2025,RHNA Remaining,Moderate,193,HCD RHNA 6th Cycle Progress Report,Housing units (count)
national city,2025,RHNA Remaining,Moderate,711,HCD RHNA 6th Cycle Progress Report,Housing units (count)
oceanside,2025,RHNA Remaining,Moderate,371,HCD RHNA 6th Cycle Progress Report,Housing units (count)
poway,2025,RHNA Remaining,Moderate,125,HCD RHNA 6th Cycle Progress Report,Housing units (count)
san diego,2025,RHNA Remaining,Moderate,17959,HCD RHNA 6th Cycle Progress Report,Housing units (count)
san marcos,2025,RHNA Remaining,Moderate,0,HCD RHNA 6th Cycle Progress Report,Housing units (count)
santee,2025,RHNA Remaining,Moderate,0,HCD RHNA 6th Cycle Progress Report,Housing units (count)
solana beach,2025,RHNA Remaining,Moderate,65,HCD RHNA 6th Cycle Progress Report,Housing units (count)
unincorporated san diego county,2025,RHNA Remaining,Moderate,0,HCD RHNA 6th Cycle Progress Report,Housing units (count)
vista,2025,RHNA Remaining,Moderate,369,HCD RHNA 6th Cycle Progress Report,Housing units (count)
carlsbad,2025,RHNA Remaining,Above Moderate,38,HCD RHNA 6th Cycle Progress Report,Housing units (count)
chula vista,2025,RHNA Remaining,Above Moderate,0,HCD RHNA 6th Cycle Progress Report,Housing units (count)
coronado,2025,RHNA Remaining,Above Moderate,68,HCD RHNA 6th Cycle Progress Report,Housing units (count)
del mar,2025,RHNA Remaining,Above Moderate,0,HCD RHNA 6th Cycle Progress Report,Housing units (count)
el cajon,2025,RHNA Remaining,Above Moderate,1517,HCD RHNA 6th Cycle Progress Report,Housing units (count)
encinitas,2025,RHNA Remaining,Above Moderate,0,HCD RHNA 6th Cycle Progress Report,Housing units (count)
escondido,2025,RHNA Remaining,Above Moderate,3395,HCD RHNA 6th Cycle Progress Report,Housing units (count)
imperial beach,2025,RHNA Remaining,Above Moderate,585,HCD RHNA 6th Cycle Progress Report,Housing units (count)
la mesa,2025,RHNA Remaining,Above Moderate,1421,HCD RHNA 6th Cycle Progress Report,Housing units (count)
lemon grove,2025,RHNA Remaining,Above Moderate,379,HCD RHNA 6th Cycle Progress Report,Housing units (count)
national city,2025,RHNA Remaining,Above Moderate,3280,HCD RHNA 6th Cycle Progress Report,Housing units (count)
oceanside,2025,RHNA Remaining,Above Moderate,426,HCD RHNA 6th Cycle Progress Report,Housing units (count)
poway,2025,RHNA Remaining,Above Moderate,0,HCD RHNA 6th Cycle Progress Report,Housing units (count)
san diego,2025,RHNA Remaining,Above Moderate,14135,HCD RHNA 6th Cycle Progress Report,Housing units (count)
san marcos,2025,RHNA Remaining,Above Moderate,84,HCD RHNA 6th Cycle Progress Report,Housing units (count)
santee,2025,RHNA Remaining,Above Moderate,103,HCD RHNA 6th Cycle Progress Report,Housing units (count)
solana beach,2025,RHNA Remaining,Above Moderate,162,HCD RHNA 6th Cycle Progress Report,Housing units (count)
unincorporated san diego county,2025,RHNA Remaining,Above Moderate,0,HCD RHNA 6th Cycle Progress Report,Housing units (count)
vista,2025,RHNA Remaining,Above Moderate,518,HCD RHNA 6th Cycle Progress Report,Housing units (count)
carlsbad,2025,RHNA Remaining,Total,2326,HCD RHNA 6th Cycle Progress Report,Housing units (count)
chula vista,2025,RHNA Remaining,Total,4988,HCD RHNA 6th Cycle Progress Report,Housing units (count)
coronado,2025,RHNA Remaining,Total,708,HCD RHNA 6th Cycle Progress Report,Housing units (count)
del mar,2025,RHNA Remaining,Total,101,HCD RHNA 6th Cycle Progress Report,Housing units (count)
el cajon,2025,RHNA Remaining,Total,2495,HCD RHNA 6th Cycle Progress Report,Housing units (count)
encinitas,2025,RHNA Remaining,Total,832,HCD RHNA 6th Cycle Progress Report,Housing units (count)
escondido,2025,RHNA Remaining,Total,7503,HCD RHNA 6th Cycle Progress Report,Housing units (count)
imperial beach,2025,RHNA Remaining,Total,1116,HCD RHNA 6th Cycle Progress Report,Housing units (count)
la mesa,2025,RHNA Remaining,Total,2741,HCD RHNA 6th Cycle Progress Report,Housing units (count)
lemon grove,2025,RHNA Remaining,Total,1010,HCD RHNA 6th Cycle Progress Report,Housing units (count)
national city,2025,RHNA Remaining,Total,4728,HCD RHNA 6th Cycle Progress Report,Housing units (count)
oceanside,2025,RHNA Remaining,Total,2395,HCD RHNA 6th Cycle Progress Report,Housing units (count)
poway,2025,RHNA Remaining,Total,860,HCD RHNA 6th Cycle Progress Report,Housing units (count)
san diego,2025,RHNA Remaining,Total,71503,HCD RHNA 6th Cycle Progress Report,Housing units (count)
san marcos,2025,RHNA Remaining,Total,918,HCD RHNA 6th Cycle Progress Report,Housing units (count)
santee,2025,RHNA Remaining,Total,704,HCD RHNA 6th Cycle Progress Report,Housing units (count)
solana beach,2025,RHNA Remaining,Total,670,HCD RHNA 6th Cycle Progress Report,Housing units (count)
unincorporated san diego county,2025,RHNA Remaining,Total,1372,HCD RHNA 6th Cycle Progress Report,Housing units (count)
vista,2025,RHNA Remaining,Total,1655,HCD RHNA 6th Cycle Progress Report,Housing units (count)
carlsbad,2025,RHNA Percent Complete,Very Low,0.04958047292143402,HCD RHNA 6th Cycle Progress Report,Percent (0-1 share)
chula vista,2025,RHNA Percent Complete,Very Low,0.04727272727272727,HCD RHNA 6th Cycle Progress Report,Percent (0-1 share)
coronado,2025,RHNA Percent Complete,Very Low,0.0,HCD RHNA 6th Cycle Progress Report,Percent (0-1 share)
del mar,2025,RHNA Percent Complete,Very Low,0.0,HCD RHNA 6th Cycle Progress Report,Percent (0-1 share)
el cajon,2025,RHNA Percent Complete,Very Low,0.0,HCD RHNA 6th Cycle Progress Report,Percent (0-1 share)
encinitas,2025,RHNA Percent Complete,Very Low,0.2515991471215352,HCD RHNA 6th Cycle Progress Report,Percent (0-1 share)
escondido,2025,RHNA Percent Complete,Very Low,0.0992489270386266,HCD RHNA 6th Cycle Progress Report,Percent (0-1 share)
imperial beach,2025,RHNA Percent Complete,Very Low,0.0,HCD RHNA 6th Cycle Progress Report,Percent (0-1 share)
la mesa,2025,RHNA Percent Complete,Very Low,0.027939464493597205,HCD RHNA 6th Cycle Progress Report,Percent (0-1 share)
lemon grove,2025,RHNA Percent Complete,Very Low,0.0,HCD RHNA 6th Cycle Progress Report,Percent (0-1 share)
national city,2025,RHNA Percent Complete,Very Low,0.15038759689922482,HCD RHNA 6th Cycle Progress Report,Percent (0-1 share)
oceanside,2025,RHNA Percent Complete,Very Low,0.14589905362776026,HCD RHNA 6th Cycle Progress Report,Percent (0-1 share)
poway,2025,RHNA Percent Complete,Very Low,0.002136752136752137,HCD RHNA 6th Cycle Progress Report,Percent (0-1 share)
san diego,2025,RHNA Percent Complete,Very Low,0.09121928200660641,HCD RHNA 6th Cycle Progress Report,Percent (0-1 share)
san marcos,2025,RHNA Percent Complete,Very Low,0.2129120879120879,HCD RHNA 6th Cycle Progress Report,Percent (0-1 share)
santee,2025,RHNA Percent Complete,Very Low,0.0,HCD RHNA 6th Cycle Progress Report,Percent (0-1 share)
solana beach,2025,RHNA Percent Complete,Very Low,0.0,HCD RHNA 6th Cycle Progress Report,Percent (0-1 share)
unincorporated san diego county,2025,RHNA Percent Complete,Very Low,0.25190839694656486,HCD RHNA 6th Cycle Progress Report,Percent (0-1 share)
vista,2025,RHNA Percent Complete,Very Low,0.11067961165048544,HCD RHNA 6th Cycle Progress Report,Percent (0-1 share)
carlsbad,2025,RHNA Percent Complete,Low,0.25255102040816324,HCD RHNA 6th Cycle Progress Report,Percent (0-1 share)
chula vista,2025,RHNA Percent Complete,Low,0.21215531795160383,HCD RHNA 6th Cycle Progress Report,Percent (0-1 share)
coronado,2025,RHNA Percent Complete,Low,0.0,HCD RHNA 6th Cycle Progress Report,Percent (0-1 share)
del mar,2025,RHNA Percent Complete,Low,0.0,HCD RHNA 6th Cycle Progress Report,Percent (0-1 share)
el cajon,2025,RHNA Percent Complete,Low,0.678743961352657,HCD RHNA 6th Cycle Progress Report,Percent (0-1 share)
encinitas,2025,RHNA Percent Complete,Low,0.2005420054200542,HCD RHNA 6th Cycle Progress Report,Percent (0-1 share)
escondido,2025,RHNA Percent Complete,Low,0.21857485988791034,HCD RHNA 6th Cycle Progress Report,Percent (0-1 share)
imperial beach,2025,RHNA Percent Complete,Low,0.0,HCD RHNA 6th Cycle Progress Report,Percent (0-1 share)
la mesa,2025,RHNA Percent Complete,Low,0.34291581108829566,HCD RHNA 6th Cycle Progress Report,Percent (0-1 share)
lemon grove,2025,RHNA Percent Complete,Low,0.13855421686746988,HCD RHNA 6th Cycle Progress Report,Percent (0-1 share)
national city,2025,RHNA Percent Complete,Low,0.6264822134387352,HCD RHNA 6th Cycle Progress Report,Percent (0-1 share)
oceanside,2025,RHNA Percent Complete,Low,0.2827298050139276,HCD RHNA 6th Cycle Progress Report,Percent (0-1 share)
poway,2025,RHNA Percent Complete,Low,0.0,HCD RHNA 6th Cycle Progress Report,Percent (0-1 share)
san diego,2025,RHNA Percent Complete,Low,0.17067682187986843,HCD RHNA 6th Cycle Progress Report,Percent (0-1 share)
san marcos,2025,RHNA Percent Complete,Low,0.5075471698113208,HCD RHNA 6th Cycle Progress Report,Percent (0-1 share)
santee,2025,RHNA Percent Complete,Low,0.025,HCD RHNA 6th Cycle Progress Report,Percent (0-1 share)
solana beach,2025,RHNA Percent Complete,Low,0.20125786163522014,HCD RHNA 6th Cycle Progress Report,Percent (0-1 share)
unincorporated san diego county,2025,RHNA Percent Complete,Low,1.1340725806451613,HCD RHNA 6th Cycle Progress Report,Percent (0-1 share)
vista,2025,RHNA Percent Complete,Low,0.03426791277258567,HCD RHNA 6th Cycle Progress Report,Percent (0-1 share)
carlsbad,2025,RHNA Percent Complete,Moderate,0.39118825100133514,HCD RHNA 6th Cycle Progress Report,Percent (0-1 share)
chula vista,2025,RHNA Percent Complete,Moderate,0.4934589220303506,HCD RHNA 6th Cycle Progress Report,Percent (0-1 share)
coronado,2025,RHNA Percent Complete,Moderate,0.0,HCD RHNA 6th Cycle Progress Report,Percent (0-1 share)
del mar,2025,RHNA Percent Complete,Moderate,2.129032258064516,HCD RHNA 6th Cycle Progress Report,Percent (0-1 share)
el cajon,2025,RHNA Percent Complete,Moderate,0.2972972972972973,HCD RHNA 6th Cycle Progress Report,Percent (0-1 share)
encinitas,2025,RHNA Percent Complete,Moderate,0.3961038961038961,HCD RHNA 6th Cycle Progress Report,Percent (0-1 share)
escondido,2025,RHNA Percent Complete,Moderate,0.04846103470857891,HCD RHNA 6th Cycle Progress Report,Percent (0-1 share)
imperial beach,2025,RHNA Percent Complete,Moderate,0.0,HCD RHNA 6th Cycle Progress Report,Percent (0-1 share)
la mesa,2025,RHNA Percent Complete,Moderate,0.7140381282495667,HCD RHNA 6th Cycle Progress Report,Percent (0-1 share)
lemon grove,2025,RHNA Percent Complete,Moderate,0.0,HCD RHNA 6th Cycle Progress Report,Percent (0-1 share)
national city,2025,RHNA Percent Complete,Moderate,0.0,HCD RHNA 6th Cycle Progress Report,Percent (0-1 share)
oceanside,2025,RHNA Percent Complete,Moderate,0.579841449603624,HCD RHNA 6th Cycle Progress Report,Percent (0-1 share)
poway,2025,RHNA Percent Complete,Moderate,0.48132780082987553,HCD RHNA 6th Cycle Progress Report,Percent (0-1 share)
san diego,2025,RHNA Percent Complete,Moderate,0.07039701847921735,HCD RHNA 6th Cycle Progress Report,Percent (0-1 share)
san marcos,2025,RHNA Percent Complete,Moderate,1.688191881918819,HCD RHNA 6th Cycle Progress Report,Percent (0-1 share)
santee,2025,RHNA Percent Complete,Moderate,1.0319148936170213,HCD RHNA 6th Cycle Progress Report,Percent (0-1 share)
solana beach,2025,RHNA Percent Complete,Moderate,0.59375,HCD RHNA 6th Cycle Progress Report,Percent (0-1 share)
unincorporated san diego county,2025,RHNA Percent Complete,Moderate,1.0017167381974248,HCD RHNA 6th Cycle Progress Report,Percent (0-1 share)
vista,2025,RHNA Percent Complete,Moderate,0.0,HCD RHNA 6th Cycle Progress Report,Percent (0-1 share)
carlsbad,2025,RHNA Percent Complete,Above Moderate,0.9630709426627794,HCD RHNA 6th Cycle Progress Report,Percent (0-1 share)
chula vista,2025,RHNA Percent Complete,Above Moderate,1.0104992500535677,HCD RHNA 6th Cycle Progress Report,Percent (0-1 share)
coronado,2025,RHNA Percent Complete,Above Moderate,0.75,HCD RHNA 6th Cycle Progress Report,Percent (0-1 share)
del mar,2025,RHNA Percent Complete,Above Moderate,1.4516129032258065,HCD RHNA 6th Cycle Progress Report,Percent (0-1 share)
el cajon,2025,RHNA Percent Complete,Above Moderate,0.18746652383502946,HCD RHNA 6th Cycle Progress Report,Percent (0-1 share)
encinitas,2025,RHNA Percent Complete,Above Moderate,2.781862745098039,HCD RHNA 6th Cycle Progress Report,Percent (0-1 share)
escondido,2025,RHNA Percent Complete,Above Moderate,0.31648882625327157,HCD RHNA 6th Cycle Progress Report,Percent (0-1 share)
imperial beach,2025,RHNA Percent Complete,Above Moderate,0.2669172932330827,HCD RHNA 6th Cycle Progress Report,Percent (0-1 share)
la mesa,2025,RHNA Percent Complete,Above Moderate,0.2417289220917823,HCD RHNA 6th Cycle Progress Report,Percent (0-1 share)
lemon grove,2025,RHNA Percent Complete,Above Moderate,0.4624113475177305,HCD RHNA 6th Cycle Progress Report,Percent (0-1 share)
national city,2025,RHNA Percent Complete,Above Moderate,0.08251748251748252,HCD RHNA 6th Cycle Progress Report,Percent (0-1 share)
oceanside,2025,RHNA Percent Complete,Above Moderate,0.8344988344988346,HCD RHNA 6th Cycle Progress Report,Percent (0-1 share)
poway,2025,RHNA Percent Complete,Above Moderate,1.2017543859649122,HCD RHNA 6th Cycle Progress Report,Percent (0-1 share)
san diego,2025,RHNA Percent Complete,Above Moderate,0.6775554896548578,HCD RHNA 6th Cycle Progress Report,Percent (0-1 share)
san marcos,2025,RHNA Percent Complete,Above Moderate,0.9361702127659575,HCD RHNA 6th Cycle Progress Report,Percent (0-1 share)
santee,2025,RHNA Percent Complete,Above Moderate,0.7576470588235295,HCD RHNA 6th Cycle Progress Report,Percent (0-1 share)
solana beach,2025,RHNA Percent Complete,Above Moderate,0.325,HCD RHNA 6th Cycle Progress Report,Percent (0-1 share)
unincorporated san diego county,2025,RHNA Percent Complete,Above Moderate,1.2476928755998524,HCD RHNA 6th Cycle Progress Report,Percent (0-1 share)
vista,2025,RHNA Percent Complete,Above Moderate,0.6179941002949852,HCD RHNA 6th Cycle Progress Report,Percent (0-1 share)
carlsbad,2025,RHNA Percent Complete,Total,0.39943196488510196,HCD RHNA 6th Cycle Progress Report,Percent (0-1 share)
chula vista,2025,RHNA Percent Complete,Total,0.5552453849617289,HCD RHNA 6th Cycle Progress Report,Percent (0-1 share)
coronado,2025,RHNA Percent Complete,Total,0.2236842105263158,HCD RHNA 6th Cycle Progress Report,Percent (0-1 share)
del mar,2025,RHNA Percent Complete,Total,0.6809815950920245,HCD RHNA 6th Cycle Progress Report,Percent (0-1 share)
el cajon,2025,RHNA Percent Complete,Total,0.23932926829268292,HCD RHNA 6th Cycle Progress Report,Percent (0-1 share)
encinitas,2025,RHNA Percent Complete,Total,0.9324324324324325,HCD RHNA 6th Cycle Progress Report,Percent (0-1 share)
escondido,2025,RHNA Percent Complete,Total,0.219006974081399,HCD RHNA 6th Cycle Progress Report,Percent (0-1 share)
imperial beach,2025,RHNA Percent Complete,Total,0.16027088036117382,HCD RHNA 6th Cycle Progress Report,Percent (0-1 share)
la mesa,2025,RHNA Percent Complete,Total,0.27811430076376087,HCD RHNA 6th Cycle Progress Report,Percent (0-1 share)
lemon grove,2025,RHNA Percent Complete,Total,0.2568064753495217,HCD RHNA 6th Cycle Progress Report,Percent (0-1 share)
national city,2025,RHNA Percent Complete,Total,0.130402795659371,HCD RHNA 6th Cycle Progress Report,Percent (0-1 share)
oceanside,2025,RHNA Percent Complete,Total,0.5599853022230388,HCD RHNA 6th Cycle Progress Report,Percent (0-1 share)
poway,2025,RHNA Percent Complete,Total,0.400303260045489,HCD RHNA 6th Cycle Progress Report,Percent (0-1 share)
san diego,2025,RHNA Percent Complete,Total,0.33815579991854566,HCD RHNA 6th Cycle Progress Report,Percent (0-1 share)
san marcos,2025,RHNA Percent Complete,Total,0.8250962772785623,HCD RHNA 6th Cycle Progress Report,Percent (0-1 share)
santee,2025,RHNA Percent Complete,Total,0.4273995077932732,HCD RHNA 6th Cycle Progress Report,Percent (0-1 share)
solana beach,2025,RHNA Percent Complete,Total,0.2342857142857143,HCD RHNA 6th Cycle Progress Report,Percent (0-1 share)
unincorporated san diego county,2025,RHNA Percent Complete,Total,0.9155223880597015,HCD RHNA 6th Cycle Progress Report,Percent (0-1 share)
vista,2025,RHNA Percent Complete,Total,0.3537680593518157,HCD RHNA 6th Cycle Progress Report,Percent (0-1 share)
carlsbad,2018,Applications,Very Low,7.0,HCD APR Table A,Housing units (count)
carlsbad,2019,Applications,Very Low,0.0,HCD APR Table A,Housing units (count)
carlsbad,2020,Applications,Very Low,0.0,HCD APR Table A,Housing units (count)
carlsbad,2021,Applications,Very Low,0.0,HCD APR Table A,Housing units (count)
carlsbad,2022,Applications,Very Low,20.0,HCD APR Table A,Housing units (count)
carlsbad,2023,Applications,Very Low,22.0,HCD APR Table A,Housing units (count)
carlsbad,2024,Applications,Very Low,17.0,HCD APR Table A,Housing units (count)
carlsbad,2025,Applications,Very Low,9.0,HCD APR Table A,Housing units (count)
chula vista,2018,Applications,Very Low,0.0,HCD APR Table A,Housing units (count)
chula vista,2019,Applications,Very Low,35.0,HCD APR Table A,Housing units (count)
chula vista,2020,Applications,Very Low,0.0,HCD APR Table A,Housing units (count)
chula vista,2021,Applications,Very Low,48.0,HCD APR Table A,Housing units (count)
chula vista,2022,Applications,Very Low,0.0,HCD APR Table A,Housing units (count)
chula vista,2023,Applications,Very Low,14.0,HCD APR Table A,Housing units (count)
chula vista,2024,Applications,Very Low,10.0,HCD APR Table A,Housing units (count)
chula vista,2025,Applications,Very Low,131.0,HCD APR Table A,Housing units (count)
coronado,2018,Applications,Very Low,0.0,HCD APR Table A,Housing units (count)
coronado,2019,Applications,Very Low,0.0,HCD APR Table A,Housing units (count)
coronado,2020,Applications,Very Low,0.0,HCD APR Table A,Housing units (count)
coronado,2021,Applications,Very Low,0.0,HCD APR Table A,Housing units (count)
coronado,2022,Applications,Very Low,0.0,HCD APR Table A,Housing units (count)
coronado,2023,Applications,Very Low,0.0,HCD APR Table A,Housing units (count)
coronado,2024,Applications,Very Low,0.0,HCD APR Table A,Housing units (count)
coronado,2025,Applications,Very Low,0.0,HCD APR Table A,Housing units (count)
del mar,2018,Applications,Very Low,0.0,HCD APR Table A,Housing units (count)
del mar,2019,Applications,Very Low,0.0,HCD APR Table A,Housing units (count)
del mar,2020,Applications,Very Low,0.0,HCD APR Table A,Housing units (count)
del mar,2021,Applications,Very Low,0.0,HCD APR Table A,Housing units (count)
del mar,2022,Applications,Very Low,0.0,HCD APR Table A,Housing units (count)
del mar,2023,Applications,Very Low,0.0,HCD APR Table A,Housing units (count)
del mar,2024,Applications,Very Low,0.0,HCD APR Table A,Housing units (count)
del mar,2025,Applications,Very Low,0.0,HCD APR Table A,Housing units (count)
el cajon,2018,Applications,Very Low,0.0,HCD APR Table A,Housing units (count)
el cajon,2019,Applications,Very Low,1.0,HCD APR Table A,Housing units (count)
el cajon,2020,Applications,Very Low,0.0,HCD APR Table A,Housing units (count)
el cajon,2021,Applications,Very Low,0.0,HCD APR Table A,Housing units (count)
el cajon,2022,Applications,Very Low,0.0,HCD APR Table A,Housing units (count)
el cajon,2023,Applications,Very Low,0.0,HCD APR Table A,Housing units (count)
el cajon,2024,Applications,Very Low,0.0,HCD APR Table A,Housing units (count)
el cajon,2025,Applications,Very Low,0.0,HCD APR Table A,Housing units (count)
encinitas,2018,Applications,Very Low,1.0,HCD APR Table A,Housing units (count)
encinitas,2019,Applications,Very Low,0.0,HCD APR Table A,Housing units (count)
encinitas,2020,Applications,Very Low,41.0,HCD APR Table A,Housing units (count)
encinitas,2021,Applications,Very Low,1.0,HCD APR Table A,Housing units (count)
encinitas,2022,Applications,Very Low,5.0,HCD APR Table A,Housing units (count)
encinitas,2023,Applications,Very Low,86.0,HCD APR Table A,Housing units (count)
encinitas,2024,Applications,Very Low,17.0,HCD APR Table A,Housing units (count)
encinitas,2025,Applications,Very Low,2.0,HCD APR Table A,Housing units (count)
escondido,2018,Applications,Very Low,2.0,HCD APR Table A,Housing units (count)
escondido,2019,Applications,Very Low,28.0,HCD APR Table A,Housing units (count)
escondido,2020,Applications,Very Low,19.0,HCD APR Table A,Housing units (count)
escondido,2021,Applications,Very Low,36.0,HCD APR Table A,Housing units (count)
escondido,2022,Applications,Very Low,58.0,HCD APR Table A,Housing units (count)
escondido,2023,Applications,Very Low,36.0,HCD APR Table A,Housing units (count)
escondido,2024,Applications,Very Low,21.0,HCD APR Table A,Housing units (count)
escondido,2025,Applications,Very Low,118.0,HCD APR Table A,Housing units (count)
imperial beach,2018,Applications,Very Low,3.0,HCD APR Table A,Housing units (count)
imperial beach,2019,Applications,Very Low,0.0,HCD APR Table A,Housing units (count)
imperial beach,2020,Applications,Very Low,0.0,HCD APR Table A,Housing units (count)
imperial beach,2021,Applications,Very Low,1.0,HCD APR Table A,Housing units (count)
imperial beach,2022,Applications,Very Low,4.0,HCD APR Table A,Housing units (count)
imperial beach,2023,Applications,Very Low,0.0,HCD APR Table A,Housing units (count)
imperial beach,2024,Applications,Very Low,1.0,HCD APR Table A,Housing units (count)
imperial beach,2025,Applications,Very Low,28.0,HCD APR Table A,Housing units (count)
la mesa,2018,Applications,Very Low,4.0,HCD APR Table A,Housing units (count)
la mesa,2019,Applications,Very Low,5.0,HCD APR Table A,Housing units (count)
la mesa,2020,Applications,Very Low,4.0,HCD APR Table A,Housing units (count)
la mesa,2021,Applications,Very Low,7.0,HCD APR Table A,Housing units (count)
la mesa,2022,Applications,Very Low,2.0,HCD APR Table A,Housing units (count)
la mesa,2023,Applications,Very Low,74.0,HCD APR Table A,Housing units (count)
la mesa,2024,Applications,Very Low,8.0,HCD APR Table A,Housing units (count)
la mesa,2025,Applications,Very Low,5.0,HCD APR Table A,Housing units (count)
lemon grove,2018,Applications,Very Low,0.0,HCD APR Table A,Housing units (count)
lemon grove,2019,Applications,Very Low,0.0,HCD APR Table A,Housing units (count)
lemon grove,2020,Applications,Very Low,4.0,HCD APR Table A,Housing units (count)
lemon grove,2021,Applications,Very Low,0.0,HCD APR Table A,Housing units (count)
lemon grove,2022,Applications,Very Low,0.0,HCD APR Table A,Housing units (count)
lemon grove,2023,Applications,Very Low,0.0,HCD APR Table A,Housing units (count)
lemon grove,2024,Applications,Very Low,0.0,HCD APR Table A,Housing units (count)
lemon grove,2025,Applications,Very Low,0.0,HCD APR Table A,Housing units (count)
national city,2018,Applications,Very Low,0.0,HCD APR Table A,Housing units (count)
national city,2019,Applications,Very Low,0.0,HCD APR Table A,Housing units (count)
national city,2020,Applications,Very Low,0.0,HCD APR Table A,Housing units (count)
national city,2021,Applications,Very Low,0.0,HCD APR Table A,Housing units (count)
national city,2022,Applications,Very Low,0.0,HCD APR Table A,Housing units (count)
national city,2023,Applications,Very Low,57.0,HCD APR Table A,Housing units (count)
national city,2024,Applications,Very Low,0.0,HCD APR Table A,Housing units (count)
national city,2025,Applications,Very Low,0.0,HCD APR Table A,Housing units (count)
oceanside,2018,Applications,Very Low,0.0,HCD APR Table A,Housing units (count)
oceanside,2019,Applications,Very Low,0.0,HCD APR Table A,Housing units (count)
oceanside,2020,Applications,Very Low,0.0,HCD APR Table A,Housing units (count)
oceanside,2021,Applications,Very Low,132.0,HCD APR Table A,Housing units (count)
oceanside,2022,Applications,Very Low,151.0,HCD APR Table A,Housing units (count)
oceanside,2023,Applications,Very Low,52.0,HCD APR Table A,Housing units (count)
oceanside,2024,Applications,Very Low,29.0,HCD APR Table A,Housing units (count)
oceanside,2025,Applications,Very Low,62.0,HCD APR Table A,Housing units (count)
poway,2018,Applications,Very Low,0.0,HCD APR Table A,Housing units (count)
poway,2019,Applications,Very Low,43.0,HCD APR Table A,Housing units (count)
poway,2020,Applications,Very Low,0.0,HCD APR Table A,Housing units (count)
poway,2021,Applications,Very Low,0.0,HCD APR Table A,Housing units (count)
poway,2022,Applications,Very Low,0.0,HCD APR Table A,Housing units (count)
poway,2023,Applications,Very Low,0.0,HCD APR Table A,Housing units (count)
poway,2024,Applications,Very Low,0.0,HCD APR Table A,Housing units (count)
poway,2025,Applications,Very Low,0.0,HCD APR Table A,Housing units (count)
san diego,2018,Applications,Very Low,415.0,HCD APR Table A,Housing units (count)
san diego,2019,Applications,Very Low,0.0,HCD APR Table A,Housing units (count)
san diego,2020,Applications,Very Low,86.0,HCD APR Table A,Housing units (count)
san diego,2021,Applications,Very Low,262.0,HCD APR Table A,Housing units (count)
san diego,2022,Applications,Very Low,169.0,HCD APR Table A,Housing units (count)
san diego,2023,Applications,Very Low,365.0,HCD APR Table A,Housing units (count)
san diego,2024,Applications,Very Low,261.0,HCD APR Table A,Housing units (count)
san diego,2025,Applications,Very Low,299.0,HCD APR Table A,Housing units (count)
san marcos,2018,Applications,Very Low,113.0,HCD APR Table A,Housing units (count)
san marcos,2019,Applications,Very Low,0.0,HCD APR Table A,Housing units (count)
san marcos,2020,Applications,Very Low,0.0,HCD APR Table A,Housing units (count)
san marcos,2021,Applications,Very Low,55.0,HCD APR Table A,Housing units (count)
san marcos,2022,Applications,Very Low,1.0,HCD APR Table A,Housing units (count)
san marcos,2023,Applications,Very Low,6.0,HCD APR Table A,Housing units (count)
san marcos,2024,Applications,Very Low,156.0,HCD APR Table A,Housing units (count)
san marcos,2025,Applications,Very Low,5.0,HCD APR Table A,Housing units (count)
santee,2018,Applications,Very Low,0.0,HCD APR Table A,Housing units (count)
santee,2019,Applications,Very Low,0.0,HCD APR Table A,Housing units (count)
santee,2020,Applications,Very Low,0.0,HCD APR Table A,Housing units (count)
santee,2021,Applications,Very Low,0.0,HCD APR Table A,Housing units (count)
santee,2022,Applications,Very Low,0.0,HCD APR Table A,Housing units (count)
santee,2023,Applications,Very Low,0.0,HCD APR Table A,Housing units (count)
santee,2024,Applications,Very Low,3.0,HCD APR Table A,Housing units (count)
santee,2025,Applications,Very Low,2.0,HCD APR Table A,Housing units (count)
solana beach,2018,Applications,Very Low,0.0,HCD APR Table A,Housing units (count)
solana beach,2019,Applications,Very Low,0.0,HCD APR Table A,Housing units (count)
solana beach,2020,Applications,Very Low,0.0,HCD APR Table A,Housing units (count)
solana beach,2021,Applications,Very Low,0.0,HCD APR Table A,Housing units (count)
solana beach,2022,Applications,Very Low,0.0,HCD APR Table A,Housing units (count)
solana beach,2023,Applications,Very Low,0.0,HCD APR Table A,Housing units (count)
solana beach,2024,Applications,Very Low,0.0,HCD APR Table A,Housing units (count)
solana beach,2025,Applications,Very Low,0.0,HCD APR Table A,Housing units (count)
unincorporated san diego county,2018,Applications,Very Low,0.0,HCD APR Table A,Housing units (count)
unincorporated san diego county,2019,Applications,Very Low,0.0,HCD APR Table A,Housing units (count)
unincorporated san diego county,2020,Applications,Very Low,0.0,HCD APR Table A,Housing units (count)
unincorporated san diego county,2021,Applications,Very Low,31.0,HCD APR Table A,Housing units (count)
unincorporated san diego county,2022,Applications,Very Low,5.0,HCD APR Table A,Housing units (count)
unincorporated san diego county,2023,Applications,Very Low,0.0,HCD APR Table A,Housing units (count)
unincorporated san diego county,2024,Applications,Very Low,4.0,HCD APR Table A,Housing units (count)
unincorporated san diego county,2025,Applications,Very Low,119.0,HCD APR Table A,Housing units (count)
vista,2018,Applications,Very Low,60.0,HCD APR Table A,Housing units (count)
vista,2019,Applications,Very Low,12.0,HCD APR Table A,Housing units (count)
vista,2020,Applications,Very Low,3.0,HCD APR Table A,Housing units (count)
vista,2021,Applications,Very Low,1.0,HCD APR Table A,Housing units (count)
vista,2022,Applications,Very Low,18.0,HCD APR Table A,Housing units (count)
vista,2023,Applications,Very Low,11.0,HCD APR Table A,Housing units (count)
vista,2024,Applications,Very Low,7.0,HCD APR Table A,Housing units (count)
vista,2025,Applications,Very Low,14.0,HCD APR Table A,Housing units (count)
carlsbad,2018,Applications,Low,43.0,HCD APR Table A,Housing units (count)
carlsbad,2019,Applications,Low,87.0,HCD APR Table A,Housing units (count)
carlsbad,2020,Applications,Low,17.0,HCD APR Table A,Housing units (count)
carlsbad,2021,Applications,Low,45.0,HCD APR Table A,Housing units (count)
carlsbad,2022,Applications,Low,13.0,HCD APR Table A,Housing units (count)
carlsbad,2023,Applications,Low,0.0,HCD APR Table A,Housing units (count)
carlsbad,2024,Applications,Low,0.0,HCD APR Table A,Housing units (count)
carlsbad,2025,Applications,Low,104.0,HCD APR Table A,Housing units (count)
chula vista,2018,Applications,Low,1.0,HCD APR Table A,Housing units (count)
chula vista,2019,Applications,Low,141.0,HCD APR Table A,Housing units (count)
chula vista,2020,Applications,Low,0.0,HCD APR Table A,Housing units (count)
chula vista,2021,Applications,Low,156.0,HCD APR Table A,Housing units (count)
chula vista,2022,Applications,Low,98.0,HCD APR Table A,Housing units (count)
chula vista,2023,Applications,Low,41.0,HCD APR Table A,Housing units (count)
chula vista,2024,Applications,Low,0.0,HCD APR Table A,Housing units (count)
chula vista,2025,Applications,Low,99.0,HCD APR Table A,Housing units (count)
coronado,2018,Applications,Low,0.0,HCD APR Table A,Housing units (count)
coronado,2019,Applications,Low,0.0,HCD APR Table A,Housing units (count)
coronado,2020,Applications,Low,0.0,HCD APR Table A,Housing units (count)
coronado,2021,Applications,Low,0.0,HCD APR Table A,Housing units (count)
coronado,2022,Applications,Low,0.0,HCD APR Table A,Housing units (count)
coronado,2023,Applications,Low,0.0,HCD APR Table A,Housing units (count)
coronado,2024,Applications,Low,0.0,HCD APR Table A,Housing units (count)
coronado,2025,Applications,Low,0.0,HCD APR Table A,Housing units (count)
del mar,2018,Applications,Low,3.0,HCD APR Table A,Housing units (count)
del mar,2019,Applications,Low,0.0,HCD APR Table A,Housing units (count)
del mar,2020,Applications,Low,0.0,HCD APR Table A,Housing units (count)
del mar,2021,Applications,Low,10.0,HCD APR Table A,Housing units (count)
del mar,2022,Applications,Low,0.0,HCD APR Table A,Housing units (count)
del mar,2023,Applications,Low,42.0,HCD APR Table A,Housing units (count)
del mar,2024,Applications,Low,0.0,HCD APR Table A,Housing units (count)
del mar,2025,Applications,Low,0.0,HCD APR Table A,Housing units (count)
el cajon,2018,Applications,Low,1.0,HCD APR Table A,Housing units (count)
el cajon,2019,Applications,Low,196.0,HCD APR Table A,Housing units (count)
el cajon,2020,Applications,Low,0.0,HCD APR Table A,Housing units (count)
el cajon,2021,Applications,Low,8.0,HCD APR Table A,Housing units (count)
el cajon,2022,Applications,Low,4.0,HCD APR Table A,Housing units (count)
el cajon,2023,Applications,Low,95.0,HCD APR Table A,Housing units (count)
el cajon,2024,Applications,Low,40.0,HCD APR Table A,Housing units (count)
el cajon,2025,Applications,Low,66.0,HCD APR Table A,Housing units (count)
encinitas,2018,Applications,Low,0.0,HCD APR Table A,Housing units (count)
encinitas,2019,Applications,Low,0.0,HCD APR Table A,Housing units (count)
encinitas,2020,Applications,Low,0.0,HCD APR Table A,Housing units (count)
encinitas,2021,Applications,Low,123.0,HCD APR Table A,Housing units (count)
encinitas,2022,Applications,Low,230.0,HCD APR Table A,Housing units (count)
encinitas,2023,Applications,Low,135.0,HCD APR Table A,Housing units (count)
encinitas,2024,Applications,Low,118.0,HCD APR Table A,Housing units (count)
encinitas,2025,Applications,Low,8.0,HCD APR Table A,Housing units (count)
escondido,2018,Applications,Low,4.0,HCD APR Table A,Housing units (count)
escondido,2019,Applications,Low,3.0,HCD APR Table A,Housing units (count)
escondido,2020,Applications,Low,18.0,HCD APR Table A,Housing units (count)
escondido,2021,Applications,Low,65.0,HCD APR Table A,Housing units (count)
escondido,2022,Applications,Low,219.0,HCD APR Table A,Housing units (count)
escondido,2023,Applications,Low,31.0,HCD APR Table A,Housing units (count)
escondido,2024,Applications,Low,19.0,HCD APR Table A,Housing units (count)
escondido,2025,Applications,Low,108.0,HCD APR Table A,Housing units (count)
imperial beach,2018,Applications,Low,0.0,HCD APR Table A,Housing units (count)
imperial beach,2019,Applications,Low,0.0,HCD APR Table A,Housing units (count)
imperial beach,2020,Applications,Low,0.0,HCD APR Table A,Housing units (count)
imperial beach,2021,Applications,Low,0.0,HCD APR Table A,Housing units (count)
imperial beach,2022,Applications,Low,50.0,HCD APR Table A,Housing units (count)
imperial beach,2023,Applications,Low,0.0,HCD APR Table A,Housing units (count)
imperial beach,2024,Applications,Low,0.0,HCD APR Table A,Housing units (count)
imperial beach,2025,Applications,Low,0.0,HCD APR Table A,Housing units (count)
la mesa,2018,Applications,Low,0.0,HCD APR Table A,Housing units (count)
la mesa,2019,Applications,Low,0.0,HCD APR Table A,Housing units (count)
la mesa,2020,Applications,Low,0.0,HCD APR Table A,Housing units (count)
la mesa,2021,Applications,Low,0.0,HCD APR Table A,Housing units (count)
la mesa,2022,Applications,Low,125.0,HCD APR Table A,Housing units (count)
la mesa,2023,Applications,Low,57.0,HCD APR Table A,Housing units (count)
la mesa,2024,Applications,Low,14.0,HCD APR Table A,Housing units (count)
la mesa,2025,Applications,Low,19.0,HCD APR Table A,Housing units (count)
lemon grove,2018,Applications,Low,0.0,HCD APR Table A,Housing units (count)
lemon grove,2019,Applications,Low,2.0,HCD APR Table A,Housing units (count)
lemon grove,2020,Applications,Low,27.0,HCD APR Table A,Housing units (count)
lemon grove,2021,Applications,Low,0.0,HCD APR Table A,Housing units (count)
lemon grove,2022,Applications,Low,0.0,HCD APR Table A,Housing units (count)
lemon grove,2023,Applications,Low,18.0,HCD APR Table A,Housing units (count)
lemon grove,2024,Applications,Low,9.0,HCD APR Table A,Housing units (count)
lemon grove,2025,Applications,Low,9.0,HCD APR Table A,Housing units (count)
national city,2018,Applications,Low,0.0,HCD APR Table A,Housing units (count)
national city,2019,Applications,Low,0.0,HCD APR Table A,Housing units (count)
national city,2020,Applications,Low,6.0,HCD APR Table A,Housing units (count)
national city,2021,Applications,Low,0.0,HCD APR Table A,Housing units (count)
national city,2022,Applications,Low,51.0,HCD APR Table A,Housing units (count)
national city,2023,Applications,Low,90.0,HCD APR Table A,Housing units (count)
national city,2024,Applications,Low,47.0,HCD APR Table A,Housing units (count)
national city,2025,Applications,Low,66.0,HCD APR Table A,Housing units (count)
oceanside,2018,Applications,Low,0.0,HCD APR Table A,Housing units (count)
oceanside,2019,Applications,Low,40.0,HCD APR Table A,Housing units (count)
oceanside,2020,Applications,Low,0.0,HCD APR Table A,Housing units (count)
oceanside,2021,Applications,Low,20.0,HCD APR Table A,Housing units (count)
oceanside,2022,Applications,Low,222.0,HCD APR Table A,Housing units (count)
oceanside,2023,Applications,Low,190.0,HCD APR Table A,Housing units (count)
oceanside,2024,Applications,Low,383.0,HCD APR Table A,Housing units (count)
oceanside,2025,Applications,Low,350.0,HCD APR Table A,Housing units (count)
poway,2018,Applications,Low,0.0,HCD APR Table A,Housing units (count)
poway,2019,Applications,Low,0.0,HCD APR Table A,Housing units (count)
poway,2020,Applications,Low,105.0,HCD APR Table A,Housing units (count)
poway,2021,Applications,Low,9.0,HCD APR Table A,Housing units (count)
poway,2022,Applications,Low,0.0,HCD APR Table A,Housing units (count)
poway,2023,Applications,Low,0.0,HCD APR Table A,Housing units (count)
poway,2024,Applications,Low,0.0,HCD APR Table A,Housing units (count)
poway,2025,Applications,Low,0.0,HCD APR Table A,Housing units (count)
san diego,2018,Applications,Low,92.0,HCD APR Table A,Housing units (count)
san diego,2019,Applications,Low,0.0,HCD APR Table A,Housing units (count)
san diego,2020,Applications,Low,78.0,HCD APR Table A,Housing units (count)
san diego,2021,Applications,Low,106.0,HCD APR Table A,Housing units (count)
san diego,2022,Applications,Low,156.0,HCD APR Table A,Housing units (count)
san diego,2023,Applications,Low,650.0,HCD APR Table A,Housing units (count)
san diego,2024,Applications,Low,384.0,HCD APR Table A,Housing units (count)
san diego,2025,Applications,Low,371.0,HCD APR Table A,Housing units (count)
san marcos,2018,Applications,Low,69.0,HCD APR Table A,Housing units (count)
san marcos,2019,Applications,Low,0.0,HCD APR Table A,Housing units (count)
san marcos,2020,Applications,Low,0.0,HCD APR Table A,Housing units (count)
san marcos,2021,Applications,Low,79.0,HCD APR Table A,Housing units (count)
san marcos,2022,Applications,Low,4.0,HCD APR Table A,Housing units (count)
san marcos,2023,Applications,Low,0.0,HCD APR Table A,Housing units (count)
san marcos,2024,Applications,Low,106.0,HCD APR Table A,Housing units (count)
san marcos,2025,Applications,Low,2.0,HCD APR Table A,Housing units (count)
santee,2018,Applications,Low,0.0,HCD APR Table A,Housing units (count)
santee,2019,Applications,Low,0.0,HCD APR Table A,Housing units (count)
santee,2020,Applications,Low,0.0,HCD APR Table A,Housing units (count)
santee,2021,Applications,Low,0.0,HCD APR Table A,Housing units (count)
santee,2022,Applications,Low,0.0,HCD APR Table A,Housing units (count)
santee,2023,Applications,Low,17.0,HCD APR Table A,Housing units (count)
santee,2024,Applications,Low,1.0,HCD APR Table A,Housing units (count)
santee,2025,Applications,Low,1.0,HCD APR Table A,Housing units (count)
solana beach,2018,Applications,Low,32.0,HCD APR Table A,Housing units (count)
solana beach,2019,Applications,Low,0.0,HCD APR Table A,Housing units (count)
solana beach,2020,Applications,Low,0.0,HCD APR Table A,Housing units (count)
solana beach,2021,Applications,Low,0.0,HCD APR Table A,Housing units (count)
solana beach,2022,Applications,Low,0.0,HCD APR Table A,Housing units (count)
solana beach,2023,Applications,Low,0.0,HCD APR Table A,Housing units (count)
solana beach,2024,Applications,Low,2.0,HCD APR Table A,Housing units (count)
solana beach,2025,Applications,Low,0.0,HCD APR Table A,Housing units (count)
unincorporated san diego county,2018,Applications,Low,52.0,HCD APR Table A,Housing units (count)
unincorporated san diego county,2019,Applications,Low,0.0,HCD APR Table A,Housing units (count)
unincorporated san diego county,2020,Applications,Low,0.0,HCD APR Table A,Housing units (count)
unincorporated san diego county,2021,Applications,Low,6.0,HCD APR Table A,Housing units (count)
unincorporated san diego county,2022,Applications,Low,0.0,HCD APR Table A,Housing units (count)
unincorporated san diego county,2023,Applications,Low,9.0,HCD APR Table A,Housing units (count)
unincorporated san diego county,2024,Applications,Low,7.0,HCD APR Table A,Housing units (count)
unincorporated san diego county,2025,Applications,Low,153.0,HCD APR Table A,Housing units (count)
vista,2018,Applications,Low,0.0,HCD APR Table A,Housing units (count)
vista,2019,Applications,Low,24.0,HCD APR Table A,Housing units (count)
vista,2020,Applications,Low,0.0,HCD APR Table A,Housing units (count)
vista,2021,Applications,Low,0.0,HCD APR Table A,Housing units (count)
vista,2022,Applications,Low,75.0,HCD APR Table A,Housing units (count)
vista,2023,Applications,Low,8.0,HCD APR Table A,Housing units (count)
vista,2024,Applications,Low,0.0,HCD APR Table A,Housing units (count)
vista,2025,Applications,Low,42.0,HCD APR Table A,Housing units (count)
carlsbad,2018,Applications,Moderate,6.0,HCD APR Table A,Housing units (count)
carlsbad,2019,Applications,Moderate,31.0,HCD APR Table A,Housing units (count)
carlsbad,2020,Applications,Moderate,69.0,HCD APR Table A,Housing units (count)
carlsbad,2021,Applications,Moderate,21.0,HCD APR Table A,Housing units (count)
carlsbad,2022,Applications,Moderate,12.0,HCD APR Table A,Housing units (count)
carlsbad,2023,Applications,Moderate,76.0,HCD APR Table A,Housing units (count)
carlsbad,2024,Applications,Moderate,98.0,HCD APR Table A,Housing units (count)
carlsbad,2025,Applications,Moderate,1.0,HCD APR Table A,Housing units (count)
chula vista,2018,Applications,Moderate,0.0,HCD APR Table A,Housing units (count)
chula vista,2019,Applications,Moderate,153.0,HCD APR Table A,Housing units (count)
chula vista,2020,Applications,Moderate,0.0,HCD APR Table A,Housing units (count)
chula vista,2021,Applications,Moderate,0.0,HCD APR Table A,Housing units (count)
chula vista,2022,Applications,Moderate,0.0,HCD APR Table A,Housing units (count)
chula vista,2023,Applications,Moderate,249.0,HCD APR Table A,Housing units (count)
chula vista,2024,Applications,Moderate,276.0,HCD APR Table A,Housing units (count)
chula vista,2025,Applications,Moderate,330.0,HCD APR Table A,Housing units (count)
coronado,2018,Applications,Moderate,0.0,HCD APR Table A,Housing units (count)
coronado,2019,Applications,Moderate,0.0,HCD APR Table A,Housing units (count)
coronado,2020,Applications,Moderate,0.0,HCD APR Table A,Housing units (count)
coronado,2021,Applications,Moderate,0.0,HCD APR Table A,Housing units (count)
coronado,2022,Applications,Moderate,0.0,HCD APR Table A,Housing units (count)
coronado,2023,Applications,Moderate,0.0,HCD APR Table A,Housing units (count)
coronado,2024,Applications,Moderate,0.0,HCD APR Table A,Housing units (count)
coronado,2025,Applications,Moderate,0.0,HCD APR Table A,Housing units (count)
del mar,2018,Applications,Moderate,1.0,HCD APR Table A,Housing units (count)
del mar,2019,Applications,Moderate,3.0,HCD APR Table A,Housing units (count)
del mar,2020,Applications,Moderate,9.0,HCD APR Table A,Housing units (count)
del mar,2021,Applications,Moderate,35.0,HCD APR Table A,Housing units (count)
del mar,2022,Applications,Moderate,40.0,HCD APR Table A,Housing units (count)
del mar,2023,Applications,Moderate,79.0,HCD APR Table A,Housing units (count)
del mar,2024,Applications,Moderate,11.0,HCD APR Table A,Housing units (count)
del mar,2025,Applications,Moderate,15.0,HCD APR Table A,Housing units (count)
el cajon,2018,Applications,Moderate,0.0,HCD APR Table A,Housing units (count)
el cajon,2019,Applications,Moderate,0.0,HCD APR Table A,Housing units (count)
el cajon,2020,Applications,Moderate,100.0,HCD APR Table A,Housing units (count)
el cajon,2021,Applications,Moderate,25.0,HCD APR Table A,Housing units (count)
el cajon,2022,Applications,Moderate,60.0,HCD APR Table A,Housing units (count)
el cajon,2023,Applications,Moderate,27.0,HCD APR Table A,Housing units (count)
el cajon,2024,Applications,Moderate,81.0,HCD APR Table A,Housing units (count)
el cajon,2025,Applications,Moderate,134.0,HCD APR Table A,Housing units (count)
encinitas,2018,Applications,Moderate,0.0,HCD APR Table A,Housing units (count)
encinitas,2019,Applications,Moderate,0.0,HCD APR Table A,Housing units (count)
encinitas,2020,Applications,Moderate,0.0,HCD APR Table A,Housing units (count)
encinitas,2021,Applications,Moderate,0.0,HCD APR Table A,Housing units (count)
encinitas,2022,Applications,Moderate,0.0,HCD APR Table A,Housing units (count)
encinitas,2023,Applications,Moderate,2.0,HCD APR Table A,Housing units (count)
encinitas,2024,Applications,Moderate,15.0,HCD APR Table A,Housing units (count)
encinitas,2025,Applications,Moderate,9.0,HCD APR Table A,Housing units (count)
escondido,2018,Applications,Moderate,32.0,HCD APR Table A,Housing units (count)
escondido,2019,Applications,Moderate,21.0,HCD APR Table A,Housing units (count)
escondido,2020,Applications,Moderate,137.0,HCD APR Table A,Housing units (count)
escondido,2021,Applications,Moderate,19.0,HCD APR Table A,Housing units (count)
escondido,2022,Applications,Moderate,11.0,HCD APR Table A,Housing units (count)
escondido,2023,Applications,Moderate,11.0,HCD APR Table A,Housing units (count)
escondido,2024,Applications,Moderate,9.0,HCD APR Table A,Housing units (count)
escondido,2025,Applications,Moderate,6.0,HCD APR Table A,Housing units (count)
imperial beach,2018,Applications,Moderate,0.0,HCD APR Table A,Housing units (count)
imperial beach,2019,Applications,Moderate,0.0,HCD APR Table A,Housing units (count)
imperial beach,2020,Applications,Moderate,0.0,HCD APR Table A,Housing units (count)
imperial beach,2021,Applications,Moderate,0.0,HCD APR Table A,Housing units (count)
imperial beach,2022,Applications,Moderate,0.0,HCD APR Table A,Housing units (count)
imperial beach,2023,Applications,Moderate,0.0,HCD APR Table A,Housing units (count)
imperial beach,2024,Applications,Moderate,1.0,HCD APR Table A,Housing units (count)
imperial beach,2025,Applications,Moderate,27.0,HCD APR Table A,Housing units (count)
la mesa,2018,Applications,Moderate,4.0,HCD APR Table A,Housing units (count)
la mesa,2019,Applications,Moderate,0.0,HCD APR Table A,Housing units (count)
la mesa,2020,Applications,Moderate,50.0,HCD APR Table A,Housing units (count)
la mesa,2021,Applications,Moderate,86.0,HCD APR Table A,Housing units (count)
la mesa,2022,Applications,Moderate,143.0,HCD APR Table A,Housing units (count)
la mesa,2023,Applications,Moderate,134.0,HCD APR Table A,Housing units (count)
la mesa,2024,Applications,Moderate,111.0,HCD APR Table A,Housing units (count)
la mesa,2025,Applications,Moderate,105.0,HCD APR Table A,Housing units (count)
lemon grove,2018,Applications,Moderate,0.0,HCD APR Table A,Housing units (count)
lemon grove,2019,Applications,Moderate,10.0,HCD APR Table A,Housing units (count)
lemon grove,2020,Applications,Moderate,108.0,HCD APR Table A,Housing units (count)
lemon grove,2021,Applications,Moderate,0.0,HCD APR Table A,Housing units (count)
lemon grove,2022,Applications,Moderate,34.0,HCD APR Table A,Housing units (count)
lemon grove,2023,Applications,Moderate,0.0,HCD APR Table A,Housing units (count)
lemon grove,2024,Applications,Moderate,0.0,HCD APR Table A,Housing units (count)
lemon grove,2025,Applications,Moderate,0.0,HCD APR Table A,Housing units (count)
national city,2018,Applications,Moderate,0.0,HCD APR Table A,Housing units (count)
national city,2019,Applications,Moderate,0.0,HCD APR Table A,Housing units (count)
national city,2020,Applications,Moderate,0.0,HCD APR Table A,Housing units (count)
national city,2021,Applications,Moderate,0.0,HCD APR Table A,Housing units (count)
national city,2022,Applications,Moderate,0.0,HCD APR Table A,Housing units (count)
national city,2023,Applications,Moderate,0.0,HCD APR Table A,Housing units (count)
national city,2024,Applications,Moderate,0.0,HCD APR Table A,Housing units (count)
national city,2025,Applications,Moderate,0.0,HCD APR Table A,Housing units (count)
oceanside,2018,Applications,Moderate,76.0,HCD APR Table A,Housing units (count)
oceanside,2019,Applications,Moderate,312.0,HCD APR Table A,Housing units (count)
oceanside,2020,Applications,Moderate,46.0,HCD APR Table A,Housing units (count)
oceanside,2021,Applications,Moderate,262.0,HCD APR Table A,Housing units (count)
oceanside,2022,Applications,Moderate,208.0,HCD APR Table A,Housing units (count)
oceanside,2023,Applications,Moderate,173.0,HCD APR Table A,Housing units (count)
oceanside,2024,Applications,Moderate,225.0,HCD APR Table A,Housing units (count)
oceanside,2025,Applications,Moderate,222.0,HCD APR Table A,Housing units (count)
poway,2018,Applications,Moderate,1.0,HCD APR Table A,Housing units (count)
poway,2019,Applications,Moderate,0.0,HCD APR Table A,Housing units (count)
poway,2020,Applications,Moderate,107.0,HCD APR Table A,Housing units (count)
poway,2021,Applications,Moderate,63.0,HCD APR Table A,Housing units (count)
poway,2022,Applications,Moderate,44.0,HCD APR Table A,Housing units (count)
poway,2023,Applications,Moderate,48.0,HCD APR Table A,Housing units (count)
poway,2024,Applications,Moderate,43.0,HCD APR Table A,Housing units (count)
poway,2025,Applications,Moderate,60.0,HCD APR Table A,Housing units (count)
san diego,2018,Applications,Moderate,0.0,HCD APR Table A,Housing units (count)
san diego,2019,Applications,Moderate,0.0,HCD APR Table A,Housing units (count)
san diego,2020,Applications,Moderate,32.0,HCD APR Table A,Housing units (count)
san diego,2021,Applications,Moderate,80.0,HCD APR Table A,Housing units (count)
san diego,2022,Applications,Moderate,62.0,HCD APR Table A,Housing units (count)
san diego,2023,Applications,Moderate,746.0,HCD APR Table A,Housing units (count)
san diego,2024,Applications,Moderate,277.0,HCD APR Table A,Housing units (count)
san diego,2025,Applications,Moderate,372.0,HCD APR Table A,Housing units (count)
san marcos,2018,Applications,Moderate,1.0,HCD APR Table A,Housing units (count)
san marcos,2019,Applications,Moderate,0.0,HCD APR Table A,Housing units (count)
san marcos,2020,Applications,Moderate,0.0,HCD APR Table A,Housing units (count)
san marcos,2021,Applications,Moderate,102.0,HCD APR Table A,Housing units (count)
san marcos,2022,Applications,Moderate,978.0,HCD APR Table A,Housing units (count)
san marcos,2023,Applications,Moderate,766.0,HCD APR Table A,Housing units (count)
san marcos,2024,Applications,Moderate,311.0,HCD APR Table A,Housing units (count)
san marcos,2025,Applications,Moderate,5.0,HCD APR Table A,Housing units (count)
santee,2018,Applications,Moderate,2.0,HCD APR Table A,Housing units (count)
santee,2019,Applications,Moderate,6.0,HCD APR Table A,Housing units (count)
santee,2020,Applications,Moderate,0.0,HCD APR Table A,Housing units (count)
santee,2021,Applications,Moderate,0.0,HCD APR Table A,Housing units (count)
santee,2022,Applications,Moderate,216.0,HCD APR Table A,Housing units (count)
santee,2023,Applications,Moderate,91.0,HCD APR Table A,Housing units (count)
santee,2024,Applications,Moderate,19.0,HCD APR Table A,Housing units (count)
santee,2025,Applications,Moderate,50.0,HCD APR Table A,Housing units (count)
solana beach,2018,Applications,Moderate,6.0,HCD APR Table A,Housing units (count)
solana beach,2019,Applications,Moderate,9.0,HCD APR Table A,Housing units (count)
solana beach,2020,Applications,Moderate,17.0,HCD APR Table A,Housing units (count)
solana beach,2021,Applications,Moderate,18.0,HCD APR Table A,Housing units (count)
solana beach,2022,Applications,Moderate,24.0,HCD APR Table A,Housing units (count)
solana beach,2023,Applications,Moderate,24.0,HCD APR Table A,Housing units (count)
solana beach,2024,Applications,Moderate,23.0,HCD APR Table A,Housing units (count)
solana beach,2025,Applications,Moderate,17.0,HCD APR Table A,Housing units (count)
unincorporated san diego county,2018,Applications,Moderate,99.0,HCD APR Table A,Housing units (count)
unincorporated san diego county,2019,Applications,Moderate,0.0,HCD APR Table A,Housing units (count)
unincorporated san diego county,2020,Applications,Moderate,0.0,HCD APR Table A,Housing units (count)
unincorporated san diego county,2021,Applications,Moderate,0.0,HCD APR Table A,Housing units (count)
unincorporated san diego county,2022,Applications,Moderate,0.0,HCD APR Table A,Housing units (count)
unincorporated san diego county,2023,Applications,Moderate,0.0,HCD APR Table A,Housing units (count)
unincorporated san diego county,2024,Applications,Moderate,3.0,HCD APR Table A,Housing units (count)
unincorporated san diego county,2025,Applications,Moderate,167.0,HCD APR Table A,Housing units (count)
vista,2018,Applications,Moderate,0.0,HCD APR Table A,Housing units (count)
vista,2019,Applications,Moderate,0.0,HCD APR Table A,Housing units (count)
vista,2020,Applications,Moderate,0.0,HCD APR Table A,Housing units (count)
vista,2021,Applications,Moderate,0.0,HCD APR Table A,Housing units (count)
vista,2022,Applications,Moderate,0.0,HCD APR Table A,Housing units (count)
vista,2023,Applications,Moderate,0.0,HCD APR Table A,Housing units (count)
vista,2024,Applications,Moderate,0.0,HCD APR Table A,Housing units (count)
vista,2025,Applications,Moderate,15.0,HCD APR Table A,Housing units (count)
carlsbad,2018,Applications,Above Moderate,313.0,HCD APR Table A,Housing units (count)
carlsbad,2019,Applications,Above Moderate,318.0,HCD APR Table A,Housing units (count)
carlsbad,2020,Applications,Above Moderate,105.0,HCD APR Table A,Housing units (count)
carlsbad,2021,Applications,Above Moderate,189.0,HCD APR Table A,Housing units (count)
carlsbad,2022,Applications,Above Moderate,241.0,HCD APR Table A,Housing units (count)
carlsbad,2023,Applications,Above Moderate,200.0,HCD APR Table A,Housing units (count)
carlsbad,2024,Applications,Above Moderate,126.0,HCD APR Table A,Housing units (count)
carlsbad,2025,Applications,Above Moderate,699.0,HCD APR Table A,Housing units (count)
chula vista,2018,Applications,Above Moderate,735.0,HCD APR Table A,Housing units (count)
chula vista,2019,Applications,Above Moderate,2408.0,HCD APR Table A,Housing units (count)
chula vista,2020,Applications,Above Moderate,1300.0,HCD APR Table A,Housing units (count)
chula vista,2021,Applications,Above Moderate,1402.0,HCD APR Table A,Housing units (count)
chula vista,2022,Applications,Above Moderate,2961.0,HCD APR Table A,Housing units (count)
chula vista,2023,Applications,Above Moderate,1298.0,HCD APR Table A,Housing units (count)
chula vista,2024,Applications,Above Moderate,392.0,HCD APR Table A,Housing units (count)
chula vista,2025,Applications,Above Moderate,1497.0,HCD APR Table A,Housing units (count)
coronado,2018,Applications,Above Moderate,44.0,HCD APR Table A,Housing units (count)
coronado,2019,Applications,Above Moderate,38.0,HCD APR Table A,Housing units (count)
coronado,2020,Applications,Above Moderate,27.0,HCD APR Table A,Housing units (count)
coronado,2021,Applications,Above Moderate,43.0,HCD APR Table A,Housing units (count)
coronado,2022,Applications,Above Moderate,53.0,HCD APR Table A,Housing units (count)
coronado,2023,Applications,Above Moderate,35.0,HCD APR Table A,Housing units (count)
coronado,2024,Applications,Above Moderate,43.0,HCD APR Table A,Housing units (count)
coronado,2025,Applications,Above Moderate,45.0,HCD APR Table A,Housing units (count)
del mar,2018,Applications,Above Moderate,11.0,HCD APR Table A,Housing units (count)
del mar,2019,Applications,Above Moderate,0.0,HCD APR Table A,Housing units (count)
del mar,2020,Applications,Above Moderate,0.0,HCD APR Table A,Housing units (count)
del mar,2021,Applications,Above Moderate,41.0,HCD APR Table A,Housing units (count)
del mar,2022,Applications,Above Moderate,0.0,HCD APR Table A,Housing units (count)
del mar,2023,Applications,Above Moderate,88.0,HCD APR Table A,Housing units (count)
del mar,2024,Applications,Above Moderate,7.0,HCD APR Table A,Housing units (count)
del mar,2025,Applications,Above Moderate,3.0,HCD APR Table A,Housing units (count)
el cajon,2018,Applications,Above Moderate,46.0,HCD APR Table A,Housing units (count)
el cajon,2019,Applications,Above Moderate,60.0,HCD APR Table A,Housing units (count)
el cajon,2020,Applications,Above Moderate,52.0,HCD APR Table A,Housing units (count)
el cajon,2021,Applications,Above Moderate,208.0,HCD APR Table A,Housing units (count)
el cajon,2022,Applications,Above Moderate,66.0,HCD APR Table A,Housing units (count)
el cajon,2023,Applications,Above Moderate,115.0,HCD APR Table A,Housing units (count)
el cajon,2024,Applications,Above Moderate,216.0,HCD APR Table A,Housing units (count)
el cajon,2025,Applications,Above Moderate,41.0,HCD APR Table A,Housing units (count)
encinitas,2018,Applications,Above Moderate,16.0,HCD APR Table A,Housing units (count)
encinitas,2019,Applications,Above Moderate,15.0,HCD APR Table A,Housing units (count)
encinitas,2020,Applications,Above Moderate,250.0,HCD APR Table A,Housing units (count)
encinitas,2021,Applications,Above Moderate,628.0,HCD APR Table A,Housing units (count)
encinitas,2022,Applications,Above Moderate,1265.0,HCD APR Table A,Housing units (count)
encinitas,2023,Applications,Above Moderate,1032.0,HCD APR Table A,Housing units (count)
encinitas,2024,Applications,Above Moderate,766.0,HCD APR Table A,Housing units (count)
encinitas,2025,Applications,Above Moderate,297.0,HCD APR Table A,Housing units (count)
escondido,2018,Applications,Above Moderate,14.0,HCD APR Table A,Housing units (count)
escondido,2019,Applications,Above Moderate,621.0,HCD APR Table A,Housing units (count)
escondido,2020,Applications,Above Moderate,711.0,HCD APR Table A,Housing units (count)
escondido,2021,Applications,Above Moderate,243.0,HCD APR Table A,Housing units (count)
escondido,2022,Applications,Above Moderate,363.0,HCD APR Table A,Housing units (count)
escondido,2023,Applications,Above Moderate,73.0,HCD APR Table A,Housing units (count)
escondido,2024,Applications,Above Moderate,127.0,HCD APR Table A,Housing units (count)
escondido,2025,Applications,Above Moderate,322.0,HCD APR Table A,Housing units (count)
imperial beach,2018,Applications,Above Moderate,89.0,HCD APR Table A,Housing units (count)
imperial beach,2019,Applications,Above Moderate,0.0,HCD APR Table A,Housing units (count)
imperial beach,2020,Applications,Above Moderate,35.0,HCD APR Table A,Housing units (count)
imperial beach,2021,Applications,Above Moderate,69.0,HCD APR Table A,Housing units (count)
imperial beach,2022,Applications,Above Moderate,163.0,HCD APR Table A,Housing units (count)
imperial beach,2023,Applications,Above Moderate,156.0,HCD APR Table A,Housing units (count)
imperial beach,2024,Applications,Above Moderate,93.0,HCD APR Table A,Housing units (count)
imperial beach,2025,Applications,Above Moderate,142.0,HCD APR Table A,Housing units (count)
la mesa,2018,Applications,Above Moderate,161.0,HCD APR Table A,Housing units (count)
la mesa,2019,Applications,Above Moderate,43.0,HCD APR Table A,Housing units (count)
la mesa,2020,Applications,Above Moderate,139.0,HCD APR Table A,Housing units (count)
la mesa,2021,Applications,Above Moderate,72.0,HCD APR Table A,Housing units (count)
la mesa,2022,Applications,Above Moderate,157.0,HCD APR Table A,Housing units (count)
la mesa,2023,Applications,Above Moderate,106.0,HCD APR Table A,Housing units (count)
la mesa,2024,Applications,Above Moderate,91.0,HCD APR Table A,Housing units (count)
la mesa,2025,Applications,Above Moderate,324.0,HCD APR Table A,Housing units (count)
lemon grove,2018,Applications,Above Moderate,0.0,HCD APR Table A,Housing units (count)
lemon grove,2019,Applications,Above Moderate,17.0,HCD APR Table A,Housing units (count)
lemon grove,2020,Applications,Above Moderate,90.0,HCD APR Table A,Housing units (count)
lemon grove,2021,Applications,Above Moderate,109.0,HCD APR Table A,Housing units (count)
lemon grove,2022,Applications,Above Moderate,44.0,HCD APR Table A,Housing units (count)
lemon grove,2023,Applications,Above Moderate,85.0,HCD APR Table A,Housing units (count)
lemon grove,2024,Applications,Above Moderate,55.0,HCD APR Table A,Housing units (count)
lemon grove,2025,Applications,Above Moderate,81.0,HCD APR Table A,Housing units (count)
national city,2018,Applications,Above Moderate,60.0,HCD APR Table A,Housing units (count)
national city,2019,Applications,Above Moderate,166.0,HCD APR Table A,Housing units (count)
national city,2020,Applications,Above Moderate,7.0,HCD APR Table A,Housing units (count)
national city,2021,Applications,Above Moderate,35.0,HCD APR Table A,Housing units (count)
national city,2022,Applications,Above Moderate,239.0,HCD APR Table A,Housing units (count)
national city,2023,Applications,Above Moderate,235.0,HCD APR Table A,Housing units (count)
national city,2024,Applications,Above Moderate,294.0,HCD APR Table A,Housing units (count)
national city,2025,Applications,Above Moderate,228.0,HCD APR Table A,Housing units (count)
oceanside,2018,Applications,Above Moderate,500.0,HCD APR Table A,Housing units (count)
oceanside,2019,Applications,Above Moderate,738.0,HCD APR Table A,Housing units (count)
oceanside,2020,Applications,Above Moderate,353.0,HCD APR Table A,Housing units (count)
oceanside,2021,Applications,Above Moderate,1284.0,HCD APR Table A,Housing units (count)
oceanside,2022,Applications,Above Moderate,2630.0,HCD APR Table A,Housing units (count)
oceanside,2023,Applications,Above Moderate,1589.0,HCD APR Table A,Housing units (count)
oceanside,2024,Applications,Above Moderate,1359.0,HCD APR Table A,Housing units (count)
oceanside,2025,Applications,Above Moderate,1339.0,HCD APR Table A,Housing units (count)
poway,2018,Applications,Above Moderate,8.0,HCD APR Table A,Housing units (count)
poway,2019,Applications,Above Moderate,109.0,HCD APR Table A,Housing units (count)
poway,2020,Applications,Above Moderate,162.0,HCD APR Table A,Housing units (count)
poway,2021,Applications,Above Moderate,9.0,HCD APR Table A,Housing units (count)
poway,2022,Applications,Above Moderate,154.0,HCD APR Table A,Housing units (count)
poway,2023,Applications,Above Moderate,100.0,HCD APR Table A,Housing units (count)
poway,2024,Applications,Above Moderate,101.0,HCD APR Table A,Housing units (count)
poway,2025,Applications,Above Moderate,128.0,HCD APR Table A,Housing units (count)
san diego,2018,Applications,Above Moderate,7554.0,HCD APR Table A,Housing units (count)
san diego,2019,Applications,Above Moderate,5945.0,HCD APR Table A,Housing units (count)
san diego,2020,Applications,Above Moderate,3202.0,HCD APR Table A,Housing units (count)
san diego,2021,Applications,Above Moderate,3876.0,HCD APR Table A,Housing units (count)
san diego,2022,Applications,Above Moderate,11504.0,HCD APR Table A,Housing units (count)
san diego,2023,Applications,Above Moderate,10457.0,HCD APR Table A,Housing units (count)
san diego,2024,Applications,Above Moderate,6561.0,HCD APR Table A,Housing units (count)
san diego,2025,Applications,Above Moderate,4545.0,HCD APR Table A,Housing units (count)
san marcos,2018,Applications,Above Moderate,704.0,HCD APR Table A,Housing units (count)
san marcos,2019,Applications,Above Moderate,685.0,HCD APR Table A,Housing units (count)
san marcos,2020,Applications,Above Moderate,0.0,HCD APR Table A,Housing units (count)
san marcos,2021,Applications,Above Moderate,162.0,HCD APR Table A,Housing units (count)
san marcos,2022,Applications,Above Moderate,9.0,HCD APR Table A,Housing units (count)
san marcos,2023,Applications,Above Moderate,202.0,HCD APR Table A,Housing units (count)
san marcos,2024,Applications,Above Moderate,0.0,HCD APR Table A,Housing units (count)
san marcos,2025,Applications,Above Moderate,475.0,HCD APR Table A,Housing units (count)
santee,2018,Applications,Above Moderate,129.0,HCD APR Table A,Housing units (count)
santee,2019,Applications,Above Moderate,423.0,HCD APR Table A,Housing units (count)
santee,2020,Applications,Above Moderate,95.0,HCD APR Table A,Housing units (count)
santee,2021,Applications,Above Moderate,19.0,HCD APR Table A,Housing units (count)
santee,2022,Applications,Above Moderate,3006.0,HCD APR Table A,Housing units (count)
santee,2023,Applications,Above Moderate,1.0,HCD APR Table A,Housing units (count)
santee,2024,Applications,Above Moderate,646.0,HCD APR Table A,Housing units (count)
santee,2025,Applications,Above Moderate,288.0,HCD APR Table A,Housing units (count)
solana beach,2018,Applications,Above Moderate,262.0,HCD APR Table A,Housing units (count)
solana beach,2019,Applications,Above Moderate,14.0,HCD APR Table A,Housing units (count)
solana beach,2020,Applications,Above Moderate,9.0,HCD APR Table A,Housing units (count)
solana beach,2021,Applications,Above Moderate,7.0,HCD APR Table A,Housing units (count)
solana beach,2022,Applications,Above Moderate,18.0,HCD APR Table A,Housing units (count)
solana beach,2023,Applications,Above Moderate,10.0,HCD APR Table A,Housing units (count)
solana beach,2024,Applications,Above Moderate,24.0,HCD APR Table A,Housing units (count)
solana beach,2025,Applications,Above Moderate,24.0,HCD APR Table A,Housing units (count)
unincorporated san diego county,2018,Applications,Above Moderate,7032.0,HCD APR Table A,Housing units (count)
unincorporated san diego county,2019,Applications,Above Moderate,3171.0,HCD APR Table A,Housing units (count)
unincorporated san diego county,2020,Applications,Above Moderate,2868.0,HCD APR Table A,Housing units (count)
unincorporated san diego county,2021,Applications,Above Moderate,184.0,HCD APR Table A,Housing units (count)
unincorporated san diego county,2022,Applications,Above Moderate,153.0,HCD APR Table A,Housing units (count)
unincorporated san diego county,2023,Applications,Above Moderate,56.0,HCD APR Table A,Housing units (count)
unincorporated san diego county,2024,Applications,Above Moderate,2261.0,HCD APR Table A,Housing units (count)
unincorporated san diego county,2025,Applications,Above Moderate,1057.0,HCD APR Table A,Housing units (count)
vista,2018,Applications,Above Moderate,193.0,HCD APR Table A,Housing units (count)
vista,2019,Applications,Above Moderate,89.0,HCD APR Table A,Housing units (count)
vista,2020,Applications,Above Moderate,129.0,HCD APR Table A,Housing units (count)
vista,2021,Applications,Above Moderate,307.0,HCD APR Table A,Housing units (count)
vista,2022,Applications,Above Moderate,361.0,HCD APR Table A,Housing units (count)
vista,2023,Applications,Above Moderate,662.0,HCD APR Table A,Housing units (count)
vista,2024,Applications,Above Moderate,306.0,HCD APR Table A,Housing units (count)
vista,2025,Applications,Above Moderate,576.0,HCD APR Table A,Housing units (count)
carlsbad,2018,Applications,Total,369.0,HCD APR Table A,Housing units (count)
carlsbad,2019,Applications,Total,436.0,HCD APR Table A,Housing units (count)
carlsbad,2020,Applications,Total,191.0,HCD APR Table A,Housing units (count)
carlsbad,2021,Applications,Total,255.0,HCD APR Table A,Housing units (count)
carlsbad,2022,Applications,Total,286.0,HCD APR Table A,Housing units (count)
carlsbad,2023,Applications,Total,298.0,HCD APR Table A,Housing units (count)
carlsbad,2024,Applications,Total,241.0,HCD APR Table A,Housing units (count)
carlsbad,2025,Applications,Total,813.0,HCD APR Table A,Housing units (count)
chula vista,2018,Applications,Total,736.0,HCD APR Table A,Housing units (count)
chula vista,2019,Applications,Total,2737.0,HCD APR Table A,Housing units (count)
chula vista,2020,Applications,Total,1300.0,HCD APR Table A,Housing units (count)
chula vista,2021,Applications,Total,1606.0,HCD APR Table A,Housing units (count)
chula vista,2022,Applications,Total,3059.0,HCD APR Table A,Housing units (count)
chula vista,2023,Applications,Total,1602.0,HCD APR Table A,Housing units (count)
chula vista,2024,Applications,Total,678.0,HCD APR Table A,Housing units (count)
chula vista,2025,Applications,Total,2057.0,HCD APR Table A,Housing units (count)
coronado,2018,Applications,Total,44.0,HCD APR Table A,Housing units (count)
coronado,2019,Applications,Total,38.0,HCD APR Table A,Housing units (count)
coronado,2020,Applications,Total,27.0,HCD APR Table A,Housing units (count)
coronado,2021,Applications,Total,43.0,HCD APR Table A,Housing units (count)
coronado,2022,Applications,Total,53.0,HCD APR Table A,Housing units (count)
coronado,2023,Applications,Total,35.0,HCD APR Table A,Housing units (count)
coronado,2024,Applications,Total,43.0,HCD APR Table A,Housing units (count)
coronado,2025,Applications,Total,45.0,HCD APR Table A,Housing units (count)
del mar,2018,Applications,Total,15.0,HCD APR Table A,Housing units (count)
del mar,2019,Applications,Total,3.0,HCD APR Table A,Housing units (count)
del mar,2020,Applications,Total,9.0,HCD APR Table A,Housing units (count)
del mar,2021,Applications,Total,86.0,HCD APR Table A,Housing units (count)
del mar,2022,Applications,Total,40.0,HCD APR Table A,Housing units (count)
del mar,2023,Applications,Total,209.0,HCD APR Table A,Housing units (count)
del mar,2024,Applications,Total,18.0,HCD APR Table A,Housing units (count)
del mar,2025,Applications,Total,18.0,HCD APR Table A,Housing units (count)
el cajon,2018,Applications,Total,47.0,HCD APR Table A,Housing units (count)
el cajon,2019,Applications,Total,257.0,HCD APR Table A,Housing units (count)
el cajon,2020,Applications,Total,152.0,HCD APR Table A,Housing units (count)
el cajon,2021,Applications,Total,241.0,HCD APR Table A,Housing units (count)
el cajon,2022,Applications,Total,130.0,HCD APR Table A,Housing units (count)
el cajon,2023,Applications,Total,237.0,HCD APR Table A,Housing units (count)
el cajon,2024,Applications,Total,337.0,HCD APR Table A,Housing units (count)
el cajon,2025,Applications,Total,241.0,HCD APR Table A,Housing units (count)
encinitas,2018,Applications,Total,17.0,HCD APR Table A,Housing units (count)
encinitas,2019,Applications,Total,15.0,HCD APR Table A,Housing units (count)
encinitas,2020,Applications,Total,291.0,HCD APR Table A,Housing units (count)
encinitas,2021,Applications,Total,752.0,HCD APR Table A,Housing units (count)
encinitas,2022,Applications,Total,1500.0,HCD APR Table A,Housing units (count)
encinitas,2023,Applications,Total,1255.0,HCD APR Table A,Housing units (count)
encinitas,2024,Applications,Total,916.0,HCD APR Table A,Housing units (count)
encinitas,2025,Applications,Total,316.0,HCD APR Table A,Housing units (count)
escondido,2018,Applications,Total,52.0,HCD APR Table A,Housing units (count)
escondido,2019,Applications,Total,673.0,HCD APR Table A,Housing units (count)
escondido,2020,Applications,Total,885.0,HCD APR Table A,Housing units (count)
escondido,2021,Applications,Total,363.0,HCD APR Table A,Housing units (count)
escondido,2022,Applications,Total,651.0,HCD APR Table A,Housing units (count)
escondido,2023,Applications,Total,151.0,HCD APR Table A,Housing units (count)
escondido,2024,Applications,Total,176.0,HCD APR Table A,Housing units (count)
escondido,2025,Applications,Total,554.0,HCD APR Table A,Housing units (count)
imperial beach,2018,Applications,Total,92.0,HCD APR Table A,Housing units (count)
imperial beach,2019,Applications,Total,0.0,HCD APR Table A,Housing units (count)
imperial beach,2020,Applications,Total,35.0,HCD APR Table A,Housing units (count)
imperial beach,2021,Applications,Total,70.0,HCD APR Table A,Housing units (count)
imperial beach,2022,Applications,Total,217.0,HCD APR Table A,Housing units (count)
imperial beach,2023,Applications,Total,156.0,HCD APR Table A,Housing units (count)
imperial beach,2024,Applications,Total,95.0,HCD APR Table A,Housing units (count)
imperial beach,2025,Applications,Total,197.0,HCD APR Table A,Housing units (count)
la mesa,2018,Applications,Total,169.0,HCD APR Table A,Housing units (count)
la mesa,2019,Applications,Total,48.0,HCD APR Table A,Housing units (count)
la mesa,2020,Applications,Total,193.0,HCD APR Table A,Housing units (count)
la mesa,2021,Applications,Total,165.0,HCD APR Table A,Housing units (count)
la mesa,2022,Applications,Total,427.0,HCD APR Table A,Housing units (count)
la mesa,2023,Applications,Total,371.0,HCD APR Table A,Housing units (count)
la mesa,2024,Applications,Total,224.0,HCD APR Table A,Housing units (count)
la mesa,2025,Applications,Total,453.0,HCD APR Table A,Housing units (count)
lemon grove,2018,Applications,Total,0.0,HCD APR Table A,Housing units (count)
lemon grove,2019,Applications,Total,29.0,HCD APR Table A,Housing units (count)
lemon grove,2020,Applications,Total,229.0,HCD APR Table A,Housing units (count)
lemon grove,2021,Applications,Total,109.0,HCD APR Table A,Housing units (count)
lemon grove,2022,Applications,Total,78.0,HCD APR Table A,Housing units (count)
lemon grove,2023,Applications,Total,103.0,HCD APR Table A,Housing units (count)
lemon grove,2024,Applications,Total,64.0,HCD APR Table A,Housing units (count)
lemon grove,2025,Applications,Total,90.0,HCD APR Table A,Housing units (count)
national city,2018,Applications,Total,60.0,HCD APR Table A,Housing units (count)
national city,2019,Applications,Total,166.0,HCD APR Table A,Housing units (count)
national city,2020,Applications,Total,13.0,HCD APR Table A,Housing units (count)
national city,2021,Applications,Total,35.0,HCD APR Table A,Housing units (count)
national city,2022,Applications,Total,290.0,HCD APR Table A,Housing units (count)
national city,2023,Applications,Total,382.0,HCD APR Table A,Housing units (count)
national city,2024,Applications,Total,341.0,HCD APR Table A,Housing units (count)
national city,2025,Applications,Total,294.0,HCD APR Table A,Housing units (count)
oceanside,2018,Applications,Total,576.0,HCD APR Table A,Housing units (count)
oceanside,2019,Applications,Total,1090.0,HCD APR Table A,Housing units (count)
oceanside,2020,Applications,Total,399.0,HCD APR Table A,Housing units (count)
oceanside,2021,Applications,Total,1698.0,HCD APR Table A,Housing units (count)
oceanside,2022,Applications,Total,3211.0,HCD APR Table A,Housing units (count)
oceanside,2023,Applications,Total,2004.0,HCD APR Table A,Housing units (count)
oceanside,2024,Applications,Total,1996.0,HCD APR Table A,Housing units (count)
oceanside,2025,Applications,Total,1973.0,HCD APR Table A,Housing units (count)
poway,2018,Applications,Total,9.0,HCD APR Table A,Housing units (count)
poway,2019,Applications,Total,152.0,HCD APR Table A,Housing units (count)
poway,2020,Applications,Total,374.0,HCD APR Table A,Housing units (count)
poway,2021,Applications,Total,81.0,HCD APR Table A,Housing units (count)
poway,2022,Applications,Total,198.0,HCD APR Table A,Housing units (count)
poway,2023,Applications,Total,148.0,HCD APR Table A,Housing units (count)
poway,2024,Applications,Total,144.0,HCD APR Table A,Housing units (count)
poway,2025,Applications,Total,188.0,HCD APR Table A,Housing units (count)
san diego,2018,Applications,Total,8061.0,HCD APR Table A,Housing units (count)
san diego,2019,Applications,Total,5945.0,HCD APR Table A,Housing units (count)
san diego,2020,Applications,Total,3398.0,HCD APR Table A,Housing units (count)
san diego,2021,Applications,Total,4324.0,HCD APR Table A,Housing units (count)
san diego,2022,Applications,Total,11891.0,HCD APR Table A,Housing units (count)
san diego,2023,Applications,Total,12218.0,HCD APR Table A,Housing units (count)
san diego,2024,Applications,Total,7483.0,HCD APR Table A,Housing units (count)
san diego,2025,Applications,Total,5587.0,HCD APR Table A,Housing units (count)
san marcos,2018,Applications,Total,887.0,HCD APR Table A,Housing units (count)
san marcos,2019,Applications,Total,685.0,HCD APR Table A,Housing units (count)
san marcos,2020,Applications,Total,0.0,HCD APR Table A,Housing units (count)
san marcos,2021,Applications,Total,398.0,HCD APR Table A,Housing units (count)
san marcos,2022,Applications,Total,992.0,HCD APR Table A,Housing units (count)
san marcos,2023,Applications,Total,974.0,HCD APR Table A,Housing units (count)
san marcos,2024,Applications,Total,573.0,HCD APR Table A,Housing units (count)
san marcos,2025,Applications,Total,487.0,HCD APR Table A,Housing units (count)
santee,2018,Applications,Total,131.0,HCD APR Table A,Housing units (count)
santee,2019,Applications,Total,429.0,HCD APR Table A,Housing units (count)
santee,2020,Applications,Total,95.0,HCD APR Table A,Housing units (count)
santee,2021,Applications,Total,19.0,HCD APR Table A,Housing units (count)
santee,2022,Applications,Total,3222.0,HCD APR Table A,Housing units (count)
santee,2023,Applications,Total,109.0,HCD APR Table A,Housing units (count)
santee,2024,Applications,Total,669.0,HCD APR Table A,Housing units (count)
santee,2025,Applications,Total,341.0,HCD APR Table A,Housing units (count)
solana beach,2018,Applications,Total,300.0,HCD APR Table A,Housing units (count)
solana beach,2019,Applications,Total,23.0,HCD APR Table A,Housing units (count)
solana beach,2020,Applications,Total,26.0,HCD APR Table A,Housing units (count)
solana beach,2021,Applications,Total,25.0,HCD APR Table A,Housing units (count)
solana beach,2022,Applications,Total,42.0,HCD APR Table A,Housing units (count)
solana beach,2023,Applications,Total,34.0,HCD APR Table A,Housing units (count)
solana beach,2024,Applications,Total,49.0,HCD APR Table A,Housing units (count)
solana beach,2025,Applications,Total,41.0,HCD APR Table A,Housing units (count)
unincorporated san diego county,2018,Applications,Total,7183.0,HCD APR Table A,Housing units (count)
unincorporated san diego county,2019,Applications,Total,3171.0,HCD APR Table A,Housing units (count)
unincorporated san diego county,2020,Applications,Total,2868.0,HCD APR Table A,Housing units (count)
unincorporated san diego county,2021,Applications,Total,221.0,HCD APR Table A,Housing units (count)
unincorporated san diego county,2022,Applications,Total,158.0,HCD APR Table A,Housing units (count)
unincorporated san diego county,2023,Applications,Total,65.0,HCD APR Table A,Housing units (count)
unincorporated san diego county,2024,Applications,Total,2275.0,HCD APR Table A,Housing units (count)
unincorporated san diego county,2025,Applications,Total,1496.0,HCD APR Table A,Housing units (count)
vista,2018,Applications,Total,253.0,HCD APR Table A,Housing units (count)
vista,2019,Applications,Total,125.0,HCD APR Table A,Housing units (count)
vista,2020,Applications,Total,132.0,HCD APR Table A,Housing units (count)
vista,2021,Applications,Total,308.0,HCD APR Table A,Housing units (count)
vista,2022,Applications,Total,454.0,HCD APR Table A,Housing units (count)
vista,2023,Applications,Total,681.0,HCD APR Table A,Housing units (count)
vista,2024,Applications,Total,313.0,HCD APR Table A,Housing units (count)
vista,2025,Applications,Total,647.0,HCD APR Table A,Housing units (count)
carlsbad,2018,Entitlements,Very Low,0,HCD APR Table A2,Housing units (count)
carlsbad,2019,Entitlements,Very Low,0,HCD APR Table A2,Housing units (count)
carlsbad,2020,Entitlements,Very Low,7,HCD APR Table A2,Housing units (count)
carlsbad,2021,Entitlements,Very Low,0,HCD APR Table A2,Housing units (count)
carlsbad,2022,Entitlements,Very Low,0,HCD APR Table A2,Housing units (count)
carlsbad,2023,Entitlements,Very Low,20,HCD APR Table A2,Housing units (count)
carlsbad,2024,Entitlements,Very Low,27,HCD APR Table A2,Housing units (count)
carlsbad,2025,Entitlements,Very Low,11,HCD APR Table A2,Housing units (count)
chula vista,2018,Entitlements,Very Low,0,HCD APR Table A2,Housing units (count)
chula vista,2019,Entitlements,Very Low,0,HCD APR Table A2,Housing units (count)
chula vista,2020,Entitlements,Very Low,0,HCD APR Table A2,Housing units (count)
chula vista,2021,Entitlements,Very Low,0,HCD APR Table A2,Housing units (count)
chula vista,2022,Entitlements,Very Low,0,HCD APR Table A2,Housing units (count)
chula vista,2023,Entitlements,Very Low,0,HCD APR Table A2,Housing units (count)
chula vista,2024,Entitlements,Very Low,0,HCD APR Table A2,Housing units (count)
chula vista,2025,Entitlements,Very Low,0,HCD APR Table A2,Housing units (count)
coronado,2018,Entitlements,Very Low,0,HCD APR Table A2,Housing units (count)
coronado,2019,Entitlements,Very Low,0,HCD APR Table A2,Housing units (count)
coronado,2020,Entitlements,Very Low,0,HCD APR Table A2,Housing units (count)
coronado,2021,Entitlements,Very Low,0,HCD APR Table A2,Housing units (count)
coronado,2022,Entitlements,Very Low,0,HCD APR Table A2,Housing units (count)
coronado,2023,Entitlements,Very Low,0,HCD APR Table A2,Housing units (count)
coronado,2024,Entitlements,Very Low,0,HCD APR Table A2,Housing units (count)
coronado,2025,Entitlements,Very Low,0,HCD APR Table A2,Housing units (count)
del mar,2018,Entitlements,Very Low,0,HCD APR Table A2,Housing units (count)
del mar,2019,Entitlements,Very Low,0,HCD APR Table A2,Housing units (count)
del mar,2020,Entitlements,Very Low,0,HCD APR Table A2,Housing units (count)
del mar,2021,Entitlements,Very Low,0,HCD APR Table A2,Housing units (count)
del mar,2022,Entitlements,Very Low,0,HCD APR Table A2,Housing units (count)
del mar,2023,Entitlements,Very Low,4,HCD APR Table A2,Housing units (count)
del mar,2024,Entitlements,Very Low,0,HCD APR Table A2,Housing units (count)
del mar,2025,Entitlements,Very Low,0,HCD APR Table A2,Housing units (count)
el cajon,2018,Entitlements,Very Low,2,HCD APR Table A2,Housing units (count)
el cajon,2019,Entitlements,Very Low,0,HCD APR Table A2,Housing units (count)
el cajon,2020,Entitlements,Very Low,0,HCD APR Table A2,Housing units (count)
el cajon,2021,Entitlements,Very Low,0,HCD APR Table A2,Housing units (count)
el cajon,2022,Entitlements,Very Low,0,HCD APR Table A2,Housing units (count)
el cajon,2023,Entitlements,Very Low,0,HCD APR Table A2,Housing units (count)
el cajon,2024,Entitlements,Very Low,0,HCD APR Table A2,Housing units (count)
el cajon,2025,Entitlements,Very Low,0,HCD APR Table A2,Housing units (count)
encinitas,2018,Entitlements,Very Low,0,HCD APR Table A2,Housing units (count)
encinitas,2019,Entitlements,Very Low,5,HCD APR Table A2,Housing units (count)
encinitas,2020,Entitlements,Very Low,1,HCD APR Table A2,Housing units (count)
encinitas,2021,Entitlements,Very Low,48,HCD APR Table A2,Housing units (count)
encinitas,2022,Entitlements,Very Low,0,HCD APR Table A2,Housing units (count)
encinitas,2023,Entitlements,Very Low,7,HCD APR Table A2,Housing units (count)
encinitas,2024,Entitlements,Very Low,33,HCD APR Table A2,Housing units (count)
encinitas,2025,Entitlements,Very Low,0,HCD APR Table A2,Housing units (count)
escondido,2018,Entitlements,Very Low,4,HCD APR Table A2,Housing units (count)
escondido,2019,Entitlements,Very Low,19,HCD APR Table A2,Housing units (count)
escondido,2020,Entitlements,Very Low,17,HCD APR Table A2,Housing units (count)
escondido,2021,Entitlements,Very Low,32,HCD APR Table A2,Housing units (count)
escondido,2022,Entitlements,Very Low,61,HCD APR Table A2,Housing units (count)
escondido,2023,Entitlements,Very Low,37,HCD APR Table A2,Housing units (count)
escondido,2024,Entitlements,Very Low,18,HCD APR Table A2,Housing units (count)
escondido,2025,Entitlements,Very Low,119,HCD APR Table A2,Housing units (count)
imperial beach,2018,Entitlements,Very Low,0,HCD APR Table A2,Housing units (count)
imperial beach,2019,Entitlements,Very Low,5,HCD APR Table A2,Housing units (count)
imperial beach,2020,Entitlements,Very Low,0,HCD APR Table A2,Housing units (count)
imperial beach,2021,Entitlements,Very Low,0,HCD APR Table A2,Housing units (count)
imperial beach,2022,Entitlements,Very Low,0,HCD APR Table A2,Housing units (count)
imperial beach,2023,Entitlements,Very Low,2,HCD APR Table A2,Housing units (count)
imperial beach,2024,Entitlements,Very Low,3,HCD APR Table A2,Housing units (count)
imperial beach,2025,Entitlements,Very Low,0,HCD APR Table A2,Housing units (count)
la mesa,2018,Entitlements,Very Low,9,HCD APR Table A2,Housing units (count)
la mesa,2019,Entitlements,Very Low,10,HCD APR Table A2,Housing units (count)
la mesa,2020,Entitlements,Very Low,5,HCD APR Table A2,Housing units (count)
la mesa,2021,Entitlements,Very Low,68,HCD APR Table A2,Housing units (count)
la mesa,2022,Entitlements,Very Low,8,HCD APR Table A2,Housing units (count)
la mesa,2023,Entitlements,Very Low,7,HCD APR Table A2,Housing units (count)
la mesa,2024,Entitlements,Very Low,2,HCD APR Table A2,Housing units (count)
la mesa,2025,Entitlements,Very Low,0,HCD APR Table A2,Housing units (count)
lemon grove,2018,Entitlements,Very Low,0,HCD APR Table A2,Housing units (count)
lemon grove,2019,Entitlements,Very Low,0,HCD APR Table A2,Housing units (count)
lemon grove,2020,Entitlements,Very Low,2,HCD APR Table A2,Housing units (count)
lemon grove,2021,Entitlements,Very Low,0,HCD APR Table A2,Housing units (count)
lemon grove,2022,Entitlements,Very Low,0,HCD APR Table A2,Housing units (count)
lemon grove,2023,Entitlements,Very Low,0,HCD APR Table A2,Housing units (count)
lemon grove,2024,Entitlements,Very Low,0,HCD APR Table A2,Housing units (count)
lemon grove,2025,Entitlements,Very Low,0,HCD APR Table A2,Housing units (count)
national city,2018,Entitlements,Very Low,0,HCD APR Table A2,Housing units (count)
national city,2019,Entitlements,Very Low,0,HCD APR Table A2,Housing units (count)
national city,2020,Entitlements,Very Low,0,HCD APR Table A2,Housing units (count)
national city,2021,Entitlements,Very Low,0,HCD APR Table A2,Housing units (count)
national city,2022,Entitlements,Very Low,1,HCD APR Table A2,Housing units (count)
national city,2023,Entitlements,Very Low,0,HCD APR Table A2,Housing units (count)
national city,2024,Entitlements,Very Low,62,HCD APR Table A2,Housing units (count)
national city,2025,Entitlements,Very Low,0,HCD APR Table A2,Housing units (count)
oceanside,2018,Entitlements,Very Low,2,HCD APR Table A2,Housing units (count)
oceanside,2019,Entitlements,Very Low,0,HCD APR Table A2,Housing units (count)
oceanside,2020,Entitlements,Very Low,26,HCD APR Table A2,Housing units (count)
oceanside,2021,Entitlements,Very Low,5,HCD APR Table A2,Housing units (count)
oceanside,2022,Entitlements,Very Low,144,HCD APR Table A2,Housing units (count)
oceanside,2023,Entitlements,Very Low,141,HCD APR Table A2,Housing units (count)
oceanside,2024,Entitlements,Very Low,1,HCD APR Table A2,Housing units (count)
oceanside,2025,Entitlements,Very Low,129,HCD APR Table A2,Housing units (count)
poway,2018,Entitlements,Very Low,0,HCD APR Table A2,Housing units (count)
poway,2019,Entitlements,Very Low,43,HCD APR Table A2,Housing units (count)
poway,2020,Entitlements,Very Low,0,HCD APR Table A2,Housing units (count)
poway,2021,Entitlements,Very Low,0,HCD APR Table A2,Housing units (count)
poway,2022,Entitlements,Very Low,1,HCD APR Table A2,Housing units (count)
poway,2023,Entitlements,Very Low,0,HCD APR Table A2,Housing units (count)
poway,2024,Entitlements,Very Low,0,HCD APR Table A2,Housing units (count)
poway,2025,Entitlements,Very Low,0,HCD APR Table A2,Housing units (count)
san diego,2018,Entitlements,Very Low,630,HCD APR Table A2,Housing units (count)
san diego,2019,Entitlements,Very Low,0,HCD APR Table A2,Housing units (count)
san diego,2020,Entitlements,Very Low,92,HCD APR Table A2,Housing units (count)
san diego,2021,Entitlements,Very Low,2,HCD APR Table A2,Housing units (count)
san diego,2022,Entitlements,Very Low,6,HCD APR Table A2,Housing units (count)
san diego,2023,Entitlements,Very Low,20,HCD APR Table A2,Housing units (count)
san diego,2024,Entitlements,Very Low,4,HCD APR Table A2,Housing units (count)
san diego,2025,Entitlements,Very Low,0,HCD APR Table A2,Housing units (count)
san marcos,2018,Entitlements,Very Low,0,HCD APR Table A2,Housing units (count)
san marcos,2019,Entitlements,Very Low,113,HCD APR Table A2,Housing units (count)
san marcos,2020,Entitlements,Very Low,0,HCD APR Table A2,Housing units (count)
san marcos,2021,Entitlements,Very Low,55,HCD APR Table A2,Housing units (count)
san marcos,2022,Entitlements,Very Low,41,HCD APR Table A2,Housing units (count)
san marcos,2023,Entitlements,Very Low,1,HCD APR Table A2,Housing units (count)
san marcos,2024,Entitlements,Very Low,19,HCD APR Table A2,Housing units (count)
san marcos,2025,Entitlements,Very Low,26,HCD APR Table A2,Housing units (count)
santee,2018,Entitlements,Very Low,0,HCD APR Table A2,Housing units (count)
santee,2019,Entitlements,Very Low,0,HCD APR Table A2,Housing units (count)
santee,2020,Entitlements,Very Low,0,HCD APR Table A2,Housing units (count)
santee,2021,Entitlements,Very Low,0,HCD APR Table A2,Housing units (count)
santee,2022,Entitlements,Very Low,0,HCD APR Table A2,Housing units (count)
santee,2023,Entitlements,Very Low,0,HCD APR Table A2,Housing units (count)
santee,2024,Entitlements,Very Low,0,HCD APR Table A2,Housing units (count)
santee,2025,Entitlements,Very Low,0,HCD APR Table A2,Housing units (count)
solana beach,2018,Entitlements,Very Low,0,HCD APR Table A2,Housing units (count)
solana beach,2019,Entitlements,Very Low,0,HCD APR Table A2,Housing units (count)
solana beach,2020,Entitlements,Very Low,0,HCD APR Table A2,Housing units (count)
solana beach,2021,Entitlements,Very Low,0,HCD APR Table A2,Housing units (count)
solana beach,2022,Entitlements,Very Low,0,HCD APR Table A2,Housing units (count)
solana beach,2023,Entitlements,Very Low,0,HCD APR Table A2,Housing units (count)
solana beach,2024,Entitlements,Very Low,0,HCD APR Table A2,Housing units (count)
solana beach,2025,Entitlements,Very Low,0,HCD APR Table A2,Housing units (count)
unincorporated san diego county,2018,Entitlements,Very Low,0,HCD APR Table A2,Housing units (count)
unincorporated san diego county,2019,Entitlements,Very Low,0,HCD APR Table A2,Housing units (count)
unincorporated san diego county,2020,Entitlements,Very Low,25,HCD APR Table A2,Housing units (count)
unincorporated san diego county,2021,Entitlements,Very Low,0,HCD APR Table A2,Housing units (count)
unincorporated san diego county,2022,Entitlements,Very Low,0,HCD APR Table A2,Housing units (count)
unincorporated san diego county,2023,Entitlements,Very Low,0,HCD APR Table A2,Housing units (count)
unincorporated san diego county,2024,Entitlements,Very Low,0,HCD APR Table A2,Housing units (count)
unincorporated san diego county,2025,Entitlements,Very Low,0,HCD APR Table A2,Housing units (count)
vista,2018,Entitlements,Very Low,0,HCD APR Table A2,Housing units (count)
vista,2019,Entitlements,Very Low,30,HCD APR Table A2,Housing units (count)
vista,2020,Entitlements,Very Low,0,HCD APR Table A2,Housing units (count)
vista,2021,Entitlements,Very Low,3,HCD APR Table A2,Housing units (count)
vista,2022,Entitlements,Very Low,2,HCD APR Table A2,Housing units (count)
vista,2023,Entitlements,Very Low,20,HCD APR Table A2,Housing units (count)
vista,2024,Entitlements,Very Low,15,HCD APR Table A2,Housing units (count)
vista,2025,Entitlements,Very Low,11,HCD APR Table A2,Housing units (count)
carlsbad,2018,Entitlements,Low,3,HCD APR Table A2,Housing units (count)
carlsbad,2019,Entitlements,Low,0,HCD APR Table A2,Housing units (count)
carlsbad,2020,Entitlements,Low,127,HCD APR Table A2,Housing units (count)
carlsbad,2021,Entitlements,Low,63,HCD APR Table A2,Housing units (count)
carlsbad,2022,Entitlements,Low,0,HCD APR Table A2,Housing units (count)
carlsbad,2023,Entitlements,Low,13,HCD APR Table A2,Housing units (count)
carlsbad,2024,Entitlements,Low,0,HCD APR Table A2,Housing units (count)
carlsbad,2025,Entitlements,Low,0,HCD APR Table A2,Housing units (count)
chula vista,2018,Entitlements,Low,0,HCD APR Table A2,Housing units (count)
chula vista,2019,Entitlements,Low,0,HCD APR Table A2,Housing units (count)
chula vista,2020,Entitlements,Low,0,HCD APR Table A2,Housing units (count)
chula vista,2021,Entitlements,Low,0,HCD APR Table A2,Housing units (count)
chula vista,2022,Entitlements,Low,0,HCD APR Table A2,Housing units (count)
chula vista,2023,Entitlements,Low,96,HCD APR Table A2,Housing units (count)
chula vista,2024,Entitlements,Low,0,HCD APR Table A2,Housing units (count)
chula vista,2025,Entitlements,Low,0,HCD APR Table A2,Housing units (count)
coronado,2018,Entitlements,Low,0,HCD APR Table A2,Housing units (count)
coronado,2019,Entitlements,Low,0,HCD APR Table A2,Housing units (count)
coronado,2020,Entitlements,Low,0,HCD APR Table A2,Housing units (count)
coronado,2021,Entitlements,Low,0,HCD APR Table A2,Housing units (count)
coronado,2022,Entitlements,Low,0,HCD APR Table A2,Housing units (count)
coronado,2023,Entitlements,Low,0,HCD APR Table A2,Housing units (count)
coronado,2024,Entitlements,Low,0,HCD APR Table A2,Housing units (count)
coronado,2025,Entitlements,Low,0,HCD APR Table A2,Housing units (count)
del mar,2018,Entitlements,Low,2,HCD APR Table A2,Housing units (count)
del mar,2019,Entitlements,Low,2,HCD APR Table A2,Housing units (count)
del mar,2020,Entitlements,Low,0,HCD APR Table A2,Housing units (count)
del mar,2021,Entitlements,Low,0,HCD APR Table A2,Housing units (count)
del mar,2022,Entitlements,Low,0,HCD APR Table A2,Housing units (count)
del mar,2023,Entitlements,Low,6,HCD APR Table A2,Housing units (count)
del mar,2024,Entitlements,Low,0,HCD APR Table A2,Housing units (count)
del mar,2025,Entitlements,Low,0,HCD APR Table A2,Housing units (count)
el cajon,2018,Entitlements,Low,0,HCD APR Table A2,Housing units (count)
el cajon,2019,Entitlements,Low,84,HCD APR Table A2,Housing units (count)
el cajon,2020,Entitlements,Low,113,HCD APR Table A2,Housing units (count)
el cajon,2021,Entitlements,Low,0,HCD APR Table A2,Housing units (count)
el cajon,2022,Entitlements,Low,0,HCD APR Table A2,Housing units (count)
el cajon,2023,Entitlements,Low,84,HCD APR Table A2,Housing units (count)
el cajon,2024,Entitlements,Low,2,HCD APR Table A2,Housing units (count)
el cajon,2025,Entitlements,Low,4,HCD APR Table A2,Housing units (count)
encinitas,2018,Entitlements,Low,0,HCD APR Table A2,Housing units (count)
encinitas,2019,Entitlements,Low,0,HCD APR Table A2,Housing units (count)
encinitas,2020,Entitlements,Low,0,HCD APR Table A2,Housing units (count)
encinitas,2021,Entitlements,Low,43,HCD APR Table A2,Housing units (count)
encinitas,2022,Entitlements,Low,102,HCD APR Table A2,Housing units (count)
encinitas,2023,Entitlements,Low,106,HCD APR Table A2,Housing units (count)
encinitas,2024,Entitlements,Low,91,HCD APR Table A2,Housing units (count)
encinitas,2025,Entitlements,Low,31,HCD APR Table A2,Housing units (count)
escondido,2018,Entitlements,Low,5,HCD APR Table A2,Housing units (count)
escondido,2019,Entitlements,Low,4,HCD APR Table A2,Housing units (count)
escondido,2020,Entitlements,Low,16,HCD APR Table A2,Housing units (count)
escondido,2021,Entitlements,Low,64,HCD APR Table A2,Housing units (count)
escondido,2022,Entitlements,Low,209,HCD APR Table A2,Housing units (count)
escondido,2023,Entitlements,Low,41,HCD APR Table A2,Housing units (count)
escondido,2024,Entitlements,Low,14,HCD APR Table A2,Housing units (count)
escondido,2025,Entitlements,Low,109,HCD APR Table A2,Housing units (count)
imperial beach,2018,Entitlements,Low,0,HCD APR Table A2,Housing units (count)
imperial beach,2019,Entitlements,Low,0,HCD APR Table A2,Housing units (count)
imperial beach,2020,Entitlements,Low,0,HCD APR Table A2,Housing units (count)
imperial beach,2021,Entitlements,Low,0,HCD APR Table A2,Housing units (count)
imperial beach,2022,Entitlements,Low,0,HCD APR Table A2,Housing units (count)
imperial beach,2023,Entitlements,Low,1,HCD APR Table A2,Housing units (count)
imperial beach,2024,Entitlements,Low,0,HCD APR Table A2,Housing units (count)
imperial beach,2025,Entitlements,Low,0,HCD APR Table A2,Housing units (count)
la mesa,2018,Entitlements,Low,0,HCD APR Table A2,Housing units (count)
la mesa,2019,Entitlements,Low,0,HCD APR Table A2,Housing units (count)
la mesa,2020,Entitlements,Low,0,HCD APR Table A2,Housing units (count)
la mesa,2021,Entitlements,Low,86,HCD APR Table A2,Housing units (count)
la mesa,2022,Entitlements,Low,0,HCD APR Table A2,Housing units (count)
la mesa,2023,Entitlements,Low,10,HCD APR Table A2,Housing units (count)
la mesa,2024,Entitlements,Low,0,HCD APR Table A2,Housing units (count)
la mesa,2025,Entitlements,Low,0,HCD APR Table A2,Housing units (count)
lemon grove,2018,Entitlements,Low,0,HCD APR Table A2,Housing units (count)
lemon grove,2019,Entitlements,Low,0,HCD APR Table A2,Housing units (count)
lemon grove,2020,Entitlements,Low,0,HCD APR Table A2,Housing units (count)
lemon grove,2021,Entitlements,Low,0,HCD APR Table A2,Housing units (count)
lemon grove,2022,Entitlements,Low,0,HCD APR Table A2,Housing units (count)
lemon grove,2023,Entitlements,Low,0,HCD APR Table A2,Housing units (count)
lemon grove,2024,Entitlements,Low,0,HCD APR Table A2,Housing units (count)
lemon grove,2025,Entitlements,Low,0,HCD APR Table A2,Housing units (count)
national city,2018,Entitlements,Low,0,HCD APR Table A2,Housing units (count)
national city,2019,Entitlements,Low,0,HCD APR Table A2,Housing units (count)
national city,2020,Entitlements,Low,8,HCD APR Table A2,Housing units (count)
national city,2021,Entitlements,Low,3,HCD APR Table A2,Housing units (count)
national city,2022,Entitlements,Low,19,HCD APR Table A2,Housing units (count)
national city,2023,Entitlements,Low,50,HCD APR Table A2,Housing units (count)
national city,2024,Entitlements,Low,68,HCD APR Table A2,Housing units (count)
national city,2025,Entitlements,Low,49,HCD APR Table A2,Housing units (count)
oceanside,2018,Entitlements,Low,0,HCD APR Table A2,Housing units (count)
oceanside,2019,Entitlements,Low,0,HCD APR Table A2,Housing units (count)
oceanside,2020,Entitlements,Low,0,HCD APR Table A2,Housing units (count)
oceanside,2021,Entitlements,Low,0,HCD APR Table A2,Housing units (count)
oceanside,2022,Entitlements,Low,41,HCD APR Table A2,Housing units (count)
oceanside,2023,Entitlements,Low,50,HCD APR Table A2,Housing units (count)
oceanside,2024,Entitlements,Low,54,HCD APR Table A2,Housing units (count)
oceanside,2025,Entitlements,Low,274,HCD APR Table A2,Housing units (count)
poway,2018,Entitlements,Low,0,HCD APR Table A2,Housing units (count)
poway,2019,Entitlements,Low,0,HCD APR Table A2,Housing units (count)
poway,2020,Entitlements,Low,105,HCD APR Table A2,Housing units (count)
poway,2021,Entitlements,Low,9,HCD APR Table A2,Housing units (count)
poway,2022,Entitlements,Low,0,HCD APR Table A2,Housing units (count)
poway,2023,Entitlements,Low,0,HCD APR Table A2,Housing units (count)
poway,2024,Entitlements,Low,60,HCD APR Table A2,Housing units (count)
poway,2025,Entitlements,Low,0,HCD APR Table A2,Housing units (count)
san diego,2018,Entitlements,Low,67,HCD APR Table A2,Housing units (count)
san diego,2019,Entitlements,Low,0,HCD APR Table A2,Housing units (count)
san diego,2020,Entitlements,Low,0,HCD APR Table A2,Housing units (count)
san diego,2021,Entitlements,Low,0,HCD APR Table A2,Housing units (count)
san diego,2022,Entitlements,Low,5,HCD APR Table A2,Housing units (count)
san diego,2023,Entitlements,Low,66,HCD APR Table A2,Housing units (count)
san diego,2024,Entitlements,Low,77,HCD APR Table A2,Housing units (count)
san diego,2025,Entitlements,Low,0,HCD APR Table A2,Housing units (count)
san marcos,2018,Entitlements,Low,0,HCD APR Table A2,Housing units (count)
san marcos,2019,Entitlements,Low,69,HCD APR Table A2,Housing units (count)
san marcos,2020,Entitlements,Low,0,HCD APR Table A2,Housing units (count)
san marcos,2021,Entitlements,Low,79,HCD APR Table A2,Housing units (count)
san marcos,2022,Entitlements,Low,21,HCD APR Table A2,Housing units (count)
san marcos,2023,Entitlements,Low,4,HCD APR Table A2,Housing units (count)
san marcos,2024,Entitlements,Low,209,HCD APR Table A2,Housing units (count)
san marcos,2025,Entitlements,Low,28,HCD APR Table A2,Housing units (count)
santee,2018,Entitlements,Low,0,HCD APR Table A2,Housing units (count)
santee,2019,Entitlements,Low,0,HCD APR Table A2,Housing units (count)
santee,2020,Entitlements,Low,0,HCD APR Table A2,Housing units (count)
santee,2021,Entitlements,Low,0,HCD APR Table A2,Housing units (count)
santee,2022,Entitlements,Low,0,HCD APR Table A2,Housing units (count)
santee,2023,Entitlements,Low,17,HCD APR Table A2,Housing units (count)
santee,2024,Entitlements,Low,0,HCD APR Table A2,Housing units (count)
santee,2025,Entitlements,Low,0,HCD APR Table A2,Housing units (count)
solana beach,2018,Entitlements,Low,32,HCD APR Table A2,Housing units (count)
solana beach,2019,Entitlements,Low,0,HCD APR Table A2,Housing units (count)
solana beach,2020,Entitlements,Low,0,HCD APR Table A2,Housing units (count)
solana beach,2021,Entitlements,Low,0,HCD APR Table A2,Housing units (count)
solana beach,2022,Entitlements,Low,0,HCD APR Table A2,Housing units (count)
solana beach,2023,Entitlements,Low,0,HCD APR Table A2,Housing units (count)
solana beach,2024,Entitlements,Low,2,HCD APR Table A2,Housing units (count)
solana beach,2025,Entitlements,Low,0,HCD APR Table A2,Housing units (count)
unincorporated san diego county,2018,Entitlements,Low,0,HCD APR Table A2,Housing units (count)
unincorporated san diego county,2019,Entitlements,Low,14,HCD APR Table A2,Housing units (count)
unincorporated san diego county,2020,Entitlements,Low,15,HCD APR Table A2,Housing units (count)
unincorporated san diego county,2021,Entitlements,Low,0,HCD APR Table A2,Housing units (count)
unincorporated san diego county,2022,Entitlements,Low,0,HCD APR Table A2,Housing units (count)
unincorporated san diego county,2023,Entitlements,Low,0,HCD APR Table A2,Housing units (count)
unincorporated san diego county,2024,Entitlements,Low,0,HCD APR Table A2,Housing units (count)
unincorporated san diego county,2025,Entitlements,Low,23,HCD APR Table A2,Housing units (count)
vista,2018,Entitlements,Low,0,HCD APR Table A2,Housing units (count)
vista,2019,Entitlements,Low,49,HCD APR Table A2,Housing units (count)
vista,2020,Entitlements,Low,0,HCD APR Table A2,Housing units (count)
vista,2021,Entitlements,Low,0,HCD APR Table A2,Housing units (count)
vista,2022,Entitlements,Low,0,HCD APR Table A2,Housing units (count)
vista,2023,Entitlements,Low,0,HCD APR Table A2,Housing units (count)
vista,2024,Entitlements,Low,0,HCD APR Table A2,Housing units (count)
vista,2025,Entitlements,Low,0,HCD APR Table A2,Housing units (count)
carlsbad,2018,Entitlements,Moderate,12,HCD APR Table A2,Housing units (count)
carlsbad,2019,Entitlements,Moderate,5,HCD APR Table A2,Housing units (count)
carlsbad,2020,Entitlements,Moderate,13,HCD APR Table A2,Housing units (count)
carlsbad,2021,Entitlements,Moderate,18,HCD APR Table A2,Housing units (count)
carlsbad,2022,Entitlements,Moderate,19,HCD APR Table A2,Housing units (count)
carlsbad,2023,Entitlements,Moderate,17,HCD APR Table A2,Housing units (count)
carlsbad,2024,Entitlements,Moderate,13,HCD APR Table A2,Housing units (count)
carlsbad,2025,Entitlements,Moderate,2,HCD APR Table A2,Housing units (count)
chula vista,2018,Entitlements,Moderate,0,HCD APR Table A2,Housing units (count)
chula vista,2019,Entitlements,Moderate,0,HCD APR Table A2,Housing units (count)
chula vista,2020,Entitlements,Moderate,0,HCD APR Table A2,Housing units (count)
chula vista,2021,Entitlements,Moderate,0,HCD APR Table A2,Housing units (count)
chula vista,2022,Entitlements,Moderate,0,HCD APR Table A2,Housing units (count)
chula vista,2023,Entitlements,Moderate,0,HCD APR Table A2,Housing units (count)
chula vista,2024,Entitlements,Moderate,0,HCD APR Table A2,Housing units (count)
chula vista,2025,Entitlements,Moderate,0,HCD APR Table A2,Housing units (count)
coronado,2018,Entitlements,Moderate,0,HCD APR Table A2,Housing units (count)
coronado,2019,Entitlements,Moderate,0,HCD APR Table A2,Housing units (count)
coronado,2020,Entitlements,Moderate,0,HCD APR Table A2,Housing units (count)
coronado,2021,Entitlements,Moderate,0,HCD APR Table A2,Housing units (count)
coronado,2022,Entitlements,Moderate,0,HCD APR Table A2,Housing units (count)
coronado,2023,Entitlements,Moderate,0,HCD APR Table A2,Housing units (count)
coronado,2024,Entitlements,Moderate,0,HCD APR Table A2,Housing units (count)
coronado,2025,Entitlements,Moderate,0,HCD APR Table A2,Housing units (count)
del mar,2018,Entitlements,Moderate,1,HCD APR Table A2,Housing units (count)
del mar,2019,Entitlements,Moderate,0,HCD APR Table A2,Housing units (count)
del mar,2020,Entitlements,Moderate,26,HCD APR Table A2,Housing units (count)
del mar,2021,Entitlements,Moderate,31,HCD APR Table A2,Housing units (count)
del mar,2022,Entitlements,Moderate,16,HCD APR Table A2,Housing units (count)
del mar,2023,Entitlements,Moderate,16,HCD APR Table A2,Housing units (count)
del mar,2024,Entitlements,Moderate,13,HCD APR Table A2,Housing units (count)
del mar,2025,Entitlements,Moderate,12,HCD APR Table A2,Housing units (count)
el cajon,2018,Entitlements,Moderate,0,HCD APR Table A2,Housing units (count)
el cajon,2019,Entitlements,Moderate,0,HCD APR Table A2,Housing units (count)
el cajon,2020,Entitlements,Moderate,0,HCD APR Table A2,Housing units (count)
el cajon,2021,Entitlements,Moderate,0,HCD APR Table A2,Housing units (count)
el cajon,2022,Entitlements,Moderate,0,HCD APR Table A2,Housing units (count)
el cajon,2023,Entitlements,Moderate,0,HCD APR Table A2,Housing units (count)
el cajon,2024,Entitlements,Moderate,17,HCD APR Table A2,Housing units (count)
el cajon,2025,Entitlements,Moderate,36,HCD APR Table A2,Housing units (count)
encinitas,2018,Entitlements,Moderate,0,HCD APR Table A2,Housing units (count)
encinitas,2019,Entitlements,Moderate,0,HCD APR Table A2,Housing units (count)
encinitas,2020,Entitlements,Moderate,0,HCD APR Table A2,Housing units (count)
encinitas,2021,Entitlements,Moderate,2,HCD APR Table A2,Housing units (count)
encinitas,2022,Entitlements,Moderate,0,HCD APR Table A2,Housing units (count)
encinitas,2023,Entitlements,Moderate,2,HCD APR Table A2,Housing units (count)
encinitas,2024,Entitlements,Moderate,9,HCD APR Table A2,Housing units (count)
encinitas,2025,Entitlements,Moderate,9,HCD APR Table A2,Housing units (count)
escondido,2018,Entitlements,Moderate,32,HCD APR Table A2,Housing units (count)
escondido,2019,Entitlements,Moderate,21,HCD APR Table A2,Housing units (count)
escondido,2020,Entitlements,Moderate,40,HCD APR Table A2,Housing units (count)
escondido,2021,Entitlements,Moderate,71,HCD APR Table A2,Housing units (count)
escondido,2022,Entitlements,Moderate,9,HCD APR Table A2,Housing units (count)
escondido,2023,Entitlements,Moderate,29,HCD APR Table A2,Housing units (count)
escondido,2024,Entitlements,Moderate,9,HCD APR Table A2,Housing units (count)
escondido,2025,Entitlements,Moderate,6,HCD APR Table A2,Housing units (count)
imperial beach,2018,Entitlements,Moderate,0,HCD APR Table A2,Housing units (count)
imperial beach,2019,Entitlements,Moderate,0,HCD APR Table A2,Housing units (count)
imperial beach,2020,Entitlements,Moderate,0,HCD APR Table A2,Housing units (count)
imperial beach,2021,Entitlements,Moderate,0,HCD APR Table A2,Housing units (count)
imperial beach,2022,Entitlements,Moderate,0,HCD APR Table A2,Housing units (count)
imperial beach,2023,Entitlements,Moderate,0,HCD APR Table A2,Housing units (count)
imperial beach,2024,Entitlements,Moderate,3,HCD APR Table A2,Housing units (count)
imperial beach,2025,Entitlements,Moderate,0,HCD APR Table A2,Housing units (count)
la mesa,2018,Entitlements,Moderate,0,HCD APR Table A2,Housing units (count)
la mesa,2019,Entitlements,Moderate,0,HCD APR Table A2,Housing units (count)
la mesa,2020,Entitlements,Moderate,0,HCD APR Table A2,Housing units (count)
la mesa,2021,Entitlements,Moderate,0,HCD APR Table A2,Housing units (count)
la mesa,2022,Entitlements,Moderate,0,HCD APR Table A2,Housing units (count)
la mesa,2023,Entitlements,Moderate,0,HCD APR Table A2,Housing units (count)
la mesa,2024,Entitlements,Moderate,0,HCD APR Table A2,Housing units (count)
la mesa,2025,Entitlements,Moderate,11,HCD APR Table A2,Housing units (count)
lemon grove,2018,Entitlements,Moderate,0,HCD APR Table A2,Housing units (count)
lemon grove,2019,Entitlements,Moderate,0,HCD APR Table A2,Housing units (count)
lemon grove,2020,Entitlements,Moderate,81,HCD APR Table A2,Housing units (count)
lemon grove,2021,Entitlements,Moderate,0,HCD APR Table A2,Housing units (count)
lemon grove,2022,Entitlements,Moderate,0,HCD APR Table A2,Housing units (count)
lemon grove,2023,Entitlements,Moderate,0,HCD APR Table A2,Housing units (count)
lemon grove,2024,Entitlements,Moderate,0,HCD APR Table A2,Housing units (count)
lemon grove,2025,Entitlements,Moderate,0,HCD APR Table A2,Housing units (count)
national city,2018,Entitlements,Moderate,0,HCD APR Table A2,Housing units (count)
national city,2019,Entitlements,Moderate,0,HCD APR Table A2,Housing units (count)
national city,2020,Entitlements,Moderate,0,HCD APR Table A2,Housing units (count)
national city,2021,Entitlements,Moderate,0,HCD APR Table A2,Housing units (count)
national city,2022,Entitlements,Moderate,0,HCD APR Table A2,Housing units (count)
national city,2023,Entitlements,Moderate,0,HCD APR Table A2,Housing units (count)
national city,2024,Entitlements,Moderate,0,HCD APR Table A2,Housing units (count)
national city,2025,Entitlements,Moderate,0,HCD APR Table A2,Housing units (count)
oceanside,2018,Entitlements,Moderate,51,HCD APR Table A2,Housing units (count)
oceanside,2019,Entitlements,Moderate,2,HCD APR Table A2,Housing units (count)
oceanside,2020,Entitlements,Moderate,0,HCD APR Table A2,Housing units (count)
oceanside,2021,Entitlements,Moderate,92,HCD APR Table A2,Housing units (count)
oceanside,2022,Entitlements,Moderate,178,HCD APR Table A2,Housing units (count)
oceanside,2023,Entitlements,Moderate,203,HCD APR Table A2,Housing units (count)
oceanside,2024,Entitlements,Moderate,0,HCD APR Table A2,Housing units (count)
oceanside,2025,Entitlements,Moderate,57,HCD APR Table A2,Housing units (count)
poway,2018,Entitlements,Moderate,0,HCD APR Table A2,Housing units (count)
poway,2019,Entitlements,Moderate,0,HCD APR Table A2,Housing units (count)
poway,2020,Entitlements,Moderate,107,HCD APR Table A2,Housing units (count)
poway,2021,Entitlements,Moderate,63,HCD APR Table A2,Housing units (count)
poway,2022,Entitlements,Moderate,0,HCD APR Table A2,Housing units (count)
poway,2023,Entitlements,Moderate,2,HCD APR Table A2,Housing units (count)
poway,2024,Entitlements,Moderate,0,HCD APR Table A2,Housing units (count)
poway,2025,Entitlements,Moderate,0,HCD APR Table A2,Housing units (count)
san diego,2018,Entitlements,Moderate,0,HCD APR Table A2,Housing units (count)
san diego,2019,Entitlements,Moderate,0,HCD APR Table A2,Housing units (count)
san diego,2020,Entitlements,Moderate,8,HCD APR Table A2,Housing units (count)
san diego,2021,Entitlements,Moderate,0,HCD APR Table A2,Housing units (count)
san diego,2022,Entitlements,Moderate,0,HCD APR Table A2,Housing units (count)
san diego,2023,Entitlements,Moderate,60,HCD APR Table A2,Housing units (count)
san diego,2024,Entitlements,Moderate,57,HCD APR Table A2,Housing units (count)
san diego,2025,Entitlements,Moderate,0,HCD APR Table A2,Housing units (count)
san marcos,2018,Entitlements,Moderate,0,HCD APR Table A2,Housing units (count)
san marcos,2019,Entitlements,Moderate,0,HCD APR Table A2,Housing units (count)
san marcos,2020,Entitlements,Moderate,0,HCD APR Table A2,Housing units (count)
san marcos,2021,Entitlements,Moderate,102,HCD APR Table A2,Housing units (count)
san marcos,2022,Entitlements,Moderate,750,HCD APR Table A2,Housing units (count)
san marcos,2023,Entitlements,Moderate,1235,HCD APR Table A2,Housing units (count)
san marcos,2024,Entitlements,Moderate,186,HCD APR Table A2,Housing units (count)
san marcos,2025,Entitlements,Moderate,0,HCD APR Table A2,Housing units (count)
santee,2018,Entitlements,Moderate,0,HCD APR Table A2,Housing units (count)
santee,2019,Entitlements,Moderate,4,HCD APR Table A2,Housing units (count)
santee,2020,Entitlements,Moderate,0,HCD APR Table A2,Housing units (count)
santee,2021,Entitlements,Moderate,0,HCD APR Table A2,Housing units (count)
santee,2022,Entitlements,Moderate,227,HCD APR Table A2,Housing units (count)
santee,2023,Entitlements,Moderate,54,HCD APR Table A2,Housing units (count)
santee,2024,Entitlements,Moderate,0,HCD APR Table A2,Housing units (count)
santee,2025,Entitlements,Moderate,53,HCD APR Table A2,Housing units (count)
solana beach,2018,Entitlements,Moderate,0,HCD APR Table A2,Housing units (count)
solana beach,2019,Entitlements,Moderate,5,HCD APR Table A2,Housing units (count)
solana beach,2020,Entitlements,Moderate,4,HCD APR Table A2,Housing units (count)
solana beach,2021,Entitlements,Moderate,2,HCD APR Table A2,Housing units (count)
solana beach,2022,Entitlements,Moderate,3,HCD APR Table A2,Housing units (count)
solana beach,2023,Entitlements,Moderate,2,HCD APR Table A2,Housing units (count)
solana beach,2024,Entitlements,Moderate,5,HCD APR Table A2,Housing units (count)
solana beach,2025,Entitlements,Moderate,0,HCD APR Table A2,Housing units (count)
unincorporated san diego county,2018,Entitlements,Moderate,0,HCD APR Table A2,Housing units (count)
unincorporated san diego county,2019,Entitlements,Moderate,15,HCD APR Table A2,Housing units (count)
unincorporated san diego county,2020,Entitlements,Moderate,140,HCD APR Table A2,Housing units (count)
unincorporated san diego county,2021,Entitlements,Moderate,0,HCD APR Table A2,Housing units (count)
unincorporated san diego county,2022,Entitlements,Moderate,0,HCD APR Table A2,Housing units (count)
unincorporated san diego county,2023,Entitlements,Moderate,0,HCD APR Table A2,Housing units (count)
unincorporated san diego county,2024,Entitlements,Moderate,0,HCD APR Table A2,Housing units (count)
unincorporated san diego county,2025,Entitlements,Moderate,23,HCD APR Table A2,Housing units (count)
vista,2018,Entitlements,Moderate,0,HCD APR Table A2,Housing units (count)
vista,2019,Entitlements,Moderate,0,HCD APR Table A2,Housing units (count)
vista,2020,Entitlements,Moderate,0,HCD APR Table A2,Housing units (count)
vista,2021,Entitlements,Moderate,0,HCD APR Table A2,Housing units (count)
vista,2022,Entitlements,Moderate,0,HCD APR Table A2,Housing units (count)
vista,2023,Entitlements,Moderate,26,HCD APR Table A2,Housing units (count)
vista,2024,Entitlements,Moderate,0,HCD APR Table A2,Housing units (count)
vista,2025,Entitlements,Moderate,19,HCD APR Table A2,Housing units (count)
carlsbad,2018,Entitlements,Above Moderate,48,HCD APR Table A2,Housing units (count)
carlsbad,2019,Entitlements,Above Moderate,41,HCD APR Table A2,Housing units (count)
carlsbad,2020,Entitlements,Above Moderate,609,HCD APR Table A2,Housing units (count)
carlsbad,2021,Entitlements,Above Moderate,281,HCD APR Table A2,Housing units (count)
carlsbad,2022,Entitlements,Above Moderate,33,HCD APR Table A2,Housing units (count)
carlsbad,2023,Entitlements,Above Moderate,227,HCD APR Table A2,Housing units (count)
carlsbad,2024,Entitlements,Above Moderate,214,HCD APR Table A2,Housing units (count)
carlsbad,2025,Entitlements,Above Moderate,189,HCD APR Table A2,Housing units (count)
chula vista,2018,Entitlements,Above Moderate,0,HCD APR Table A2,Housing units (count)
chula vista,2019,Entitlements,Above Moderate,246,HCD APR Table A2,Housing units (count)
chula vista,2020,Entitlements,Above Moderate,0,HCD APR Table A2,Housing units (count)
chula vista,2021,Entitlements,Above Moderate,0,HCD APR Table A2,Housing units (count)
chula vista,2022,Entitlements,Above Moderate,0,HCD APR Table A2,Housing units (count)
chula vista,2023,Entitlements,Above Moderate,1791,HCD APR Table A2,Housing units (count)
chula vista,2024,Entitlements,Above Moderate,252,HCD APR Table A2,Housing units (count)
chula vista,2025,Entitlements,Above Moderate,1323,HCD APR Table A2,Housing units (count)
coronado,2018,Entitlements,Above Moderate,0,HCD APR Table A2,Housing units (count)
coronado,2019,Entitlements,Above Moderate,0,HCD APR Table A2,Housing units (count)
coronado,2020,Entitlements,Above Moderate,51,HCD APR Table A2,Housing units (count)
coronado,2021,Entitlements,Above Moderate,50,HCD APR Table A2,Housing units (count)
coronado,2022,Entitlements,Above Moderate,46,HCD APR Table A2,Housing units (count)
coronado,2023,Entitlements,Above Moderate,38,HCD APR Table A2,Housing units (count)
coronado,2024,Entitlements,Above Moderate,41,HCD APR Table A2,Housing units (count)
coronado,2025,Entitlements,Above Moderate,27,HCD APR Table A2,Housing units (count)
del mar,2018,Entitlements,Above Moderate,7,HCD APR Table A2,Housing units (count)
del mar,2019,Entitlements,Above Moderate,7,HCD APR Table A2,Housing units (count)
del mar,2020,Entitlements,Above Moderate,2,HCD APR Table A2,Housing units (count)
del mar,2021,Entitlements,Above Moderate,1,HCD APR Table A2,Housing units (count)
del mar,2022,Entitlements,Above Moderate,7,HCD APR Table A2,Housing units (count)
del mar,2023,Entitlements,Above Moderate,56,HCD APR Table A2,Housing units (count)
del mar,2024,Entitlements,Above Moderate,7,HCD APR Table A2,Housing units (count)
del mar,2025,Entitlements,Above Moderate,3,HCD APR Table A2,Housing units (count)
el cajon,2018,Entitlements,Above Moderate,34,HCD APR Table A2,Housing units (count)
el cajon,2019,Entitlements,Above Moderate,26,HCD APR Table A2,Housing units (count)
el cajon,2020,Entitlements,Above Moderate,0,HCD APR Table A2,Housing units (count)
el cajon,2021,Entitlements,Above Moderate,132,HCD APR Table A2,Housing units (count)
el cajon,2022,Entitlements,Above Moderate,32,HCD APR Table A2,Housing units (count)
el cajon,2023,Entitlements,Above Moderate,0,HCD APR Table A2,Housing units (count)
el cajon,2024,Entitlements,Above Moderate,156,HCD APR Table A2,Housing units (count)
el cajon,2025,Entitlements,Above Moderate,59,HCD APR Table A2,Housing units (count)
encinitas,2018,Entitlements,Above Moderate,0,HCD APR Table A2,Housing units (count)
encinitas,2019,Entitlements,Above Moderate,72,HCD APR Table A2,Housing units (count)
encinitas,2020,Entitlements,Above Moderate,41,HCD APR Table A2,Housing units (count)
encinitas,2021,Entitlements,Above Moderate,407,HCD APR Table A2,Housing units (count)
encinitas,2022,Entitlements,Above Moderate,491,HCD APR Table A2,Housing units (count)
encinitas,2023,Entitlements,Above Moderate,409,HCD APR Table A2,Housing units (count)
encinitas,2024,Entitlements,Above Moderate,730,HCD APR Table A2,Housing units (count)
encinitas,2025,Entitlements,Above Moderate,237,HCD APR Table A2,Housing units (count)
escondido,2018,Entitlements,Above Moderate,13,HCD APR Table A2,Housing units (count)
escondido,2019,Entitlements,Above Moderate,489,HCD APR Table A2,Housing units (count)
escondido,2020,Entitlements,Above Moderate,110,HCD APR Table A2,Housing units (count)
escondido,2021,Entitlements,Above Moderate,658,HCD APR Table A2,Housing units (count)
escondido,2022,Entitlements,Above Moderate,211,HCD APR Table A2,Housing units (count)
escondido,2023,Entitlements,Above Moderate,258,HCD APR Table A2,Housing units (count)
escondido,2024,Entitlements,Above Moderate,127,HCD APR Table A2,Housing units (count)
escondido,2025,Entitlements,Above Moderate,132,HCD APR Table A2,Housing units (count)
imperial beach,2018,Entitlements,Above Moderate,0,HCD APR Table A2,Housing units (count)
imperial beach,2019,Entitlements,Above Moderate,78,HCD APR Table A2,Housing units (count)
imperial beach,2020,Entitlements,Above Moderate,18,HCD APR Table A2,Housing units (count)
imperial beach,2021,Entitlements,Above Moderate,26,HCD APR Table A2,Housing units (count)
imperial beach,2022,Entitlements,Above Moderate,10,HCD APR Table A2,Housing units (count)
imperial beach,2023,Entitlements,Above Moderate,73,HCD APR Table A2,Housing units (count)
imperial beach,2024,Entitlements,Above Moderate,64,HCD APR Table A2,Housing units (count)
imperial beach,2025,Entitlements,Above Moderate,45,HCD APR Table A2,Housing units (count)
la mesa,2018,Entitlements,Above Moderate,101,HCD APR Table A2,Housing units (count)
la mesa,2019,Entitlements,Above Moderate,238,HCD APR Table A2,Housing units (count)
la mesa,2020,Entitlements,Above Moderate,124,HCD APR Table A2,Housing units (count)
la mesa,2021,Entitlements,Above Moderate,66,HCD APR Table A2,Housing units (count)
la mesa,2022,Entitlements,Above Moderate,56,HCD APR Table A2,Housing units (count)
la mesa,2023,Entitlements,Above Moderate,137,HCD APR Table A2,Housing units (count)
la mesa,2024,Entitlements,Above Moderate,16,HCD APR Table A2,Housing units (count)
la mesa,2025,Entitlements,Above Moderate,67,HCD APR Table A2,Housing units (count)
lemon grove,2018,Entitlements,Above Moderate,0,HCD APR Table A2,Housing units (count)
lemon grove,2019,Entitlements,Above Moderate,0,HCD APR Table A2,Housing units (count)
lemon grove,2020,Entitlements,Above Moderate,76,HCD APR Table A2,Housing units (count)
lemon grove,2021,Entitlements,Above Moderate,0,HCD APR Table A2,Housing units (count)
lemon grove,2022,Entitlements,Above Moderate,0,HCD APR Table A2,Housing units (count)
lemon grove,2023,Entitlements,Above Moderate,0,HCD APR Table A2,Housing units (count)
lemon grove,2024,Entitlements,Above Moderate,0,HCD APR Table A2,Housing units (count)
lemon grove,2025,Entitlements,Above Moderate,1,HCD APR Table A2,Housing units (count)
national city,2018,Entitlements,Above Moderate,60,HCD APR Table A2,Housing units (count)
national city,2019,Entitlements,Above Moderate,166,HCD APR Table A2,Housing units (count)
national city,2020,Entitlements,Above Moderate,1,HCD APR Table A2,Housing units (count)
national city,2021,Entitlements,Above Moderate,294,HCD APR Table A2,Housing units (count)
national city,2022,Entitlements,Above Moderate,176,HCD APR Table A2,Housing units (count)
national city,2023,Entitlements,Above Moderate,71,HCD APR Table A2,Housing units (count)
national city,2024,Entitlements,Above Moderate,74,HCD APR Table A2,Housing units (count)
national city,2025,Entitlements,Above Moderate,2,HCD APR Table A2,Housing units (count)
oceanside,2018,Entitlements,Above Moderate,458,HCD APR Table A2,Housing units (count)
oceanside,2019,Entitlements,Above Moderate,757,HCD APR Table A2,Housing units (count)
oceanside,2020,Entitlements,Above Moderate,733,HCD APR Table A2,Housing units (count)
oceanside,2021,Entitlements,Above Moderate,374,HCD APR Table A2,Housing units (count)
oceanside,2022,Entitlements,Above Moderate,1543,HCD APR Table A2,Housing units (count)
oceanside,2023,Entitlements,Above Moderate,1070,HCD APR Table A2,Housing units (count)
oceanside,2024,Entitlements,Above Moderate,596,HCD APR Table A2,Housing units (count)
oceanside,2025,Entitlements,Above Moderate,1457,HCD APR Table A2,Housing units (count)
poway,2018,Entitlements,Above Moderate,57,HCD APR Table A2,Housing units (count)
poway,2019,Entitlements,Above Moderate,109,HCD APR Table A2,Housing units (count)
poway,2020,Entitlements,Above Moderate,170,HCD APR Table A2,Housing units (count)
poway,2021,Entitlements,Above Moderate,11,HCD APR Table A2,Housing units (count)
poway,2022,Entitlements,Above Moderate,34,HCD APR Table A2,Housing units (count)
poway,2023,Entitlements,Above Moderate,9,HCD APR Table A2,Housing units (count)
poway,2024,Entitlements,Above Moderate,71,HCD APR Table A2,Housing units (count)
poway,2025,Entitlements,Above Moderate,1,HCD APR Table A2,Housing units (count)
san diego,2018,Entitlements,Above Moderate,5217,HCD APR Table A2,Housing units (count)
san diego,2019,Entitlements,Above Moderate,1157,HCD APR Table A2,Housing units (count)
san diego,2020,Entitlements,Above Moderate,1969,HCD APR Table A2,Housing units (count)
san diego,2021,Entitlements,Above Moderate,6768,HCD APR Table A2,Housing units (count)
san diego,2022,Entitlements,Above Moderate,854,HCD APR Table A2,Housing units (count)
san diego,2023,Entitlements,Above Moderate,896,HCD APR Table A2,Housing units (count)
san diego,2024,Entitlements,Above Moderate,547,HCD APR Table A2,Housing units (count)
san diego,2025,Entitlements,Above Moderate,3,HCD APR Table A2,Housing units (count)
san marcos,2018,Entitlements,Above Moderate,714,HCD APR Table A2,Housing units (count)
san marcos,2019,Entitlements,Above Moderate,26,HCD APR Table A2,Housing units (count)
san marcos,2020,Entitlements,Above Moderate,259,HCD APR Table A2,Housing units (count)
san marcos,2021,Entitlements,Above Moderate,149,HCD APR Table A2,Housing units (count)
san marcos,2022,Entitlements,Above Moderate,1,HCD APR Table A2,Housing units (count)
san marcos,2023,Entitlements,Above Moderate,202,HCD APR Table A2,Housing units (count)
san marcos,2024,Entitlements,Above Moderate,0,HCD APR Table A2,Housing units (count)
san marcos,2025,Entitlements,Above Moderate,671,HCD APR Table A2,Housing units (count)
santee,2018,Entitlements,Above Moderate,239,HCD APR Table A2,Housing units (count)
santee,2019,Entitlements,Above Moderate,47,HCD APR Table A2,Housing units (count)
santee,2020,Entitlements,Above Moderate,3066,HCD APR Table A2,Housing units (count)
santee,2021,Entitlements,Above Moderate,80,HCD APR Table A2,Housing units (count)
santee,2022,Entitlements,Above Moderate,2808,HCD APR Table A2,Housing units (count)
santee,2023,Entitlements,Above Moderate,1,HCD APR Table A2,Housing units (count)
santee,2024,Entitlements,Above Moderate,26,HCD APR Table A2,Housing units (count)
santee,2025,Entitlements,Above Moderate,485,HCD APR Table A2,Housing units (count)
solana beach,2018,Entitlements,Above Moderate,59,HCD APR Table A2,Housing units (count)
solana beach,2019,Entitlements,Above Moderate,2,HCD APR Table A2,Housing units (count)
solana beach,2020,Entitlements,Above Moderate,7,HCD APR Table A2,Housing units (count)
solana beach,2021,Entitlements,Above Moderate,1,HCD APR Table A2,Housing units (count)
solana beach,2022,Entitlements,Above Moderate,8,HCD APR Table A2,Housing units (count)
solana beach,2023,Entitlements,Above Moderate,1,HCD APR Table A2,Housing units (count)
solana beach,2024,Entitlements,Above Moderate,11,HCD APR Table A2,Housing units (count)
solana beach,2025,Entitlements,Above Moderate,7,HCD APR Table A2,Housing units (count)
unincorporated san diego county,2018,Entitlements,Above Moderate,0,HCD APR Table A2,Housing units (count)
unincorporated san diego county,2019,Entitlements,Above Moderate,205,HCD APR Table A2,Housing units (count)
unincorporated san diego county,2020,Entitlements,Above Moderate,200,HCD APR Table A2,Housing units (count)
unincorporated san diego county,2021,Entitlements,Above Moderate,0,HCD APR Table A2,Housing units (count)
unincorporated san diego county,2022,Entitlements,Above Moderate,0,HCD APR Table A2,Housing units (count)
unincorporated san diego county,2023,Entitlements,Above Moderate,0,HCD APR Table A2,Housing units (count)
unincorporated san diego county,2024,Entitlements,Above Moderate,0,HCD APR Table A2,Housing units (count)
unincorporated san diego county,2025,Entitlements,Above Moderate,416,HCD APR Table A2,Housing units (count)
vista,2018,Entitlements,Above Moderate,604,HCD APR Table A2,Housing units (count)
vista,2019,Entitlements,Above Moderate,152,HCD APR Table A2,Housing units (count)
vista,2020,Entitlements,Above Moderate,65,HCD APR Table A2,Housing units (count)
vista,2021,Entitlements,Above Moderate,131,HCD APR Table A2,Housing units (count)
vista,2022,Entitlements,Above Moderate,180,HCD APR Table A2,Housing units (count)
vista,2023,Entitlements,Above Moderate,442,HCD APR Table A2,Housing units (count)
vista,2024,Entitlements,Above Moderate,168,HCD APR Table A2,Housing units (count)
vista,2025,Entitlements,Above Moderate,90,HCD APR Table A2,Housing units (count)
carlsbad,2018,Entitlements,Total,63,HCD APR Table A2,Housing units (count)
carlsbad,2019,Entitlements,Total,46,HCD APR Table A2,Housing units (count)
carlsbad,2020,Entitlements,Total,756,HCD APR Table A2,Housing units (count)
carlsbad,2021,Entitlements,Total,362,HCD APR Table A2,Housing units (count)
carlsbad,2022,Entitlements,Total,52,HCD APR Table A2,Housing units (count)
carlsbad,2023,Entitlements,Total,277,HCD APR Table A2,Housing units (count)
carlsbad,2024,Entitlements,Total,254,HCD APR Table A2,Housing units (count)
carlsbad,2025,Entitlements,Total,202,HCD APR Table A2,Housing units (count)
chula vista,2018,Entitlements,Total,0,HCD APR Table A2,Housing units (count)
chula vista,2019,Entitlements,Total,246,HCD APR Table A2,Housing units (count)
chula vista,2020,Entitlements,Total,0,HCD APR Table A2,Housing units (count)
chula vista,2021,Entitlements,Total,0,HCD APR Table A2,Housing units (count)
chula vista,2022,Entitlements,Total,0,HCD APR Table A2,Housing units (count)
chula vista,2023,Entitlements,Total,1887,HCD APR Table A2,Housing units (count)
chula vista,2024,Entitlements,Total,252,HCD APR Table A2,Housing units (count)
chula vista,2025,Entitlements,Total,1323,HCD APR Table A2,Housing units (count)
coronado,2018,Entitlements,Total,0,HCD APR Table A2,Housing units (count)
coronado,2019,Entitlements,Total,0,HCD APR Table A2,Housing units (count)
coronado,2020,Entitlements,Total,51,HCD APR Table A2,Housing units (count)
coronado,2021,Entitlements,Total,50,HCD APR Table A2,Housing units (count)
coronado,2022,Entitlements,Total,46,HCD APR Table A2,Housing units (count)
coronado,2023,Entitlements,Total,38,HCD APR Table A2,Housing units (count)
coronado,2024,Entitlements,Total,41,HCD APR Table A2,Housing units (count)
coronado,2025,Entitlements,Total,27,HCD APR Table A2,Housing units (count)
del mar,2018,Entitlements,Total,10,HCD APR Table A2,Housing units (count)
del mar,2019,Entitlements,Total,9,HCD APR Table A2,Housing units (count)
del mar,2020,Entitlements,Total,28,HCD APR Table A2,Housing units (count)
del mar,2021,Entitlements,Total,32,HCD APR Table A2,Housing units (count)
del mar,2022,Entitlements,Total,23,HCD APR Table A2,Housing units (count)
del mar,2023,Entitlements,Total,82,HCD APR Table A2,Housing units (count)
del mar,2024,Entitlements,Total,20,HCD APR Table A2,Housing units (count)
del mar,2025,Entitlements,Total,15,HCD APR Table A2,Housing units (count)
el cajon,2018,Entitlements,Total,36,HCD APR Table A2,Housing units (count)
el cajon,2019,Entitlements,Total,110,HCD APR Table A2,Housing units (count)
el cajon,2020,Entitlements,Total,113,HCD APR Table A2,Housing units (count)
el cajon,2021,Entitlements,Total,132,HCD APR Table A2,Housing units (count)
el cajon,2022,Entitlements,Total,32,HCD APR Table A2,Housing units (count)
el cajon,2023,Entitlements,Total,84,HCD APR Table A2,Housing units (count)
el cajon,2024,Entitlements,Total,175,HCD APR Table A2,Housing units (count)
el cajon,2025,Entitlements,Total,99,HCD APR Table A2,Housing units (count)
encinitas,2018,Entitlements,Total,0,HCD APR Table A2,Housing units (count)
encinitas,2019,Entitlements,Total,77,HCD APR Table A2,Housing units (count)
encinitas,2020,Entitlements,Total,42,HCD APR Table A2,Housing units (count)
encinitas,2021,Entitlements,Total,500,HCD APR Table A2,Housing units (count)
encinitas,2022,Entitlements,Total,593,HCD APR Table A2,Housing units (count)
encinitas,2023,Entitlements,Total,524,HCD APR Table A2,Housing units (count)
encinitas,2024,Entitlements,Total,863,HCD APR Table A2,Housing units (count)
encinitas,2025,Entitlements,Total,277,HCD APR Table A2,Housing units (count)
escondido,2018,Entitlements,Total,54,HCD APR Table A2,Housing units (count)
escondido,2019,Entitlements,Total,533,HCD APR Table A2,Housing units (count)
escondido,2020,Entitlements,Total,183,HCD APR Table A2,Housing units (count)
escondido,2021,Entitlements,Total,825,HCD APR Table A2,Housing units (count)
escondido,2022,Entitlements,Total,490,HCD APR Table A2,Housing units (count)
escondido,2023,Entitlements,Total,365,HCD APR Table A2,Housing units (count)
escondido,2024,Entitlements,Total,168,HCD APR Table A2,Housing units (count)
escondido,2025,Entitlements,Total,366,HCD APR Table A2,Housing units (count)
imperial beach,2018,Entitlements,Total,0,HCD APR Table A2,Housing units (count)
imperial beach,2019,Entitlements,Total,83,HCD APR Table A2,Housing units (count)
imperial beach,2020,Entitlements,Total,18,HCD APR Table A2,Housing units (count)
imperial beach,2021,Entitlements,Total,26,HCD APR Table A2,Housing units (count)
imperial beach,2022,Entitlements,Total,10,HCD APR Table A2,Housing units (count)
imperial beach,2023,Entitlements,Total,76,HCD APR Table A2,Housing units (count)
imperial beach,2024,Entitlements,Total,70,HCD APR Table A2,Housing units (count)
imperial beach,2025,Entitlements,Total,45,HCD APR Table A2,Housing units (count)
la mesa,2018,Entitlements,Total,110,HCD APR Table A2,Housing units (count)
la mesa,2019,Entitlements,Total,248,HCD APR Table A2,Housing units (count)
la mesa,2020,Entitlements,Total,129,HCD APR Table A2,Housing units (count)
la mesa,2021,Entitlements,Total,220,HCD APR Table A2,Housing units (count)
la mesa,2022,Entitlements,Total,64,HCD APR Table A2,Housing units (count)
la mesa,2023,Entitlements,Total,154,HCD APR Table A2,Housing units (count)
la mesa,2024,Entitlements,Total,18,HCD APR Table A2,Housing units (count)
la mesa,2025,Entitlements,Total,78,HCD APR Table A2,Housing units (count)
lemon grove,2018,Entitlements,Total,0,HCD APR Table A2,Housing units (count)
lemon grove,2019,Entitlements,Total,0,HCD APR Table A2,Housing units (count)
lemon grove,2020,Entitlements,Total,159,HCD APR Table A2,Housing units (count)
lemon grove,2021,Entitlements,Total,0,HCD APR Table A2,Housing units (count)
lemon grove,2022,Entitlements,Total,0,HCD APR Table A2,Housing units (count)
lemon grove,2023,Entitlements,Total,0,HCD APR Table A2,Housing units (count)
lemon grove,2024,Entitlements,Total,0,HCD APR Table A2,Housing units (count)
lemon grove,2025,Entitlements,Total,1,HCD APR Table A2,Housing units (count)
national city,2018,Entitlements,Total,60,HCD APR Table A2,Housing units (count)
national city,2019,Entitlements,Total,166,HCD APR Table A2,Housing units (count)
national city,2020,Entitlements,Total,9,HCD APR Table A2,Housing units (count)
national city,2021,Entitlements,Total,297,HCD APR Table A2,Housing units (count)
national city,2022,Entitlements,Total,196,HCD APR Table A2,Housing units (count)
national city,2023,Entitlements,Total,121,HCD APR Table A2,Housing units (count)
national city,2024,Entitlements,Total,204,HCD APR Table A2,Housing units (count)
national city,2025,Entitlements,Total,51,HCD APR Table A2,Housing units (count)
oceanside,2018,Entitlements,Total,511,HCD APR Table A2,Housing units (count)
oceanside,2019,Entitlements,Total,759,HCD APR Table A2,Housing units (count)
oceanside,2020,Entitlements,Total,759,HCD APR Table A2,Housing units (count)
oceanside,2021,Entitlements,Total,471,HCD APR Table A2,Housing units (count)
oceanside,2022,Entitlements,Total,1906,HCD APR Table A2,Housing units (count)
oceanside,2023,Entitlements,Total,1464,HCD APR Table A2,Housing units (count)
oceanside,2024,Entitlements,Total,651,HCD APR Table A2,Housing units (count)
oceanside,2025,Entitlements,Total,1917,HCD APR Table A2,Housing units (count)
poway,2018,Entitlements,Total,57,HCD APR Table A2,Housing units (count)
poway,2019,Entitlements,Total,152,HCD APR Table A2,Housing units (count)
poway,2020,Entitlements,Total,382,HCD APR Table A2,Housing units (count)
poway,2021,Entitlements,Total,83,HCD APR Table A2,Housing units (count)
poway,2022,Entitlements,Total,35,HCD APR Table A2,Housing units (count)
poway,2023,Entitlements,Total,11,HCD APR Table A2,Housing units (count)
poway,2024,Entitlements,Total,131,HCD APR Table A2,Housing units (count)
poway,2025,Entitlements,Total,1,HCD APR Table A2,Housing units (count)
san diego,2018,Entitlements,Total,5914,HCD APR Table A2,Housing units (count)
san diego,2019,Entitlements,Total,1157,HCD APR Table A2,Housing units (count)
san diego,2020,Entitlements,Total,2069,HCD APR Table A2,Housing units (count)
san diego,2021,Entitlements,Total,6770,HCD APR Table A2,Housing units (count)
san diego,2022,Entitlements,Total,865,HCD APR Table A2,Housing units (count)
san diego,2023,Entitlements,Total,1042,HCD APR Table A2,Housing units (count)
san diego,2024,Entitlements,Total,685,HCD APR Table A2,Housing units (count)
san diego,2025,Entitlements,Total,3,HCD APR Table A2,Housing units (count)
san marcos,2018,Entitlements,Total,714,HCD APR Table A2,Housing units (count)
san marcos,2019,Entitlements,Total,208,HCD APR Table A2,Housing units (count)
san marcos,2020,Entitlements,Total,259,HCD APR Table A2,Housing units (count)
san marcos,2021,Entitlements,Total,385,HCD APR Table A2,Housing units (count)
san marcos,2022,Entitlements,Total,813,HCD APR Table A2,Housing units (count)
san marcos,2023,Entitlements,Total,1442,HCD APR Table A2,Housing units (count)
san marcos,2024,Entitlements,Total,414,HCD APR Table A2,Housing units (count)
san marcos,2025,Entitlements,Total,725,HCD APR Table A2,Housing units (count)
santee,2018,Entitlements,Total,239,HCD APR Table A2,Housing units (count)
santee,2019,Entitlements,Total,51,HCD APR Table A2,Housing units (count)
santee,2020,Entitlements,Total,3066,HCD APR Table A2,Housing units (count)
santee,2021,Entitlements,Total,80,HCD APR Table A2,Housing units (count)
santee,2022,Entitlements,Total,3035,HCD APR Table A2,Housing units (count)
santee,2023,Entitlements,Total,72,HCD APR Table A2,Housing units (count)
santee,2024,Entitlements,Total,26,HCD APR Table A2,Housing units (count)
santee,2025,Entitlements,Total,538,HCD APR Table A2,Housing units (count)
solana beach,2018,Entitlements,Total,91,HCD APR Table A2,Housing units (count)
solana beach,2019,Entitlements,Total,7,HCD APR Table A2,Housing units (count)
solana beach,2020,Entitlements,Total,11,HCD APR Table A2,Housing units (count)
solana beach,2021,Entitlements,Total,3,HCD APR Table A2,Housing units (count)
solana beach,2022,Entitlements,Total,11,HCD APR Table A2,Housing units (count)
solana beach,2023,Entitlements,Total,3,HCD APR Table A2,Housing units (count)
solana beach,2024,Entitlements,Total,18,HCD APR Table A2,Housing units (count)
solana beach,2025,Entitlements,Total,7,HCD APR Table A2,Housing units (count)
unincorporated san diego county,2018,Entitlements,Total,0,HCD APR Table A2,Housing units (count)
unincorporated san diego county,2019,Entitlements,Total,234,HCD APR Table A2,Housing units (count)
unincorporated san diego county,2020,Entitlements,Total,380,HCD APR Table A2,Housing units (count)
unincorporated san diego county,2021,Entitlements,Total,0,HCD APR Table A2,Housing units (count)
unincorporated san diego county,2022,Entitlements,Total,0,HCD APR Table A2,Housing units (count)
unincorporated san diego county,2023,Entitlements,Total,0,HCD APR Table A2,Housing units (count)
unincorporated san diego county,2024,Entitlements,Total,0,HCD APR Table A2,Housing units (count)
unincorporated san diego county,2025,Entitlements,Total,462,HCD APR Table A2,Housing units (count)
vista,2018,Entitlements,Total,604,HCD APR Table A2,Housing units (count)
vista,2019,Entitlements,Total,231,HCD APR Table A2,Housing units (count)
vista,2020,Entitlements,Total,65,HCD APR Table A2,Housing units (count)
vista,2021,Entitlements,Total,134,HCD APR Table A2,Housing units (count)
vista,2022,Entitlements,Total,182,HCD APR Table A2,Housing units (count)
vista,2023,Entitlements,Total,488,HCD APR Table A2,Housing units (count)
vista,2024,Entitlements,Total,183,HCD APR Table A2,Housing units (count)
vista,2025,Entitlements,Total,120,HCD APR Table A2,Housing units (count)
carlsbad,2018,Permits,Very Low,0,HCD APR Table A2,Housing units (count)
carlsbad,2019,Permits,Very Low,2,HCD APR Table A2,Housing units (count)
carlsbad,2020,Permits,Very Low,46,HCD APR Table A2,Housing units (count)
carlsbad,2021,Permits,Very Low,2,HCD APR Table A2,Housing units (count)
carlsbad,2022,Permits,Very Low,0,HCD APR Table A2,Housing units (count)
carlsbad,2023,Permits,Very Low,44,HCD APR Table A2,Housing units (count)
carlsbad,2024,Permits,Very Low,3,HCD APR Table A2,Housing units (count)
carlsbad,2025,Permits,Very Low,16,HCD APR Table A2,Housing units (count)
chula vista,2018,Permits,Very Low,0,HCD APR Table A2,Housing units (count)
chula vista,2019,Permits,Very Low,0,HCD APR Table A2,Housing units (count)
chula vista,2020,Permits,Very Low,0,HCD APR Table A2,Housing units (count)
chula vista,2021,Permits,Very Low,28,HCD APR Table A2,Housing units (count)
chula vista,2022,Permits,Very Low,95,HCD APR Table A2,Housing units (count)
chula vista,2023,Permits,Very Low,0,HCD APR Table A2,Housing units (count)
chula vista,2024,Permits,Very Low,14,HCD APR Table A2,Housing units (count)
chula vista,2025,Permits,Very Low,0,HCD APR Table A2,Housing units (count)
coronado,2018,Permits,Very Low,0,HCD APR Table A2,Housing units (count)
coronado,2019,Permits,Very Low,0,HCD APR Table A2,Housing units (count)
coronado,2020,Permits,Very Low,0,HCD APR Table A2,Housing units (count)
coronado,2021,Permits,Very Low,0,HCD APR Table A2,Housing units (count)
coronado,2022,Permits,Very Low,0,HCD APR Table A2,Housing units (count)
coronado,2023,Permits,Very Low,0,HCD APR Table A2,Housing units (count)
coronado,2024,Permits,Very Low,0,HCD APR Table A2,Housing units (count)
coronado,2025,Permits,Very Low,0,HCD APR Table A2,Housing units (count)
del mar,2018,Permits,Very Low,0,HCD APR Table A2,Housing units (count)
del mar,2019,Permits,Very Low,0,HCD APR Table A2,Housing units (count)
del mar,2020,Permits,Very Low,0,HCD APR Table A2,Housing units (count)
del mar,2021,Permits,Very Low,0,HCD APR Table A2,Housing units (count)
del mar,2022,Permits,Very Low,0,HCD APR Table A2,Housing units (count)
del mar,2023,Permits,Very Low,0,HCD APR Table A2,Housing units (count)
del mar,2024,Permits,Very Low,0,HCD APR Table A2,Housing units (count)
del mar,2025,Permits,Very Low,0,HCD APR Table A2,Housing units (count)
el cajon,2018,Permits,Very Low,0,HCD APR Table A2,Housing units (count)
el cajon,2019,Permits,Very Low,0,HCD APR Table A2,Housing units (count)
el cajon,2020,Permits,Very Low,0,HCD APR Table A2,Housing units (count)
el cajon,2021,Permits,Very Low,0,HCD APR Table A2,Housing units (count)
el cajon,2022,Permits,Very Low,0,HCD APR Table A2,Housing units (count)
el cajon,2023,Permits,Very Low,0,HCD APR Table A2,Housing units (count)
el cajon,2024,Permits,Very Low,0,HCD APR Table A2,Housing units (count)
el cajon,2025,Permits,Very Low,0,HCD APR Table A2,Housing units (count)
encinitas,2018,Permits,Very Low,8,HCD APR Table A2,Housing units (count)
encinitas,2019,Permits,Very Low,15,HCD APR Table A2,Housing units (count)
encinitas,2020,Permits,Very Low,28,HCD APR Table A2,Housing units (count)
encinitas,2021,Permits,Very Low,23,HCD APR Table A2,Housing units (count)
encinitas,2022,Permits,Very Low,18,HCD APR Table A2,Housing units (count)
encinitas,2023,Permits,Very Low,32,HCD APR Table A2,Housing units (count)
encinitas,2024,Permits,Very Low,56,HCD APR Table A2,Housing units (count)
encinitas,2025,Permits,Very Low,17,HCD APR Table A2,Housing units (count)
escondido,2018,Permits,Very Low,1,HCD APR Table A2,Housing units (count)
escondido,2019,Permits,Very Low,5,HCD APR Table A2,Housing units (count)
escondido,2020,Permits,Very Low,7,HCD APR Table A2,Housing units (count)
escondido,2021,Permits,Very Low,36,HCD APR Table A2,Housing units (count)
escondido,2022,Permits,Very Low,25,HCD APR Table A2,Housing units (count)
escondido,2023,Permits,Very Low,42,HCD APR Table A2,Housing units (count)
escondido,2024,Permits,Very Low,55,HCD APR Table A2,Housing units (count)
escondido,2025,Permits,Very Low,117,HCD APR Table A2,Housing units (count)
imperial beach,2018,Permits,Very Low,0,HCD APR Table A2,Housing units (count)
imperial beach,2019,Permits,Very Low,0,HCD APR Table A2,Housing units (count)
imperial beach,2020,Permits,Very Low,0,HCD APR Table A2,Housing units (count)
imperial beach,2021,Permits,Very Low,0,HCD APR Table A2,Housing units (count)
imperial beach,2022,Permits,Very Low,0,HCD APR Table A2,Housing units (count)
imperial beach,2023,Permits,Very Low,0,HCD APR Table A2,Housing units (count)
imperial beach,2024,Permits,Very Low,0,HCD APR Table A2,Housing units (count)
imperial beach,2025,Permits,Very Low,0,HCD APR Table A2,Housing units (count)
la mesa,2018,Permits,Very Low,0,HCD APR Table A2,Housing units (count)
la mesa,2019,Permits,Very Low,0,HCD APR Table A2,Housing units (count)
la mesa,2020,Permits,Very Low,10,HCD APR Table A2,Housing units (count)
la mesa,2021,Permits,Very Low,5,HCD APR Table A2,Housing units (count)
la mesa,2022,Permits,Very Low,0,HCD APR Table A2,Housing units (count)
la mesa,2023,Permits,Very Low,7,HCD APR Table A2,Housing units (count)
la mesa,2024,Permits,Very Low,4,HCD APR Table A2,Housing units (count)
la mesa,2025,Permits,Very Low,8,HCD APR Table A2,Housing units (count)
lemon grove,2018,Permits,Very Low,0,HCD APR Table A2,Housing units (count)
lemon grove,2019,Permits,Very Low,0,HCD APR Table A2,Housing units (count)
lemon grove,2020,Permits,Very Low,0,HCD APR Table A2,Housing units (count)
lemon grove,2021,Permits,Very Low,0,HCD APR Table A2,Housing units (count)
lemon grove,2022,Permits,Very Low,0,HCD APR Table A2,Housing units (count)
lemon grove,2023,Permits,Very Low,0,HCD APR Table A2,Housing units (count)
lemon grove,2024,Permits,Very Low,0,HCD APR Table A2,Housing units (count)
lemon grove,2025,Permits,Very Low,0,HCD APR Table A2,Housing units (count)
national city,2018,Permits,Very Low,0,HCD APR Table A2,Housing units (count)
national city,2019,Permits,Very Low,0,HCD APR Table A2,Housing units (count)
national city,2020,Permits,Very Low,65,HCD APR Table A2,Housing units (count)
national city,2021,Permits,Very Low,1,HCD APR Table A2,Housing units (count)
national city,2022,Permits,Very Low,33,HCD APR Table A2,Housing units (count)
national city,2023,Permits,Very Low,0,HCD APR Table A2,Housing units (count)
national city,2024,Permits,Very Low,63,HCD APR Table A2,Housing units (count)
national city,2025,Permits,Very Low,0,HCD APR Table A2,Housing units (count)
oceanside,2018,Permits,Very Low,0,HCD APR Table A2,Housing units (count)
oceanside,2019,Permits,Very Low,0,HCD APR Table A2,Housing units (count)
oceanside,2020,Permits,Very Low,0,HCD APR Table A2,Housing units (count)
oceanside,2021,Permits,Very Low,26,HCD APR Table A2,Housing units (count)
oceanside,2022,Permits,Very Low,2,HCD APR Table A2,Housing units (count)
oceanside,2023,Permits,Very Low,62,HCD APR Table A2,Housing units (count)
oceanside,2024,Permits,Very Low,53,HCD APR Table A2,Housing units (count)
oceanside,2025,Permits,Very Low,63,HCD APR Table A2,Housing units (count)
poway,2018,Permits,Very Low,0,HCD APR Table A2,Housing units (count)
poway,2019,Permits,Very Low,33,HCD APR Table A2,Housing units (count)
poway,2020,Permits,Very Low,14,HCD APR Table A2,Housing units (count)
poway,2021,Permits,Very Low,0,HCD APR Table A2,Housing units (count)
poway,2022,Permits,Very Low,0,HCD APR Table A2,Housing units (count)
poway,2023,Permits,Very Low,1,HCD APR Table A2,Housing units (count)
poway,2024,Permits,Very Low,0,HCD APR Table A2,Housing units (count)
poway,2025,Permits,Very Low,0,HCD APR Table A2,Housing units (count)
san diego,2018,Permits,Very Low,249,HCD APR Table A2,Housing units (count)
san diego,2019,Permits,Very Low,602,HCD APR Table A2,Housing units (count)
san diego,2020,Permits,Very Low,937,HCD APR Table A2,Housing units (count)
san diego,2021,Permits,Very Low,186,HCD APR Table A2,Housing units (count)
san diego,2022,Permits,Very Low,459,HCD APR Table A2,Housing units (count)
san diego,2023,Permits,Very Low,941,HCD APR Table A2,Housing units (count)
san diego,2024,Permits,Very Low,285,HCD APR Table A2,Housing units (count)
san diego,2025,Permits,Very Low,651,HCD APR Table A2,Housing units (count)
san marcos,2018,Permits,Very Low,2,HCD APR Table A2,Housing units (count)
san marcos,2019,Permits,Very Low,0,HCD APR Table A2,Housing units (count)
san marcos,2020,Permits,Very Low,37,HCD APR Table A2,Housing units (count)
san marcos,2021,Permits,Very Low,36,HCD APR Table A2,Housing units (count)
san marcos,2022,Permits,Very Low,24,HCD APR Table A2,Housing units (count)
san marcos,2023,Permits,Very Low,35,HCD APR Table A2,Housing units (count)
san marcos,2024,Permits,Very Low,135,HCD APR Table A2,Housing units (count)
san marcos,2025,Permits,Very Low,19,HCD APR Table A2,Housing units (count)
santee,2018,Permits,Very Low,0,HCD APR Table A2,Housing units (count)
santee,2019,Permits,Very Low,0,HCD APR Table A2,Housing units (count)
santee,2020,Permits,Very Low,0,HCD APR Table A2,Housing units (count)
santee,2021,Permits,Very Low,0,HCD APR Table A2,Housing units (count)
santee,2022,Permits,Very Low,0,HCD APR Table A2,Housing units (count)
santee,2023,Permits,Very Low,0,HCD APR Table A2,Housing units (count)
santee,2024,Permits,Very Low,0,HCD APR Table A2,Housing units (count)
santee,2025,Permits,Very Low,1,HCD APR Table A2,Housing units (count)
solana beach,2018,Permits,Very Low,0,HCD APR Table A2,Housing units (count)
solana beach,2019,Permits,Very Low,0,HCD APR Table A2,Housing units (count)
solana beach,2020,Permits,Very Low,0,HCD APR Table A2,Housing units (count)
solana beach,2021,Permits,Very Low,0,HCD APR Table A2,Housing units (count)
solana beach,2022,Permits,Very Low,0,HCD APR Table A2,Housing units (count)
solana beach,2023,Permits,Very Low,0,HCD APR Table A2,Housing units (count)
solana beach,2024,Permits,Very Low,0,HCD APR Table A2,Housing units (count)
solana beach,2025,Permits,Very Low,0,HCD APR Table A2,Housing units (count)
unincorporated san diego county,2018,Permits,Very Low,10,HCD APR Table A2,Housing units (count)
unincorporated san diego county,2019,Permits,Very Low,71,HCD APR Table A2,Housing units (count)
unincorporated san diego county,2020,Permits,Very Low,20,HCD APR Table A2,Housing units (count)
unincorporated san diego county,2021,Permits,Very Low,46,HCD APR Table A2,Housing units (count)
unincorporated san diego county,2022,Permits,Very Low,132,HCD APR Table A2,Housing units (count)
unincorporated san diego county,2023,Permits,Very Low,101,HCD APR Table A2,Housing units (count)
unincorporated san diego county,2024,Permits,Very Low,149,HCD APR Table A2,Housing units (count)
unincorporated san diego county,2025,Permits,Very Low,76,HCD APR Table A2,Housing units (count)
vista,2018,Permits,Very Low,0,HCD APR Table A2,Housing units (count)
vista,2019,Permits,Very Low,60,HCD APR Table A2,Housing units (count)
vista,2020,Permits,Very Low,0,HCD APR Table A2,Housing units (count)
vista,2021,Permits,Very Low,0,HCD APR Table A2,Housing units (count)
vista,2022,Permits,Very Low,3,HCD APR Table A2,Housing units (count)
vista,2023,Permits,Very Low,54,HCD APR Table A2,Housing units (count)
vista,2024,Permits,Very Low,0,HCD APR Table A2,Housing units (count)
vista,2025,Permits,Very Low,0,HCD APR Table A2,Housing units (count)
carlsbad,2018,Permits,Low,5,HCD APR Table A2,Housing units (count)
carlsbad,2019,Permits,Low,49,HCD APR Table A2,Housing units (count)
carlsbad,2020,Permits,Low,32,HCD APR Table A2,Housing units (count)
carlsbad,2021,Permits,Low,7,HCD APR Table A2,Housing units (count)
carlsbad,2022,Permits,Low,0,HCD APR Table A2,Housing units (count)
carlsbad,2023,Permits,Low,158,HCD APR Table A2,Housing units (count)
carlsbad,2024,Permits,Low,14,HCD APR Table A2,Housing units (count)
carlsbad,2025,Permits,Low,19,HCD APR Table A2,Housing units (count)
chula vista,2018,Permits,Low,0,HCD APR Table A2,Housing units (count)
chula vista,2019,Permits,Low,0,HCD APR Table A2,Housing units (count)
chula vista,2020,Permits,Low,0,HCD APR Table A2,Housing units (count)
chula vista,2021,Permits,Low,0,HCD APR Table A2,Housing units (count)
chula vista,2022,Permits,Low,276,HCD APR Table A2,Housing units (count)
chula vista,2023,Permits,Low,58,HCD APR Table A2,Housing units (count)
chula vista,2024,Permits,Low,41,HCD APR Table A2,Housing units (count)
chula vista,2025,Permits,Low,2,HCD APR Table A2,Housing units (count)
coronado,2018,Permits,Low,0,HCD APR Table A2,Housing units (count)
coronado,2019,Permits,Low,0,HCD APR Table A2,Housing units (count)
coronado,2020,Permits,Low,0,HCD APR Table A2,Housing units (count)
coronado,2021,Permits,Low,0,HCD APR Table A2,Housing units (count)
coronado,2022,Permits,Low,0,HCD APR Table A2,Housing units (count)
coronado,2023,Permits,Low,0,HCD APR Table A2,Housing units (count)
coronado,2024,Permits,Low,0,HCD APR Table A2,Housing units (count)
coronado,2025,Permits,Low,0,HCD APR Table A2,Housing units (count)
del mar,2018,Permits,Low,0,HCD APR Table A2,Housing units (count)
del mar,2019,Permits,Low,1,HCD APR Table A2,Housing units (count)
del mar,2020,Permits,Low,0,HCD APR Table A2,Housing units (count)
del mar,2021,Permits,Low,0,HCD APR Table A2,Housing units (count)
del mar,2022,Permits,Low,0,HCD APR Table A2,Housing units (count)
del mar,2023,Permits,Low,0,HCD APR Table A2,Housing units (count)
del mar,2024,Permits,Low,0,HCD APR Table A2,Housing units (count)
del mar,2025,Permits,Low,0,HCD APR Table A2,Housing units (count)
el cajon,2018,Permits,Low,74,HCD APR Table A2,Housing units (count)
el cajon,2019,Permits,Low,85,HCD APR Table A2,Housing units (count)
el cajon,2020,Permits,Low,0,HCD APR Table A2,Housing units (count)
el cajon,2021,Permits,Low,117,HCD APR Table A2,Housing units (count)
el cajon,2022,Permits,Low,4,HCD APR Table A2,Housing units (count)
el cajon,2023,Permits,Low,26,HCD APR Table A2,Housing units (count)
el cajon,2024,Permits,Low,96,HCD APR Table A2,Housing units (count)
el cajon,2025,Permits,Low,38,HCD APR Table A2,Housing units (count)
encinitas,2018,Permits,Low,2,HCD APR Table A2,Housing units (count)
encinitas,2019,Permits,Low,8,HCD APR Table A2,Housing units (count)
encinitas,2020,Permits,Low,6,HCD APR Table A2,Housing units (count)
encinitas,2021,Permits,Low,4,HCD APR Table A2,Housing units (count)
encinitas,2022,Permits,Low,4,HCD APR Table A2,Housing units (count)
encinitas,2023,Permits,Low,13,HCD APR Table A2,Housing units (count)
encinitas,2024,Permits,Low,51,HCD APR Table A2,Housing units (count)
encinitas,2025,Permits,Low,2,HCD APR Table A2,Housing units (count)
escondido,2018,Permits,Low,1,HCD APR Table A2,Housing units (count)
escondido,2019,Permits,Low,2,HCD APR Table A2,Housing units (count)
escondido,2020,Permits,Low,2,HCD APR Table A2,Housing units (count)
escondido,2021,Permits,Low,40,HCD APR Table A2,Housing units (count)
escondido,2022,Permits,Low,39,HCD APR Table A2,Housing units (count)
escondido,2023,Permits,Low,34,HCD APR Table A2,Housing units (count)
escondido,2024,Permits,Low,42,HCD APR Table A2,Housing units (count)
escondido,2025,Permits,Low,118,HCD APR Table A2,Housing units (count)
imperial beach,2018,Permits,Low,0,HCD APR Table A2,Housing units (count)
imperial beach,2019,Permits,Low,0,HCD APR Table A2,Housing units (count)
imperial beach,2020,Permits,Low,0,HCD APR Table A2,Housing units (count)
imperial beach,2021,Permits,Low,0,HCD APR Table A2,Housing units (count)
imperial beach,2022,Permits,Low,0,HCD APR Table A2,Housing units (count)
imperial beach,2023,Permits,Low,0,HCD APR Table A2,Housing units (count)
imperial beach,2024,Permits,Low,0,HCD APR Table A2,Housing units (count)
imperial beach,2025,Permits,Low,0,HCD APR Table A2,Housing units (count)
la mesa,2018,Permits,Low,0,HCD APR Table A2,Housing units (count)
la mesa,2019,Permits,Low,13,HCD APR Table A2,Housing units (count)
la mesa,2020,Permits,Low,0,HCD APR Table A2,Housing units (count)
la mesa,2021,Permits,Low,0,HCD APR Table A2,Housing units (count)
la mesa,2022,Permits,Low,115,HCD APR Table A2,Housing units (count)
la mesa,2023,Permits,Low,14,HCD APR Table A2,Housing units (count)
la mesa,2024,Permits,Low,16,HCD APR Table A2,Housing units (count)
la mesa,2025,Permits,Low,22,HCD APR Table A2,Housing units (count)
lemon grove,2018,Permits,Low,1,HCD APR Table A2,Housing units (count)
lemon grove,2019,Permits,Low,4,HCD APR Table A2,Housing units (count)
lemon grove,2020,Permits,Low,7,HCD APR Table A2,Housing units (count)
lemon grove,2021,Permits,Low,0,HCD APR Table A2,Housing units (count)
lemon grove,2022,Permits,Low,0,HCD APR Table A2,Housing units (count)
lemon grove,2023,Permits,Low,13,HCD APR Table A2,Housing units (count)
lemon grove,2024,Permits,Low,4,HCD APR Table A2,Housing units (count)
lemon grove,2025,Permits,Low,6,HCD APR Table A2,Housing units (count)
national city,2018,Permits,Low,0,HCD APR Table A2,Housing units (count)
national city,2019,Permits,Low,0,HCD APR Table A2,Housing units (count)
national city,2020,Permits,Low,73,HCD APR Table A2,Housing units (count)
national city,2021,Permits,Low,10,HCD APR Table A2,Housing units (count)
national city,2022,Permits,Low,141,HCD APR Table A2,Housing units (count)
national city,2023,Permits,Low,49,HCD APR Table A2,Housing units (count)
national city,2024,Permits,Low,68,HCD APR Table A2,Housing units (count)
national city,2025,Permits,Low,49,HCD APR Table A2,Housing units (count)
oceanside,2018,Permits,Low,0,HCD APR Table A2,Housing units (count)
oceanside,2019,Permits,Low,13,HCD APR Table A2,Housing units (count)
oceanside,2020,Permits,Low,0,HCD APR Table A2,Housing units (count)
oceanside,2021,Permits,Low,10,HCD APR Table A2,Housing units (count)
oceanside,2022,Permits,Low,29,HCD APR Table A2,Housing units (count)
oceanside,2023,Permits,Low,22,HCD APR Table A2,Housing units (count)
oceanside,2024,Permits,Low,53,HCD APR Table A2,Housing units (count)
oceanside,2025,Permits,Low,103,HCD APR Table A2,Housing units (count)
poway,2018,Permits,Low,0,HCD APR Table A2,Housing units (count)
poway,2019,Permits,Low,20,HCD APR Table A2,Housing units (count)
poway,2020,Permits,Low,71,HCD APR Table A2,Housing units (count)
poway,2021,Permits,Low,0,HCD APR Table A2,Housing units (count)
poway,2022,Permits,Low,0,HCD APR Table A2,Housing units (count)
poway,2023,Permits,Low,0,HCD APR Table A2,Housing units (count)
poway,2024,Permits,Low,0,HCD APR Table A2,Housing units (count)
poway,2025,Permits,Low,0,HCD APR Table A2,Housing units (count)
san diego,2018,Permits,Low,203,HCD APR Table A2,Housing units (count)
san diego,2019,Permits,Low,314,HCD APR Table A2,Housing units (count)
san diego,2020,Permits,Low,768,HCD APR Table A2,Housing units (count)
san diego,2021,Permits,Low,265,HCD APR Table A2,Housing units (count)
san diego,2022,Permits,Low,173,HCD APR Table A2,Housing units (count)
san diego,2023,Permits,Low,1421,HCD APR Table A2,Housing units (count)
san diego,2024,Permits,Low,320,HCD APR Table A2,Housing units (count)
san diego,2025,Permits,Low,779,HCD APR Table A2,Housing units (count)
san marcos,2018,Permits,Low,0,HCD APR Table A2,Housing units (count)
san marcos,2019,Permits,Low,0,HCD APR Table A2,Housing units (count)
san marcos,2020,Permits,Low,34,HCD APR Table A2,Housing units (count)
san marcos,2021,Permits,Low,24,HCD APR Table A2,Housing units (count)
san marcos,2022,Permits,Low,0,HCD APR Table A2,Housing units (count)
san marcos,2023,Permits,Low,15,HCD APR Table A2,Housing units (count)
san marcos,2024,Permits,Low,36,HCD APR Table A2,Housing units (count)
san marcos,2025,Permits,Low,209,HCD APR Table A2,Housing units (count)
santee,2018,Permits,Low,0,HCD APR Table A2,Housing units (count)
santee,2019,Permits,Low,0,HCD APR Table A2,Housing units (count)
santee,2020,Permits,Low,0,HCD APR Table A2,Housing units (count)
santee,2021,Permits,Low,0,HCD APR Table A2,Housing units (count)
santee,2022,Permits,Low,0,HCD APR Table A2,Housing units (count)
santee,2023,Permits,Low,0,HCD APR Table A2,Housing units (count)
santee,2024,Permits,Low,4,HCD APR Table A2,Housing units (count)
santee,2025,Permits,Low,1,HCD APR Table A2,Housing units (count)
solana beach,2018,Permits,Low,1,HCD APR Table A2,Housing units (count)
solana beach,2019,Permits,Low,0,HCD APR Table A2,Housing units (count)
solana beach,2020,Permits,Low,0,HCD APR Table A2,Housing units (count)
solana beach,2021,Permits,Low,0,HCD APR Table A2,Housing units (count)
solana beach,2022,Permits,Low,0,HCD APR Table A2,Housing units (count)
solana beach,2023,Permits,Low,0,HCD APR Table A2,Housing units (count)
solana beach,2024,Permits,Low,32,HCD APR Table A2,Housing units (count)
solana beach,2025,Permits,Low,0,HCD APR Table A2,Housing units (count)
unincorporated san diego county,2018,Permits,Low,142,HCD APR Table A2,Housing units (count)
unincorporated san diego county,2019,Permits,Low,214,HCD APR Table A2,Housing units (count)
unincorporated san diego county,2020,Permits,Low,47,HCD APR Table A2,Housing units (count)
unincorporated san diego county,2021,Permits,Low,318,HCD APR Table A2,Housing units (count)
unincorporated san diego county,2022,Permits,Low,181,HCD APR Table A2,Housing units (count)
unincorporated san diego county,2023,Permits,Low,176,HCD APR Table A2,Housing units (count)
unincorporated san diego county,2024,Permits,Low,285,HCD APR Table A2,Housing units (count)
unincorporated san diego county,2025,Permits,Low,165,HCD APR Table A2,Housing units (count)
vista,2018,Permits,Low,0,HCD APR Table A2,Housing units (count)
vista,2019,Permits,Low,31,HCD APR Table A2,Housing units (count)
vista,2020,Permits,Low,59,HCD APR Table A2,Housing units (count)
vista,2021,Permits,Low,0,HCD APR Table A2,Housing units (count)
vista,2022,Permits,Low,0,HCD APR Table A2,Housing units (count)
vista,2023,Permits,Low,4,HCD APR Table A2,Housing units (count)
vista,2024,Permits,Low,0,HCD APR Table A2,Housing units (count)
vista,2025,Permits,Low,7,HCD APR Table A2,Housing units (count)
carlsbad,2018,Permits,Moderate,28,HCD APR Table A2,Housing units (count)
carlsbad,2019,Permits,Moderate,59,HCD APR Table A2,Housing units (count)
carlsbad,2020,Permits,Moderate,39,HCD APR Table A2,Housing units (count)
carlsbad,2021,Permits,Moderate,65,HCD APR Table A2,Housing units (count)
carlsbad,2022,Permits,Moderate,82,HCD APR Table A2,Housing units (count)
carlsbad,2023,Permits,Moderate,94,HCD APR Table A2,Housing units (count)
carlsbad,2024,Permits,Moderate,51,HCD APR Table A2,Housing units (count)
carlsbad,2025,Permits,Moderate,1,HCD APR Table A2,Housing units (count)
chula vista,2018,Permits,Moderate,0,HCD APR Table A2,Housing units (count)
chula vista,2019,Permits,Moderate,0,HCD APR Table A2,Housing units (count)
chula vista,2020,Permits,Moderate,0,HCD APR Table A2,Housing units (count)
chula vista,2021,Permits,Moderate,142,HCD APR Table A2,Housing units (count)
chula vista,2022,Permits,Moderate,182,HCD APR Table A2,Housing units (count)
chula vista,2023,Permits,Moderate,196,HCD APR Table A2,Housing units (count)
chula vista,2024,Permits,Moderate,227,HCD APR Table A2,Housing units (count)
chula vista,2025,Permits,Moderate,222,HCD APR Table A2,Housing units (count)
coronado,2018,Permits,Moderate,0,HCD APR Table A2,Housing units (count)
coronado,2019,Permits,Moderate,0,HCD APR Table A2,Housing units (count)
coronado,2020,Permits,Moderate,0,HCD APR Table A2,Housing units (count)
coronado,2021,Permits,Moderate,0,HCD APR Table A2,Housing units (count)
coronado,2022,Permits,Moderate,0,HCD APR Table A2,Housing units (count)
coronado,2023,Permits,Moderate,0,HCD APR Table A2,Housing units (count)
coronado,2024,Permits,Moderate,0,HCD APR Table A2,Housing units (count)
coronado,2025,Permits,Moderate,0,HCD APR Table A2,Housing units (count)
del mar,2018,Permits,Moderate,1,HCD APR Table A2,Housing units (count)
del mar,2019,Permits,Moderate,3,HCD APR Table A2,Housing units (count)
del mar,2020,Permits,Moderate,14,HCD APR Table A2,Housing units (count)
del mar,2021,Permits,Moderate,14,HCD APR Table A2,Housing units (count)
del mar,2022,Permits,Moderate,15,HCD APR Table A2,Housing units (count)
del mar,2023,Permits,Moderate,15,HCD APR Table A2,Housing units (count)
del mar,2024,Permits,Moderate,11,HCD APR Table A2,Housing units (count)
del mar,2025,Permits,Moderate,11,HCD APR Table A2,Housing units (count)
el cajon,2018,Permits,Moderate,0,HCD APR Table A2,Housing units (count)
el cajon,2019,Permits,Moderate,0,HCD APR Table A2,Housing units (count)
el cajon,2020,Permits,Moderate,0,HCD APR Table A2,Housing units (count)
el cajon,2021,Permits,Moderate,12,HCD APR Table A2,Housing units (count)
el cajon,2022,Permits,Moderate,35,HCD APR Table A2,Housing units (count)
el cajon,2023,Permits,Moderate,34,HCD APR Table A2,Housing units (count)
el cajon,2024,Permits,Moderate,29,HCD APR Table A2,Housing units (count)
el cajon,2025,Permits,Moderate,45,HCD APR Table A2,Housing units (count)
encinitas,2018,Permits,Moderate,7,HCD APR Table A2,Housing units (count)
encinitas,2019,Permits,Moderate,32,HCD APR Table A2,Housing units (count)
encinitas,2020,Permits,Moderate,31,HCD APR Table A2,Housing units (count)
encinitas,2021,Permits,Moderate,25,HCD APR Table A2,Housing units (count)
encinitas,2022,Permits,Moderate,40,HCD APR Table A2,Housing units (count)
encinitas,2023,Permits,Moderate,23,HCD APR Table A2,Housing units (count)
encinitas,2024,Permits,Moderate,20,HCD APR Table A2,Housing units (count)
encinitas,2025,Permits,Moderate,14,HCD APR Table A2,Housing units (count)
escondido,2018,Permits,Moderate,18,HCD APR Table A2,Housing units (count)
escondido,2019,Permits,Moderate,20,HCD APR Table A2,Housing units (count)
escondido,2020,Permits,Moderate,28,HCD APR Table A2,Housing units (count)
escondido,2021,Permits,Moderate,31,HCD APR Table A2,Housing units (count)
escondido,2022,Permits,Moderate,13,HCD APR Table A2,Housing units (count)
escondido,2023,Permits,Moderate,11,HCD APR Table A2,Housing units (count)
escondido,2024,Permits,Moderate,8,HCD APR Table A2,Housing units (count)
escondido,2025,Permits,Moderate,11,HCD APR Table A2,Housing units (count)
imperial beach,2018,Permits,Moderate,0,HCD APR Table A2,Housing units (count)
imperial beach,2019,Permits,Moderate,0,HCD APR Table A2,Housing units (count)
imperial beach,2020,Permits,Moderate,0,HCD APR Table A2,Housing units (count)
imperial beach,2021,Permits,Moderate,0,HCD APR Table A2,Housing units (count)
imperial beach,2022,Permits,Moderate,0,HCD APR Table A2,Housing units (count)
imperial beach,2023,Permits,Moderate,0,HCD APR Table A2,Housing units (count)
imperial beach,2024,Permits,Moderate,0,HCD APR Table A2,Housing units (count)
imperial beach,2025,Permits,Moderate,0,HCD APR Table A2,Housing units (count)
la mesa,2018,Permits,Moderate,0,HCD APR Table A2,Housing units (count)
la mesa,2019,Permits,Moderate,0,HCD APR Table A2,Housing units (count)
la mesa,2020,Permits,Moderate,27,HCD APR Table A2,Housing units (count)
la mesa,2021,Permits,Moderate,65,HCD APR Table A2,Housing units (count)
la mesa,2022,Permits,Moderate,92,HCD APR Table A2,Housing units (count)
la mesa,2023,Permits,Moderate,89,HCD APR Table A2,Housing units (count)
la mesa,2024,Permits,Moderate,97,HCD APR Table A2,Housing units (count)
la mesa,2025,Permits,Moderate,69,HCD APR Table A2,Housing units (count)
lemon grove,2018,Permits,Moderate,24,HCD APR Table A2,Housing units (count)
lemon grove,2019,Permits,Moderate,3,HCD APR Table A2,Housing units (count)
lemon grove,2020,Permits,Moderate,8,HCD APR Table A2,Housing units (count)
lemon grove,2021,Permits,Moderate,0,HCD APR Table A2,Housing units (count)
lemon grove,2022,Permits,Moderate,0,HCD APR Table A2,Housing units (count)
lemon grove,2023,Permits,Moderate,0,HCD APR Table A2,Housing units (count)
lemon grove,2024,Permits,Moderate,0,HCD APR Table A2,Housing units (count)
lemon grove,2025,Permits,Moderate,0,HCD APR Table A2,Housing units (count)
national city,2018,Permits,Moderate,0,HCD APR Table A2,Housing units (count)
national city,2019,Permits,Moderate,0,HCD APR Table A2,Housing units (count)
national city,2020,Permits,Moderate,0,HCD APR Table A2,Housing units (count)
national city,2021,Permits,Moderate,0,HCD APR Table A2,Housing units (count)
national city,2022,Permits,Moderate,0,HCD APR Table A2,Housing units (count)
national city,2023,Permits,Moderate,0,HCD APR Table A2,Housing units (count)
national city,2024,Permits,Moderate,0,HCD APR Table A2,Housing units (count)
national city,2025,Permits,Moderate,0,HCD APR Table A2,Housing units (count)
oceanside,2018,Permits,Moderate,27,HCD APR Table A2,Housing units (count)
oceanside,2019,Permits,Moderate,20,HCD APR Table A2,Housing units (count)
oceanside,2020,Permits,Moderate,49,HCD APR Table A2,Housing units (count)
oceanside,2021,Permits,Moderate,93,HCD APR Table A2,Housing units (count)
oceanside,2022,Permits,Moderate,178,HCD APR Table A2,Housing units (count)
oceanside,2023,Permits,Moderate,203,HCD APR Table A2,Housing units (count)
oceanside,2024,Permits,Moderate,101,HCD APR Table A2,Housing units (count)
oceanside,2025,Permits,Moderate,64,HCD APR Table A2,Housing units (count)
poway,2018,Permits,Moderate,0,HCD APR Table A2,Housing units (count)
poway,2019,Permits,Moderate,0,HCD APR Table A2,Housing units (count)
poway,2020,Permits,Moderate,37,HCD APR Table A2,Housing units (count)
poway,2021,Permits,Moderate,26,HCD APR Table A2,Housing units (count)
poway,2022,Permits,Moderate,24,HCD APR Table A2,Housing units (count)
poway,2023,Permits,Moderate,30,HCD APR Table A2,Housing units (count)
poway,2024,Permits,Moderate,0,HCD APR Table A2,Housing units (count)
poway,2025,Permits,Moderate,36,HCD APR Table A2,Housing units (count)
san diego,2018,Permits,Moderate,6,HCD APR Table A2,Housing units (count)
san diego,2019,Permits,Moderate,24,HCD APR Table A2,Housing units (count)
san diego,2020,Permits,Moderate,3,HCD APR Table A2,Housing units (count)
san diego,2021,Permits,Moderate,19,HCD APR Table A2,Housing units (count)
san diego,2022,Permits,Moderate,42,HCD APR Table A2,Housing units (count)
san diego,2023,Permits,Moderate,214,HCD APR Table A2,Housing units (count)
san diego,2024,Permits,Moderate,465,HCD APR Table A2,Housing units (count)
san diego,2025,Permits,Moderate,620,HCD APR Table A2,Housing units (count)
san marcos,2018,Permits,Moderate,0,HCD APR Table A2,Housing units (count)
san marcos,2019,Permits,Moderate,0,HCD APR Table A2,Housing units (count)
san marcos,2020,Permits,Moderate,0,HCD APR Table A2,Housing units (count)
san marcos,2021,Permits,Moderate,0,HCD APR Table A2,Housing units (count)
san marcos,2022,Permits,Moderate,183,HCD APR Table A2,Housing units (count)
san marcos,2023,Permits,Moderate,589,HCD APR Table A2,Housing units (count)
san marcos,2024,Permits,Moderate,197,HCD APR Table A2,Housing units (count)
san marcos,2025,Permits,Moderate,0,HCD APR Table A2,Housing units (count)
santee,2018,Permits,Moderate,0,HCD APR Table A2,Housing units (count)
santee,2019,Permits,Moderate,1,HCD APR Table A2,Housing units (count)
santee,2020,Permits,Moderate,3,HCD APR Table A2,Housing units (count)
santee,2021,Permits,Moderate,13,HCD APR Table A2,Housing units (count)
santee,2022,Permits,Moderate,124,HCD APR Table A2,Housing units (count)
santee,2023,Permits,Moderate,17,HCD APR Table A2,Housing units (count)
santee,2024,Permits,Moderate,21,HCD APR Table A2,Housing units (count)
santee,2025,Permits,Moderate,19,HCD APR Table A2,Housing units (count)
solana beach,2018,Permits,Moderate,5,HCD APR Table A2,Housing units (count)
solana beach,2019,Permits,Moderate,6,HCD APR Table A2,Housing units (count)
solana beach,2020,Permits,Moderate,9,HCD APR Table A2,Housing units (count)
solana beach,2021,Permits,Moderate,20,HCD APR Table A2,Housing units (count)
solana beach,2022,Permits,Moderate,14,HCD APR Table A2,Housing units (count)
solana beach,2023,Permits,Moderate,18,HCD APR Table A2,Housing units (count)
solana beach,2024,Permits,Moderate,20,HCD APR Table A2,Housing units (count)
solana beach,2025,Permits,Moderate,23,HCD APR Table A2,Housing units (count)
unincorporated san diego county,2018,Permits,Moderate,177,HCD APR Table A2,Housing units (count)
unincorporated san diego county,2019,Permits,Moderate,32,HCD APR Table A2,Housing units (count)
unincorporated san diego county,2020,Permits,Moderate,241,HCD APR Table A2,Housing units (count)
unincorporated san diego county,2021,Permits,Moderate,398,HCD APR Table A2,Housing units (count)
unincorporated san diego county,2022,Permits,Moderate,235,HCD APR Table A2,Housing units (count)
unincorporated san diego county,2023,Permits,Moderate,216,HCD APR Table A2,Housing units (count)
unincorporated san diego county,2024,Permits,Moderate,224,HCD APR Table A2,Housing units (count)
unincorporated san diego county,2025,Permits,Moderate,94,HCD APR Table A2,Housing units (count)
vista,2018,Permits,Moderate,0,HCD APR Table A2,Housing units (count)
vista,2019,Permits,Moderate,0,HCD APR Table A2,Housing units (count)
vista,2020,Permits,Moderate,0,HCD APR Table A2,Housing units (count)
vista,2021,Permits,Moderate,0,HCD APR Table A2,Housing units (count)
vista,2022,Permits,Moderate,0,HCD APR Table A2,Housing units (count)
vista,2023,Permits,Moderate,0,HCD APR Table A2,Housing units (count)
vista,2024,Permits,Moderate,0,HCD APR Table A2,Housing units (count)
vista,2025,Permits,Moderate,0,HCD APR Table A2,Housing units (count)
carlsbad,2018,Permits,Above Moderate,210,HCD APR Table A2,Housing units (count)
carlsbad,2019,Permits,Above Moderate,212,HCD APR Table A2,Housing units (count)
carlsbad,2020,Permits,Above Moderate,260,HCD APR Table A2,Housing units (count)
carlsbad,2021,Permits,Above Moderate,76,HCD APR Table A2,Housing units (count)
carlsbad,2022,Permits,Above Moderate,43,HCD APR Table A2,Housing units (count)
carlsbad,2023,Permits,Above Moderate,344,HCD APR Table A2,Housing units (count)
carlsbad,2024,Permits,Above Moderate,221,HCD APR Table A2,Housing units (count)
carlsbad,2025,Permits,Above Moderate,307,HCD APR Table A2,Housing units (count)
chula vista,2018,Permits,Above Moderate,1777,HCD APR Table A2,Housing units (count)
chula vista,2019,Permits,Above Moderate,2126,HCD APR Table A2,Housing units (count)
chula vista,2020,Permits,Above Moderate,960,HCD APR Table A2,Housing units (count)
chula vista,2021,Permits,Above Moderate,1682,HCD APR Table A2,Housing units (count)
chula vista,2022,Permits,Above Moderate,632,HCD APR Table A2,Housing units (count)
chula vista,2023,Permits,Above Moderate,625,HCD APR Table A2,Housing units (count)
chula vista,2024,Permits,Above Moderate,1361,HCD APR Table A2,Housing units (count)
chula vista,2025,Permits,Above Moderate,499,HCD APR Table A2,Housing units (count)
coronado,2018,Permits,Above Moderate,15,HCD APR Table A2,Housing units (count)
coronado,2019,Permits,Above Moderate,28,HCD APR Table A2,Housing units (count)
coronado,2020,Permits,Above Moderate,51,HCD APR Table A2,Housing units (count)
coronado,2021,Permits,Above Moderate,50,HCD APR Table A2,Housing units (count)
coronado,2022,Permits,Above Moderate,52,HCD APR Table A2,Housing units (count)
coronado,2023,Permits,Above Moderate,38,HCD APR Table A2,Housing units (count)
coronado,2024,Permits,Above Moderate,40,HCD APR Table A2,Housing units (count)
coronado,2025,Permits,Above Moderate,24,HCD APR Table A2,Housing units (count)
del mar,2018,Permits,Above Moderate,0,HCD APR Table A2,Housing units (count)
del mar,2019,Permits,Above Moderate,1,HCD APR Table A2,Housing units (count)
del mar,2020,Permits,Above Moderate,1,HCD APR Table A2,Housing units (count)
del mar,2021,Permits,Above Moderate,10,HCD APR Table A2,Housing units (count)
del mar,2022,Permits,Above Moderate,11,HCD APR Table A2,Housing units (count)
del mar,2023,Permits,Above Moderate,12,HCD APR Table A2,Housing units (count)
del mar,2024,Permits,Above Moderate,9,HCD APR Table A2,Housing units (count)
del mar,2025,Permits,Above Moderate,3,HCD APR Table A2,Housing units (count)
el cajon,2018,Permits,Above Moderate,94,HCD APR Table A2,Housing units (count)
el cajon,2019,Permits,Above Moderate,147,HCD APR Table A2,Housing units (count)
el cajon,2020,Permits,Above Moderate,45,HCD APR Table A2,Housing units (count)
el cajon,2021,Permits,Above Moderate,26,HCD APR Table A2,Housing units (count)
el cajon,2022,Permits,Above Moderate,32,HCD APR Table A2,Housing units (count)
el cajon,2023,Permits,Above Moderate,80,HCD APR Table A2,Housing units (count)
el cajon,2024,Permits,Above Moderate,85,HCD APR Table A2,Housing units (count)
el cajon,2025,Permits,Above Moderate,127,HCD APR Table A2,Housing units (count)
encinitas,2018,Permits,Above Moderate,131,HCD APR Table A2,Housing units (count)
encinitas,2019,Permits,Above Moderate,133,HCD APR Table A2,Housing units (count)
encinitas,2020,Permits,Above Moderate,136,HCD APR Table A2,Housing units (count)
encinitas,2021,Permits,Above Moderate,101,HCD APR Table A2,Housing units (count)
encinitas,2022,Permits,Above Moderate,95,HCD APR Table A2,Housing units (count)
encinitas,2023,Permits,Above Moderate,212,HCD APR Table A2,Housing units (count)
encinitas,2024,Permits,Above Moderate,574,HCD APR Table A2,Housing units (count)
encinitas,2025,Permits,Above Moderate,154,HCD APR Table A2,Housing units (count)
escondido,2018,Permits,Above Moderate,220,HCD APR Table A2,Housing units (count)
escondido,2019,Permits,Above Moderate,10,HCD APR Table A2,Housing units (count)
escondido,2020,Permits,Above Moderate,226,HCD APR Table A2,Housing units (count)
escondido,2021,Permits,Above Moderate,326,HCD APR Table A2,Housing units (count)
escondido,2022,Permits,Above Moderate,154,HCD APR Table A2,Housing units (count)
escondido,2023,Permits,Above Moderate,521,HCD APR Table A2,Housing units (count)
escondido,2024,Permits,Above Moderate,303,HCD APR Table A2,Housing units (count)
escondido,2025,Permits,Above Moderate,268,HCD APR Table A2,Housing units (count)
imperial beach,2018,Permits,Above Moderate,65,HCD APR Table A2,Housing units (count)
imperial beach,2019,Permits,Above Moderate,28,HCD APR Table A2,Housing units (count)
imperial beach,2020,Permits,Above Moderate,35,HCD APR Table A2,Housing units (count)
imperial beach,2021,Permits,Above Moderate,41,HCD APR Table A2,Housing units (count)
imperial beach,2022,Permits,Above Moderate,43,HCD APR Table A2,Housing units (count)
imperial beach,2023,Permits,Above Moderate,29,HCD APR Table A2,Housing units (count)
imperial beach,2024,Permits,Above Moderate,29,HCD APR Table A2,Housing units (count)
imperial beach,2025,Permits,Above Moderate,71,HCD APR Table A2,Housing units (count)
la mesa,2018,Permits,Above Moderate,122,HCD APR Table A2,Housing units (count)
la mesa,2019,Permits,Above Moderate,168,HCD APR Table A2,Housing units (count)
la mesa,2020,Permits,Above Moderate,243,HCD APR Table A2,Housing units (count)
la mesa,2021,Permits,Above Moderate,71,HCD APR Table A2,Housing units (count)
la mesa,2022,Permits,Above Moderate,51,HCD APR Table A2,Housing units (count)
la mesa,2023,Permits,Above Moderate,107,HCD APR Table A2,Housing units (count)
la mesa,2024,Permits,Above Moderate,69,HCD APR Table A2,Housing units (count)
la mesa,2025,Permits,Above Moderate,155,HCD APR Table A2,Housing units (count)
lemon grove,2018,Permits,Above Moderate,3,HCD APR Table A2,Housing units (count)
lemon grove,2019,Permits,Above Moderate,2,HCD APR Table A2,Housing units (count)
lemon grove,2020,Permits,Above Moderate,8,HCD APR Table A2,Housing units (count)
lemon grove,2021,Permits,Above Moderate,109,HCD APR Table A2,Housing units (count)
lemon grove,2022,Permits,Above Moderate,99,HCD APR Table A2,Housing units (count)
lemon grove,2023,Permits,Above Moderate,33,HCD APR Table A2,Housing units (count)
lemon grove,2024,Permits,Above Moderate,61,HCD APR Table A2,Housing units (count)
lemon grove,2025,Permits,Above Moderate,26,HCD APR Table A2,Housing units (count)
national city,2018,Permits,Above Moderate,60,HCD APR Table A2,Housing units (count)
national city,2019,Permits,Above Moderate,166,HCD APR Table A2,Housing units (count)
national city,2020,Permits,Above Moderate,186,HCD APR Table A2,Housing units (count)
national city,2021,Permits,Above Moderate,72,HCD APR Table A2,Housing units (count)
national city,2022,Permits,Above Moderate,131,HCD APR Table A2,Housing units (count)
national city,2023,Permits,Above Moderate,17,HCD APR Table A2,Housing units (count)
national city,2024,Permits,Above Moderate,73,HCD APR Table A2,Housing units (count)
national city,2025,Permits,Above Moderate,2,HCD APR Table A2,Housing units (count)
oceanside,2018,Permits,Above Moderate,267,HCD APR Table A2,Housing units (count)
oceanside,2019,Permits,Above Moderate,247,HCD APR Table A2,Housing units (count)
oceanside,2020,Permits,Above Moderate,135,HCD APR Table A2,Housing units (count)
oceanside,2021,Permits,Above Moderate,434,HCD APR Table A2,Housing units (count)
oceanside,2022,Permits,Above Moderate,543,HCD APR Table A2,Housing units (count)
oceanside,2023,Permits,Above Moderate,310,HCD APR Table A2,Housing units (count)
oceanside,2024,Permits,Above Moderate,394,HCD APR Table A2,Housing units (count)
oceanside,2025,Permits,Above Moderate,662,HCD APR Table A2,Housing units (count)
poway,2018,Permits,Above Moderate,15,HCD APR Table A2,Housing units (count)
poway,2019,Permits,Above Moderate,17,HCD APR Table A2,Housing units (count)
poway,2020,Permits,Above Moderate,37,HCD APR Table A2,Housing units (count)
poway,2021,Permits,Above Moderate,52,HCD APR Table A2,Housing units (count)
poway,2022,Permits,Above Moderate,156,HCD APR Table A2,Housing units (count)
poway,2023,Permits,Above Moderate,88,HCD APR Table A2,Housing units (count)
poway,2024,Permits,Above Moderate,63,HCD APR Table A2,Housing units (count)
poway,2025,Permits,Above Moderate,52,HCD APR Table A2,Housing units (count)
san diego,2018,Permits,Above Moderate,3437,HCD APR Table A2,Housing units (count)
san diego,2019,Permits,Above Moderate,4281,HCD APR Table A2,Housing units (count)
san diego,2020,Permits,Above Moderate,4774,HCD APR Table A2,Housing units (count)
san diego,2021,Permits,Above Moderate,4562,HCD APR Table A2,Housing units (count)
san diego,2022,Permits,Above Moderate,4722,HCD APR Table A2,Housing units (count)
san diego,2023,Permits,Above Moderate,7121,HCD APR Table A2,Housing units (count)
san diego,2024,Permits,Above Moderate,7746,HCD APR Table A2,Housing units (count)
san diego,2025,Permits,Above Moderate,5792,HCD APR Table A2,Housing units (count)
san marcos,2018,Permits,Above Moderate,253,HCD APR Table A2,Housing units (count)
san marcos,2019,Permits,Above Moderate,215,HCD APR Table A2,Housing units (count)
san marcos,2020,Permits,Above Moderate,174,HCD APR Table A2,Housing units (count)
san marcos,2021,Permits,Above Moderate,143,HCD APR Table A2,Housing units (count)
san marcos,2022,Permits,Above Moderate,409,HCD APR Table A2,Housing units (count)
san marcos,2023,Permits,Above Moderate,137,HCD APR Table A2,Housing units (count)
san marcos,2024,Permits,Above Moderate,87,HCD APR Table A2,Housing units (count)
san marcos,2025,Permits,Above Moderate,545,HCD APR Table A2,Housing units (count)
santee,2018,Permits,Above Moderate,157,HCD APR Table A2,Housing units (count)
santee,2019,Permits,Above Moderate,114,HCD APR Table A2,Housing units (count)
santee,2020,Permits,Above Moderate,224,HCD APR Table A2,Housing units (count)
santee,2021,Permits,Above Moderate,148,HCD APR Table A2,Housing units (count)
santee,2022,Permits,Above Moderate,35,HCD APR Table A2,Housing units (count)
santee,2023,Permits,Above Moderate,69,HCD APR Table A2,Housing units (count)
santee,2024,Permits,Above Moderate,46,HCD APR Table A2,Housing units (count)
santee,2025,Permits,Above Moderate,24,HCD APR Table A2,Housing units (count)
solana beach,2018,Permits,Above Moderate,12,HCD APR Table A2,Housing units (count)
solana beach,2019,Permits,Above Moderate,3,HCD APR Table A2,Housing units (count)
solana beach,2020,Permits,Above Moderate,4,HCD APR Table A2,Housing units (count)
solana beach,2021,Permits,Above Moderate,31,HCD APR Table A2,Housing units (count)
solana beach,2022,Permits,Above Moderate,3,HCD APR Table A2,Housing units (count)
solana beach,2023,Permits,Above Moderate,0,HCD APR Table A2,Housing units (count)
solana beach,2024,Permits,Above Moderate,30,HCD APR Table A2,Housing units (count)
solana beach,2025,Permits,Above Moderate,14,HCD APR Table A2,Housing units (count)
unincorporated san diego county,2018,Permits,Above Moderate,399,HCD APR Table A2,Housing units (count)
unincorporated san diego county,2019,Permits,Above Moderate,545,HCD APR Table A2,Housing units (count)
unincorporated san diego county,2020,Permits,Above Moderate,315,HCD APR Table A2,Housing units (count)
unincorporated san diego county,2021,Permits,Above Moderate,663,HCD APR Table A2,Housing units (count)
unincorporated san diego county,2022,Permits,Above Moderate,963,HCD APR Table A2,Housing units (count)
unincorporated san diego county,2023,Permits,Above Moderate,727,HCD APR Table A2,Housing units (count)
unincorporated san diego county,2024,Permits,Above Moderate,430,HCD APR Table A2,Housing units (count)
unincorporated san diego county,2025,Permits,Above Moderate,597,HCD APR Table A2,Housing units (count)
vista,2018,Permits,Above Moderate,475,HCD APR Table A2,Housing units (count)
vista,2019,Permits,Above Moderate,307,HCD APR Table A2,Housing units (count)
vista,2020,Permits,Above Moderate,459,HCD APR Table A2,Housing units (count)
vista,2021,Permits,Above Moderate,91,HCD APR Table A2,Housing units (count)
vista,2022,Permits,Above Moderate,166,HCD APR Table A2,Housing units (count)
vista,2023,Permits,Above Moderate,185,HCD APR Table A2,Housing units (count)
vista,2024,Permits,Above Moderate,218,HCD APR Table A2,Housing units (count)
vista,2025,Permits,Above Moderate,182,HCD APR Table A2,Housing units (count)
carlsbad,2018,Permits,Total,243,HCD APR Table A2,Housing units (count)
carlsbad,2019,Permits,Total,322,HCD APR Table A2,Housing units (count)
carlsbad,2020,Permits,Total,377,HCD APR Table A2,Housing units (count)
carlsbad,2021,Permits,Total,150,HCD APR Table A2,Housing units (count)
carlsbad,2022,Permits,Total,125,HCD APR Table A2,Housing units (count)
carlsbad,2023,Permits,Total,640,HCD APR Table A2,Housing units (count)
carlsbad,2024,Permits,Total,289,HCD APR Table A2,Housing units (count)
carlsbad,2025,Permits,Total,343,HCD APR Table A2,Housing units (count)
chula vista,2018,Permits,Total,1777,HCD APR Table A2,Housing units (count)
chula vista,2019,Permits,Total,2126,HCD APR Table A2,Housing units (count)
chula vista,2020,Permits,Total,960,HCD APR Table A2,Housing units (count)
chula vista,2021,Permits,Total,1852,HCD APR Table A2,Housing units (count)
chula vista,2022,Permits,Total,1185,HCD APR Table A2,Housing units (count)
chula vista,2023,Permits,Total,879,HCD APR Table A2,Housing units (count)
chula vista,2024,Permits,Total,1643,HCD APR Table A2,Housing units (count)
chula vista,2025,Permits,Total,723,HCD APR Table A2,Housing units (count)
coronado,2018,Permits,Total,15,HCD APR Table A2,Housing units (count)
coronado,2019,Permits,Total,28,HCD APR Table A2,Housing units (count)
coronado,2020,Permits,Total,51,HCD APR Table A2,Housing units (count)
coronado,2021,Permits,Total,50,HCD APR Table A2,Housing units (count)
coronado,2022,Permits,Total,52,HCD APR Table A2,Housing units (count)
coronado,2023,Permits,Total,38,HCD APR Table A2,Housing units (count)
coronado,2024,Permits,Total,40,HCD APR Table A2,Housing units (count)
coronado,2025,Permits,Total,24,HCD APR Table A2,Housing units (count)
del mar,2018,Permits,Total,1,HCD APR Table A2,Housing units (count)
del mar,2019,Permits,Total,5,HCD APR Table A2,Housing units (count)
del mar,2020,Permits,Total,15,HCD APR Table A2,Housing units (count)
del mar,2021,Permits,Total,24,HCD APR Table A2,Housing units (count)
del mar,2022,Permits,Total,26,HCD APR Table A2,Housing units (count)
del mar,2023,Permits,Total,27,HCD APR Table A2,Housing units (count)
del mar,2024,Permits,Total,20,HCD APR Table A2,Housing units (count)
del mar,2025,Permits,Total,14,HCD APR Table A2,Housing units (count)
el cajon,2018,Permits,Total,168,HCD APR Table A2,Housing units (count)
el cajon,2019,Permits,Total,232,HCD APR Table A2,Housing units (count)
el cajon,2020,Permits,Total,45,HCD APR Table A2,Housing units (count)
el cajon,2021,Permits,Total,155,HCD APR Table A2,Housing units (count)
el cajon,2022,Permits,Total,71,HCD APR Table A2,Housing units (count)
el cajon,2023,Permits,Total,140,HCD APR Table A2,Housing units (count)
el cajon,2024,Permits,Total,210,HCD APR Table A2,Housing units (count)
el cajon,2025,Permits,Total,210,HCD APR Table A2,Housing units (count)
encinitas,2018,Permits,Total,148,HCD APR Table A2,Housing units (count)
encinitas,2019,Permits,Total,188,HCD APR Table A2,Housing units (count)
encinitas,2020,Permits,Total,201,HCD APR Table A2,Housing units (count)
encinitas,2021,Permits,Total,153,HCD APR Table A2,Housing units (count)
encinitas,2022,Permits,Total,157,HCD APR Table A2,Housing units (count)
encinitas,2023,Permits,Total,280,HCD APR Table A2,Housing units (count)
encinitas,2024,Permits,Total,701,HCD APR Table A2,Housing units (count)
encinitas,2025,Permits,Total,187,HCD APR Table A2,Housing units (count)
escondido,2018,Permits,Total,240,HCD APR Table A2,Housing units (count)
escondido,2019,Permits,Total,37,HCD APR Table A2,Housing units (count)
escondido,2020,Permits,Total,263,HCD APR Table A2,Housing units (count)
escondido,2021,Permits,Total,433,HCD APR Table A2,Housing units (count)
escondido,2022,Permits,Total,231,HCD APR Table A2,Housing units (count)
escondido,2023,Permits,Total,608,HCD APR Table A2,Housing units (count)
escondido,2024,Permits,Total,408,HCD APR Table A2,Housing units (count)
escondido,2025,Permits,Total,514,HCD APR Table A2,Housing units (count)
imperial beach,2018,Permits,Total,65,HCD APR Table A2,Housing units (count)
imperial beach,2019,Permits,Total,28,HCD APR Table A2,Housing units (count)
imperial beach,2020,Permits,Total,35,HCD APR Table A2,Housing units (count)
imperial beach,2021,Permits,Total,41,HCD APR Table A2,Housing units (count)
imperial beach,2022,Permits,Total,43,HCD APR Table A2,Housing units (count)
imperial beach,2023,Permits,Total,29,HCD APR Table A2,Housing units (count)
imperial beach,2024,Permits,Total,29,HCD APR Table A2,Housing units (count)
imperial beach,2025,Permits,Total,71,HCD APR Table A2,Housing units (count)
la mesa,2018,Permits,Total,122,HCD APR Table A2,Housing units (count)
la mesa,2019,Permits,Total,181,HCD APR Table A2,Housing units (count)
la mesa,2020,Permits,Total,280,HCD APR Table A2,Housing units (count)
la mesa,2021,Permits,Total,141,HCD APR Table A2,Housing units (count)
la mesa,2022,Permits,Total,258,HCD APR Table A2,Housing units (count)
la mesa,2023,Permits,Total,217,HCD APR Table A2,Housing units (count)
la mesa,2024,Permits,Total,186,HCD APR Table A2,Housing units (count)
la mesa,2025,Permits,Total,254,HCD APR Table A2,Housing units (count)
lemon grove,2018,Permits,Total,28,HCD APR Table A2,Housing units (count)
lemon grove,2019,Permits,Total,9,HCD APR Table A2,Housing units (count)
lemon grove,2020,Permits,Total,23,HCD APR Table A2,Housing units (count)
lemon grove,2021,Permits,Total,109,HCD APR Table A2,Housing units (count)
lemon grove,2022,Permits,Total,99,HCD APR Table A2,Housing units (count)
lemon grove,2023,Permits,Total,46,HCD APR Table A2,Housing units (count)
lemon grove,2024,Permits,Total,65,HCD APR Table A2,Housing units (count)
lemon grove,2025,Permits,Total,32,HCD APR Table A2,Housing units (count)
national city,2018,Permits,Total,60,HCD APR Table A2,Housing units (count)
national city,2019,Permits,Total,166,HCD APR Table A2,Housing units (count)
national city,2020,Permits,Total,324,HCD APR Table A2,Housing units (count)
national city,2021,Permits,Total,83,HCD APR Table A2,Housing units (count)
national city,2022,Permits,Total,305,HCD APR Table A2,Housing units (count)
national city,2023,Permits,Total,66,HCD APR Table A2,Housing units (count)
national city,2024,Permits,Total,204,HCD APR Table A2,Housing units (count)
national city,2025,Permits,Total,51,HCD APR Table A2,Housing units (count)
oceanside,2018,Permits,Total,294,HCD APR Table A2,Housing units (count)
oceanside,2019,Permits,Total,280,HCD APR Table A2,Housing units (count)
oceanside,2020,Permits,Total,184,HCD APR Table A2,Housing units (count)
oceanside,2021,Permits,Total,563,HCD APR Table A2,Housing units (count)
oceanside,2022,Permits,Total,752,HCD APR Table A2,Housing units (count)
oceanside,2023,Permits,Total,597,HCD APR Table A2,Housing units (count)
oceanside,2024,Permits,Total,601,HCD APR Table A2,Housing units (count)
oceanside,2025,Permits,Total,892,HCD APR Table A2,Housing units (count)
poway,2018,Permits,Total,15,HCD APR Table A2,Housing units (count)
poway,2019,Permits,Total,70,HCD APR Table A2,Housing units (count)
poway,2020,Permits,Total,159,HCD APR Table A2,Housing units (count)
poway,2021,Permits,Total,78,HCD APR Table A2,Housing units (count)
poway,2022,Permits,Total,180,HCD APR Table A2,Housing units (count)
poway,2023,Permits,Total,119,HCD APR Table A2,Housing units (count)
poway,2024,Permits,Total,63,HCD APR Table A2,Housing units (count)
poway,2025,Permits,Total,88,HCD APR Table A2,Housing units (count)
san diego,2018,Permits,Total,3895,HCD APR Table A2,Housing units (count)
san diego,2019,Permits,Total,5221,HCD APR Table A2,Housing units (count)
san diego,2020,Permits,Total,6482,HCD APR Table A2,Housing units (count)
san diego,2021,Permits,Total,5032,HCD APR Table A2,Housing units (count)
san diego,2022,Permits,Total,5396,HCD APR Table A2,Housing units (count)
san diego,2023,Permits,Total,9697,HCD APR Table A2,Housing units (count)
san diego,2024,Permits,Total,8816,HCD APR Table A2,Housing units (count)
san diego,2025,Permits,Total,7842,HCD APR Table A2,Housing units (count)
san marcos,2018,Permits,Total,255,HCD APR Table A2,Housing units (count)
san marcos,2019,Permits,Total,215,HCD APR Table A2,Housing units (count)
san marcos,2020,Permits,Total,245,HCD APR Table A2,Housing units (count)
san marcos,2021,Permits,Total,203,HCD APR Table A2,Housing units (count)
san marcos,2022,Permits,Total,616,HCD APR Table A2,Housing units (count)
san marcos,2023,Permits,Total,776,HCD APR Table A2,Housing units (count)
san marcos,2024,Permits,Total,455,HCD APR Table A2,Housing units (count)
san marcos,2025,Permits,Total,773,HCD APR Table A2,Housing units (count)
santee,2018,Permits,Total,157,HCD APR Table A2,Housing units (count)
santee,2019,Permits,Total,115,HCD APR Table A2,Housing units (count)
santee,2020,Permits,Total,227,HCD APR Table A2,Housing units (count)
santee,2021,Permits,Total,161,HCD APR Table A2,Housing units (count)
santee,2022,Permits,Total,159,HCD APR Table A2,Housing units (count)
santee,2023,Permits,Total,86,HCD APR Table A2,Housing units (count)
santee,2024,Permits,Total,71,HCD APR Table A2,Housing units (count)
santee,2025,Permits,Total,45,HCD APR Table A2,Housing units (count)
solana beach,2018,Permits,Total,18,HCD APR Table A2,Housing units (count)
solana beach,2019,Permits,Total,9,HCD APR Table A2,Housing units (count)
solana beach,2020,Permits,Total,13,HCD APR Table A2,Housing units (count)
solana beach,2021,Permits,Total,51,HCD APR Table A2,Housing units (count)
solana beach,2022,Permits,Total,17,HCD APR Table A2,Housing units (count)
solana beach,2023,Permits,Total,18,HCD APR Table A2,Housing units (count)
solana beach,2024,Permits,Total,82,HCD APR Table A2,Housing units (count)
solana beach,2025,Permits,Total,37,HCD APR Table A2,Housing units (count)
unincorporated san diego county,2018,Permits,Total,728,HCD APR Table A2,Housing units (count)
unincorporated san diego county,2019,Permits,Total,862,HCD APR Table A2,Housing units (count)
unincorporated san diego county,2020,Permits,Total,623,HCD APR Table A2,Housing units (count)
unincorporated san diego county,2021,Permits,Total,1425,HCD APR Table A2,Housing units (count)
unincorporated san diego county,2022,Permits,Total,1511,HCD APR Table A2,Housing units (count)
unincorporated san diego county,2023,Permits,Total,1220,HCD APR Table A2,Housing units (count)
unincorporated san diego county,2024,Permits,Total,1088,HCD APR Table A2,Housing units (count)
unincorporated san diego county,2025,Permits,Total,932,HCD APR Table A2,Housing units (count)
vista,2018,Permits,Total,475,HCD APR Table A2,Housing units (count)
vista,2019,Permits,Total,398,HCD APR Table A2,Housing units (count)
vista,2020,Permits,Total,518,HCD APR Table A2,Housing units (count)
vista,2021,Permits,Total,91,HCD APR Table A2,Housing units (count)
vista,2022,Permits,Total,169,HCD APR Table A2,Housing units (count)
vista,2023,Permits,Total,243,HCD APR Table A2,Housing units (count)
vista,2024,Permits,Total,218,HCD APR Table A2,Housing units (count)
vista,2025,Permits,Total,189,HCD APR Table A2,Housing units (count)
carlsbad,2018,Completed,Very Low,0,HCD APR Table A2,Housing units (count)
carlsbad,2019,Completed,Very Low,0,HCD APR Table A2,Housing units (count)
carlsbad,2020,Completed,Very Low,2,HCD APR Table A2,Housing units (count)
carlsbad,2021,Completed,Very Low,1,HCD APR Table A2,Housing units (count)
carlsbad,2022,Completed,Very Low,48,HCD APR Table A2,Housing units (count)
carlsbad,2023,Completed,Very Low,0,HCD APR Table A2,Housing units (count)
carlsbad,2024,Completed,Very Low,0,HCD APR Table A2,Housing units (count)
carlsbad,2025,Completed,Very Low,45,HCD APR Table A2,Housing units (count)
chula vista,2018,Completed,Very Low,0,HCD APR Table A2,Housing units (count)
chula vista,2019,Completed,Very Low,0,HCD APR Table A2,Housing units (count)
chula vista,2020,Completed,Very Low,0,HCD APR Table A2,Housing units (count)
chula vista,2021,Completed,Very Low,0,HCD APR Table A2,Housing units (count)
chula vista,2022,Completed,Very Low,0,HCD APR Table A2,Housing units (count)
chula vista,2023,Completed,Very Low,0,HCD APR Table A2,Housing units (count)
chula vista,2024,Completed,Very Low,42,HCD APR Table A2,Housing units (count)
chula vista,2025,Completed,Very Low,0,HCD APR Table A2,Housing units (count)
coronado,2018,Completed,Very Low,0,HCD APR Table A2,Housing units (count)
coronado,2019,Completed,Very Low,0,HCD APR Table A2,Housing units (count)
coronado,2020,Completed,Very Low,0,HCD APR Table A2,Housing units (count)
coronado,2021,Completed,Very Low,0,HCD APR Table A2,Housing units (count)
coronado,2022,Completed,Very Low,0,HCD APR Table A2,Housing units (count)
coronado,2023,Completed,Very Low,0,HCD APR Table A2,Housing units (count)
coronado,2024,Completed,Very Low,0,HCD APR Table A2,Housing units (count)
coronado,2025,Completed,Very Low,0,HCD APR Table A2,Housing units (count)
del mar,2018,Completed,Very Low,0,HCD APR Table A2,Housing units (count)
del mar,2019,Completed,Very Low,0,HCD APR Table A2,Housing units (count)
del mar,2020,Completed,Very Low,0,HCD APR Table A2,Housing units (count)
del mar,2021,Completed,Very Low,0,HCD APR Table A2,Housing units (count)
del mar,2022,Completed,Very Low,0,HCD APR Table A2,Housing units (count)
del mar,2023,Completed,Very Low,0,HCD APR Table A2,Housing units (count)
del mar,2024,Completed,Very Low,0,HCD APR Table A2,Housing units (count)
del mar,2025,Completed,Very Low,0,HCD APR Table A2,Housing units (count)
el cajon,2018,Completed,Very Low,0,HCD APR Table A2,Housing units (count)
el cajon,2019,Completed,Very Low,29,HCD APR Table A2,Housing units (count)
el cajon,2020,Completed,Very Low,0,HCD APR Table A2,Housing units (count)
el cajon,2021,Completed,Very Low,0,HCD APR Table A2,Housing units (count)
el cajon,2022,Completed,Very Low,0,HCD APR Table A2,Housing units (count)
el cajon,2023,Completed,Very Low,0,HCD APR Table A2,Housing units (count)
el cajon,2024,Completed,Very Low,0,HCD APR Table A2,Housing units (count)
el cajon,2025,Completed,Very Low,0,HCD APR Table A2,Housing units (count)
encinitas,2018,Completed,Very Low,1,HCD APR Table A2,Housing units (count)
encinitas,2019,Completed,Very Low,4,HCD APR Table A2,Housing units (count)
encinitas,2020,Completed,Very Low,16,HCD APR Table A2,Housing units (count)
encinitas,2021,Completed,Very Low,32,HCD APR Table A2,Housing units (count)
encinitas,2022,Completed,Very Low,14,HCD APR Table A2,Housing units (count)
encinitas,2023,Completed,Very Low,22,HCD APR Table A2,Housing units (count)
encinitas,2024,Completed,Very Low,18,HCD APR Table A2,Housing units (count)
encinitas,2025,Completed,Very Low,25,HCD APR Table A2,Housing units (count)
escondido,2018,Completed,Very Low,65,HCD APR Table A2,Housing units (count)
escondido,2019,Completed,Very Low,33,HCD APR Table A2,Housing units (count)
escondido,2020,Completed,Very Low,3,HCD APR Table A2,Housing units (count)
escondido,2021,Completed,Very Low,8,HCD APR Table A2,Housing units (count)
escondido,2022,Completed,Very Low,8,HCD APR Table A2,Housing units (count)
escondido,2023,Completed,Very Low,46,HCD APR Table A2,Housing units (count)
escondido,2024,Completed,Very Low,33,HCD APR Table A2,Housing units (count)
escondido,2025,Completed,Very Low,32,HCD APR Table A2,Housing units (count)
imperial beach,2018,Completed,Very Low,0,HCD APR Table A2,Housing units (count)
imperial beach,2019,Completed,Very Low,0,HCD APR Table A2,Housing units (count)
imperial beach,2020,Completed,Very Low,0,HCD APR Table A2,Housing units (count)
imperial beach,2021,Completed,Very Low,0,HCD APR Table A2,Housing units (count)
imperial beach,2022,Completed,Very Low,0,HCD APR Table A2,Housing units (count)
imperial beach,2023,Completed,Very Low,0,HCD APR Table A2,Housing units (count)
imperial beach,2024,Completed,Very Low,0,HCD APR Table A2,Housing units (count)
imperial beach,2025,Completed,Very Low,0,HCD APR Table A2,Housing units (count)
la mesa,2018,Completed,Very Low,0,HCD APR Table A2,Housing units (count)
la mesa,2019,Completed,Very Low,0,HCD APR Table A2,Housing units (count)
la mesa,2020,Completed,Very Low,0,HCD APR Table A2,Housing units (count)
la mesa,2021,Completed,Very Low,0,HCD APR Table A2,Housing units (count)
la mesa,2022,Completed,Very Low,0,HCD APR Table A2,Housing units (count)
la mesa,2023,Completed,Very Low,4,HCD APR Table A2,Housing units (count)
la mesa,2024,Completed,Very Low,1,HCD APR Table A2,Housing units (count)
la mesa,2025,Completed,Very Low,60,HCD APR Table A2,Housing units (count)
lemon grove,2018,Completed,Very Low,1,HCD APR Table A2,Housing units (count)
lemon grove,2019,Completed,Very Low,0,HCD APR Table A2,Housing units (count)
lemon grove,2020,Completed,Very Low,0,HCD APR Table A2,Housing units (count)
lemon grove,2021,Completed,Very Low,0,HCD APR Table A2,Housing units (count)
lemon grove,2022,Completed,Very Low,0,HCD APR Table A2,Housing units (count)
lemon grove,2023,Completed,Very Low,0,HCD APR Table A2,Housing units (count)
lemon grove,2024,Completed,Very Low,0,HCD APR Table A2,Housing units (count)
lemon grove,2025,Completed,Very Low,0,HCD APR Table A2,Housing units (count)
national city,2018,Completed,Very Low,0,HCD APR Table A2,Housing units (count)
national city,2019,Completed,Very Low,0,HCD APR Table A2,Housing units (count)
national city,2020,Completed,Very Low,0,HCD APR Table A2,Housing units (count)
national city,2021,Completed,Very Low,0,HCD APR Table A2,Housing units (count)
national city,2022,Completed,Very Low,0,HCD APR Table A2,Housing units (count)
national city,2023,Completed,Very Low,65,HCD APR Table A2,Housing units (count)
national city,2024,Completed,Very Low,8,HCD APR Table A2,Housing units (count)
national city,2025,Completed,Very Low,33,HCD APR Table A2,Housing units (count)
oceanside,2018,Completed,Very Low,230,HCD APR Table A2,Housing units (count)
oceanside,2019,Completed,Very Low,0,HCD APR Table A2,Housing units (count)
oceanside,2020,Completed,Very Low,0,HCD APR Table A2,Housing units (count)
oceanside,2021,Completed,Very Low,0,HCD APR Table A2,Housing units (count)
oceanside,2022,Completed,Very Low,0,HCD APR Table A2,Housing units (count)
oceanside,2023,Completed,Very Low,0,HCD APR Table A2,Housing units (count)
oceanside,2024,Completed,Very Low,180,HCD APR Table A2,Housing units (count)
oceanside,2025,Completed,Very Low,12,HCD APR Table A2,Housing units (count)
poway,2018,Completed,Very Low,0,HCD APR Table A2,Housing units (count)
poway,2019,Completed,Very Low,0,HCD APR Table A2,Housing units (count)
poway,2020,Completed,Very Low,0,HCD APR Table A2,Housing units (count)
poway,2021,Completed,Very Low,33,HCD APR Table A2,Housing units (count)
poway,2022,Completed,Very Low,14,HCD APR Table A2,Housing units (count)
poway,2023,Completed,Very Low,0,HCD APR Table A2,Housing units (count)
poway,2024,Completed,Very Low,1,HCD APR Table A2,Housing units (count)
poway,2025,Completed,Very Low,0,HCD APR Table A2,Housing units (count)
san diego,2018,Completed,Very Low,0,HCD APR Table A2,Housing units (count)
san diego,2019,Completed,Very Low,0,HCD APR Table A2,Housing units (count)
san diego,2020,Completed,Very Low,0,HCD APR Table A2,Housing units (count)
san diego,2021,Completed,Very Low,14,HCD APR Table A2,Housing units (count)
san diego,2022,Completed,Very Low,0,HCD APR Table A2,Housing units (count)
san diego,2023,Completed,Very Low,111,HCD APR Table A2,Housing units (count)
san diego,2024,Completed,Very Low,137,HCD APR Table A2,Housing units (count)
san diego,2025,Completed,Very Low,2,HCD APR Table A2,Housing units (count)
san marcos,2018,Completed,Very Low,14,HCD APR Table A2,Housing units (count)
san marcos,2019,Completed,Very Low,2,HCD APR Table A2,Housing units (count)
san marcos,2020,Completed,Very Low,0,HCD APR Table A2,Housing units (count)
san marcos,2021,Completed,Very Low,0,HCD APR Table A2,Housing units (count)
san marcos,2022,Completed,Very Low,24,HCD APR Table A2,Housing units (count)
san marcos,2023,Completed,Very Low,126,HCD APR Table A2,Housing units (count)
san marcos,2024,Completed,Very Low,60,HCD APR Table A2,Housing units (count)
san marcos,2025,Completed,Very Low,0,HCD APR Table A2,Housing units (count)
santee,2018,Completed,Very Low,0,HCD APR Table A2,Housing units (count)
santee,2019,Completed,Very Low,0,HCD APR Table A2,Housing units (count)
santee,2020,Completed,Very Low,0,HCD APR Table A2,Housing units (count)
santee,2021,Completed,Very Low,0,HCD APR Table A2,Housing units (count)
santee,2022,Completed,Very Low,0,HCD APR Table A2,Housing units (count)
santee,2023,Completed,Very Low,0,HCD APR Table A2,Housing units (count)
santee,2024,Completed,Very Low,0,HCD APR Table A2,Housing units (count)
santee,2025,Completed,Very Low,2,HCD APR Table A2,Housing units (count)
solana beach,2018,Completed,Very Low,0,HCD APR Table A2,Housing units (count)
solana beach,2019,Completed,Very Low,0,HCD APR Table A2,Housing units (count)
solana beach,2020,Completed,Very Low,0,HCD APR Table A2,Housing units (count)
solana beach,2021,Completed,Very Low,0,HCD APR Table A2,Housing units (count)
solana beach,2022,Completed,Very Low,0,HCD APR Table A2,Housing units (count)
solana beach,2023,Completed,Very Low,0,HCD APR Table A2,Housing units (count)
solana beach,2024,Completed,Very Low,0,HCD APR Table A2,Housing units (count)
solana beach,2025,Completed,Very Low,0,HCD APR Table A2,Housing units (count)
unincorporated san diego county,2018,Completed,Very Low,6,HCD APR Table A2,Housing units (count)
unincorporated san diego county,2019,Completed,Very Low,0,HCD APR Table A2,Housing units (count)
unincorporated san diego county,2020,Completed,Very Low,0,HCD APR Table A2,Housing units (count)
unincorporated san diego county,2021,Completed,Very Low,14,HCD APR Table A2,Housing units (count)
unincorporated san diego county,2022,Completed,Very Low,52,HCD APR Table A2,Housing units (count)
unincorporated san diego county,2023,Completed,Very Low,80,HCD APR Table A2,Housing units (count)
unincorporated san diego county,2024,Completed,Very Low,78,HCD APR Table A2,Housing units (count)
unincorporated san diego county,2025,Completed,Very Low,79,HCD APR Table A2,Housing units (count)
vista,2018,Completed,Very Low,0,HCD APR Table A2,Housing units (count)
vista,2019,Completed,Very Low,0,HCD APR Table A2,Housing units (count)
vista,2020,Completed,Very Low,60,HCD APR Table A2,Housing units (count)
vista,2021,Completed,Very Low,0,HCD APR Table A2,Housing units (count)
vista,2022,Completed,Very Low,0,HCD APR Table A2,Housing units (count)
vista,2023,Completed,Very Low,0,HCD APR Table A2,Housing units (count)
vista,2024,Completed,Very Low,89,HCD APR Table A2,Housing units (count)
vista,2025,Completed,Very Low,3,HCD APR Table A2,Housing units (count)
carlsbad,2018,Completed,Low,4,HCD APR Table A2,Housing units (count)
carlsbad,2019,Completed,Low,111,HCD APR Table A2,Housing units (count)
carlsbad,2020,Completed,Low,23,HCD APR Table A2,Housing units (count)
carlsbad,2021,Completed,Low,50,HCD APR Table A2,Housing units (count)
carlsbad,2022,Completed,Low,2,HCD APR Table A2,Housing units (count)
carlsbad,2023,Completed,Low,0,HCD APR Table A2,Housing units (count)
carlsbad,2024,Completed,Low,87,HCD APR Table A2,Housing units (count)
carlsbad,2025,Completed,Low,84,HCD APR Table A2,Housing units (count)
chula vista,2018,Completed,Low,0,HCD APR Table A2,Housing units (count)
chula vista,2019,Completed,Low,0,HCD APR Table A2,Housing units (count)
chula vista,2020,Completed,Low,0,HCD APR Table A2,Housing units (count)
chula vista,2021,Completed,Low,0,HCD APR Table A2,Housing units (count)
chula vista,2022,Completed,Low,0,HCD APR Table A2,Housing units (count)
chula vista,2023,Completed,Low,0,HCD APR Table A2,Housing units (count)
chula vista,2024,Completed,Low,213,HCD APR Table A2,Housing units (count)
chula vista,2025,Completed,Low,1,HCD APR Table A2,Housing units (count)
coronado,2018,Completed,Low,0,HCD APR Table A2,Housing units (count)
coronado,2019,Completed,Low,0,HCD APR Table A2,Housing units (count)
coronado,2020,Completed,Low,0,HCD APR Table A2,Housing units (count)
coronado,2021,Completed,Low,0,HCD APR Table A2,Housing units (count)
coronado,2022,Completed,Low,0,HCD APR Table A2,Housing units (count)
coronado,2023,Completed,Low,0,HCD APR Table A2,Housing units (count)
coronado,2024,Completed,Low,0,HCD APR Table A2,Housing units (count)
coronado,2025,Completed,Low,0,HCD APR Table A2,Housing units (count)
del mar,2018,Completed,Low,0,HCD APR Table A2,Housing units (count)
del mar,2019,Completed,Low,0,HCD APR Table A2,Housing units (count)
del mar,2020,Completed,Low,0,HCD APR Table A2,Housing units (count)
del mar,2021,Completed,Low,1,HCD APR Table A2,Housing units (count)
del mar,2022,Completed,Low,0,HCD APR Table A2,Housing units (count)
del mar,2023,Completed,Low,0,HCD APR Table A2,Housing units (count)
del mar,2024,Completed,Low,0,HCD APR Table A2,Housing units (count)
del mar,2025,Completed,Low,0,HCD APR Table A2,Housing units (count)
el cajon,2018,Completed,Low,0,HCD APR Table A2,Housing units (count)
el cajon,2019,Completed,Low,46,HCD APR Table A2,Housing units (count)
el cajon,2020,Completed,Low,0,HCD APR Table A2,Housing units (count)
el cajon,2021,Completed,Low,113,HCD APR Table A2,Housing units (count)
el cajon,2022,Completed,Low,1,HCD APR Table A2,Housing units (count)
el cajon,2023,Completed,Low,7,HCD APR Table A2,Housing units (count)
el cajon,2024,Completed,Low,20,HCD APR Table A2,Housing units (count)
el cajon,2025,Completed,Low,99,HCD APR Table A2,Housing units (count)
encinitas,2018,Completed,Low,0,HCD APR Table A2,Housing units (count)
encinitas,2019,Completed,Low,0,HCD APR Table A2,Housing units (count)
encinitas,2020,Completed,Low,8,HCD APR Table A2,Housing units (count)
encinitas,2021,Completed,Low,7,HCD APR Table A2,Housing units (count)
encinitas,2022,Completed,Low,3,HCD APR Table A2,Housing units (count)
encinitas,2023,Completed,Low,2,HCD APR Table A2,Housing units (count)
encinitas,2024,Completed,Low,13,HCD APR Table A2,Housing units (count)
encinitas,2025,Completed,Low,3,HCD APR Table A2,Housing units (count)
escondido,2018,Completed,Low,0,HCD APR Table A2,Housing units (count)
escondido,2019,Completed,Low,19,HCD APR Table A2,Housing units (count)
escondido,2020,Completed,Low,3,HCD APR Table A2,Housing units (count)
escondido,2021,Completed,Low,1,HCD APR Table A2,Housing units (count)
escondido,2022,Completed,Low,14,HCD APR Table A2,Housing units (count)
escondido,2023,Completed,Low,51,HCD APR Table A2,Housing units (count)
escondido,2024,Completed,Low,31,HCD APR Table A2,Housing units (count)
escondido,2025,Completed,Low,30,HCD APR Table A2,Housing units (count)
imperial beach,2018,Completed,Low,0,HCD APR Table A2,Housing units (count)
imperial beach,2019,Completed,Low,0,HCD APR Table A2,Housing units (count)
imperial beach,2020,Completed,Low,0,HCD APR Table A2,Housing units (count)
imperial beach,2021,Completed,Low,0,HCD APR Table A2,Housing units (count)
imperial beach,2022,Completed,Low,0,HCD APR Table A2,Housing units (count)
imperial beach,2023,Completed,Low,0,HCD APR Table A2,Housing units (count)
imperial beach,2024,Completed,Low,0,HCD APR Table A2,Housing units (count)
imperial beach,2025,Completed,Low,0,HCD APR Table A2,Housing units (count)
la mesa,2018,Completed,Low,0,HCD APR Table A2,Housing units (count)
la mesa,2019,Completed,Low,0,HCD APR Table A2,Housing units (count)
la mesa,2020,Completed,Low,10,HCD APR Table A2,Housing units (count)
la mesa,2021,Completed,Low,3,HCD APR Table A2,Housing units (count)
la mesa,2022,Completed,Low,0,HCD APR Table A2,Housing units (count)
la mesa,2023,Completed,Low,4,HCD APR Table A2,Housing units (count)
la mesa,2024,Completed,Low,14,HCD APR Table A2,Housing units (count)
la mesa,2025,Completed,Low,93,HCD APR Table A2,Housing units (count)
lemon grove,2018,Completed,Low,2,HCD APR Table A2,Housing units (count)
lemon grove,2019,Completed,Low,3,HCD APR Table A2,Housing units (count)
lemon grove,2020,Completed,Low,3,HCD APR Table A2,Housing units (count)
lemon grove,2021,Completed,Low,0,HCD APR Table A2,Housing units (count)
lemon grove,2022,Completed,Low,0,HCD APR Table A2,Housing units (count)
lemon grove,2023,Completed,Low,0,HCD APR Table A2,Housing units (count)
lemon grove,2024,Completed,Low,10,HCD APR Table A2,Housing units (count)
lemon grove,2025,Completed,Low,8,HCD APR Table A2,Housing units (count)
national city,2018,Completed,Low,0,HCD APR Table A2,Housing units (count)
national city,2019,Completed,Low,0,HCD APR Table A2,Housing units (count)
national city,2020,Completed,Low,0,HCD APR Table A2,Housing units (count)
national city,2021,Completed,Low,3,HCD APR Table A2,Housing units (count)
national city,2022,Completed,Low,13,HCD APR Table A2,Housing units (count)
national city,2023,Completed,Low,85,HCD APR Table A2,Housing units (count)
national city,2024,Completed,Low,22,HCD APR Table A2,Housing units (count)
national city,2025,Completed,Low,152,HCD APR Table A2,Housing units (count)
oceanside,2018,Completed,Low,0,HCD APR Table A2,Housing units (count)
oceanside,2019,Completed,Low,8,HCD APR Table A2,Housing units (count)
oceanside,2020,Completed,Low,7,HCD APR Table A2,Housing units (count)
oceanside,2021,Completed,Low,5,HCD APR Table A2,Housing units (count)
oceanside,2022,Completed,Low,11,HCD APR Table A2,Housing units (count)
oceanside,2023,Completed,Low,9,HCD APR Table A2,Housing units (count)
oceanside,2024,Completed,Low,29,HCD APR Table A2,Housing units (count)
oceanside,2025,Completed,Low,44,HCD APR Table A2,Housing units (count)
poway,2018,Completed,Low,0,HCD APR Table A2,Housing units (count)
poway,2019,Completed,Low,0,HCD APR Table A2,Housing units (count)
poway,2020,Completed,Low,0,HCD APR Table A2,Housing units (count)
poway,2021,Completed,Low,20,HCD APR Table A2,Housing units (count)
poway,2022,Completed,Low,29,HCD APR Table A2,Housing units (count)
poway,2023,Completed,Low,0,HCD APR Table A2,Housing units (count)
poway,2024,Completed,Low,0,HCD APR Table A2,Housing units (count)
poway,2025,Completed,Low,0,HCD APR Table A2,Housing units (count)
san diego,2018,Completed,Low,0,HCD APR Table A2,Housing units (count)
san diego,2019,Completed,Low,0,HCD APR Table A2,Housing units (count)
san diego,2020,Completed,Low,0,HCD APR Table A2,Housing units (count)
san diego,2021,Completed,Low,7,HCD APR Table A2,Housing units (count)
san diego,2022,Completed,Low,0,HCD APR Table A2,Housing units (count)
san diego,2023,Completed,Low,342,HCD APR Table A2,Housing units (count)
san diego,2024,Completed,Low,463,HCD APR Table A2,Housing units (count)
san diego,2025,Completed,Low,2,HCD APR Table A2,Housing units (count)
san marcos,2018,Completed,Low,5,HCD APR Table A2,Housing units (count)
san marcos,2019,Completed,Low,0,HCD APR Table A2,Housing units (count)
san marcos,2020,Completed,Low,0,HCD APR Table A2,Housing units (count)
san marcos,2021,Completed,Low,0,HCD APR Table A2,Housing units (count)
san marcos,2022,Completed,Low,48,HCD APR Table A2,Housing units (count)
san marcos,2023,Completed,Low,57,HCD APR Table A2,Housing units (count)
san marcos,2024,Completed,Low,15,HCD APR Table A2,Housing units (count)
san marcos,2025,Completed,Low,0,HCD APR Table A2,Housing units (count)
santee,2018,Completed,Low,0,HCD APR Table A2,Housing units (count)
santee,2019,Completed,Low,0,HCD APR Table A2,Housing units (count)
santee,2020,Completed,Low,0,HCD APR Table A2,Housing units (count)
santee,2021,Completed,Low,0,HCD APR Table A2,Housing units (count)
santee,2022,Completed,Low,0,HCD APR Table A2,Housing units (count)
santee,2023,Completed,Low,0,HCD APR Table A2,Housing units (count)
santee,2024,Completed,Low,0,HCD APR Table A2,Housing units (count)
santee,2025,Completed,Low,0,HCD APR Table A2,Housing units (count)
solana beach,2018,Completed,Low,0,HCD APR Table A2,Housing units (count)
solana beach,2019,Completed,Low,0,HCD APR Table A2,Housing units (count)
solana beach,2020,Completed,Low,0,HCD APR Table A2,Housing units (count)
solana beach,2021,Completed,Low,0,HCD APR Table A2,Housing units (count)
solana beach,2022,Completed,Low,0,HCD APR Table A2,Housing units (count)
solana beach,2023,Completed,Low,0,HCD APR Table A2,Housing units (count)
solana beach,2024,Completed,Low,0,HCD APR Table A2,Housing units (count)
solana beach,2025,Completed,Low,0,HCD APR Table A2,Housing units (count)
unincorporated san diego county,2018,Completed,Low,76,HCD APR Table A2,Housing units (count)
unincorporated san diego county,2019,Completed,Low,0,HCD APR Table A2,Housing units (count)
unincorporated san diego county,2020,Completed,Low,0,HCD APR Table A2,Housing units (count)
unincorporated san diego county,2021,Completed,Low,78,HCD APR Table A2,Housing units (count)
unincorporated san diego county,2022,Completed,Low,97,HCD APR Table A2,Housing units (count)
unincorporated san diego county,2023,Completed,Low,181,HCD APR Table A2,Housing units (count)
unincorporated san diego county,2024,Completed,Low,144,HCD APR Table A2,Housing units (count)
unincorporated san diego county,2025,Completed,Low,153,HCD APR Table A2,Housing units (count)
vista,2018,Completed,Low,0,HCD APR Table A2,Housing units (count)
vista,2019,Completed,Low,0,HCD APR Table A2,Housing units (count)
vista,2020,Completed,Low,20,HCD APR Table A2,Housing units (count)
vista,2021,Completed,Low,0,HCD APR Table A2,Housing units (count)
vista,2022,Completed,Low,0,HCD APR Table A2,Housing units (count)
vista,2023,Completed,Low,0,HCD APR Table A2,Housing units (count)
vista,2024,Completed,Low,0,HCD APR Table A2,Housing units (count)
vista,2025,Completed,Low,1,HCD APR Table A2,Housing units (count)
carlsbad,2018,Completed,Moderate,21,HCD APR Table A2,Housing units (count)
carlsbad,2019,Completed,Moderate,78,HCD APR Table A2,Housing units (count)
carlsbad,2020,Completed,Moderate,24,HCD APR Table A2,Housing units (count)
carlsbad,2021,Completed,Moderate,70,HCD APR Table A2,Housing units (count)
carlsbad,2022,Completed,Moderate,65,HCD APR Table A2,Housing units (count)
carlsbad,2023,Completed,Moderate,46,HCD APR Table A2,Housing units (count)
carlsbad,2024,Completed,Moderate,67,HCD APR Table A2,Housing units (count)
carlsbad,2025,Completed,Moderate,12,HCD APR Table A2,Housing units (count)
chula vista,2018,Completed,Moderate,0,HCD APR Table A2,Housing units (count)
chula vista,2019,Completed,Moderate,0,HCD APR Table A2,Housing units (count)
chula vista,2020,Completed,Moderate,30,HCD APR Table A2,Housing units (count)
chula vista,2021,Completed,Moderate,45,HCD APR Table A2,Housing units (count)
chula vista,2022,Completed,Moderate,74,HCD APR Table A2,Housing units (count)
chula vista,2023,Completed,Moderate,80,HCD APR Table A2,Housing units (count)
chula vista,2024,Completed,Moderate,76,HCD APR Table A2,Housing units (count)
chula vista,2025,Completed,Moderate,200,HCD APR Table A2,Housing units (count)
coronado,2018,Completed,Moderate,0,HCD APR Table A2,Housing units (count)
coronado,2019,Completed,Moderate,0,HCD APR Table A2,Housing units (count)
coronado,2020,Completed,Moderate,0,HCD APR Table A2,Housing units (count)
coronado,2021,Completed,Moderate,0,HCD APR Table A2,Housing units (count)
coronado,2022,Completed,Moderate,0,HCD APR Table A2,Housing units (count)
coronado,2023,Completed,Moderate,0,HCD APR Table A2,Housing units (count)
coronado,2024,Completed,Moderate,0,HCD APR Table A2,Housing units (count)
coronado,2025,Completed,Moderate,0,HCD APR Table A2,Housing units (count)
del mar,2018,Completed,Moderate,0,HCD APR Table A2,Housing units (count)
del mar,2019,Completed,Moderate,1,HCD APR Table A2,Housing units (count)
del mar,2020,Completed,Moderate,3,HCD APR Table A2,Housing units (count)
del mar,2021,Completed,Moderate,4,HCD APR Table A2,Housing units (count)
del mar,2022,Completed,Moderate,14,HCD APR Table A2,Housing units (count)
del mar,2023,Completed,Moderate,15,HCD APR Table A2,Housing units (count)
del mar,2024,Completed,Moderate,12,HCD APR Table A2,Housing units (count)
del mar,2025,Completed,Moderate,10,HCD APR Table A2,Housing units (count)
el cajon,2018,Completed,Moderate,0,HCD APR Table A2,Housing units (count)
el cajon,2019,Completed,Moderate,0,HCD APR Table A2,Housing units (count)
el cajon,2020,Completed,Moderate,0,HCD APR Table A2,Housing units (count)
el cajon,2021,Completed,Moderate,3,HCD APR Table A2,Housing units (count)
el cajon,2022,Completed,Moderate,18,HCD APR Table A2,Housing units (count)
el cajon,2023,Completed,Moderate,30,HCD APR Table A2,Housing units (count)
el cajon,2024,Completed,Moderate,17,HCD APR Table A2,Housing units (count)
el cajon,2025,Completed,Moderate,24,HCD APR Table A2,Housing units (count)
encinitas,2018,Completed,Moderate,2,HCD APR Table A2,Housing units (count)
encinitas,2019,Completed,Moderate,2,HCD APR Table A2,Housing units (count)
encinitas,2020,Completed,Moderate,27,HCD APR Table A2,Housing units (count)
encinitas,2021,Completed,Moderate,25,HCD APR Table A2,Housing units (count)
encinitas,2022,Completed,Moderate,15,HCD APR Table A2,Housing units (count)
encinitas,2023,Completed,Moderate,18,HCD APR Table A2,Housing units (count)
encinitas,2024,Completed,Moderate,23,HCD APR Table A2,Housing units (count)
encinitas,2025,Completed,Moderate,15,HCD APR Table A2,Housing units (count)
escondido,2018,Completed,Moderate,11,HCD APR Table A2,Housing units (count)
escondido,2019,Completed,Moderate,5,HCD APR Table A2,Housing units (count)
escondido,2020,Completed,Moderate,19,HCD APR Table A2,Housing units (count)
escondido,2021,Completed,Moderate,18,HCD APR Table A2,Housing units (count)
escondido,2022,Completed,Moderate,14,HCD APR Table A2,Housing units (count)
escondido,2023,Completed,Moderate,13,HCD APR Table A2,Housing units (count)
escondido,2024,Completed,Moderate,9,HCD APR Table A2,Housing units (count)
escondido,2025,Completed,Moderate,4,HCD APR Table A2,Housing units (count)
imperial beach,2018,Completed,Moderate,0,HCD APR Table A2,Housing units (count)
imperial beach,2019,Completed,Moderate,0,HCD APR Table A2,Housing units (count)
imperial beach,2020,Completed,Moderate,0,HCD APR Table A2,Housing units (count)
imperial beach,2021,Completed,Moderate,0,HCD APR Table A2,Housing units (count)
imperial beach,2022,Completed,Moderate,0,HCD APR Table A2,Housing units (count)
imperial beach,2023,Completed,Moderate,0,HCD APR Table A2,Housing units (count)
imperial beach,2024,Completed,Moderate,0,HCD APR Table A2,Housing units (count)
imperial beach,2025,Completed,Moderate,0,HCD APR Table A2,Housing units (count)
la mesa,2018,Completed,Moderate,0,HCD APR Table A2,Housing units (count)
la mesa,2019,Completed,Moderate,0,HCD APR Table A2,Housing units (count)
la mesa,2020,Completed,Moderate,2,HCD APR Table A2,Housing units (count)
la mesa,2021,Completed,Moderate,39,HCD APR Table A2,Housing units (count)
la mesa,2022,Completed,Moderate,39,HCD APR Table A2,Housing units (count)
la mesa,2023,Completed,Moderate,42,HCD APR Table A2,Housing units (count)
la mesa,2024,Completed,Moderate,62,HCD APR Table A2,Housing units (count)
la mesa,2025,Completed,Moderate,62,HCD APR Table A2,Housing units (count)
lemon grove,2018,Completed,Moderate,18,HCD APR Table A2,Housing units (count)
lemon grove,2019,Completed,Moderate,18,HCD APR Table A2,Housing units (count)
lemon grove,2020,Completed,Moderate,4,HCD APR Table A2,Housing units (count)
lemon grove,2021,Completed,Moderate,0,HCD APR Table A2,Housing units (count)
lemon grove,2022,Completed,Moderate,0,HCD APR Table A2,Housing units (count)
lemon grove,2023,Completed,Moderate,0,HCD APR Table A2,Housing units (count)
lemon grove,2024,Completed,Moderate,0,HCD APR Table A2,Housing units (count)
lemon grove,2025,Completed,Moderate,0,HCD APR Table A2,Housing units (count)
national city,2018,Completed,Moderate,0,HCD APR Table A2,Housing units (count)
national city,2019,Completed,Moderate,0,HCD APR Table A2,Housing units (count)
national city,2020,Completed,Moderate,0,HCD APR Table A2,Housing units (count)
national city,2021,Completed,Moderate,0,HCD APR Table A2,Housing units (count)
national city,2022,Completed,Moderate,0,HCD APR Table A2,Housing units (count)
national city,2023,Completed,Moderate,0,HCD APR Table A2,Housing units (count)
national city,2024,Completed,Moderate,0,HCD APR Table A2,Housing units (count)
national city,2025,Completed,Moderate,0,HCD APR Table A2,Housing units (count)
oceanside,2018,Completed,Moderate,33,HCD APR Table A2,Housing units (count)
oceanside,2019,Completed,Moderate,16,HCD APR Table A2,Housing units (count)
oceanside,2020,Completed,Moderate,30,HCD APR Table A2,Housing units (count)
oceanside,2021,Completed,Moderate,64,HCD APR Table A2,Housing units (count)
oceanside,2022,Completed,Moderate,97,HCD APR Table A2,Housing units (count)
oceanside,2023,Completed,Moderate,123,HCD APR Table A2,Housing units (count)
oceanside,2024,Completed,Moderate,100,HCD APR Table A2,Housing units (count)
oceanside,2025,Completed,Moderate,67,HCD APR Table A2,Housing units (count)
poway,2018,Completed,Moderate,0,HCD APR Table A2,Housing units (count)
poway,2019,Completed,Moderate,0,HCD APR Table A2,Housing units (count)
poway,2020,Completed,Moderate,1,HCD APR Table A2,Housing units (count)
poway,2021,Completed,Moderate,25,HCD APR Table A2,Housing units (count)
poway,2022,Completed,Moderate,19,HCD APR Table A2,Housing units (count)
poway,2023,Completed,Moderate,4,HCD APR Table A2,Housing units (count)
poway,2024,Completed,Moderate,0,HCD APR Table A2,Housing units (count)
poway,2025,Completed,Moderate,29,HCD APR Table A2,Housing units (count)
san diego,2018,Completed,Moderate,0,HCD APR Table A2,Housing units (count)
san diego,2019,Completed,Moderate,0,HCD APR Table A2,Housing units (count)
san diego,2020,Completed,Moderate,0,HCD APR Table A2,Housing units (count)
san diego,2021,Completed,Moderate,0,HCD APR Table A2,Housing units (count)
san diego,2022,Completed,Moderate,0,HCD APR Table A2,Housing units (count)
san diego,2023,Completed,Moderate,21,HCD APR Table A2,Housing units (count)
san diego,2024,Completed,Moderate,95,HCD APR Table A2,Housing units (count)
san diego,2025,Completed,Moderate,20,HCD APR Table A2,Housing units (count)
san marcos,2018,Completed,Moderate,0,HCD APR Table A2,Housing units (count)
san marcos,2019,Completed,Moderate,0,HCD APR Table A2,Housing units (count)
san marcos,2020,Completed,Moderate,0,HCD APR Table A2,Housing units (count)
san marcos,2021,Completed,Moderate,0,HCD APR Table A2,Housing units (count)
san marcos,2022,Completed,Moderate,63,HCD APR Table A2,Housing units (count)
san marcos,2023,Completed,Moderate,183,HCD APR Table A2,Housing units (count)
san marcos,2024,Completed,Moderate,46,HCD APR Table A2,Housing units (count)
san marcos,2025,Completed,Moderate,0,HCD APR Table A2,Housing units (count)
santee,2018,Completed,Moderate,0,HCD APR Table A2,Housing units (count)
santee,2019,Completed,Moderate,1,HCD APR Table A2,Housing units (count)
santee,2020,Completed,Moderate,2,HCD APR Table A2,Housing units (count)
santee,2021,Completed,Moderate,8,HCD APR Table A2,Housing units (count)
santee,2022,Completed,Moderate,264,HCD APR Table A2,Housing units (count)
santee,2023,Completed,Moderate,12,HCD APR Table A2,Housing units (count)
santee,2024,Completed,Moderate,9,HCD APR Table A2,Housing units (count)
santee,2025,Completed,Moderate,20,HCD APR Table A2,Housing units (count)
solana beach,2018,Completed,Moderate,0,HCD APR Table A2,Housing units (count)
solana beach,2019,Completed,Moderate,3,HCD APR Table A2,Housing units (count)
solana beach,2020,Completed,Moderate,5,HCD APR Table A2,Housing units (count)
solana beach,2021,Completed,Moderate,7,HCD APR Table A2,Housing units (count)
solana beach,2022,Completed,Moderate,16,HCD APR Table A2,Housing units (count)
solana beach,2023,Completed,Moderate,17,HCD APR Table A2,Housing units (count)
solana beach,2024,Completed,Moderate,15,HCD APR Table A2,Housing units (count)
solana beach,2025,Completed,Moderate,8,HCD APR Table A2,Housing units (count)
unincorporated san diego county,2018,Completed,Moderate,137,HCD APR Table A2,Housing units (count)
unincorporated san diego county,2019,Completed,Moderate,0,HCD APR Table A2,Housing units (count)
unincorporated san diego county,2020,Completed,Moderate,0,HCD APR Table A2,Housing units (count)
unincorporated san diego county,2021,Completed,Moderate,191,HCD APR Table A2,Housing units (count)
unincorporated san diego county,2022,Completed,Moderate,160,HCD APR Table A2,Housing units (count)
unincorporated san diego county,2023,Completed,Moderate,151,HCD APR Table A2,Housing units (count)
unincorporated san diego county,2024,Completed,Moderate,168,HCD APR Table A2,Housing units (count)
unincorporated san diego county,2025,Completed,Moderate,119,HCD APR Table A2,Housing units (count)
vista,2018,Completed,Moderate,0,HCD APR Table A2,Housing units (count)
vista,2019,Completed,Moderate,0,HCD APR Table A2,Housing units (count)
vista,2020,Completed,Moderate,0,HCD APR Table A2,Housing units (count)
vista,2021,Completed,Moderate,0,HCD APR Table A2,Housing units (count)
vista,2022,Completed,Moderate,0,HCD APR Table A2,Housing units (count)
vista,2023,Completed,Moderate,0,HCD APR Table A2,Housing units (count)
vista,2024,Completed,Moderate,0,HCD APR Table A2,Housing units (count)
vista,2025,Completed,Moderate,0,HCD APR Table A2,Housing units (count)
carlsbad,2018,Completed,Above Moderate,193,HCD APR Table A2,Housing units (count)
carlsbad,2019,Completed,Above Moderate,359,HCD APR Table A2,Housing units (count)
carlsbad,2020,Completed,Above Moderate,502,HCD APR Table A2,Housing units (count)
carlsbad,2021,Completed,Above Moderate,288,HCD APR Table A2,Housing units (count)
carlsbad,2022,Completed,Above Moderate,105,HCD APR Table A2,Housing units (count)
carlsbad,2023,Completed,Above Moderate,19,HCD APR Table A2,Housing units (count)
carlsbad,2024,Completed,Above Moderate,80,HCD APR Table A2,Housing units (count)
carlsbad,2025,Completed,Above Moderate,578,HCD APR Table A2,Housing units (count)
chula vista,2018,Completed,Above Moderate,290,HCD APR Table A2,Housing units (count)
chula vista,2019,Completed,Above Moderate,1394,HCD APR Table A2,Housing units (count)
chula vista,2020,Completed,Above Moderate,1225,HCD APR Table A2,Housing units (count)
chula vista,2021,Completed,Above Moderate,729,HCD APR Table A2,Housing units (count)
chula vista,2022,Completed,Above Moderate,1267,HCD APR Table A2,Housing units (count)
chula vista,2023,Completed,Above Moderate,982,HCD APR Table A2,Housing units (count)
chula vista,2024,Completed,Above Moderate,1017,HCD APR Table A2,Housing units (count)
chula vista,2025,Completed,Above Moderate,1227,HCD APR Table A2,Housing units (count)
coronado,2018,Completed,Above Moderate,20,HCD APR Table A2,Housing units (count)
coronado,2019,Completed,Above Moderate,27,HCD APR Table A2,Housing units (count)
coronado,2020,Completed,Above Moderate,51,HCD APR Table A2,Housing units (count)
coronado,2021,Completed,Above Moderate,27,HCD APR Table A2,Housing units (count)
coronado,2022,Completed,Above Moderate,30,HCD APR Table A2,Housing units (count)
coronado,2023,Completed,Above Moderate,30,HCD APR Table A2,Housing units (count)
coronado,2024,Completed,Above Moderate,42,HCD APR Table A2,Housing units (count)
coronado,2025,Completed,Above Moderate,36,HCD APR Table A2,Housing units (count)
del mar,2018,Completed,Above Moderate,1,HCD APR Table A2,Housing units (count)
del mar,2019,Completed,Above Moderate,0,HCD APR Table A2,Housing units (count)
del mar,2020,Completed,Above Moderate,0,HCD APR Table A2,Housing units (count)
del mar,2021,Completed,Above Moderate,1,HCD APR Table A2,Housing units (count)
del mar,2022,Completed,Above Moderate,5,HCD APR Table A2,Housing units (count)
del mar,2023,Completed,Above Moderate,8,HCD APR Table A2,Housing units (count)
del mar,2024,Completed,Above Moderate,9,HCD APR Table A2,Housing units (count)
del mar,2025,Completed,Above Moderate,7,HCD APR Table A2,Housing units (count)
el cajon,2018,Completed,Above Moderate,53,HCD APR Table A2,Housing units (count)
el cajon,2019,Completed,Above Moderate,109,HCD APR Table A2,Housing units (count)
el cajon,2020,Completed,Above Moderate,35,HCD APR Table A2,Housing units (count)
el cajon,2021,Completed,Above Moderate,49,HCD APR Table A2,Housing units (count)
el cajon,2022,Completed,Above Moderate,19,HCD APR Table A2,Housing units (count)
el cajon,2023,Completed,Above Moderate,13,HCD APR Table A2,Housing units (count)
el cajon,2024,Completed,Above Moderate,50,HCD APR Table A2,Housing units (count)
el cajon,2025,Completed,Above Moderate,112,HCD APR Table A2,Housing units (count)
encinitas,2018,Completed,Above Moderate,0,HCD APR Table A2,Housing units (count)
encinitas,2019,Completed,Above Moderate,134,HCD APR Table A2,Housing units (count)
encinitas,2020,Completed,Above Moderate,117,HCD APR Table A2,Housing units (count)
encinitas,2021,Completed,Above Moderate,95,HCD APR Table A2,Housing units (count)
encinitas,2022,Completed,Above Moderate,83,HCD APR Table A2,Housing units (count)
encinitas,2023,Completed,Above Moderate,79,HCD APR Table A2,Housing units (count)
encinitas,2024,Completed,Above Moderate,210,HCD APR Table A2,Housing units (count)
encinitas,2025,Completed,Above Moderate,185,HCD APR Table A2,Housing units (count)
escondido,2018,Completed,Above Moderate,203,HCD APR Table A2,Housing units (count)
escondido,2019,Completed,Above Moderate,295,HCD APR Table A2,Housing units (count)
escondido,2020,Completed,Above Moderate,101,HCD APR Table A2,Housing units (count)
escondido,2021,Completed,Above Moderate,183,HCD APR Table A2,Housing units (count)
escondido,2022,Completed,Above Moderate,227,HCD APR Table A2,Housing units (count)
escondido,2023,Completed,Above Moderate,72,HCD APR Table A2,Housing units (count)
escondido,2024,Completed,Above Moderate,173,HCD APR Table A2,Housing units (count)
escondido,2025,Completed,Above Moderate,538,HCD APR Table A2,Housing units (count)
imperial beach,2018,Completed,Above Moderate,34,HCD APR Table A2,Housing units (count)
imperial beach,2019,Completed,Above Moderate,67,HCD APR Table A2,Housing units (count)
imperial beach,2020,Completed,Above Moderate,8,HCD APR Table A2,Housing units (count)
imperial beach,2021,Completed,Above Moderate,9,HCD APR Table A2,Housing units (count)
imperial beach,2022,Completed,Above Moderate,25,HCD APR Table A2,Housing units (count)
imperial beach,2023,Completed,Above Moderate,31,HCD APR Table A2,Housing units (count)
imperial beach,2024,Completed,Above Moderate,29,HCD APR Table A2,Housing units (count)
imperial beach,2025,Completed,Above Moderate,13,HCD APR Table A2,Housing units (count)
la mesa,2018,Completed,Above Moderate,29,HCD APR Table A2,Housing units (count)
la mesa,2019,Completed,Above Moderate,59,HCD APR Table A2,Housing units (count)
la mesa,2020,Completed,Above Moderate,92,HCD APR Table A2,Housing units (count)
la mesa,2021,Completed,Above Moderate,145,HCD APR Table A2,Housing units (count)
la mesa,2022,Completed,Above Moderate,1,HCD APR Table A2,Housing units (count)
la mesa,2023,Completed,Above Moderate,92,HCD APR Table A2,Housing units (count)
la mesa,2024,Completed,Above Moderate,43,HCD APR Table A2,Housing units (count)
la mesa,2025,Completed,Above Moderate,34,HCD APR Table A2,Housing units (count)
lemon grove,2018,Completed,Above Moderate,4,HCD APR Table A2,Housing units (count)
lemon grove,2019,Completed,Above Moderate,5,HCD APR Table A2,Housing units (count)
lemon grove,2020,Completed,Above Moderate,2,HCD APR Table A2,Housing units (count)
lemon grove,2021,Completed,Above Moderate,0,HCD APR Table A2,Housing units (count)
lemon grove,2022,Completed,Above Moderate,0,HCD APR Table A2,Housing units (count)
lemon grove,2023,Completed,Above Moderate,0,HCD APR Table A2,Housing units (count)
lemon grove,2024,Completed,Above Moderate,150,HCD APR Table A2,Housing units (count)
lemon grove,2025,Completed,Above Moderate,53,HCD APR Table A2,Housing units (count)
national city,2018,Completed,Above Moderate,1,HCD APR Table A2,Housing units (count)
national city,2019,Completed,Above Moderate,1,HCD APR Table A2,Housing units (count)
national city,2020,Completed,Above Moderate,10,HCD APR Table A2,Housing units (count)
national city,2021,Completed,Above Moderate,136,HCD APR Table A2,Housing units (count)
national city,2022,Completed,Above Moderate,40,HCD APR Table A2,Housing units (count)
national city,2023,Completed,Above Moderate,46,HCD APR Table A2,Housing units (count)
national city,2024,Completed,Above Moderate,128,HCD APR Table A2,Housing units (count)
national city,2025,Completed,Above Moderate,49,HCD APR Table A2,Housing units (count)
oceanside,2018,Completed,Above Moderate,323,HCD APR Table A2,Housing units (count)
oceanside,2019,Completed,Above Moderate,324,HCD APR Table A2,Housing units (count)
oceanside,2020,Completed,Above Moderate,272,HCD APR Table A2,Housing units (count)
oceanside,2021,Completed,Above Moderate,208,HCD APR Table A2,Housing units (count)
oceanside,2022,Completed,Above Moderate,135,HCD APR Table A2,Housing units (count)
oceanside,2023,Completed,Above Moderate,134,HCD APR Table A2,Housing units (count)
oceanside,2024,Completed,Above Moderate,463,HCD APR Table A2,Housing units (count)
oceanside,2025,Completed,Above Moderate,382,HCD APR Table A2,Housing units (count)
poway,2018,Completed,Above Moderate,21,HCD APR Table A2,Housing units (count)
poway,2019,Completed,Above Moderate,16,HCD APR Table A2,Housing units (count)
poway,2020,Completed,Above Moderate,7,HCD APR Table A2,Housing units (count)
poway,2021,Completed,Above Moderate,46,HCD APR Table A2,Housing units (count)
poway,2022,Completed,Above Moderate,55,HCD APR Table A2,Housing units (count)
poway,2023,Completed,Above Moderate,133,HCD APR Table A2,Housing units (count)
poway,2024,Completed,Above Moderate,280,HCD APR Table A2,Housing units (count)
poway,2025,Completed,Above Moderate,18,HCD APR Table A2,Housing units (count)
san diego,2018,Completed,Above Moderate,0,HCD APR Table A2,Housing units (count)
san diego,2019,Completed,Above Moderate,0,HCD APR Table A2,Housing units (count)
san diego,2020,Completed,Above Moderate,0,HCD APR Table A2,Housing units (count)
san diego,2021,Completed,Above Moderate,3791,HCD APR Table A2,Housing units (count)
san diego,2022,Completed,Above Moderate,4775,HCD APR Table A2,Housing units (count)
san diego,2023,Completed,Above Moderate,3577,HCD APR Table A2,Housing units (count)
san diego,2024,Completed,Above Moderate,4409,HCD APR Table A2,Housing units (count)
san diego,2025,Completed,Above Moderate,429,HCD APR Table A2,Housing units (count)
san marcos,2018,Completed,Above Moderate,754,HCD APR Table A2,Housing units (count)
san marcos,2019,Completed,Above Moderate,351,HCD APR Table A2,Housing units (count)
san marcos,2020,Completed,Above Moderate,222,HCD APR Table A2,Housing units (count)
san marcos,2021,Completed,Above Moderate,184,HCD APR Table A2,Housing units (count)
san marcos,2022,Completed,Above Moderate,218,HCD APR Table A2,Housing units (count)
san marcos,2023,Completed,Above Moderate,269,HCD APR Table A2,Housing units (count)
san marcos,2024,Completed,Above Moderate,93,HCD APR Table A2,Housing units (count)
san marcos,2025,Completed,Above Moderate,297,HCD APR Table A2,Housing units (count)
santee,2018,Completed,Above Moderate,106,HCD APR Table A2,Housing units (count)
santee,2019,Completed,Above Moderate,40,HCD APR Table A2,Housing units (count)
santee,2020,Completed,Above Moderate,129,HCD APR Table A2,Housing units (count)
santee,2021,Completed,Above Moderate,114,HCD APR Table A2,Housing units (count)
santee,2022,Completed,Above Moderate,8,HCD APR Table A2,Housing units (count)
santee,2023,Completed,Above Moderate,42,HCD APR Table A2,Housing units (count)
santee,2024,Completed,Above Moderate,26,HCD APR Table A2,Housing units (count)
santee,2025,Completed,Above Moderate,28,HCD APR Table A2,Housing units (count)
solana beach,2018,Completed,Above Moderate,7,HCD APR Table A2,Housing units (count)
solana beach,2019,Completed,Above Moderate,6,HCD APR Table A2,Housing units (count)
solana beach,2020,Completed,Above Moderate,1,HCD APR Table A2,Housing units (count)
solana beach,2021,Completed,Above Moderate,3,HCD APR Table A2,Housing units (count)
solana beach,2022,Completed,Above Moderate,1,HCD APR Table A2,Housing units (count)
solana beach,2023,Completed,Above Moderate,29,HCD APR Table A2,Housing units (count)
solana beach,2024,Completed,Above Moderate,1,HCD APR Table A2,Housing units (count)
solana beach,2025,Completed,Above Moderate,6,HCD APR Table A2,Housing units (count)
unincorporated san diego county,2018,Completed,Above Moderate,199,HCD APR Table A2,Housing units (count)
unincorporated san diego county,2019,Completed,Above Moderate,0,HCD APR Table A2,Housing units (count)
unincorporated san diego county,2020,Completed,Above Moderate,0,HCD APR Table A2,Housing units (count)
unincorporated san diego county,2021,Completed,Above Moderate,781,HCD APR Table A2,Housing units (count)
unincorporated san diego county,2022,Completed,Above Moderate,978,HCD APR Table A2,Housing units (count)
unincorporated san diego county,2023,Completed,Above Moderate,848,HCD APR Table A2,Housing units (count)
unincorporated san diego county,2024,Completed,Above Moderate,564,HCD APR Table A2,Housing units (count)
unincorporated san diego county,2025,Completed,Above Moderate,592,HCD APR Table A2,Housing units (count)
vista,2018,Completed,Above Moderate,15,HCD APR Table A2,Housing units (count)
vista,2019,Completed,Above Moderate,292,HCD APR Table A2,Housing units (count)
vista,2020,Completed,Above Moderate,397,HCD APR Table A2,Housing units (count)
vista,2021,Completed,Above Moderate,542,HCD APR Table A2,Housing units (count)
vista,2022,Completed,Above Moderate,237,HCD APR Table A2,Housing units (count)
vista,2023,Completed,Above Moderate,67,HCD APR Table A2,Housing units (count)
vista,2024,Completed,Above Moderate,167,HCD APR Table A2,Housing units (count)
vista,2025,Completed,Above Moderate,200,HCD APR Table A2,Housing units (count)
carlsbad,2018,Completed,Total,218,HCD APR Table A2,Housing units (count)
carlsbad,2019,Completed,Total,548,HCD APR Table A2,Housing units (count)
carlsbad,2020,Completed,Total,551,HCD APR Table A2,Housing units (count)
carlsbad,2021,Completed,Total,409,HCD APR Table A2,Housing units (count)
carlsbad,2022,Completed,Total,220,HCD APR Table A2,Housing units (count)
carlsbad,2023,Completed,Total,65,HCD APR Table A2,Housing units (count)
carlsbad,2024,Completed,Total,234,HCD APR Table A2,Housing units (count)
carlsbad,2025,Completed,Total,719,HCD APR Table A2,Housing units (count)
chula vista,2018,Completed,Total,290,HCD APR Table A2,Housing units (count)
chula vista,2019,Completed,Total,1394,HCD APR Table A2,Housing units (count)
chula vista,2020,Completed,Total,1255,HCD APR Table A2,Housing units (count)
chula vista,2021,Completed,Total,774,HCD APR Table A2,Housing units (count)
chula vista,2022,Completed,Total,1341,HCD APR Table A2,Housing units (count)
chula vista,2023,Completed,Total,1062,HCD APR Table A2,Housing units (count)
chula vista,2024,Completed,Total,1348,HCD APR Table A2,Housing units (count)
chula vista,2025,Completed,Total,1428,HCD APR Table A2,Housing units (count)
coronado,2018,Completed,Total,20,HCD APR Table A2,Housing units (count)
coronado,2019,Completed,Total,27,HCD APR Table A2,Housing units (count)
coronado,2020,Completed,Total,51,HCD APR Table A2,Housing units (count)
coronado,2021,Completed,Total,27,HCD APR Table A2,Housing units (count)
coronado,2022,Completed,Total,30,HCD APR Table A2,Housing units (count)
coronado,2023,Completed,Total,30,HCD APR Table A2,Housing units (count)
coronado,2024,Completed,Total,42,HCD APR Table A2,Housing units (count)
coronado,2025,Completed,Total,36,HCD APR Table A2,Housing units (count)
del mar,2018,Completed,Total,1,HCD APR Table A2,Housing units (count)
del mar,2019,Completed,Total,1,HCD APR Table A2,Housing units (count)
del mar,2020,Completed,Total,3,HCD APR Table A2,Housing units (count)
del mar,2021,Completed,Total,6,HCD APR Table A2,Housing units (count)
del mar,2022,Completed,Total,19,HCD APR Table A2,Housing units (count)
del mar,2023,Completed,Total,23,HCD APR Table A2,Housing units (count)
del mar,2024,Completed,Total,21,HCD APR Table A2,Housing units (count)
del mar,2025,Completed,Total,17,HCD APR Table A2,Housing units (count)
el cajon,2018,Completed,Total,53,HCD APR Table A2,Housing units (count)
el cajon,2019,Completed,Total,184,HCD APR Table A2,Housing units (count)
el cajon,2020,Completed,Total,35,HCD APR Table A2,Housing units (count)
el cajon,2021,Completed,Total,165,HCD APR Table A2,Housing units (count)
el cajon,2022,Completed,Total,38,HCD APR Table A2,Housing units (count)
el cajon,2023,Completed,Total,50,HCD APR Table A2,Housing units (count)
el cajon,2024,Completed,Total,87,HCD APR Table A2,Housing units (count)
el cajon,2025,Completed,Total,235,HCD APR Table A2,Housing units (count)
encinitas,2018,Completed,Total,3,HCD APR Table A2,Housing units (count)
encinitas,2019,Completed,Total,140,HCD APR Table A2,Housing units (count)
encinitas,2020,Completed,Total,168,HCD APR Table A2,Housing units (count)
encinitas,2021,Completed,Total,159,HCD APR Table A2,Housing units (count)
encinitas,2022,Completed,Total,115,HCD APR Table A2,Housing units (count)
encinitas,2023,Completed,Total,121,HCD APR Table A2,Housing units (count)
encinitas,2024,Completed,Total,264,HCD APR Table A2,Housing units (count)
encinitas,2025,Completed,Total,228,HCD APR Table A2,Housing units (count)
escondido,2018,Completed,Total,279,HCD APR Table A2,Housing units (count)
escondido,2019,Completed,Total,352,HCD APR Table A2,Housing units (count)
escondido,2020,Completed,Total,126,HCD APR Table A2,Housing units (count)
escondido,2021,Completed,Total,210,HCD APR Table A2,Housing units (count)
escondido,2022,Completed,Total,263,HCD APR Table A2,Housing units (count)
escondido,2023,Completed,Total,182,HCD APR Table A2,Housing units (count)
escondido,2024,Completed,Total,246,HCD APR Table A2,Housing units (count)
escondido,2025,Completed,Total,604,HCD APR Table A2,Housing units (count)
imperial beach,2018,Completed,Total,34,HCD APR Table A2,Housing units (count)
imperial beach,2019,Completed,Total,67,HCD APR Table A2,Housing units (count)
imperial beach,2020,Completed,Total,8,HCD APR Table A2,Housing units (count)
imperial beach,2021,Completed,Total,9,HCD APR Table A2,Housing units (count)
imperial beach,2022,Completed,Total,25,HCD APR Table A2,Housing units (count)
imperial beach,2023,Completed,Total,31,HCD APR Table A2,Housing units (count)
imperial beach,2024,Completed,Total,29,HCD APR Table A2,Housing units (count)
imperial beach,2025,Completed,Total,13,HCD APR Table A2,Housing units (count)
la mesa,2018,Completed,Total,29,HCD APR Table A2,Housing units (count)
la mesa,2019,Completed,Total,59,HCD APR Table A2,Housing units (count)
la mesa,2020,Completed,Total,104,HCD APR Table A2,Housing units (count)
la mesa,2021,Completed,Total,187,HCD APR Table A2,Housing units (count)
la mesa,2022,Completed,Total,40,HCD APR Table A2,Housing units (count)
la mesa,2023,Completed,Total,142,HCD APR Table A2,Housing units (count)
la mesa,2024,Completed,Total,120,HCD APR Table A2,Housing units (count)
la mesa,2025,Completed,Total,249,HCD APR Table A2,Housing units (count)
lemon grove,2018,Completed,Total,25,HCD APR Table A2,Housing units (count)
lemon grove,2019,Completed,Total,26,HCD APR Table A2,Housing units (count)
lemon grove,2020,Completed,Total,9,HCD APR Table A2,Housing units (count)
lemon grove,2021,Completed,Total,0,HCD APR Table A2,Housing units (count)
lemon grove,2022,Completed,Total,0,HCD APR Table A2,Housing units (count)
lemon grove,2023,Completed,Total,0,HCD APR Table A2,Housing units (count)
lemon grove,2024,Completed,Total,160,HCD APR Table A2,Housing units (count)
lemon grove,2025,Completed,Total,61,HCD APR Table A2,Housing units (count)
national city,2018,Completed,Total,1,HCD APR Table A2,Housing units (count)
national city,2019,Completed,Total,1,HCD APR Table A2,Housing units (count)
national city,2020,Completed,Total,10,HCD APR Table A2,Housing units (count)
national city,2021,Completed,Total,139,HCD APR Table A2,Housing units (count)
national city,2022,Completed,Total,53,HCD APR Table A2,Housing units (count)
national city,2023,Completed,Total,196,HCD APR Table A2,Housing units (count)
national city,2024,Completed,Total,158,HCD APR Table A2,Housing units (count)
national city,2025,Completed,Total,234,HCD APR Table A2,Housing units (count)
oceanside,2018,Completed,Total,586,HCD APR Table A2,Housing units (count)
oceanside,2019,Completed,Total,348,HCD APR Table A2,Housing units (count)
oceanside,2020,Completed,Total,309,HCD APR Table A2,Housing units (count)
oceanside,2021,Completed,Total,277,HCD APR Table A2,Housing units (count)
oceanside,2022,Completed,Total,243,HCD APR Table A2,Housing units (count)
oceanside,2023,Completed,Total,266,HCD APR Table A2,Housing units (count)
oceanside,2024,Completed,Total,772,HCD APR Table A2,Housing units (count)
oceanside,2025,Completed,Total,505,HCD APR Table A2,Housing units (count)
poway,2018,Completed,Total,21,HCD APR Table A2,Housing units (count)
poway,2019,Completed,Total,16,HCD APR Table A2,Housing units (count)
poway,2020,Completed,Total,8,HCD APR Table A2,Housing units (count)
poway,2021,Completed,Total,124,HCD APR Table A2,Housing units (count)
poway,2022,Completed,Total,117,HCD APR Table A2,Housing units (count)
poway,2023,Completed,Total,137,HCD APR Table A2,Housing units (count)
poway,2024,Completed,Total,281,HCD APR Table A2,Housing units (count)
poway,2025,Completed,Total,47,HCD APR Table A2,Housing units (count)
san diego,2018,Completed,Total,0,HCD APR Table A2,Housing units (count)
san diego,2019,Completed,Total,0,HCD APR Table A2,Housing units (count)
san diego,2020,Completed,Total,0,HCD APR Table A2,Housing units (count)
san diego,2021,Completed,Total,3812,HCD APR Table A2,Housing units (count)
san diego,2022,Completed,Total,4775,HCD APR Table A2,Housing units (count)
san diego,2023,Completed,Total,4051,HCD APR Table A2,Housing units (count)
san diego,2024,Completed,Total,5104,HCD APR Table A2,Housing units (count)
san diego,2025,Completed,Total,453,HCD APR Table A2,Housing units (count)
san marcos,2018,Completed,Total,773,HCD APR Table A2,Housing units (count)
san marcos,2019,Completed,Total,353,HCD APR Table A2,Housing units (count)
san marcos,2020,Completed,Total,222,HCD APR Table A2,Housing units (count)
san marcos,2021,Completed,Total,184,HCD APR Table A2,Housing units (count)
san marcos,2022,Completed,Total,353,HCD APR Table A2,Housing units (count)
san marcos,2023,Completed,Total,635,HCD APR Table A2,Housing units (count)
san marcos,2024,Completed,Total,214,HCD APR Table A2,Housing units (count)
san marcos,2025,Completed,Total,297,HCD APR Table A2,Housing units (count)
santee,2018,Completed,Total,106,HCD APR Table A2,Housing units (count)
santee,2019,Completed,Total,41,HCD APR Table A2,Housing units (count)
santee,2020,Completed,Total,131,HCD APR Table A2,Housing units (count)
santee,2021,Completed,Total,122,HCD APR Table A2,Housing units (count)
santee,2022,Completed,Total,272,HCD APR Table A2,Housing units (count)
santee,2023,Completed,Total,54,HCD APR Table A2,Housing units (count)
santee,2024,Completed,Total,35,HCD APR Table A2,Housing units (count)
santee,2025,Completed,Total,50,HCD APR Table A2,Housing units (count)
solana beach,2018,Completed,Total,7,HCD APR Table A2,Housing units (count)
solana beach,2019,Completed,Total,9,HCD APR Table A2,Housing units (count)
solana beach,2020,Completed,Total,6,HCD APR Table A2,Housing units (count)
solana beach,2021,Completed,Total,10,HCD APR Table A2,Housing units (count)
solana beach,2022,Completed,Total,17,HCD APR Table A2,Housing units (count)
solana beach,2023,Completed,Total,46,HCD APR Table A2,Housing units (count)
solana beach,2024,Completed,Total,16,HCD APR Table A2,Housing units (count)
solana beach,2025,Completed,Total,14,HCD APR Table A2,Housing units (count)
unincorporated san diego county,2018,Completed,Total,418,HCD APR Table A2,Housing units (count)
unincorporated san diego county,2019,Completed,Total,0,HCD APR Table A2,Housing units (count)
unincorporated san diego county,2020,Completed,Total,0,HCD APR Table A2,Housing units (count)
unincorporated san diego county,2021,Completed,Total,1064,HCD APR Table A2,Housing units (count)
unincorporated san diego county,2022,Completed,Total,1287,HCD APR Table A2,Housing units (count)
unincorporated san diego county,2023,Completed,Total,1260,HCD APR Table A2,Housing units (count)
unincorporated san diego county,2024,Completed,Total,954,HCD APR Table A2,Housing units (count)
unincorporated san diego county,2025,Completed,Total,943,HCD APR Table A2,Housing units (count)
vista,2018,Completed,Total,15,HCD APR Table A2,Housing units (count)
vista,2019,Completed,Total,292,HCD APR Table A2,Housing units (count)
vista,2020,Completed,Total,477,HCD APR Table A2,Housing units (count)
vista,2021,Completed,Total,542,HCD APR Table A2,Housing units (count)
vista,2022,Completed,Total,237,HCD APR Table A2,Housing units (count)
vista,2023,Completed,Total,67,HCD APR Table A2,Housing units (count)
vista,2024,Completed,Total,256,HCD APR Table A2,Housing units (count)
vista,2025,Completed,Total,204,HCD APR Table A2,Housing units (count)
carlsbad,2025,Production - 2-4 Unit Buildings (Permitted),Total,5,HCD APR Table A2 (UNIT_CAT),Housing units (count)
carlsbad,2025,Production - 2-4 Unit Buildings (Completed),Total,0,HCD APR Table A2 (UNIT_CAT),Housing units (count)
carlsbad,2025,Production - 5+ Unit Buildings (Permitted),Total,175,HCD APR Table A2 (UNIT_CAT),Housing units (count)
carlsbad,2025,Production - 5+ Unit Buildings (Completed),Total,385,HCD APR Table A2 (UNIT_CAT),Housing units (count)
carlsbad,2025,Production - Accessory Dwelling Unit (Permitted),Total,77,HCD APR Table A2 (UNIT_CAT),Housing units (count)
carlsbad,2025,Production - Accessory Dwelling Unit (Completed),Total,78,HCD APR Table A2 (UNIT_CAT),Housing units (count)
carlsbad,2025,Production - Single-Family Attached (Permitted),Total,81,HCD APR Table A2 (UNIT_CAT),Housing units (count)
carlsbad,2025,Production - Single-Family Attached (Completed),Total,229,HCD APR Table A2 (UNIT_CAT),Housing units (count)
carlsbad,2025,Production - Single-Family Detached (Permitted),Total,5,HCD APR Table A2 (UNIT_CAT),Housing units (count)
carlsbad,2025,Production - Single-Family Detached (Completed),Total,27,HCD APR Table A2 (UNIT_CAT),Housing units (count)
chula vista,2025,Production - 2-4 Unit Buildings (Permitted),Total,86,HCD APR Table A2 (UNIT_CAT),Housing units (count)
chula vista,2025,Production - 2-4 Unit Buildings (Completed),Total,206,HCD APR Table A2 (UNIT_CAT),Housing units (count)
chula vista,2025,Production - 5+ Unit Buildings (Permitted),Total,383,HCD APR Table A2 (UNIT_CAT),Housing units (count)
chula vista,2025,Production - 5+ Unit Buildings (Completed),Total,964,HCD APR Table A2 (UNIT_CAT),Housing units (count)
chula vista,2025,Production - Accessory Dwelling Unit (Permitted),Total,223,HCD APR Table A2 (UNIT_CAT),Housing units (count)
chula vista,2025,Production - Accessory Dwelling Unit (Completed),Total,202,HCD APR Table A2 (UNIT_CAT),Housing units (count)
chula vista,2025,Production - Single-Family Detached (Permitted),Total,31,HCD APR Table A2 (UNIT_CAT),Housing units (count)
chula vista,2025,Production - Single-Family Detached (Completed),Total,56,HCD APR Table A2 (UNIT_CAT),Housing units (count)
coronado,2025,Production - 2-4 Unit Buildings (Permitted),Total,0,HCD APR Table A2 (UNIT_CAT),Housing units (count)
coronado,2025,Production - 2-4 Unit Buildings (Completed),Total,8,HCD APR Table A2 (UNIT_CAT),Housing units (count)
coronado,2025,Production - Accessory Dwelling Unit (Permitted),Total,9,HCD APR Table A2 (UNIT_CAT),Housing units (count)
coronado,2025,Production - Accessory Dwelling Unit (Completed),Total,9,HCD APR Table A2 (UNIT_CAT),Housing units (count)
coronado,2025,Production - Single-Family Detached (Permitted),Total,15,HCD APR Table A2 (UNIT_CAT),Housing units (count)
coronado,2025,Production - Single-Family Detached (Completed),Total,19,HCD APR Table A2 (UNIT_CAT),Housing units (count)
del mar,2025,Production - Accessory Dwelling Unit (Permitted),Total,14,HCD APR Table A2 (UNIT_CAT),Housing units (count)
del mar,2025,Production - Accessory Dwelling Unit (Completed),Total,17,HCD APR Table A2 (UNIT_CAT),Housing units (count)
el cajon,2025,Production - 2-4 Unit Buildings (Permitted),Total,0,HCD APR Table A2 (UNIT_CAT),Housing units (count)
el cajon,2025,Production - 2-4 Unit Buildings (Completed),Total,2,HCD APR Table A2 (UNIT_CAT),Housing units (count)
el cajon,2025,Production - 5+ Unit Buildings (Permitted),Total,16,HCD APR Table A2 (UNIT_CAT),Housing units (count)
el cajon,2025,Production - 5+ Unit Buildings (Completed),Total,75,HCD APR Table A2 (UNIT_CAT),Housing units (count)
el cajon,2025,Production - Accessory Dwelling Unit (Permitted),Total,86,HCD APR Table A2 (UNIT_CAT),Housing units (count)
el cajon,2025,Production - Accessory Dwelling Unit (Completed),Total,63,HCD APR Table A2 (UNIT_CAT),Housing units (count)
el cajon,2025,Production - Single-Family Attached (Permitted),Total,104,HCD APR Table A2 (UNIT_CAT),Housing units (count)
el cajon,2025,Production - Single-Family Attached (Completed),Total,87,HCD APR Table A2 (UNIT_CAT),Housing units (count)
el cajon,2025,Production - Single-Family Detached (Permitted),Total,4,HCD APR Table A2 (UNIT_CAT),Housing units (count)
el cajon,2025,Production - Single-Family Detached (Completed),Total,8,HCD APR Table A2 (UNIT_CAT),Housing units (count)
encinitas,2025,Production - 2-4 Unit Buildings (Permitted),Total,0,HCD APR Table A2 (UNIT_CAT),Housing units (count)
encinitas,2025,Production - 2-4 Unit Buildings (Completed),Total,0,HCD APR Table A2 (UNIT_CAT),Housing units (count)
encinitas,2025,Production - 5+ Unit Buildings (Permitted),Total,39,HCD APR Table A2 (UNIT_CAT),Housing units (count)
encinitas,2025,Production - 5+ Unit Buildings (Completed),Total,98,HCD APR Table A2 (UNIT_CAT),Housing units (count)
encinitas,2025,Production - Accessory Dwelling Unit (Permitted),Total,85,HCD APR Table A2 (UNIT_CAT),Housing units (count)
encinitas,2025,Production - Accessory Dwelling Unit (Completed),Total,91,HCD APR Table A2 (UNIT_CAT),Housing units (count)
encinitas,2025,Production - Single-Family Attached (Permitted),Total,1,HCD APR Table A2 (UNIT_CAT),Housing units (count)
encinitas,2025,Production - Single-Family Attached (Completed),Total,4,HCD APR Table A2 (UNIT_CAT),Housing units (count)
encinitas,2025,Production - Single-Family Detached (Permitted),Total,62,HCD APR Table A2 (UNIT_CAT),Housing units (count)
encinitas,2025,Production - Single-Family Detached (Completed),Total,35,HCD APR Table A2 (UNIT_CAT),Housing units (count)
escondido,2025,Production - 2-4 Unit Buildings (Permitted),Total,0,HCD APR Table A2 (UNIT_CAT),Housing units (count)
escondido,2025,Production - 2-4 Unit Buildings (Completed),Total,4,HCD APR Table A2 (UNIT_CAT),Housing units (count)
escondido,2025,Production - 5+ Unit Buildings (Permitted),Total,260,HCD APR Table A2 (UNIT_CAT),Housing units (count)
escondido,2025,Production - 5+ Unit Buildings (Completed),Total,367,HCD APR Table A2 (UNIT_CAT),Housing units (count)
escondido,2025,Production - Accessory Dwelling Unit (Permitted),Total,117,HCD APR Table A2 (UNIT_CAT),Housing units (count)
escondido,2025,Production - Accessory Dwelling Unit (Completed),Total,70,HCD APR Table A2 (UNIT_CAT),Housing units (count)
escondido,2025,Production - Single-Family Attached (Permitted),Total,0,HCD APR Table A2 (UNIT_CAT),Housing units (count)
escondido,2025,Production - Single-Family Attached (Completed),Total,0,HCD APR Table A2 (UNIT_CAT),Housing units (count)
escondido,2025,Production - Single-Family Detached (Permitted),Total,137,HCD APR Table A2 (UNIT_CAT),Housing units (count)
escondido,2025,Production - Single-Family Detached (Completed),Total,163,HCD APR Table A2 (UNIT_CAT),Housing units (count)
imperial beach,2025,Production - 2-4 Unit Buildings (Permitted),Total,14,HCD APR Table A2 (UNIT_CAT),Housing units (count)
imperial beach,2025,Production - 2-4 Unit Buildings (Completed),Total,4,HCD APR Table A2 (UNIT_CAT),Housing units (count)
imperial beach,2025,Production - Accessory Dwelling Unit (Permitted),Total,56,HCD APR Table A2 (UNIT_CAT),Housing units (count)
imperial beach,2025,Production - Accessory Dwelling Unit (Completed),Total,8,HCD APR Table A2 (UNIT_CAT),Housing units (count)
imperial beach,2025,Production - Single-Family Detached (Permitted),Total,1,HCD APR Table A2 (UNIT_CAT),Housing units (count)
imperial beach,2025,Production - Single-Family Detached (Completed),Total,1,HCD APR Table A2 (UNIT_CAT),Housing units (count)
la mesa,2025,Production - 2-4 Unit Buildings (Permitted),Total,4,HCD APR Table A2 (UNIT_CAT),Housing units (count)
la mesa,2025,Production - 2-4 Unit Buildings (Completed),Total,0,HCD APR Table A2 (UNIT_CAT),Housing units (count)
la mesa,2025,Production - 5+ Unit Buildings (Permitted),Total,136,HCD APR Table A2 (UNIT_CAT),Housing units (count)
la mesa,2025,Production - 5+ Unit Buildings (Completed),Total,157,HCD APR Table A2 (UNIT_CAT),Housing units (count)
la mesa,2025,Production - Accessory Dwelling Unit (Permitted),Total,81,HCD APR Table A2 (UNIT_CAT),Housing units (count)
la mesa,2025,Production - Accessory Dwelling Unit (Completed),Total,68,HCD APR Table A2 (UNIT_CAT),Housing units (count)
la mesa,2025,Production - Single-Family Attached (Permitted),Total,1,HCD APR Table A2 (UNIT_CAT),Housing units (count)
la mesa,2025,Production - Single-Family Attached (Completed),Total,8,HCD APR Table A2 (UNIT_CAT),Housing units (count)
la mesa,2025,Production - Single-Family Detached (Permitted),Total,32,HCD APR Table A2 (UNIT_CAT),Housing units (count)
la mesa,2025,Production - Single-Family Detached (Completed),Total,16,HCD APR Table A2 (UNIT_CAT),Housing units (count)
lemon grove,2025,Production - Accessory Dwelling Unit (Permitted),Total,29,HCD APR Table A2 (UNIT_CAT),Housing units (count)
lemon grove,2025,Production - Accessory Dwelling Unit (Completed),Total,39,HCD APR Table A2 (UNIT_CAT),Housing units (count)
lemon grove,2025,Production - Single-Family Attached (Permitted),Total,0,HCD APR Table A2 (UNIT_CAT),Housing units (count)
lemon grove,2025,Production - Single-Family Attached (Completed),Total,22,HCD APR Table A2 (UNIT_CAT),Housing units (count)
lemon grove,2025,Production - Single-Family Detached (Permitted),Total,3,HCD APR Table A2 (UNIT_CAT),Housing units (count)
lemon grove,2025,Production - Single-Family Detached (Completed),Total,0,HCD APR Table A2 (UNIT_CAT),Housing units (count)
national city,2025,Production - Accessory Dwelling Unit (Permitted),Total,49,HCD APR Table A2 (UNIT_CAT),Housing units (count)
national city,2025,Production - Accessory Dwelling Unit (Completed),Total,39,HCD APR Table A2 (UNIT_CAT),Housing units (count)
national city,2025,Production - Mobile / Manufactured Home (Permitted),Total,0,HCD APR Table A2 (UNIT_CAT),Housing units (count)
national city,2025,Production - Mobile / Manufactured Home (Completed),Total,193,HCD APR Table A2 (UNIT_CAT),Housing units (count)
national city,2025,Production - Single-Family Attached (Permitted),Total,1,HCD APR Table A2 (UNIT_CAT),Housing units (count)
national city,2025,Production - Single-Family Attached (Completed),Total,0,HCD APR Table A2 (UNIT_CAT),Housing units (count)
national city,2025,Production - Single-Family Detached (Permitted),Total,1,HCD APR Table A2 (UNIT_CAT),Housing units (count)
national city,2025,Production - Single-Family Detached (Completed),Total,2,HCD APR Table A2 (UNIT_CAT),Housing units (count)
oceanside,2025,Production - 2-4 Unit Buildings (Permitted),Total,3,HCD APR Table A2 (UNIT_CAT),Housing units (count)
oceanside,2025,Production - 2-4 Unit Buildings (Completed),Total,5,HCD APR Table A2 (UNIT_CAT),Housing units (count)
oceanside,2025,Production - 5+ Unit Buildings (Permitted),Total,433,HCD APR Table A2 (UNIT_CAT),Housing units (count)
oceanside,2025,Production - 5+ Unit Buildings (Completed),Total,311,HCD APR Table A2 (UNIT_CAT),Housing units (count)
oceanside,2025,Production - Accessory Dwelling Unit (Permitted),Total,81,HCD APR Table A2 (UNIT_CAT),Housing units (count)
oceanside,2025,Production - Accessory Dwelling Unit (Completed),Total,76,HCD APR Table A2 (UNIT_CAT),Housing units (count)
oceanside,2025,Production - Single-Family Attached (Permitted),Total,162,HCD APR Table A2 (UNIT_CAT),Housing units (count)
oceanside,2025,Production - Single-Family Attached (Completed),Total,14,HCD APR Table A2 (UNIT_CAT),Housing units (count)
oceanside,2025,Production - Single-Family Detached (Permitted),Total,213,HCD APR Table A2 (UNIT_CAT),Housing units (count)
oceanside,2025,Production - Single-Family Detached (Completed),Total,99,HCD APR Table A2 (UNIT_CAT),Housing units (count)
poway,2025,Production - 2-4 Unit Buildings (Permitted),Total,0,HCD APR Table A2 (UNIT_CAT),Housing units (count)
poway,2025,Production - 2-4 Unit Buildings (Completed),Total,1,HCD APR Table A2 (UNIT_CAT),Housing units (count)
poway,2025,Production - Accessory Dwelling Unit (Permitted),Total,36,HCD APR Table A2 (UNIT_CAT),Housing units (count)
poway,2025,Production - Accessory Dwelling Unit (Completed),Total,29,HCD APR Table A2 (UNIT_CAT),Housing units (count)
poway,2025,Production - Single-Family Detached (Permitted),Total,52,HCD APR Table A2 (UNIT_CAT),Housing units (count)
poway,2025,Production - Single-Family Detached (Completed),Total,17,HCD APR Table A2 (UNIT_CAT),Housing units (count)
san diego,2025,Production - 2-4 Unit Buildings (Permitted),Total,12,HCD APR Table A2 (UNIT_CAT),Housing units (count)
san diego,2025,Production - 2-4 Unit Buildings (Completed),Total,0,HCD APR Table A2 (UNIT_CAT),Housing units (count)
san diego,2025,Production - 5+ Unit Buildings (Permitted),Total,5302,HCD APR Table A2 (UNIT_CAT),Housing units (count)
san diego,2025,Production - 5+ Unit Buildings (Completed),Total,34,HCD APR Table A2 (UNIT_CAT),Housing units (count)
san diego,2025,Production - Accessory Dwelling Unit (Permitted),Total,2165,HCD APR Table A2 (UNIT_CAT),Housing units (count)
san diego,2025,Production - Accessory Dwelling Unit (Completed),Total,264,HCD APR Table A2 (UNIT_CAT),Housing units (count)
san diego,2025,Production - Single-Family Attached (Permitted),Total,279,HCD APR Table A2 (UNIT_CAT),Housing units (count)
san diego,2025,Production - Single-Family Attached (Completed),Total,150,HCD APR Table A2 (UNIT_CAT),Housing units (count)
san diego,2025,Production - Single-Family Detached (Permitted),Total,84,HCD APR Table A2 (UNIT_CAT),Housing units (count)
san diego,2025,Production - Single-Family Detached (Completed),Total,5,HCD APR Table A2 (UNIT_CAT),Housing units (count)
san marcos,2025,Production - 2-4 Unit Buildings (Permitted),Total,4,HCD APR Table A2 (UNIT_CAT),Housing units (count)
san marcos,2025,Production - 2-4 Unit Buildings (Completed),Total,0,HCD APR Table A2 (UNIT_CAT),Housing units (count)
san marcos,2025,Production - 5+ Unit Buildings (Permitted),Total,355,HCD APR Table A2 (UNIT_CAT),Housing units (count)
san marcos,2025,Production - 5+ Unit Buildings (Completed),Total,36,HCD APR Table A2 (UNIT_CAT),Housing units (count)
san marcos,2025,Production - Accessory Dwelling Unit (Permitted),Total,30,HCD APR Table A2 (UNIT_CAT),Housing units (count)
san marcos,2025,Production - Accessory Dwelling Unit (Completed),Total,32,HCD APR Table A2 (UNIT_CAT),Housing units (count)
san marcos,2025,Production - Single-Family Attached (Permitted),Total,329,HCD APR Table A2 (UNIT_CAT),Housing units (count)
san marcos,2025,Production - Single-Family Attached (Completed),Total,173,HCD APR Table A2 (UNIT_CAT),Housing units (count)
san marcos,2025,Production - Single-Family Detached (Permitted),Total,55,HCD APR Table A2 (UNIT_CAT),Housing units (count)
san marcos,2025,Production - Single-Family Detached (Completed),Total,56,HCD APR Table A2 (UNIT_CAT),Housing units (count)
santee,2025,Production - 2-4 Unit Buildings (Permitted),Total,0,HCD APR Table A2 (UNIT_CAT),Housing units (count)
santee,2025,Production - 2-4 Unit Buildings (Completed),Total,0,HCD APR Table A2 (UNIT_CAT),Housing units (count)
santee,2025,Production - 5+ Unit Buildings (Permitted),Total,0,HCD APR Table A2 (UNIT_CAT),Housing units (count)
santee,2025,Production - 5+ Unit Buildings (Completed),Total,0,HCD APR Table A2 (UNIT_CAT),Housing units (count)
santee,2025,Production - Accessory Dwelling Unit (Permitted),Total,24,HCD APR Table A2 (UNIT_CAT),Housing units (count)
santee,2025,Production - Accessory Dwelling Unit (Completed),Total,22,HCD APR Table A2 (UNIT_CAT),Housing units (count)
santee,2025,Production - Single-Family Attached (Permitted),Total,0,HCD APR Table A2 (UNIT_CAT),Housing units (count)
santee,2025,Production - Single-Family Attached (Completed),Total,27,HCD APR Table A2 (UNIT_CAT),Housing units (count)
santee,2025,Production - Single-Family Detached (Permitted),Total,21,HCD APR Table A2 (UNIT_CAT),Housing units (count)
santee,2025,Production - Single-Family Detached (Completed),Total,1,HCD APR Table A2 (UNIT_CAT),Housing units (count)
solana beach,2025,Production - 2-4 Unit Buildings (Permitted),Total,0,HCD APR Table A2 (UNIT_CAT),Housing units (count)
solana beach,2025,Production - 2-4 Unit Buildings (Completed),Total,0,HCD APR Table A2 (UNIT_CAT),Housing units (count)
solana beach,2025,Production - Accessory Dwelling Unit (Permitted),Total,30,HCD APR Table A2 (UNIT_CAT),Housing units (count)
solana beach,2025,Production - Accessory Dwelling Unit (Completed),Total,14,HCD APR Table A2 (UNIT_CAT),Housing units (count)
solana beach,2025,Production - Single-Family Detached (Permitted),Total,7,HCD APR Table A2 (UNIT_CAT),Housing units (count)
solana beach,2025,Production - Single-Family Detached (Completed),Total,0,HCD APR Table A2 (UNIT_CAT),Housing units (count)
unincorporated san diego county,2025,Production - 2-4 Unit Buildings (Permitted),Total,0,HCD APR Table A2 (UNIT_CAT),Housing units (count)
unincorporated san diego county,2025,Production - 2-4 Unit Buildings (Completed),Total,8,HCD APR Table A2 (UNIT_CAT),Housing units (count)
unincorporated san diego county,2025,Production - 5+ Unit Buildings (Permitted),Total,65,HCD APR Table A2 (UNIT_CAT),Housing units (count)
unincorporated san diego county,2025,Production - 5+ Unit Buildings (Completed),Total,102,HCD APR Table A2 (UNIT_CAT),Housing units (count)
unincorporated san diego county,2025,Production - Accessory Dwelling Unit (Permitted),Total,403,HCD APR Table A2 (UNIT_CAT),Housing units (count)
unincorporated san diego county,2025,Production - Accessory Dwelling Unit (Completed),Total,407,HCD APR Table A2 (UNIT_CAT),Housing units (count)
unincorporated san diego county,2025,Production - Mobile / Manufactured Home (Permitted),Total,84,HCD APR Table A2 (UNIT_CAT),Housing units (count)
unincorporated san diego county,2025,Production - Mobile / Manufactured Home (Completed),Total,82,HCD APR Table A2 (UNIT_CAT),Housing units (count)
unincorporated san diego county,2025,Production - Single-Family Attached (Permitted),Total,4,HCD APR Table A2 (UNIT_CAT),Housing units (count)
unincorporated san diego county,2025,Production - Single-Family Attached (Completed),Total,10,HCD APR Table A2 (UNIT_CAT),Housing units (count)
unincorporated san diego county,2025,Production - Single-Family Detached (Permitted),Total,376,HCD APR Table A2 (UNIT_CAT),Housing units (count)
unincorporated san diego county,2025,Production - Single-Family Detached (Completed),Total,334,HCD APR Table A2 (UNIT_CAT),Housing units (count)
vista,2025,Production - 2-4 Unit Buildings (Permitted),Total,12,HCD APR Table A2 (UNIT_CAT),Housing units (count)
vista,2025,Production - 2-4 Unit Buildings (Completed),Total,4,HCD APR Table A2 (UNIT_CAT),Housing units (count)
vista,2025,Production - 5+ Unit Buildings (Permitted),Total,36,HCD APR Table A2 (UNIT_CAT),Housing units (count)
vista,2025,Production - 5+ Unit Buildings (Completed),Total,77,HCD APR Table A2 (UNIT_CAT),Housing units (count)
vista,2025,Production - Accessory Dwelling Unit (Permitted),Total,100,HCD APR Table A2 (UNIT_CAT),Housing units (count)
vista,2025,Production - Accessory Dwelling Unit (Completed),Total,100,HCD APR Table A2 (UNIT_CAT),Housing units (count)
vista,2025,Production - Single-Family Attached (Permitted),Total,4,HCD APR Table A2 (UNIT_CAT),Housing units (count)
vista,2025,Production - Single-Family Attached (Completed),Total,0,HCD APR Table A2 (UNIT_CAT),Housing units (count)
vista,2025,Production - Single-Family Detached (Permitted),Total,37,HCD APR Table A2 (UNIT_CAT),Housing units (count)
vista,2025,Production - Single-Family Detached (Completed),Total,23,HCD APR Table A2 (UNIT_CAT),Housing units (count)
carlsbad,2025,Total Housing Stock,Total,48888.0,CA DOF E-5,Housing units (count)
chula vista,2025,Total Housing Stock,Total,91485.0,CA DOF E-5,Housing units (count)
coronado,2025,Total Housing Stock,Total,9646.0,CA DOF E-5,Housing units (count)
del mar,2025,Total Housing Stock,Total,2641.0,CA DOF E-5,Housing units (count)
el cajon,2025,Total Housing Stock,Total,37011.0,CA DOF E-5,Housing units (count)
encinitas,2025,Total Housing Stock,Total,27118.0,CA DOF E-5,Housing units (count)
escondido,2025,Total Housing Stock,Total,50883.0,CA DOF E-5,Housing units (count)
imperial beach,2025,Total Housing Stock,Total,10269.0,CA DOF E-5,Housing units (count)
la mesa,2025,Total Housing Stock,Total,26851.0,CA DOF E-5,Housing units (count)
lemon grove,2025,Total Housing Stock,Total,9812.0,CA DOF E-5,Housing units (count)
national city,2025,Total Housing Stock,Total,18298.0,CA DOF E-5,Housing units (count)
oceanside,2025,Total Housing Stock,Total,69097.0,CA DOF E-5,Housing units (count)
poway,2025,Total Housing Stock,Total,17773.0,CA DOF E-5,Housing units (count)
san diego,2025,Total Housing Stock,Total,581050.0,CA DOF E-5,Housing units (count)
san marcos,2025,Total Housing Stock,Total,33157.0,CA DOF E-5,Housing units (count)
santee,2025,Total Housing Stock,Total,22458.0,CA DOF E-5,Housing units (count)
solana beach,2025,Total Housing Stock,Total,6736.0,CA DOF E-5,Housing units (count)
unincorporated san diego county,2025,Total Housing Stock,Total,183336.0,CA DOF E-5,Housing units (count)
vista,2025,Total Housing Stock,Total,34384.0,CA DOF E-5,Housing units (count)
carlsbad,2025,Occupied Housing Units,Total,45710.0,CA DOF E-5,Housing units (count)
chula vista,2025,Occupied Housing Units,Total,88373.0,CA DOF E-5,Housing units (count)
coronado,2025,Occupied Housing Units,Total,7438.0,CA DOF E-5,Housing units (count)
del mar,2025,Occupied Housing Units,Total,1952.0,CA DOF E-5,Housing units (count)
el cajon,2025,Occupied Housing Units,Total,35686.0,CA DOF E-5,Housing units (count)
encinitas,2025,Occupied Housing Units,Total,25046.0,CA DOF E-5,Housing units (count)
escondido,2025,Occupied Housing Units,Total,49041.0,CA DOF E-5,Housing units (count)
imperial beach,2025,Occupied Housing Units,Total,9499.0,CA DOF E-5,Housing units (count)
la mesa,2025,Occupied Housing Units,Total,25814.0,CA DOF E-5,Housing units (count)
lemon grove,2025,Occupied Housing Units,Total,9462.0,CA DOF E-5,Housing units (count)
national city,2025,Occupied Housing Units,Total,17460.0,CA DOF E-5,Housing units (count)
oceanside,2025,Occupied Housing Units,Total,64647.0,CA DOF E-5,Housing units (count)
poway,2025,Occupied Housing Units,Total,17234.0,CA DOF E-5,Housing units (count)
san diego,2025,Occupied Housing Units,Total,541963.0,CA DOF E-5,Housing units (count)
san marcos,2025,Occupied Housing Units,Total,31890.0,CA DOF E-5,Housing units (count)
santee,2025,Occupied Housing Units,Total,21753.0,CA DOF E-5,Housing units (count)
solana beach,2025,Occupied Housing Units,Total,5782.0,CA DOF E-5,Housing units (count)
unincorporated san diego county,2025,Occupied Housing Units,Total,172330.0,CA DOF E-5,Housing units (count)
vista,2025,Occupied Housing Units,Total,33138.0,CA DOF E-5,Housing units (count)
carlsbad,2025,Vacant Housing Units,Total,3178.0,CA DOF E-5,Housing units (count)
chula vista,2025,Vacant Housing Units,Total,3112.0,CA DOF E-5,Housing units (count)
coronado,2025,Vacant Housing Units,Total,2208.0,CA DOF E-5,Housing units (count)
del mar,2025,Vacant Housing Units,Total,689.0,CA DOF E-5,Housing units (count)
el cajon,2025,Vacant Housing Units,Total,1325.0,CA DOF E-5,Housing units (count)
encinitas,2025,Vacant Housing Units,Total,2072.0,CA DOF E-5,Housing units (count)
escondido,2025,Vacant Housing Units,Total,1842.0,CA DOF E-5,Housing units (count)
imperial beach,2025,Vacant Housing Units,Total,770.0,CA DOF E-5,Housing units (count)
la mesa,2025,Vacant Housing Units,Total,1037.0,CA DOF E-5,Housing units (count)
lemon grove,2025,Vacant Housing Units,Total,350.0,CA DOF E-5,Housing units (count)
national city,2025,Vacant Housing Units,Total,838.0,CA DOF E-5,Housing units (count)
oceanside,2025,Vacant Housing Units,Total,4450.0,CA DOF E-5,Housing units (count)
poway,2025,Vacant Housing Units,Total,539.0,CA DOF E-5,Housing units (count)
san diego,2025,Vacant Housing Units,Total,39087.0,CA DOF E-5,Housing units (count)
san marcos,2025,Vacant Housing Units,Total,1267.0,CA DOF E-5,Housing units (count)
santee,2025,Vacant Housing Units,Total,705.0,CA DOF E-5,Housing units (count)
solana beach,2025,Vacant Housing Units,Total,954.0,CA DOF E-5,Housing units (count)
unincorporated san diego county,2025,Vacant Housing Units,Total,11006.0,CA DOF E-5,Housing units (count)
vista,2025,Vacant Housing Units,Total,1246.0,CA DOF E-5,Housing units (count)
carlsbad,2025,Single-Family Housing Stock,Total,33861.0,CA DOF E-5,Housing units (count)
chula vista,2025,Single-Family Housing Stock,Total,56792.0,CA DOF E-5,Housing units (count)
coronado,2025,Single-Family Housing Stock,Total,5463.0,CA DOF E-5,Housing units (count)
del mar,2025,Single-Family Housing Stock,Total,1903.0,CA DOF E-5,Housing units (count)
el cajon,2025,Single-Family Housing Stock,Total,17276.0,CA DOF E-5,Housing units (count)
encinitas,2025,Single-Family Housing Stock,Total,20958.0,CA DOF E-5,Housing units (count)
escondido,2025,Single-Family Housing Stock,Total,29260.0,CA DOF E-5,Housing units (count)
imperial beach,2025,Single-Family Housing Stock,Total,4934.0,CA DOF E-5,Housing units (count)
la mesa,2025,Single-Family Housing Stock,Total,14068.0,CA DOF E-5,Housing units (count)
lemon grove,2025,Single-Family Housing Stock,Total,7310.0,CA DOF E-5,Housing units (count)
national city,2025,Single-Family Housing Stock,Total,9477.0,CA DOF E-5,Housing units (count)
oceanside,2025,Single-Family Housing Stock,Total,43895.0,CA DOF E-5,Housing units (count)
poway,2025,Single-Family Housing Stock,Total,13695.0,CA DOF E-5,Housing units (count)
san diego,2025,Single-Family Housing Stock,Total,297453.0,CA DOF E-5,Housing units (count)
san marcos,2025,Single-Family Housing Stock,Total,19742.0,CA DOF E-5,Housing units (count)
santee,2025,Single-Family Housing Stock,Total,14535.0,CA DOF E-5,Housing units (count)
solana beach,2025,Single-Family Housing Stock,Total,4513.0,CA DOF E-5,Housing units (count)
unincorporated san diego county,2025,Single-Family Housing Stock,Total,137602.0,CA DOF E-5,Housing units (count)
vista,2025,Single-Family Housing Stock,Total,19470.0,CA DOF E-5,Housing units (count)
carlsbad,2025,Multifamily Housing Stock,Total,13817.0,CA DOF E-5,Housing units (count)
chula vista,2025,Multifamily Housing Stock,Total,30800.0,CA DOF E-5,Housing units (count)
coronado,2025,Multifamily Housing Stock,Total,4180.0,CA DOF E-5,Housing units (count)
del mar,2025,Multifamily Housing Stock,Total,738.0,CA DOF E-5,Housing units (count)
el cajon,2025,Multifamily Housing Stock,Total,17852.0,CA DOF E-5,Housing units (count)
encinitas,2025,Multifamily Housing Stock,Total,5522.0,CA DOF E-5,Housing units (count)
escondido,2025,Multifamily Housing Stock,Total,17918.0,CA DOF E-5,Housing units (count)
imperial beach,2025,Multifamily Housing Stock,Total,5033.0,CA DOF E-5,Housing units (count)
la mesa,2025,Multifamily Housing Stock,Total,12615.0,CA DOF E-5,Housing units (count)
lemon grove,2025,Multifamily Housing Stock,Total,2424.0,CA DOF E-5,Housing units (count)
national city,2025,Multifamily Housing Stock,Total,8393.0,CA DOF E-5,Housing units (count)
oceanside,2025,Multifamily Housing Stock,Total,21997.0,CA DOF E-5,Housing units (count)
poway,2025,Multifamily Housing Stock,Total,3298.0,CA DOF E-5,Housing units (count)
san diego,2025,Multifamily Housing Stock,Total,277185.0,CA DOF E-5,Housing units (count)
san marcos,2025,Multifamily Housing Stock,Total,10311.0,CA DOF E-5,Housing units (count)
santee,2025,Multifamily Housing Stock,Total,5627.0,CA DOF E-5,Housing units (count)
solana beach,2025,Multifamily Housing Stock,Total,2211.0,CA DOF E-5,Housing units (count)
unincorporated san diego county,2025,Multifamily Housing Stock,Total,30859.0,CA DOF E-5,Housing units (count)
vista,2025,Multifamily Housing Stock,Total,13104.0,CA DOF E-5,Housing units (count)
carlsbad,2025,Mobile Home Housing Stock,Total,1210.0,CA DOF E-5,Housing units (count)
chula vista,2025,Mobile Home Housing Stock,Total,3893.0,CA DOF E-5,Housing units (count)
coronado,2025,Mobile Home Housing Stock,Total,3.0,CA DOF E-5,Housing units (count)
del mar,2025,Mobile Home Housing Stock,Total,0.0,CA DOF E-5,Housing units (count)
el cajon,2025,Mobile Home Housing Stock,Total,1883.0,CA DOF E-5,Housing units (count)
encinitas,2025,Mobile Home Housing Stock,Total,638.0,CA DOF E-5,Housing units (count)
escondido,2025,Mobile Home Housing Stock,Total,3705.0,CA DOF E-5,Housing units (count)
imperial beach,2025,Mobile Home Housing Stock,Total,302.0,CA DOF E-5,Housing units (count)
la mesa,2025,Mobile Home Housing Stock,Total,168.0,CA DOF E-5,Housing units (count)
lemon grove,2025,Mobile Home Housing Stock,Total,78.0,CA DOF E-5,Housing units (count)
national city,2025,Mobile Home Housing Stock,Total,428.0,CA DOF E-5,Housing units (count)
oceanside,2025,Mobile Home Housing Stock,Total,3205.0,CA DOF E-5,Housing units (count)
poway,2025,Mobile Home Housing Stock,Total,780.0,CA DOF E-5,Housing units (count)
san diego,2025,Mobile Home Housing Stock,Total,6412.0,CA DOF E-5,Housing units (count)
san marcos,2025,Mobile Home Housing Stock,Total,3104.0,CA DOF E-5,Housing units (count)
santee,2025,Mobile Home Housing Stock,Total,2296.0,CA DOF E-5,Housing units (count)
solana beach,2025,Mobile Home Housing Stock,Total,12.0,CA DOF E-5,Housing units (count)
unincorporated san diego county,2025,Mobile Home Housing Stock,Total,14875.0,CA DOF E-5,Housing units (count)
vista,2025,Mobile Home Housing Stock,Total,1810.0,CA DOF E-5,Housing units (count)
carlsbad,2025,Annual DOF Housing Stock,Total,48888.0,CA DOF E-5,Housing units (count)
chula vista,2025,Annual DOF Housing Stock,Total,91485.0,CA DOF E-5,Housing units (count)
coronado,2025,Annual DOF Housing Stock,Total,9646.0,CA DOF E-5,Housing units (count)
del mar,2025,Annual DOF Housing Stock,Total,2641.0,CA DOF E-5,Housing units (count)
el cajon,2025,Annual DOF Housing Stock,Total,37011.0,CA DOF E-5,Housing units (count)
encinitas,2025,Annual DOF Housing Stock,Total,27118.0,CA DOF E-5,Housing units (count)
escondido,2025,Annual DOF Housing Stock,Total,50883.0,CA DOF E-5,Housing units (count)
imperial beach,2025,Annual DOF Housing Stock,Total,10269.0,CA DOF E-5,Housing units (count)
la mesa,2025,Annual DOF Housing Stock,Total,26851.0,CA DOF E-5,Housing units (count)
lemon grove,2025,Annual DOF Housing Stock,Total,9812.0,CA DOF E-5,Housing units (count)
national city,2025,Annual DOF Housing Stock,Total,18298.0,CA DOF E-5,Housing units (count)
oceanside,2025,Annual DOF Housing Stock,Total,69097.0,CA DOF E-5,Housing units (count)
poway,2025,Annual DOF Housing Stock,Total,17773.0,CA DOF E-5,Housing units (count)
san diego,2025,Annual DOF Housing Stock,Total,581050.0,CA DOF E-5,Housing units (count)
san marcos,2025,Annual DOF Housing Stock,Total,33157.0,CA DOF E-5,Housing units (count)
santee,2025,Annual DOF Housing Stock,Total,22458.0,CA DOF E-5,Housing units (count)
solana beach,2025,Annual DOF Housing Stock,Total,6736.0,CA DOF E-5,Housing units (count)
unincorporated san diego county,2025,Annual DOF Housing Stock,Total,183336.0,CA DOF E-5,Housing units (count)
vista,2025,Annual DOF Housing Stock,Total,34384.0,CA DOF E-5,Housing units (count)
carlsbad,2025,"Permits per 1,000 Residents",Total,2.9563358673355054,CA DOF E-5,"Units per 1,000 residents"
chula vista,2025,"Permits per 1,000 Residents",Total,2.5651942522618416,CA DOF E-5,"Units per 1,000 residents"
coronado,2025,"Permits per 1,000 Residents",Total,1.0578745537091725,CA DOF E-5,"Units per 1,000 residents"
del mar,2025,"Permits per 1,000 Residents",Total,3.5560071120142243,CA DOF E-5,"Units per 1,000 residents"
el cajon,2025,"Permits per 1,000 Residents",Total,1.9914840349363199,CA DOF E-5,"Units per 1,000 residents"
encinitas,2025,"Permits per 1,000 Residents",Total,2.997179125528914,CA DOF E-5,"Units per 1,000 residents"
escondido,2025,"Permits per 1,000 Residents",Total,3.3830924360898296,CA DOF E-5,"Units per 1,000 residents"
imperial beach,2025,"Permits per 1,000 Residents",Total,2.6932706167969047,CA DOF E-5,"Units per 1,000 residents"
la mesa,2025,"Permits per 1,000 Residents",Total,4.105846790488661,CA DOF E-5,"Units per 1,000 residents"
lemon grove,2025,"Permits per 1,000 Residents",Total,1.1249780277728951,CA DOF E-5,"Units per 1,000 residents"
national city,2025,"Permits per 1,000 Residents",Total,0.8695800439905199,CA DOF E-5,"Units per 1,000 residents"
oceanside,2025,"Permits per 1,000 Residents",Total,5.091527629528577,CA DOF E-5,"Units per 1,000 residents"
poway,2025,"Permits per 1,000 Residents",Total,1.7357344326318074,CA DOF E-5,"Units per 1,000 residents"
san diego,2025,"Permits per 1,000 Residents",Total,5.5639553322657616,CA DOF E-5,"Units per 1,000 residents"
san marcos,2025,"Permits per 1,000 Residents",Total,7.91626982907821,CA DOF E-5,"Units per 1,000 residents"
santee,2025,"Permits per 1,000 Residents",Total,0.7494504030377723,CA DOF E-5,"Units per 1,000 residents"
solana beach,2025,"Permits per 1,000 Residents",Total,2.8330781010719757,CA DOF E-5,"Units per 1,000 residents"
unincorporated san diego county,2025,"Permits per 1,000 Residents",Total,1.82103095361842,CA DOF E-5,"Units per 1,000 residents"
vista,2025,"Permits per 1,000 Residents",Total,1.854140914709518,CA DOF E-5,"Units per 1,000 residents"
carlsbad,2025,"Housing Units per 1,000 Residents",Total,421.368361172881,CA DOF E-5,"Units per 1,000 residents"
chula vista,2025,"Housing Units per 1,000 Residents",Total,324.58754656732305,CA DOF E-5,"Units per 1,000 residents"
coronado,2025,"Housing Units per 1,000 Residents",Total,425.17741437827834,CA DOF E-5,"Units per 1,000 residents"
del mar,2025,"Housing Units per 1,000 Residents",Total,670.8153416306833,CA DOF E-5,"Units per 1,000 residents"
el cajon,2025,"Housing Units per 1,000 Residents",Total,350.9848362715626,CA DOF E-5,"Units per 1,000 residents"
encinitas,2025,"Housing Units per 1,000 Residents",Total,434.63905628926784,CA DOF E-5,"Units per 1,000 residents"
escondido,2025,"Housing Units per 1,000 Residents",Total,334.90640549719615,CA DOF E-5,"Units per 1,000 residents"
imperial beach,2025,"Housing Units per 1,000 Residents",Total,389.537971322358,CA DOF E-5,"Units per 1,000 residents"
la mesa,2025,"Housing Units per 1,000 Residents",Total,434.0397329583111,CA DOF E-5,"Units per 1,000 residents"
lemon grove,2025,"Housing Units per 1,000 Residents",Total,344.94638776586396,CA DOF E-5,"Units per 1,000 residents"
national city,2025,"Housing Units per 1,000 Residents",Total,311.99167931252026,CA DOF E-5,"Units per 1,000 residents"
oceanside,2025,"Housing Units per 1,000 Residents",Total,394.4050275981346,CA DOF E-5,"Units per 1,000 residents"
poway,2025,"Housing Units per 1,000 Residents",Total,350.55918262687624,CA DOF E-5,"Units per 1,000 residents"
san diego,2025,"Housing Units per 1,000 Residents",Total,412.25914891775324,CA DOF E-5,"Units per 1,000 residents"
san marcos,2025,"Housing Units per 1,000 Residents",Total,339.5598431083392,CA DOF E-5,"Units per 1,000 residents"
santee,2025,"Housing Units per 1,000 Residents",Total,374.0257144760509,CA DOF E-5,"Units per 1,000 residents"
solana beach,2025,"Housing Units per 1,000 Residents",Total,515.7733537519142,CA DOF E-5,"Units per 1,000 residents"
unincorporated san diego county,2025,"Housing Units per 1,000 Residents",Total,358.21945376886976,CA DOF E-5,"Units per 1,000 residents"
vista,2025,"Housing Units per 1,000 Residents",Total,337.3163027056723,CA DOF E-5,"Units per 1,000 residents"
carlsbad,2000,Housing Stock Benchmark,Total,33798,"US Census 2000 Decennial (SF1, point-in-time)",Housing units (count)
chula vista,2000,Housing Stock Benchmark,Total,59495,"US Census 2000 Decennial (SF1, point-in-time)",Housing units (count)
coronado,2000,Housing Stock Benchmark,Total,9494,"US Census 2000 Decennial (SF1, point-in-time)",Housing units (count)
del mar,2000,Housing Stock Benchmark,Total,2557,"US Census 2000 Decennial (SF1, point-in-time)",Housing units (count)
el cajon,2000,Housing Stock Benchmark,Total,35190,"US Census 2000 Decennial (SF1, point-in-time)",Housing units (count)
encinitas,2000,Housing Stock Benchmark,Total,23843,"US Census 2000 Decennial (SF1, point-in-time)",Housing units (count)
escondido,2000,Housing Stock Benchmark,Total,45050,"US Census 2000 Decennial (SF1, point-in-time)",Housing units (count)
imperial beach,2000,Housing Stock Benchmark,Total,9739,"US Census 2000 Decennial (SF1, point-in-time)",Housing units (count)
la mesa,2000,Housing Stock Benchmark,Total,24943,"US Census 2000 Decennial (SF1, point-in-time)",Housing units (count)
lemon grove,2000,Housing Stock Benchmark,Total,8722,"US Census 2000 Decennial (SF1, point-in-time)",Housing units (count)
national city,2000,Housing Stock Benchmark,Total,15422,"US Census 2000 Decennial (SF1, point-in-time)",Housing units (count)
oceanside,2000,Housing Stock Benchmark,Total,59581,"US Census 2000 Decennial (SF1, point-in-time)",Housing units (count)
poway,2000,Housing Stock Benchmark,Total,15714,"US Census 2000 Decennial (SF1, point-in-time)",Housing units (count)
san diego,2000,Housing Stock Benchmark,Total,469689,"US Census 2000 Decennial (SF1, point-in-time)",Housing units (count)
san marcos,2000,Housing Stock Benchmark,Total,18862,"US Census 2000 Decennial (SF1, point-in-time)",Housing units (count)
santee,2000,Housing Stock Benchmark,Total,18833,"US Census 2000 Decennial (SF1, point-in-time)",Housing units (count)
solana beach,2000,Housing Stock Benchmark,Total,6456,"US Census 2000 Decennial (SF1, point-in-time)",Housing units (count)
vista,2000,Housing Stock Benchmark,Total,29814,"US Census 2000 Decennial (SF1, point-in-time)",Housing units (count)
carlsbad,2010,Housing Stock Benchmark,Total,44673,"US Census 2010 Decennial (SF1, point-in-time)",Housing units (count)
vista,2010,Housing Stock Benchmark,Total,30986,"US Census 2010 Decennial (SF1, point-in-time)",Housing units (count)
encinitas,2010,Housing Stock Benchmark,Total,25740,"US Census 2010 Decennial (SF1, point-in-time)",Housing units (count)
escondido,2010,Housing Stock Benchmark,Total,48044,"US Census 2010 Decennial (SF1, point-in-time)",Housing units (count)
poway,2010,Housing Stock Benchmark,Total,16715,"US Census 2010 Decennial (SF1, point-in-time)",Housing units (count)
imperial beach,2010,Housing Stock Benchmark,Total,9882,"US Census 2010 Decennial (SF1, point-in-time)",Housing units (count)
el cajon,2010,Housing Stock Benchmark,Total,35850,"US Census 2010 Decennial (SF1, point-in-time)",Housing units (count)
solana beach,2010,Housing Stock Benchmark,Total,6540,"US Census 2010 Decennial (SF1, point-in-time)",Housing units (count)
chula vista,2010,Housing Stock Benchmark,Total,79416,"US Census 2010 Decennial (SF1, point-in-time)",Housing units (count)
coronado,2010,Housing Stock Benchmark,Total,9634,"US Census 2010 Decennial (SF1, point-in-time)",Housing units (count)
del mar,2010,Housing Stock Benchmark,Total,2596,"US Census 2010 Decennial (SF1, point-in-time)",Housing units (count)
national city,2010,Housing Stock Benchmark,Total,16762,"US Census 2010 Decennial (SF1, point-in-time)",Housing units (count)
san diego,2010,Housing Stock Benchmark,Total,516033,"US Census 2010 Decennial (SF1, point-in-time)",Housing units (count)
san marcos,2010,Housing Stock Benchmark,Total,28641,"US Census 2010 Decennial (SF1, point-in-time)",Housing units (count)
santee,2010,Housing Stock Benchmark,Total,20048,"US Census 2010 Decennial (SF1, point-in-time)",Housing units (count)
la mesa,2010,Housing Stock Benchmark,Total,26167,"US Census 2010 Decennial (SF1, point-in-time)",Housing units (count)
lemon grove,2010,Housing Stock Benchmark,Total,8868,"US Census 2010 Decennial (SF1, point-in-time)",Housing units (count)
oceanside,2010,Housing Stock Benchmark,Total,64435,"US Census 2010 Decennial (SF1, point-in-time)",Housing units (count)
carlsbad,2021,Housing Stock Benchmark,Total,47937,US Census ACS 2017-2021 5-year (rolling average),Housing units (count)
chula vista,2021,Housing Stock Benchmark,Total,88262,US Census ACS 2017-2021 5-year (rolling average),Housing units (count)
coronado,2021,Housing Stock Benchmark,Total,9764,US Census ACS 2017-2021 5-year (rolling average),Housing units (count)
del mar,2021,Housing Stock Benchmark,Total,2560,US Census ACS 2017-2021 5-year (rolling average),Housing units (count)
el cajon,2021,Housing Stock Benchmark,Total,36017,US Census ACS 2017-2021 5-year (rolling average),Housing units (count)
encinitas,2021,Housing Stock Benchmark,Total,25984,US Census ACS 2017-2021 5-year (rolling average),Housing units (count)
escondido,2021,Housing Stock Benchmark,Total,52366,US Census ACS 2017-2021 5-year (rolling average),Housing units (count)
imperial beach,2021,Housing Stock Benchmark,Total,10350,US Census ACS 2017-2021 5-year (rolling average),Housing units (count)
la mesa,2021,Housing Stock Benchmark,Total,25821,US Census ACS 2017-2021 5-year (rolling average),Housing units (count)
lemon grove,2021,Housing Stock Benchmark,Total,9480,US Census ACS 2017-2021 5-year (rolling average),Housing units (count)
national city,2021,Housing Stock Benchmark,Total,18541,US Census ACS 2017-2021 5-year (rolling average),Housing units (count)
oceanside,2021,Housing Stock Benchmark,Total,65763,US Census ACS 2017-2021 5-year (rolling average),Housing units (count)
poway,2021,Housing Stock Benchmark,Total,16881,US Census ACS 2017-2021 5-year (rolling average),Housing units (count)
san diego,2021,Housing Stock Benchmark,Total,545792,US Census ACS 2017-2021 5-year (rolling average),Housing units (count)
san marcos,2021,Housing Stock Benchmark,Total,31655,US Census ACS 2017-2021 5-year (rolling average),Housing units (count)
santee,2021,Housing Stock Benchmark,Total,21263,US Census ACS 2017-2021 5-year (rolling average),Housing units (count)
solana beach,2021,Housing Stock Benchmark,Total,6325,US Census ACS 2017-2021 5-year (rolling average),Housing units (count)
vista,2021,Housing Stock Benchmark,Total,31628,US Census ACS 2017-2021 5-year (rolling average),Housing units (count)
carlsbad,2024,Housing Stock Benchmark,Total,47314,US Census ACS 2020-2024 5-year (rolling average),Housing units (count)
chula vista,2024,Housing Stock Benchmark,Total,90273,US Census ACS 2020-2024 5-year (rolling average),Housing units (count)
coronado,2024,Housing Stock Benchmark,Total,9896,US Census ACS 2020-2024 5-year (rolling average),Housing units (count)
del mar,2024,Housing Stock Benchmark,Total,2550,US Census ACS 2020-2024 5-year (rolling average),Housing units (count)
el cajon,2024,Housing Stock Benchmark,Total,35185,US Census ACS 2020-2024 5-year (rolling average),Housing units (count)
encinitas,2024,Housing Stock Benchmark,Total,26230,US Census ACS 2020-2024 5-year (rolling average),Housing units (count)
escondido,2024,Housing Stock Benchmark,Total,52239,US Census ACS 2020-2024 5-year (rolling average),Housing units (count)
imperial beach,2024,Housing Stock Benchmark,Total,10299,US Census ACS 2020-2024 5-year (rolling average),Housing units (count)
la mesa,2024,Housing Stock Benchmark,Total,26212,US Census ACS 2020-2024 5-year (rolling average),Housing units (count)
lemon grove,2024,Housing Stock Benchmark,Total,9391,US Census ACS 2020-2024 5-year (rolling average),Housing units (count)
national city,2024,Housing Stock Benchmark,Total,19414,US Census ACS 2020-2024 5-year (rolling average),Housing units (count)
oceanside,2024,Housing Stock Benchmark,Total,66997,US Census ACS 2020-2024 5-year (rolling average),Housing units (count)
poway,2024,Housing Stock Benchmark,Total,16936,US Census ACS 2020-2024 5-year (rolling average),Housing units (count)
san diego,2024,Housing Stock Benchmark,Total,568668,US Census ACS 2020-2024 5-year (rolling average),Housing units (count)
san marcos,2024,Housing Stock Benchmark,Total,32557,US Census ACS 2020-2024 5-year (rolling average),Housing units (count)
santee,2024,Housing Stock Benchmark,Total,21851,US Census ACS 2020-2024 5-year (rolling average),Housing units (count)
solana beach,2024,Housing Stock Benchmark,Total,6624,US Census ACS 2020-2024 5-year (rolling average),Housing units (count)
vista,2024,Housing Stock Benchmark,Total,33536,US Census ACS 2020-2024 5-year (rolling average),Housing units (count)
