NHPDPropertyID,PropertyName,PropertyAddress,City,State,Zip,CBSACode,CBSAType,County,CountyCode,CensusTract,CongressionalDistrict,Latitude,Longitude,PropertyStatus,ActiveSubsidies,TotalInconclusiveSubsidies,TotalInactiveSubsidies,TotalUnits,EarliestStartDate,EarliestEndDate,LatestEndDate,Owner,OwnerType,ManagerName,ManagerType,HUDPropertyID,ReacScore1,ReacScore1Date,ReacScore2,ReacScore2Date,ReacScore3,ReacScore3Date,StudioOneBedroomUnits,TwoBedroomUnits,ThreePlusBedroomUnits,PercentofELIHouseholds,TargetTenantType,FairMarketRent_2BR,EarliestConstructionDate,LatestConstructionDate,OccupancyRate,AverageMonthsOfTenancy,NumberActiveSection8,NumberInconclusiveSection8,NumberInactiveSection8,S8_1_ID,S8_1_Status,S8_1_ProgramName,S8_1_RenewalStatus,S8_1_StartDate,S8_1_EndDate,S8_1_AssistedUnits,S8_1_RentToFMR,S8_1_InacStatusDesc,S8_2_ID,S8_2_Status,S8_2_ProgramName,S8_2_RenewalStatus,S8_2_StartDate,S8_2_EndDate,S8_2_AssistedUnits,S8_2_RentToFMR,S8_2_InacStatusDesc,NumberActiveSection202,NumberInconclusiveSection202,NumberInactiveSection202,S202_1_ID,S202_1_Status,S202_1_ProgramName,S202_1_StartDate,S202_1_EndDate,S202_1_AssistedUnits,S202_1_PrincipalBalance,S202_1_InacStatusDesc,S202_2_ID,S202_2_Status,S202_2_ProgramName,S202_2_StartDate,S202_2_EndDate,S202_2_AssistedUnits,S202_2_PrincipalBalance,S202_2_InacStatusDesc,NumberActiveSection236,NumberInconclusiveSection236,NumberInactiveSection236,S236_1_ID,S236_1_Status,S236_1_ProgramName,S236_1_StartDate,S236_1_EndDate,S236_1_AssistedUnits,S236_1_InacStatusDesc,S236_2_ID,S236_2_Status,S236_2_ProgramName,S236_2_StartDate,S236_2_EndDate,S236_2_AssistedUnits,S236_2_InacStatusDesc,NumberActiveHUDInsured,NumberInconclusiveHUDInsured,NumberInactiveHud,FHA_1_ID,FHA_1_Status,FHA_1_ProgramName,FHA_1_StartDate,FHA_1_EndDate,FHA_1_AssistedUnits,FHA_1_PrincipalBalance,FHA_1_InacStatusDesc,FHA_2_ID,FHA_2_Status,FHA_2_ProgramName,FHA_2_StartDate,FHA_2_EndDate,FHA_2_AssistedUnits,FHA_2_PrincipalBalance,FHA_2_InacStatusDesc,NumberActiveLihtc,NumberInconclusiveLihtc,NumberInactiveLihtc,LIHTC_1_ID,LIHTC_1_Status,LIHTC_1_ProgramName,LIHTC_1_StartDate,LIHTC_1_EndDate,LIHTC_1_AssistedUnits,LIHTC_1_ConstructionType,LIHTC_1_InacStatusDesc,LIHTC_2_ID,LIHTC_2_Status,LIHTC_2_ProgramName,LIHTC_2_StartDate,LIHTC_2_EndDate,LIHTC_2_AssistedUnits,LIHTC_2_ConstructionType,LIHTC_2_InacStatusDesc,NumberActiveSection515,NumberInconclusiveSection515,NumberInactiveSection515,RHS515_1_ID,RHS515_1_Status,RHS515_1_ProgramName,RHS515_1_StartDate,RHS515_1_EndDate,RHS515_1_AssistedUnits,RHS515_1_PrincipalBalance,RHS515_1_InacStatusDesc,RHS515_2_ID,RHS515_2_Status,RHS515_2_ProgramName,RHS515_2_StartDate,RHS515_2_EndDate,RHS515_2_AssistedUnits,RHS515_2_PrincipalBalance,RHS515_2_InacStatusDesc,NumberActiveSection538,NumberInconclusiveSection538,NumberInactiveSection538,RHS538_1_ID,RHS538_1_Status,RHS538_1_ProgramName,RHS538_1_StartDate,RHS538_1_EndDate,RHS538_1_AssistedUnits,RHS538_1_PrincipalBalance,RHS538_1_InacStatusDesc,RHS538_2_ID,RHS538_2_Status,RHS538_2_ProgramName,RHS538_2_StartDate,RHS538_2_EndDate,RHS538_2_AssistedUnits,RHS538_2_PrincipalBalance,RHS538_2_InacStatusDesc,NumberActiveHome,NumberInconclusiveHome,NumberInactiveHome,HOME_1_ID,HOME_1_Status,HOME_1_ProgramName,HOME_1_StartDate,HOME_1_EndDate,HOME_1_AssistedUnits,HOME_1_ConstructionType,HOME_1_InacStatusDesc,HOME_2_ID,HOME_2_Status,HOME_2_ProgramName,HOME_2_StartDate,HOME_2_EndDate,HOME_2_AssistedUnits,HOME_2_ConstructionType,HOME_2_InacStatusDesc,NumberActivePublicHousing,NumberInconclusivePublicHousing,NumberInactivePublicHousing,PH_1_ID,PH_1_Status,PH_1_ProgramName,PH_1_StartDate,PH_1_EndDate,PH_1_AssistedUnits,PH_1_InacStatusDesc,PH_1_PhaCode,PH_2_ID,PH_2_Status,PH_2_ProgramName,PH_2_StartDate,PH_2_EndDate,PH_2_AssistedUnits,PH_2_InacStatusDesc,PH_2_PhaCode,NumberActiveState,NumberInconclusiveState,NumberInactiveState,State_1_ID,State_1_Status,State_1_ProgramName,State_1_StartDate,State_1_EndDate,State_1_AssistedUnits,State_1_InacStatusDesc,State_1_ConstructionType,State_2_ID,State_2_Status,State_2_ProgramName,State_2_StartDate,State_2_EndDate,State_2_AssistedUnits,State_2_InacStatusDesc,State_2_ConstructionType,NumberActivePBV,NumberInconclusivePBV,NumberInactivePBV,Pbv_1_Status,Pbv_1_ProgramName,Pbv_1_AssistedUnits,Pbv_2_Status,Pbv_2_ProgramName,Pbv_2_AssistedUnits,NumberActiveMR,NumberInconclusiveMR,NumberInactiveMR,Mr_1_Status,Mr_1_ProgramName,Mr_1_AssistedUnits,Mr_2_Status,Mr_2_ProgramName,Mr_2_AssistedUnits,NumberActiveNHTF,NumberInconclusiveNHTF,NumberInactiveNHTF,NHTF_1_ID,NHTF_1_Status,NHTF_1_ProgramName,NHTF_1_StartDate,NHTF_1_EndDate,NHTF_1_AssistedUnits,NHTF_1_InacStatusDesc,NHTF_1_ConstructionType,NHTF_2_ID,NHTF_2_Status,NHTF_2_ProgramName,NHTF_2_StartDate,NHTF_2_EndDate,NHTF_2_AssistedUnits,NHTF_2_InacStatusDesc,NHTF_2_ConstructionType,OldNHPDPropertyID,city_clean,jurisdiction,jurisdiction_assignment_needs_review,expiration_within_5_years,federally_assisted_units_estimated_conservative,at_risk_assisted_units_estimated_conservative
1000353,VICTORIA AT COMM 22,690 Beardsley St,San Diego,CA,92113.0,41740.0,Metropolitan Statistical Area,San Diego,6073.0,6073004900.0,52.0,32.704452,-117.144386,Active,2,0,0,70,2015-01-01,2055-01-31,2070-01-01,COMM22 Senior Housing LP,Multiple,BRIGHTHAVEN COMMUNITIES LTD,Profit Motivated,800235617.0,79,2024-04-16,78b,2022-09-15,52c,2021-08-26,66.0,4.0,0.0,100.0,Elderly,1620.0,,,89.0,81.0,1,0,0,CA33S101001,Active,PRAC/202,,2024-02-01,2055-01-31,30.0,39.2,,,,,,,,,,,0,0,0,,,,,,,,,,,,,,,,,0,0,0,,,,,,,,,,,,,,,0,0,0,,,,,,,,,,,,,,,,,1,0,0,CAA20151036,Active,4% Tax Credit,2015-01-01,2070-01-01,69.0,New Construction,,,,,,,,,,0,0,0,,,,,,,,,,,,,,,,,0,0,0,,,,,,,,,,,,,,,,,0,0,0,,,,,,,,,,,,,,,,,0,0,0,,,,,,,,,,,,,,,,,0,0,0,,,,,,,,,,,,,,,,,0,0,0,,,,,,,0,0,0,,,,,,,0,0,0,,,,,,,,,,,,,,,,,,san diego,San Diego,False,False,69.0,
1000602,ADAPTABLE HOUSING,2420 44th St,San Diego,CA,92105.0,41740.0,Metropolitan Statistical Area,San Diego,6073.0,6073002602.0,52.0,32.729882,-117.10005,Active,1,0,0,35,2017-04-29,,,SAN DIEGO HOUSING COMMISSION,Public Entity,SAN DIEGO HOUSING COMMISSION,Public Entity,,94,2022-04-06,90,2020-02-06,98,2018-03-27,0.0,32.0,3.0,67.0,,1690.0,1982-01-01,1982-01-01,100.0,96.0,0,0,0,,,,,,,,,,,,,,,,,,,0,0,0,,,,,,,,,,,,,,,,,0,0,0,,,,,,,,,,,,,,,0,0,0,,,,,,,,,,,,,,,,,0,0,0,,,,,,,,,,,,,,,,,0,0,0,,,,,,,,,,,,,,,,,0,0,0,,,,,,,,,,,,,,,,,0,0,0,,,,,,,,,,,,,,,,,1,0,0,CA063000010,Active,Public Housing,2017-04-29,,35.0,,CA063,,,,,,,,,0,0,0,,,,,,,,,,,,,,,,,0,0,0,,,,,,,0,0,0,,,,,,,0,0,0,,,,,,,,,,,,,,,,,,san diego,San Diego,False,False,35.0,
1000954,SILVERCREST CHULA VISTA,636 3rd Ave,Chula Vista,CA,91910.0,41740.0,Metropolitan Statistical Area,San Diego,6073.0,6073013000.0,52.0,32.6297,-117.076012,Active,2,0,0,75,2008-04-01,2032-11-09,2038-03-01,SALVATION ARMY CHULA VISTA RESIDENCE INC.,Non-Profit,THE SALVATION ARMY A CALIFORNIA CORPORATION,Non-Profit,800002361.0,98,2024-07-01,98b,2021-07-29,79c,2019-11-19,74.0,0.0,0.0,99.0,Elderly,1990.0,1990-01-01,1990-01-01,98.0,111.0,1,0,0,CA16T871012,Active,202/8 NC,4: Request Renewal for Projects Exempt from OAHP,2012-11-10,2032-11-09,74.0,50.96,,,,,,,,,,,0,0,0,,,,,,,,,,,,,,,,,0,0,0,,,,,,,,,,,,,,,1,0,0,12911048.0,Active,207/ 223(F) PUR/ REFIN HSG,2008-04-01,2038-03-01,75.0,2470859.0,,,,,,,,,,0,0,0,,,,,,,,,,,,,,,,,0,0,0,,,,,,,,,,,,,,,,,0,0,0,,,,,,,,,,,,,,,,,0,0,0,,,,,,,,,,,,,,,,,0,0,0,,,,,,,,,,,,,,,,,0,0,0,,,,,,,,,,,,,,,,,0,0,0,,,,,,,0,0,0,,,,,,,0,0,0,,,,,,,,,,,,,,,,,,chula vista,Chula Vista,False,False,75.0,
1001136,MURRAY MANOR APARTMENTS,5700 Cowles Mountain Blvd,La Mesa,CA,91942.0,41740.0,Metropolitan Statistical Area,San Diego,6073.0,6073014804.0,51.0,32.783764,-117.031537,Active,1,0,4,218,1972-01-01,2027-11-30,2027-11-30,MURRAY MANOR HOLDING,Profit Motivated,WHITAKER FACILITIES CORPORATION,Profit Motivated,800002022.0,86,2025-04-07,96c,2021-10-06,82c*,2019-08-12,93.0,105.0,0.0,87.0,Family,2160.0,1969-01-01,1969-01-01,98.0,178.0,1,0,0,CA33M000096,Active,Preservation,1a: Mark-Up-To-Market Eligibility,2022-12-01,2027-11-30,198.0,100.29,,,,,,,,,,,0,0,0,,,,,,,,,,,,,,,,,0,0,0,,,,,,,,,,,,,,,0,0,0,,,,,,,,,,,,,,,,,0,0,0,,,,,,,,,,,,,,,,,0,0,0,,,,,,,,,,,,,,,,,0,0,0,,,,,,,,,,,,,,,,,0,0,0,,,,,,,,,,,,,,,,,0,0,0,,,,,,,,,,,,,,,,,0,0,0,,,,,,,,,,,,,,,,,0,0,0,,,,,,,0,0,0,,,,,,,0,0,0,,,,,,,,,,,,,,,,,,la mesa,La Mesa,False,True,198.0,198.0
1001404,SILVERCREST OCEANSIDE,3839 Lake Blvd,Oceanside,CA,92056.0,41740.0,Metropolitan Statistical Area,San Diego,6073.0,6073019805.0,49.0,33.179504,-117.290414,Active,2,0,0,69,2008-04-01,2033-05-16,2034-03-01,THE SALVATION ARMY OCEANSIDE RESIDENCES INC,Non-Profit,THE SALVATION ARMY A CALIFORNIA CORPORATION,Non-Profit,800002360.0,95,2026-02-27,90c,2022-07-11,75c,2021-06-22,68.0,0.0,0.0,98.0,Elderly,2360.0,1986-01-01,1986-01-01,94.0,83.0,1,0,0,CA16T841034,Active,202/8 NC,4: Request Renewal for Projects Exempt from OAHP,2013-05-17,2033-05-16,68.0,55.68,,,,,,,,,,,0,0,0,,,,,,,,,,,,,,,,,0,0,0,,,,,,,,,,,,,,,1,0,0,12911047.0,Active,207/ 223(F) PUR/ REFIN HSG,2008-04-01,2034-03-01,69.0,1474144.0,,,,,,,,,,0,0,0,,,,,,,,,,,,,,,,,0,0,0,,,,,,,,,,,,,,,,,0,0,0,,,,,,,,,,,,,,,,,0,0,0,,,,,,,,,,,,,,,,,0,0,0,,,,,,,,,,,,,,,,,0,0,0,,,,,,,,,,,,,,,,,0,0,0,,,,,,,0,0,0,,,,,,,0,0,0,,,,,,,,,,,,,,,,,,oceanside,Oceanside,False,False,69.0,
1001554,CERRO PUEBLO,2835 Clairemont Dr,San Diego,CA,92117.0,41740.0,Metropolitan Statistical Area,San Diego,6073.0,6073009103.0,51.0,32.790871,-117.19809,Active,2,0,2,46,1983-07-01,2044-02-29,2079-01-01,Cerro Pueblo Housing Partners LP,Multiple,ROYAL PROPERTY MANAGEMENT GROUP INC,Profit Motivated,800001253.0,93c,2020-01-08,62c*,2019-03-11,69c,2018-03-01,46.0,0.0,0.0,89.0,Elderly,2410.0,1980-01-01,1980-01-01,96.0,113.0,1,0,0,CA168023022,Active,Sec 8 NC,1a: Mark-Up-To-Market Eligibility,2024-03-01,2044-02-29,46.0,110.89,,,,,,,,,,,0,0,0,,,,,,,,,,,,,,,,,0,0,0,,,,,,,,,,,,,,,0,0,0,,,,,,,,,,,,,,,,,1,0,0,CAA2024021,Active,4% Tax Credit,2024-01-01,2079-01-01,45.0,Acquisition and Rehab,,,,,,,,,,0,0,0,,,,,,,,,,,,,,,,,0,0,0,,,,,,,,,,,,,,,,,0,0,0,,,,,,,,,,,,,,,,,0,0,0,,,,,,,,,,,,,,,,,0,0,0,,,,,,,,,,,,,,,,,0,0,0,,,,,,,0,0,0,,,,,,,0,0,0,,,,,,,,,,,,,,,,,,san diego,San Diego,False,False,46.0,
1001556,LIONS COMMUNITY MANOR,310 Market St,San Diego,CA,92101.0,41740.0,Metropolitan Statistical Area,San Diego,6073.0,6073005302.0,50.0,32.711822,-117.161533,Active,2,0,1,131,2014-07-01,2043-02-28,2058-03-01,LIONS COMMUNITY SERVICE CORPORATION,Non-Profit,ROYAL PROPERTY MANAGEMENT GROUP INC,Profit Motivated,800001859.0,98a,2021-06-10,86c,2018-12-20,77b,2017-12-12,129.0,0.0,0.0,97.0,Elderly,,1979-01-01,1979-01-01,99.0,126.0,1,0,0,CA16T791002,Active,202/8 NC,1b: Discretionary Authority Eligibility Mark-Up-To-Market,2023-03-01,2043-02-28,129.0,102.11,,,,,,,,,,,0,0,0,,,,,,,,,,,,,,,,,0,0,0,,,,,,,,,,,,,,,1,0,1,12911136.0,Active,207/ 223(F) PUR/ REFIN HSG,2023-04-01,2058-03-01,131.0,32877930.0,,,,,,,,,,0,0,0,,,,,,,,,,,,,,,,,0,0,0,,,,,,,,,,,,,,,,,0,0,0,,,,,,,,,,,,,,,,,0,0,0,,,,,,,,,,,,,,,,,0,0,0,,,,,,,,,,,,,,,,,0,0,0,,,,,,,,,,,,,,,,,0,0,0,,,,,,,0,0,0,,,,,,,0,0,0,,,,,,,,,,,,,,,,,,san diego,San Diego,False,False,131.0,
1001566,GUADALUPE PLAZA,4142 42nd St,San Diego,CA,92105.0,41740.0,Metropolitan Statistical Area,San Diego,6073.0,6073002202.0,52.0,32.7525,-117.10481,Active,1,0,2,126,2006-02-01,2044-07-31,2044-07-31,GUADALUPE HOUSING PARTNERS LP,Profit Motivated,ROYAL PROPERTY MANAGEMENT GROUP INC,Profit Motivated,800001604.0,99,2026-03-10,84b,2022-07-05,81c,2020-01-22,124.0,0.0,0.0,100.0,Elderly,1690.0,1980-01-01,1980-01-01,99.0,136.0,1,0,0,CA16T791004,Active,202/8 NC,1b: Discretionary Authority Eligibility Mark-Up-To-Market,2024-08-01,2044-07-31,124.0,100.0,,,,,,,,,,,0,0,0,,,,,,,,,,,,,,,,,0,0,0,,,,,,,,,,,,,,,0,0,0,,,,,,,,,,,,,,,,,0,0,0,,,,,,,,,,,,,,,,,0,0,0,,,,,,,,,,,,,,,,,0,0,0,,,,,,,,,,,,,,,,,0,0,0,,,,,,,,,,,,,,,,,0,0,0,,,,,,,,,,,,,,,,,0,0,0,,,,,,,,,,,,,,,,,0,0,0,,,,,,,0,0,0,,,,,,,0,0,0,,,,,,,,,,,,,,,,,,san diego,San Diego,False,False,124.0,
1001634,RIO VISTA APARTMENTS,1190 W San Ysidro Blvd,San Ysidro,CA,92173.0,41740.0,Metropolitan Statistical Area,San Diego,6073.0,6073010111.0,52.0,32.5627,-117.06758,Active,2,0,1,161,2014-01-01,2055-04-01,2069-01-01,ORIX REAL ESTATE CAPITAL LLC,For Profit,APARTMENT MANAGEMENT CONSULTANTS LLC,,800239806.0,92c,2023-05-18,91c,2020-01-24,88b*,2018-02-22,0.0,120.0,41.0,,Family,1680.0,,,,,0,0,0,,,,,,,,,,,,,,,,,,,0,0,0,,,,,,,,,,,,,,,,,0,0,0,,,,,,,,,,,,,,,1,0,1,12911108.0,Active,223(A)(7) REFI OF 223(F) APTS,2020-05-01,2055-04-01,161.0,18723390.0,,,,,,,,,,1,0,0,CAA20141068,Active,4% Tax Credit,2014-01-01,2069-01-01,159.0,Acquisition and Rehab,,,,,,,,,,0,0,0,,,,,,,,,,,,,,,,,0,0,0,,,,,,,,,,,,,,,,,0,0,0,,,,,,,,,,,,,,,,,0,0,0,,,,,,,,,,,,,,,,,0,0,0,,,,,,,,,,,,,,,,,0,0,0,,,,,,,0,0,0,,,,,,,0,0,0,,,,,,,,,,,,,,,,,,san ysidro,San Diego,False,False,161.0,
1001636,VISTA LANE COURT,440 S Vista Ave,San Ysidro,CA,92173.0,41740.0,Metropolitan Statistical Area,San Diego,6073.0,6073010012.0,52.0,32.561086,-117.05516,Active,2,0,1,40,2012-09-01,2041-12-31,2058-03-01,NATIONAL CHURCH RESIDENCES OF SAN DIEGO CA,Non-Profit,CBS PROPERTY MANAGEMENT CO INC,Profit Motivated,800002752.0,88,2025-05-23,95b,2021-07-23,90c,2018-07-19,35.0,5.0,0.0,98.0,Elderly,1680.0,1990-01-01,1990-01-01,100.0,194.0,1,0,0,CA16T841051,Active,202/8 NC,1b: Discretionary Authority Eligibility Mark-Up-To-Market,2022-01-01,2041-12-31,40.0,69.64,,,,,,,,,,,0,0,0,,,,,,,,,,,,,,,,,0,0,0,,,,,,,,,,,,,,,1,0,1,12911138.0,Active,207/ 223(F) PUR/ REFIN HSG,2023-04-01,2058-03-01,40.0,4274709.0,,,,,,,,,,0,0,0,,,,,,,,,,,,,,,,,0,0,0,,,,,,,,,,,,,,,,,0,0,0,,,,,,,,,,,,,,,,,0,0,0,,,,,,,,,,,,,,,,,0,0,0,,,,,,,,,,,,,,,,,0,0,0,,,,,,,,,,,,,,,,,0,0,0,,,,,,,0,0,0,,,,,,,0,0,0,,,,,,,,,,,,,,,,,,san ysidro,San Diego,False,False,40.0,
1010966,OLD GROVE APARTMENTS DEVELOPMENT LOAN,235 Via Pelicano,Oceanside,CA,92057.0,41740.0,Metropolitan Statistical Area,San Diego,6073.0,6073018523.0,49.0,33.226903,-117.306494,Active,1,0,0,4,2008-05-13,2028-05-13,2028-05-13,COMMUNITY HOUSING FO NORTH COUNTY,,,,,,,,,,,,,,,,,,,,,0,0,0,,,,,,,,,,,,,,,,,,,0,0,0,,,,,,,,,,,,,,,,,0,0,0,,,,,,,,,,,,,,,0,0,0,,,,,,,,,,,,,,,,,0,0,0,,,,,,,,,,,,,,,,,0,0,0,,,,,,,,,,,,,,,,,0,0,0,,,,,,,,,,,,,,,,,1,0,0,3371100393.0,Active,HOME,2008-05-13,2028-05-13,4.0,New Construction Only,,,,,,,,,,0,0,0,,,,,,,,,,,,,,,,,0,0,0,,,,,,,,,,,,,,,,,0,0,0,,,,,,,0,0,0,,,,,,,0,0,0,,,,,,,,,,,,,,,,,,oceanside,Oceanside,False,True,4.0,4.0
1011592,REESE VILLAGE,4809 70th St,San Diego,CA,92115.0,41740.0,Metropolitan Statistical Area,San Diego,6073.0,6073002905.0,51.0,32.766285,-117.046468,Active,1,0,1,19,2002-12-17,2042-06-30,2042-06-30,TACHS Property Development,Non-Profit,TACHS PROPERTY DEVELOPMENT,Non-Profit,800078006.0,94c,2023-05-16,83c,2021-09-03,88b*,2017-12-05,18.0,0.0,0.0,100.0,Disabled,1890.0,2000-01-01,2000-01-01,97.0,115.0,1,0,0,CA33Q941003,Active,PRAC/811,,2025-07-01,2042-06-30,18.0,44.69,,,,,,,,,,,0,0,0,,,,,,,,,,,,,,,,,0,0,0,,,,,,,,,,,,,,,0,0,0,,,,,,,,,,,,,,,,,0,0,0,,,,,,,,,,,,,,,,,0,0,0,,,,,,,,,,,,,,,,,0,0,0,,,,,,,,,,,,,,,,,0,0,0,,,,,,,,,,,,,,,,,0,0,0,,,,,,,,,,,,,,,,,0,0,0,,,,,,,,,,,,,,,,,0,0,0,,,,,,,0,0,0,,,,,,,0,0,0,,,,,,,,,,,,,,,,,,san diego,San Diego,False,False,18.0,
1012020,LA JOLLA MARINE APARTMENTS,7410 Cuvier St,La Jolla,CA,92037.0,41740.0,Metropolitan Statistical Area,San Diego,6073.0,6073008101.0,50.0,32.837982,-117.27721,Active,1,0,1,8,2002-09-23,2028-04-30,2028-04-30,SAN DIEGO HOUSING COMMISSION,Non-Profit,SAN DIEGO HOUSING COMMISSION,Non-Profit,800001772.0,84,2026-03-05,96b,2022-06-22,99a,2019-07-22,0.0,0.0,8.0,,Family,2630.0,1977-01-01,1977-01-01,,,1,0,0,CA160006024,Active,Sec 8 NC,2: Request Renewal Without Restructuring at or Below Comparable Rents,2023-05-01,2028-04-30,8.0,54.35,,,,,,,,,,,0,0,0,,,,,,,,,,,,,,,,,0,0,0,,,,,,,,,,,,,,,0,0,0,,,,,,,,,,,,,,,,,0,0,0,,,,,,,,,,,,,,,,,0,0,0,,,,,,,,,,,,,,,,,0,0,0,,,,,,,,,,,,,,,,,0,0,0,,,,,,,,,,,,,,,,,0,0,0,,,,,,,,,,,,,,,,,0,0,0,,,,,,,,,,,,,,,,,0,0,0,,,,,,,0,0,0,,,,,,,0,0,0,,,,,,,,,,,,,,,,,,la jolla,San Diego,False,True,8.0,8.0
1013059,CANTEBRIA SENIOR HOMES,645 Via Cantebria,Encinitas,CA,92024.0,41740.0,Metropolitan Statistical Area,San Diego,6073.0,6073017606.0,49.0,33.05728,-117.268181,Active,2,0,0,45,2006-09-29,2026-09-29,2045-01-31,CANTEBRIA SENIOR HOMES,Non-Profit,JOHN STEWART COMPANY,Profit Motivated,800211738.0,96,2025-07-23,97b,2022-02-28,59c*,2021-06-18,44.0,0.0,0.0,100.0,Elderly,,2003-01-01,2003-01-01,98.0,114.0,1,0,0,CA33S991001,Active,PRAC/202,,2023-02-01,2045-01-31,44.0,46.84,,,,,,,,,,,0,0,0,,,,,,,,,,,,,,,,,0,0,0,,,,,,,,,,,,,,,0,0,0,,,,,,,,,,,,,,,,,0,0,0,,,,,,,,,,,,,,,,,0,0,0,,,,,,,,,,,,,,,,,0,0,0,,,,,,,,,,,,,,,,,1,0,0,3377901262.0,Active,HOME,2006-09-29,2026-09-29,11.0,New Construction Only,,,,,,,,,,0,0,0,,,,,,,,,,,,,,,,,0,0,0,,,,,,,,,,,,,,,,,0,0,0,,,,,,,0,0,0,,,,,,,0,0,0,,,,,,,,,,,,,,,,,,encinitas,Encinitas,False,False,44.0,
1014355,BROADWAY APARTMENTS II,1562 E Main St,El Cajon,CA,92021.0,41740.0,Metropolitan Statistical Area,San Diego,6073.0,6073016404.0,51.0,32.806983,-116.924609,Active,3,0,1,161,1971-12-01,2041-10-31,2077-01-01,BROADWAY 1 PRESERVATION LP,Multiple,JOHN STEWART COMPANY,Profit Motivated,800001131.0,95,2024-07-10,91b*,2021-07-31,82c,2018-08-14,28.0,91.0,42.0,88.0,Family,,1969-01-01,1970-01-01,97.0,145.0,2,0,0,CA33M000035,Active,Preservation,1b: Discretionary Authority Eligibility Mark-Up-To-Market,2021-11-01,2041-10-31,50.0,77.7,,CA33M000079,Active,Preservation,1b: Discretionary Authority Eligibility Mark-Up-To-Market,2021-11-01,2041-10-31,128.0,71.35,,0,0,0,,,,,,,,,,,,,,,,,0,0,0,,,,,,,,,,,,,,,0,0,0,,,,,,,,,,,,,,,,,1,0,0,CAA20221014,Active,4% Tax Credit,2022-01-01,2077-01-01,160.0,Acquisition and Rehab,,,,,,,,,,0,0,0,,,,,,,,,,,,,,,,,0,0,0,,,,,,,,,,,,,,,,,0,0,0,,,,,,,,,,,,,,,,,0,0,0,,,,,,,,,,,,,,,,,0,0,0,,,,,,,,,,,,,,,,,0,0,0,,,,,,,0,0,0,,,,,,,0,0,0,,,,,,,,,,,,,,,,,,el cajon,El Cajon,False,False,160.0,
1014357,BROADWAY 2,849 N 3rd St,El Cajon,CA,92021.0,41740.0,Metropolitan Statistical Area,San Diego,6073.0,6073016404.0,51.0,32.806154,-116.926204,Active,1,0,2,52,1973-01-01,2077-01-01,2077-01-01,,Non-Profit,,,,,,,,,,44.0,8.0,0.0,,Family,,,,,,0,0,0,,,,,,,,,,,,,,,,,,,0,0,0,,,,,,,,,,,,,,,,,0,0,0,,,,,,,,,,,,,,,0,0,0,,,,,,,,,,,,,,,,,1,0,0,CAA20221015,Active,4% Tax Credit,2022-01-01,2077-01-01,50.0,Acquisition and Rehab,,,,,,,,,,0,0,0,,,,,,,,,,,,,,,,,0,0,0,,,,,,,,,,,,,,,,,0,0,0,,,,,,,,,,,,,,,,,0,0,0,,,,,,,,,,,,,,,,,0,0,0,,,,,,,,,,,,,,,,,0,0,0,,,,,,,0,0,0,,,,,,,0,0,0,,,,,,,,,,,,,,,,,,el cajon,El Cajon,False,False,50.0,
1014369,ESCONDIDO APARTMENTS,500 N Midway Dr,Escondido,CA,92027.0,41740.0,Metropolitan Statistical Area,San Diego,6073.0,6073020209.0,48.0,33.13981,-117.051763,Active,2,0,3,92,1973-02-01,2038-10-31,2074-01-01,ESCONDIDO GARDENS PARTNERS LP,Multiple,ROYAL PROPERTY MANAGEMENT GROUP INC,Profit Motivated,800001472.0,93,2025-05-27,93b,2022-02-04,91c,2017-03-16,92.0,0.0,0.0,99.0,Family,1930.0,1970-01-01,1970-01-01,99.0,139.0,1,0,0,CA33M000040,Active,LMSA,5b: Request Contract Renewal for a Preservation Project,2018-11-01,2038-10-31,91.0,67.38,,,,,,,,,,,0,0,0,,,,,,,,,,,,,,,,,0,0,0,,,,,,,,,,,,,,,0,0,0,,,,,,,,,,,,,,,,,1,0,0,CAA2019009,Active,4% Tax Credit,2019-01-01,2074-01-01,90.0,Acquisition and Rehab,,,,,,,,,,0,0,0,,,,,,,,,,,,,,,,,0,0,0,,,,,,,,,,,,,,,,,0,0,0,,,,,,,,,,,,,,,,,0,0,0,,,,,,,,,,,,,,,,,0,0,0,,,,,,,,,,,,,,,,,0,0,0,,,,,,,0,0,0,,,,,,,0,0,0,,,,,,,,,,,,,,,,,,escondido,Escondido,False,False,91.0,
1014526,DEL PRADO,3878 Beyer Blvd,San Ysidro,CA,92173.0,41740.0,Metropolitan Statistical Area,San Diego,6073.0,6073010005.0,52.0,32.560146,-117.050163,Active,1,0,1,60,1971-10-01,2033-08-31,2033-08-31,DP-DM Housing Partners LP,Profit Motivated,INTERFAITH HOUSING ASSISTANCE CORPORATION,Profit Motivated,800001374.0,95c,2023-07-05,98b,2018-03-21,98b,2018-03-20,34.0,16.0,9.0,91.0,Family,1680.0,1969-01-01,1969-01-01,100.0,203.0,1,0,0,CA33M000039,Active,LMSA,1b: Discretionary Authority Eligibility Mark-Up-To-Market,2013-09-01,2033-08-31,59.0,91.36,,,,,,,,,,,0,0,0,,,,,,,,,,,,,,,,,0,0,0,,,,,,,,,,,,,,,0,0,0,,,,,,,,,,,,,,,,,0,0,0,,,,,,,,,,,,,,,,,0,0,0,,,,,,,,,,,,,,,,,0,0,0,,,,,,,,,,,,,,,,,0,0,0,,,,,,,,,,,,,,,,,0,0,0,,,,,,,,,,,,,,,,,0,0,0,,,,,,,,,,,,,,,,,0,0,0,,,,,,,0,0,0,,,,,,,0,0,0,,,,,,,,,,,,,,,,,,san ysidro,San Diego,False,False,59.0,
1014727,ELDORADO,115 S Clementine St,Oceanside,CA,92054.0,41740.0,Metropolitan Statistical Area,San Diego,6073.0,6073018400.0,49.0,33.196198,-117.375567,Active,1,0,1,86,1972-02-01,2032-08-31,2032-08-31,ELDORADO CHURCH OF GOD HOME INC,Non-Profit,BVMRC,Profit Motivated,800001458.0,94,2024-03-25,79c,2022-10-20,70c,2021-11-24,83.0,0.0,0.0,98.0,Elderly,2110.0,1969-01-01,1969-01-01,96.0,107.0,1,0,0,CA33L000002,Active,LMSA,4: Request Renewal for Projects Exempt from OAHP,2012-09-01,2032-08-31,83.0,48.09,,,,,,,,,,,0,0,0,,,,,,,,,,,,,,,,,0,0,0,,,,,,,,,,,,,,,0,0,0,,,,,,,,,,,,,,,,,0,0,0,,,,,,,,,,,,,,,,,0,0,0,,,,,,,,,,,,,,,,,0,0,0,,,,,,,,,,,,,,,,,0,0,0,,,,,,,,,,,,,,,,,0,0,0,,,,,,,,,,,,,,,,,0,0,0,,,,,,,,,,,,,,,,,0,0,0,,,,,,,0,0,0,,,,,,,0,0,0,,,,,,,,,,,,,,,,,,oceanside,Oceanside,False,False,83.0,
1014844,CATHEDRAL PLAZA,1551 3rd Ave,San Diego,CA,92101.0,41740.0,Metropolitan Statistical Area,San Diego,6073.0,6073005601.0,50.0,32.721579,-117.161701,Active,2,0,1,225,1976-04-01,2044-10-31,2078-01-01,CATHEDRAL PLAZA HOUSING PARTNERS LP,Multiple,ROYAL PROPERTY MANAGEMENT GROUP INC,Profit Motivated,800001239.0,86,2025-09-09,92b,2019-08-21,67c,2018-02-21,224.0,1.0,0.0,98.0,Elderly,,1973-01-01,1973-01-01,98.0,115.0,1,0,0,CA33L000020,Active,LMSA,1b: Discretionary Authority Eligibility Mark-Up-To-Market,2024-11-01,2044-10-31,172.0,107.28,,,,,,,,,,,0,0,0,,,,,,,,,,,,,,,,,0,0,0,,,,,,,,,,,,,,,0,0,0,,,,,,,,,,,,,,,,,1,0,0,CAA20231028,Active,4% Tax Credit,2023-01-01,2078-01-01,222.0,Acquisition and Rehab,,,,,,,,,,0,0,0,,,,,,,,,,,,,,,,,0,0,0,,,,,,,,,,,,,,,,,0,0,0,,,,,,,,,,,,,,,,,0,0,0,,,,,,,,,,,,,,,,,0,0,0,,,,,,,,,,,,,,,,,0,0,0,,,,,,,0,0,0,,,,,,,0,0,0,,,,,,,,,,,,,,,,,,san diego,San Diego,False,False,222.0,
1014865,MEADOWBROOK APARTMENTS I,7844 Paradise Valley Rd,San Diego,CA,92139.0,41740.0,Metropolitan Statistical Area,San Diego,6073.0,6073003115.0,52.0,32.698557,-117.02912,Active,2,0,7,448,1970-02-01,2046-01-31,2068-01-01,Meadowbrook Housing Partners LP,Profit Motivated,APERTO PROPERTY MANAGEMENT INC,Profit Motivated,800052181.0,87,2024-04-25,69c*,2022-09-01,58c*,2021-06-25,0.0,304.0,144.0,79.0,Family,1750.0,1966-01-01,1966-01-01,93.0,134.0,1,0,0,CA33M000088,Active,Preservation,1b: Discretionary Authority Eligibility Mark-Up-To-Market,2026-02-01,2046-01-31,366.0,88.55,,,,,,,,,,,0,0,0,,,,,,,,,,,,,,,,,0,0,0,,,,,,,,,,,,,,,0,0,0,,,,,,,,,,,,,,,,,1,0,0,CAA20132003,Active,4% Tax Credit,2013-01-01,2068-01-01,443.0,Acquisition and Rehab,,,,,,,,,,0,0,0,,,,,,,,,,,,,,,,,0,0,0,,,,,,,,,,,,,,,,,0,0,0,,,,,,,,,,,,,,,,,0,0,0,,,,,,,,,,,,,,,,,0,0,0,,,,,,,,,,,,,,,,,0,0,0,,,,,,,0,0,0,,,,,,,0,0,0,,,,,,,,,,,,,,,,,,san diego,San Diego,False,False,443.0,
1017215,EUCLID AVENUE APARTMENTS,4115 Euclid Ave,San Diego,CA,92105.0,41740.0,Metropolitan Statistical Area,San Diego,6073.0,6073002707.0,52.0,32.751685,-117.091959,Active,1,0,1,12,1970-09-01,2027-08-31,2027-08-31,The Ridge Housing L.P.,Profit Motivated,SHERMAN HEIGHTS PROPERTY MANAGEMENT INC,Profit Motivated,800001477.0,99,2026-03-06,85b*,2022-06-28,37c,2021-12-16,3.0,5.0,4.0,92.0,Family,1890.0,1968-01-01,1968-01-01,99.0,249.0,1,0,0,CA33L000014,Active,LMSA,1b: Discretionary Authority Eligibility Mark-Up-To-Market,2022-09-01,2027-08-31,12.0,70.43,,,,,,,,,,,0,0,0,,,,,,,,,,,,,,,,,0,0,0,,,,,,,,,,,,,,,0,0,0,,,,,,,,,,,,,,,,,0,0,0,,,,,,,,,,,,,,,,,0,0,0,,,,,,,,,,,,,,,,,0,0,0,,,,,,,,,,,,,,,,,0,0,0,,,,,,,,,,,,,,,,,0,0,0,,,,,,,,,,,,,,,,,0,0,0,,,,,,,,,,,,,,,,,0,0,0,,,,,,,0,0,0,,,,,,,0,0,0,,,,,,,,,,,,,,,,,,san diego,San Diego,False,True,12.0,12.0
1017216,DELTA MANOR APARTMENTS,4245 Delta St,San Diego,CA,92113.0,41740.0,Metropolitan Statistical Area,San Diego,6073.0,6073003603.0,52.0,32.688476,-117.102907,Active,1,0,2,22,1973-01-01,2033-07-31,2033-07-31,DP-DM Housing Partners LP,Profit Motivated,INTERFAITH HOUSING ASSISTANCE CORPORATION,Profit Motivated,800001382.0,91c,2023-05-26,86c*,2017-09-20,86c*,2017-09-18,6.0,10.0,5.0,90.0,Family,1620.0,1970-01-01,1970-01-01,89.0,124.0,1,0,0,CA33L000009,Active,LMSA,1b: Discretionary Authority Eligibility Mark-Up-To-Market,2013-08-01,2033-07-31,21.0,79.63,,,,,,,,,,,0,0,0,,,,,,,,,,,,,,,,,0,0,0,,,,,,,,,,,,,,,0,0,0,,,,,,,,,,,,,,,,,0,0,0,,,,,,,,,,,,,,,,,0,0,0,,,,,,,,,,,,,,,,,0,0,0,,,,,,,,,,,,,,,,,0,0,0,,,,,,,,,,,,,,,,,0,0,0,,,,,,,,,,,,,,,,,0,0,0,,,,,,,,,,,,,,,,,0,0,0,,,,,,,0,0,0,,,,,,,0,0,0,,,,,,,,,,,,,,,,,,san diego,San Diego,False,False,21.0,
1017911,BIG SISTER LEAGUE RESIDENCY,3360 4th Ave,San Diego,CA,92103.0,41740.0,Metropolitan Statistical Area,San Diego,6073.0,6073006000.0,50.0,32.740484,-117.161575,Active,1,0,0,15,2025-08-01,2037-07-31,2037-07-31,BIG SISTER LEAGUE RESIDENCY,Non-Profit,BIG SISTER LEAGUE RESIDENCY,Non-Profit,800078011.0,99,2026-03-06,79b,2023-05-16,75c,2022-08-26,15.0,0.0,0.0,91.0,Disabled,2460.0,1995-01-01,1995-01-01,85.0,71.0,1,0,0,CA33Q951005,Active,PRAC/811,,2025-08-01,2037-07-31,15.0,42.82,,,,,,,,,,,0,0,0,,,,,,,,,,,,,,,,,0,0,0,,,,,,,,,,,,,,,0,0,0,,,,,,,,,,,,,,,,,0,0,0,,,,,,,,,,,,,,,,,0,0,0,,,,,,,,,,,,,,,,,0,0,0,,,,,,,,,,,,,,,,,0,0,0,,,,,,,,,,,,,,,,,0,0,0,,,,,,,,,,,,,,,,,0,0,0,,,,,,,,,,,,,,,,,0,0,0,,,,,,,0,0,0,,,,,,,0,0,0,,,,,,,,,,,,,,,,,,san diego,San Diego,False,False,15.0,
1017913,MERCY GARDENS,4077 5th Ave,San Diego,CA,92103.0,41740.0,Metropolitan Statistical Area,San Diego,6073.0,6073000400.0,50.0,32.751832,-117.159933,Inconclusive,0,1,0,23,2025-05-01,2026-04-30,2026-04-30,MERCY GARDENS,Non-Profit,MERCY HOUSING MANAGEMENT GROUP,Non-Profit,800078012.0,86,2024-04-03,79b,2022-10-28,67c,2021-11-15,22.0,0.0,0.0,81.0,Disabled,2460.0,,,99.0,135.0,0,1,0,CA33Q961001,Inconclusive,PRAC/811,,2025-05-01,2026-04-30,22.0,64.37,End Date Passed,,,,,,,,,,0,0,0,,,,,,,,,,,,,,,,,0,0,0,,,,,,,,,,,,,,,0,0,0,,,,,,,,,,,,,,,,,0,0,0,,,,,,,,,,,,,,,,,0,0,0,,,,,,,,,,,,,,,,,0,0,0,,,,,,,,,,,,,,,,,0,0,0,,,,,,,,,,,,,,,,,0,0,0,,,,,,,,,,,,,,,,,0,0,0,,,,,,,,,,,,,,,,,0,0,0,,,,,,,0,0,0,,,,,,,0,0,0,,,,,,,,,,,,,,,,,,san diego,San Diego,False,False,,
1017915,MARINERS COVE APARTMENTS,4392 W Point Loma Blvd,San Diego,CA,92107.0,41740.0,Metropolitan Statistical Area,San Diego,6073.0,6073006801.0,50.0,32.753124,-117.233673,Active,1,0,1,500,1985-09-01,2029-03-31,2029-03-31,LINCOLN MARINERS ASSOCIATES LIMITED,Profit Motivated,AIR PROPERTY MANAGEMENT TRS LLC,Profit Motivated,800001915.0,93,2024-06-20,88c,2021-11-15,92c*,2018-10-17,24.0,68.0,8.0,70.0,Family,2420.0,1981-01-01,1981-01-01,92.0,145.0,1,0,0,CA168023079,Active,Sec 8 NC,1b: Discretionary Authority Eligibility Mark-Up-To-Market,2024-04-01,2029-03-31,100.0,99.9,,,,,,,,,,,0,0,0,,,,,,,,,,,,,,,,,0,0,0,,,,,,,,,,,,,,,0,0,0,,,,,,,,,,,,,,,,,0,0,0,,,,,,,,,,,,,,,,,0,0,0,,,,,,,,,,,,,,,,,0,0,0,,,,,,,,,,,,,,,,,0,0,0,,,,,,,,,,,,,,,,,0,0,0,,,,,,,,,,,,,,,,,0,0,0,,,,,,,,,,,,,,,,,0,0,0,,,,,,,0,0,0,,,,,,,0,0,0,,,,,,,,,,,,,,,,,,san diego,San Diego,False,True,100.0,100.0
1017938,MICHALOWSKI HOUSE,6205 Alverton Dr,Carlsbad,CA,92009.0,41740.0,Metropolitan Statistical Area,San Diego,6073.0,6073020030.0,49.0,33.127159,-117.261397,Active,1,0,0,6,2025-09-01,2050-08-31,2050-08-31,JOSEPH MICHALOWSKI HOUSING CORPORATION,Non-Profit,TERI INC,Profit Motivated,800224871.0,65,2025-04-01,91b,2021-12-01,89a,2019-07-19,6.0,0.0,0.0,,Disabled,,2008-01-01,2008-01-01,,,1,0,0,CA33Q071001,Active,PRAC/811,,2025-09-01,2050-08-31,6.0,52.98,,,,,,,,,,,0,0,0,,,,,,,,,,,,,,,,,0,0,0,,,,,,,,,,,,,,,0,0,0,,,,,,,,,,,,,,,,,0,0,0,,,,,,,,,,,,,,,,,0,0,0,,,,,,,,,,,,,,,,,0,0,0,,,,,,,,,,,,,,,,,0,0,0,,,,,,,,,,,,,,,,,0,0,0,,,,,,,,,,,,,,,,,0,0,0,,,,,,,,,,,,,,,,,0,0,0,,,,,,,0,0,0,,,,,,,0,0,0,,,,,,,,,,,,,,,,,,carlsbad,Carlsbad,False,False,6.0,
1017987,TETON HOUSE,1350 Teton Dr,El Cajon,CA,92021.0,41740.0,Metropolitan Statistical Area,San Diego,6073.0,6073016704.0,48.0,32.826724,-116.960042,Active,1,0,0,6,2026-03-01,2047-02-28,2047-02-28,TETON HOUSE CORPORATION,Non-Profit,PROMISING FUTURES INC,Non-Profit,800219802.0,88,2026-03-04,71,2024-07-10,56c,2023-07-14,6.0,0.0,0.0,,Disabled,,2005-01-01,2005-01-01,,,1,0,0,CA33Q031001,Active,PRAC/811,,2026-03-01,2047-02-28,6.0,47.74,,,,,,,,,,,0,0,0,,,,,,,,,,,,,,,,,0,0,0,,,,,,,,,,,,,,,0,0,0,,,,,,,,,,,,,,,,,0,0,0,,,,,,,,,,,,,,,,,0,0,0,,,,,,,,,,,,,,,,,0,0,0,,,,,,,,,,,,,,,,,0,0,0,,,,,,,,,,,,,,,,,0,0,0,,,,,,,,,,,,,,,,,0,0,0,,,,,,,,,,,,,,,,,0,0,0,,,,,,,0,0,0,,,,,,,0,0,0,,,,,,,,,,,,,,,,,,el cajon,El Cajon,False,False,6.0,
1018011,MONTGOMERY HOUSE,1658 Montgomery Dr,Vista,CA,92084.0,41740.0,Metropolitan Statistical Area,San Diego,6073.0,6073019903.0,50.0,33.181517,-117.21263,Active,1,0,0,6,2025-07-01,2041-06-30,2041-06-30,TED WILLIAMS HOUSING FOUNDATION,Non-Profit,TERI INC,Profit Motivated,800210040.0,99,2026-03-02,93b,2022-05-23,84c,2019-08-30,6.0,0.0,0.0,,Disabled,1940.0,,,,,1,0,0,CA33Q981001,Active,PRAC/811,,2025-07-01,2041-06-30,6.0,43.18,,,,,,,,,,,0,0,0,,,,,,,,,,,,,,,,,0,0,0,,,,,,,,,,,,,,,0,0,0,,,,,,,,,,,,,,,,,0,0,0,,,,,,,,,,,,,,,,,0,0,0,,,,,,,,,,,,,,,,,0,0,0,,,,,,,,,,,,,,,,,0,0,0,,,,,,,,,,,,,,,,,0,0,0,,,,,,,,,,,,,,,,,0,0,0,,,,,,,,,,,,,,,,,0,0,0,,,,,,,0,0,0,,,,,,,0,0,0,,,,,,,,,,,,,,,,,,vista,Vista,False,False,6.0,
1018012,MITCHELL HOUSE,1736 Anza Ave,Vista,CA,92084.0,41740.0,Metropolitan Statistical Area,San Diego,6073.0,6073019205.0,49.0,33.226152,-117.233787,Active,1,0,0,6,2025-12-01,2041-11-30,2041-11-30,Mitchell Housing Corporation,Non-Profit,TERI INC,Profit Motivated,800211761.0,98,2024-03-22,81c,2021-11-04,68c,2019-08-02,6.0,0.0,0.0,,Disabled,1940.0,1999-01-01,1999-01-01,,,1,0,0,CA33Q991002,Active,PRAC/811,,2025-12-01,2041-11-30,6.0,90.12,,,,,,,,,,,0,0,0,,,,,,,,,,,,,,,,,0,0,0,,,,,,,,,,,,,,,0,0,0,,,,,,,,,,,,,,,,,0,0,0,,,,,,,,,,,,,,,,,0,0,0,,,,,,,,,,,,,,,,,0,0,0,,,,,,,,,,,,,,,,,0,0,0,,,,,,,,,,,,,,,,,0,0,0,,,,,,,,,,,,,,,,,0,0,0,,,,,,,,,,,,,,,,,0,0,0,,,,,,,0,0,0,,,,,,,0,0,0,,,,,,,,,,,,,,,,,,vista,Vista,False,False,6.0,
1018013,VISTA HOUSE,1768 Monte Mar Rd,Vista,CA,92084.0,41740.0,Metropolitan Statistical Area,San Diego,6073.0,6073019209.0,49.0,33.21976,-117.210943,Active,1,0,0,6,2025-12-01,2044-11-30,2044-11-30,JARRED DEZONIA FOUNDATION,Non-Profit,TERI INC,Profit Motivated,800213230.0,95,2026-03-03,96a,2022-08-18,76b,2021-08-19,6.0,0.0,0.0,,Disabled,,,,,,1,0,0,CA33Q001001,Active,PRAC/811,,2025-12-01,2044-11-30,6.0,75.35,,,,,,,,,,,0,0,0,,,,,,,,,,,,,,,,,0,0,0,,,,,,,,,,,,,,,0,0,0,,,,,,,,,,,,,,,,,0,0,0,,,,,,,,,,,,,,,,,0,0,0,,,,,,,,,,,,,,,,,0,0,0,,,,,,,,,,,,,,,,,0,0,0,,,,,,,,,,,,,,,,,0,0,0,,,,,,,,,,,,,,,,,0,0,0,,,,,,,,,,,,,,,,,0,0,0,,,,,,,0,0,0,,,,,,,0,0,0,,,,,,,,,,,,,,,,,,vista,Vista,False,False,6.0,
1018014,GRACE HOUSE,2507 Hibiscus Ave,Vista,CA,92081.0,41740.0,Metropolitan Statistical Area,San Diego,6073.0,6073020017.0,49.0,33.158185,-117.219407,Active,1,0,0,6,2026-01-01,2043-12-31,2043-12-31,MARA HOUSING CORPORATION,Non-Profit,T E R I INC,Profit Motivated,800213234.0,83,2025-07-23,97a*,2021-11-29,62b,2019-08-30,6.0,0.0,0.0,,Disabled,2400.0,,,,,1,0,0,CA33Q001002,Active,PRAC/811,,2026-01-01,2043-12-31,6.0,54.2,,,,,,,,,,,0,0,0,,,,,,,,,,,,,,,,,0,0,0,,,,,,,,,,,,,,,0,0,0,,,,,,,,,,,,,,,,,0,0,0,,,,,,,,,,,,,,,,,0,0,0,,,,,,,,,,,,,,,,,0,0,0,,,,,,,,,,,,,,,,,0,0,0,,,,,,,,,,,,,,,,,0,0,0,,,,,,,,,,,,,,,,,0,0,0,,,,,,,,,,,,,,,,,0,0,0,,,,,,,0,0,0,,,,,,,0,0,0,,,,,,,,,,,,,,,,,,vista,Vista,False,False,6.0,
1018015,ORIENTE HOUSE,3081 Oriente Dr,Vista,CA,92084.0,41740.0,Metropolitan Statistical Area,San Diego,6073.0,6073019303.0,49.0,33.250353,-117.236142,Active,1,0,0,6,2025-05-01,2044-04-30,2044-04-30,WENDELL STARLING HOME CORPORATION,Non-Profit,TERI INC,Profit Motivated,800214928.0,76,2025-03-11,88b,2022-10-11,63c*,2021-11-30,6.0,0.0,0.0,,Disabled,2124.0,2002-01-01,2002-01-01,,,1,0,0,CA33Q011001,Active,PRAC/811,,2025-05-01,2044-04-30,6.0,46.27,,,,,,,,,,,0,0,0,,,,,,,,,,,,,,,,,0,0,0,,,,,,,,,,,,,,,0,0,0,,,,,,,,,,,,,,,,,0,0,0,,,,,,,,,,,,,,,,,0,0,0,,,,,,,,,,,,,,,,,0,0,0,,,,,,,,,,,,,,,,,0,0,0,,,,,,,,,,,,,,,,,0,0,0,,,,,,,,,,,,,,,,,0,0,0,,,,,,,,,,,,,,,,,0,0,0,,,,,,,0,0,0,,,,,,,0,0,0,,,,,,,,,,,,,,,,,,vista,Vista,False,False,6.0,
1018066,SILVERCREST ESCONDIDO,1301 Las Villas Way,Escondido,CA,92026.0,41740.0,Metropolitan Statistical Area,San Diego,6073.0,6073020308.0,48.0,33.138607,-117.093855,Active,1,0,0,75,2025-05-01,2039-04-30,2039-04-30,SILVERCREST ESCONDIDO,Non-Profit,THE SALVATION ARMY A CALIFORNIA CORPORATION,Non-Profit,800077993.0,98,2024-05-23,81b,2021-08-16,63b,2017-09-01,74.0,0.0,0.0,96.0,Elderly,1990.0,1997-01-01,1997-01-01,96.0,104.0,1,0,0,CA33S951003,Active,PRAC/202,,2025-05-01,2039-04-30,74.0,41.88,,,,,,,,,,,0,0,0,,,,,,,,,,,,,,,,,0,0,0,,,,,,,,,,,,,,,0,0,0,,,,,,,,,,,,,,,,,0,0,0,,,,,,,,,,,,,,,,,0,0,0,,,,,,,,,,,,,,,,,0,0,0,,,,,,,,,,,,,,,,,0,0,0,,,,,,,,,,,,,,,,,0,0,0,,,,,,,,,,,,,,,,,0,0,0,,,,,,,,,,,,,,,,,0,0,0,,,,,,,0,0,0,,,,,,,0,0,0,,,,,,,,,,,,,,,,,,escondido,Escondido,False,False,74.0,
1018070,MARTIN HOUSE,1262 Via Encinos Dr,Fallbrook,CA,92028.0,41740.0,Metropolitan Statistical Area,San Diego,6073.0,6073018804.0,48.0,33.327699,-117.231345,Active,1,0,0,7,2025-10-01,2041-09-30,2041-09-30,Martin Housing Corp,Non-Profit,TERI INC,Profit Motivated,800211760.0,67,2025-06-16,99a,2022-05-27,85c,2020-02-13,6.0,0.0,0.0,,Disabled,,,,,,1,0,0,CA33Q991001,Active,PRAC/811,,2025-10-01,2041-09-30,6.0,50.67,,,,,,,,,,,0,0,0,,,,,,,,,,,,,,,,,0,0,0,,,,,,,,,,,,,,,0,0,0,,,,,,,,,,,,,,,,,0,0,0,,,,,,,,,,,,,,,,,0,0,0,,,,,,,,,,,,,,,,,0,0,0,,,,,,,,,,,,,,,,,0,0,0,,,,,,,,,,,,,,,,,0,0,0,,,,,,,,,,,,,,,,,0,0,0,,,,,,,,,,,,,,,,,0,0,0,,,,,,,0,0,0,,,,,,,0,0,0,,,,,,,,,,,,,,,,,,fallbrook,Unincorporated San Diego County,False,False,6.0,
1018123,ANJA HOUSE,10045 Anja Pl,Lakeside,CA,92040.0,41740.0,Metropolitan Statistical Area,San Diego,6073.0,6073016607.0,48.0,32.860181,-116.960323,Active,1,0,0,6,2025-09-01,2044-08-31,2044-08-31,ANJA HOUSE,Non-Profit,HOME OF GUIDING HANDS,Non-Profit,800217587.0,97,2025-07-22,94a,2021-08-03,91a,2018-08-06,6.0,0.0,0.0,,Disabled,2140.0,2002-01-01,2002-01-01,,,1,0,0,CA33Q021002,Active,PRAC/811,,2025-09-01,2044-08-31,6.0,47.33,,,,,,,,,,,0,0,0,,,,,,,,,,,,,,,,,0,0,0,,,,,,,,,,,,,,,0,0,0,,,,,,,,,,,,,,,,,0,0,0,,,,,,,,,,,,,,,,,0,0,0,,,,,,,,,,,,,,,,,0,0,0,,,,,,,,,,,,,,,,,0,0,0,,,,,,,,,,,,,,,,,0,0,0,,,,,,,,,,,,,,,,,0,0,0,,,,,,,,,,,,,,,,,0,0,0,,,,,,,0,0,0,,,,,,,0,0,0,,,,,,,,,,,,,,,,,,lakeside,Unincorporated San Diego County,False,False,6.0,
1018125,AQUILLA HOUSE,10200 Aquilla Dr,Lakeside,CA,92040.0,41740.0,Metropolitan Statistical Area,San Diego,6073.0,6073016607.0,48.0,32.862072,-116.961156,Active,1,0,0,6,2025-09-01,2044-08-31,2044-08-31,AQUILLA HOUSE,Non-Profit,HOME OF GUIDING HANDS,Non-Profit,800217586.0,98,2026-03-04,100a,2021-08-03,85a,2019-08-02,6.0,0.0,0.0,,Disabled,2140.0,2002-01-01,2002-01-01,,,1,0,0,CA33Q021001,Active,PRAC/811,,2025-09-01,2044-08-31,6.0,47.13,,,,,,,,,,,0,0,0,,,,,,,,,,,,,,,,,0,0,0,,,,,,,,,,,,,,,0,0,0,,,,,,,,,,,,,,,,,0,0,0,,,,,,,,,,,,,,,,,0,0,0,,,,,,,,,,,,,,,,,0,0,0,,,,,,,,,,,,,,,,,0,0,0,,,,,,,,,,,,,,,,,0,0,0,,,,,,,,,,,,,,,,,0,0,0,,,,,,,,,,,,,,,,,0,0,0,,,,,,,0,0,0,,,,,,,0,0,0,,,,,,,,,,,,,,,,,,lakeside,Unincorporated San Diego County,False,False,6.0,
1023173,VILLA MERCED,1148 Beyer Way,San Diego,CA,92154.0,41740.0,Metropolitan Statistical Area,San Diego,6073.0,6073010010.0,52.0,32.574801,-117.065359,Active,1,0,1,102,1983-04-07,2033-01-14,2033-01-14,COLONIA BARRIOS SENIORS INC,Non-Profit,CBS PROPERTY MANAGEMENT CO INC,Profit Motivated,800002709.0,97c,2023-06-08,90c,2020-02-14,69c*,2018-10-26,100.0,0.0,0.0,99.0,Elderly,2060.0,1980-01-01,1980-01-01,100.0,140.0,1,0,0,CA16T791003,Active,202/8 NC,4: Request Renewal for Projects Exempt from OAHP,2013-01-15,2033-01-14,100.0,57.21,,,,,,,,,,,0,0,0,,,,,,,,,,,,,,,,,0,0,0,,,,,,,,,,,,,,,0,0,0,,,,,,,,,,,,,,,,,0,0,0,,,,,,,,,,,,,,,,,0,0,0,,,,,,,,,,,,,,,,,0,0,0,,,,,,,,,,,,,,,,,0,0,0,,,,,,,,,,,,,,,,,0,0,0,,,,,,,,,,,,,,,,,0,0,0,,,,,,,,,,,,,,,,,0,0,0,,,,,,,0,0,0,,,,,,,0,0,0,,,,,,,,,,,,,,,,,,san diego,San Diego,False,False,100.0,
1024154,VISTA HIDDEN VALLEY APARTMENTS,777 Anns Way,Vista,CA,92083.0,41740.0,Metropolitan Statistical Area,San Diego,6073.0,6073019406.0,49.0,33.201599,-117.261613,Active,1,0,0,50,2018-04-01,2053-03-01,2053-03-01,CALIFORNIA HOUSING FINANCE,,HYDER & COMPANY,,800243996.0,99,2025-02-11,86c,2023-02-14,90b,2020-02-25,,,,,Elderly,1930.0,,,,,0,0,0,,,,,,,,,,,,,,,,,,,0,0,0,,,,,,,,,,,,,,,,,0,0,0,,,,,,,,,,,,,,,1,0,0,12998012.0,Active,542(C) HFA RISK SHG---FFB EXISTING,2018-04-01,2053-03-01,50.0,1308812.0,,,,,,,,,,0,0,0,,,,,,,,,,,,,,,,,0,0,0,,,,,,,,,,,,,,,,,0,0,0,,,,,,,,,,,,,,,,,0,0,0,,,,,,,,,,,,,,,,,0,0,0,,,,,,,,,,,,,,,,,0,0,0,,,,,,,,,,,,,,,,,0,0,0,,,,,,,0,0,0,,,,,,,0,0,0,,,,,,,,,,,,,,,,,,vista,Vista,False,False,50.0,
1027083,GREEN MANOR,4041 Ibis St Apt 405,San Diego,CA,92103.0,41740.0,Metropolitan Statistical Area,San Diego,6073.0,6073000201.0,50.0,32.750482,-117.172879,Active,1,0,2,149,1970-10-01,2034-02-28,2034-02-28,Green Manor Housing Partners LP,For Profit,ROYAL PROPERTY MANAGEMENT GROUP INC,For Profit,800001598.0,98,2024-09-20,87b,2021-10-26,88c,2019-01-17,122.0,0.0,0.0,89.0,Elderly,2460.0,1975-01-01,1975-01-01,99.0,118.0,1,0,0,CA16L000120,Active,LMSA,1b: Discretionary Authority Eligibility Mark-Up-To-Market,2014-03-01,2034-02-28,122.0,109.18,,,,,,,,,,,0,0,0,,,,,,,,,,,,,,,,,0,0,0,,,,,,,,,,,,,,,0,0,0,,,,,,,,,,,,,,,,,0,0,0,,,,,,,,,,,,,,,,,0,0,0,,,,,,,,,,,,,,,,,0,0,0,,,,,,,,,,,,,,,,,0,0,0,,,,,,,,,,,,,,,,,0,0,0,,,,,,,,,,,,,,,,,0,0,0,,,,,,,,,,,,,,,,,0,0,0,,,,,,,0,0,0,,,,,,,0,0,0,,,,,,,,,,,,,,,,,14033.0,san diego,San Diego,False,False,122.0,
1027091,LAKESIDE GARDENS,12219 Roberts Way,Lakeside,CA,92040.0,41740.0,Metropolitan Statistical Area,San Diego,6073.0,6073016705.0,48.0,32.858048,-116.927809,Active,1,0,1,85,1972-08-01,2045-07-31,2045-07-31,Lakeside Gardens Inc.,Non-Profit,ROYAL PROPERTY MANAGEMENT GROUP INC,For Profit,800001798.0,95,2025-06-24,94c,2022-05-25,80c,2018-10-09,84.0,0.0,0.0,96.0,Elderly,,1970-01-01,1970-01-01,97.0,91.0,1,0,0,CA33L000007,Active,LMSA,1b: Discretionary Authority Eligibility Mark-Up-To-Market,2025-08-01,2045-07-31,84.0,86.38,,,,,,,,,,,0,0,0,,,,,,,,,,,,,,,,,0,0,0,,,,,,,,,,,,,,,0,0,0,,,,,,,,,,,,,,,,,0,0,0,,,,,,,,,,,,,,,,,0,0,0,,,,,,,,,,,,,,,,,0,0,0,,,,,,,,,,,,,,,,,0,0,0,,,,,,,,,,,,,,,,,0,0,0,,,,,,,,,,,,,,,,,0,0,0,,,,,,,,,,,,,,,,,0,0,0,,,,,,,0,0,0,,,,,,,0,0,0,,,,,,,,,,,,,,,,,14040.0,lakeside,Unincorporated San Diego County,False,False,84.0,
1027096,KEY LARGO APARTMENTS,380 N Mollison Ave,El Cajon,CA,92021.0,41740.0,Metropolitan Statistical Area,San Diego,6073.0,6073016301.0,51.0,32.799106,-116.951925,Active,2,0,1,132,1970-12-01,2031-10-31,2066-01-01,HPD Key LargoLP,Multiple,AWI MANAGEMENT CORPORATION,Profit Motivated,800001746.0,81,2023-10-24,82c*,2018-03-21,82c*,2018-03-19,20.0,70.0,42.0,89.0,Family,1860.0,1968-01-01,1968-01-01,95.0,169.0,1,0,0,CA33M000080,Active,Preservation,2: Request Renewal Without Restructuring at or Below Comparable Rents,2011-11-01,2031-10-31,105.0,65.45,,,,,,,,,,,0,0,0,,,,,,,,,,,,,,,,,0,0,0,,,,,,,,,,,,,,,0,0,0,,,,,,,,,,,,,,,,,1,0,0,CAA2012858,Active,4% Tax Credit,2012-01-01,2066-01-01,130.0,Acquisition and Rehab,,,,,,,,,,0,0,0,,,,,,,,,,,,,,,,,0,0,0,,,,,,,,,,,,,,,,,0,0,0,,,,,,,,,,,,,,,,,0,0,0,,,,,,,,,,,,,,,,,0,0,0,,,,,,,,,,,,,,,,,0,0,0,,,,,,,0,0,0,,,,,,,0,0,0,,,,,,,,,,,,,,,,,14048.0,el cajon,El Cajon,False,False,130.0,
1027100,HORTON HOUSE,333 G Ave,San Diego,CA,92118.0,41740.0,Metropolitan Statistical Area,San Diego,6073.0,6073005302.0,50.0,32.697039,-117.178561,Active,1,0,2,153,1981-09-01,2043-12-31,2043-12-31,Horton House LP,For Profit,INTERFAITH HOUSING ASSISTANCE CORPORATION,Profit Motivated,800001688.0,82,2023-08-18,91b,2017-11-20,91b,2017-11-17,150.0,0.0,0.0,99.0,Elderly,,1979-01-01,1979-01-01,96.0,125.0,1,0,0,CA160037009,Active,Sec 8 NC,1b: Discretionary Authority Eligibility Mark-Up-To-Market,2024-01-01,2043-12-31,150.0,117.31,,,,,,,,,,,0,0,0,,,,,,,,,,,,,,,,,0,0,0,,,,,,,,,,,,,,,0,0,0,,,,,,,,,,,,,,,,,0,0,0,,,,,,,,,,,,,,,,,0,0,0,,,,,,,,,,,,,,,,,0,0,0,,,,,,,,,,,,,,,,,0,0,0,,,,,,,,,,,,,,,,,0,0,0,,,,,,,,,,,,,,,,,0,0,0,,,,,,,,,,,,,,,,,0,0,0,,,,,,,0,0,0,,,,,,,0,0,0,,,,,,,,,,,,,,,,,14056.0,san diego,San Diego,False,False,150.0,
1027102,BELLA VISTA,4742 Solola Ave,San Diego,CA,92113.0,41740.0,Metropolitan Statistical Area,San Diego,6073.0,6073003305.0,52.0,32.694133,-117.092613,Active,2,0,2,170,2002-01-01,2037-08-31,2073-01-01,Bella Vista Affordable CommunitiesLP,For Profit,LOGAN PROPERTY MANAGEMENT INC,Profit Motivated,800001866.0,88b*,2022-06-16,81c,2019-08-13,92b,2014-10-27,52.0,94.0,24.0,93.0,Family,1620.0,1970-01-01,1970-01-01,93.0,128.0,1,0,0,CA33L000012,Active,LMSA,1b: Discretionary Authority Eligibility Mark-Up-To-Market,2017-09-01,2037-08-31,144.0,74.61,,,,,,,,,,,0,0,0,,,,,,,,,,,,,,,,,0,0,0,,,,,,,,,,,,,,,0,0,0,,,,,,,,,,,,,,,,,1,0,1,CAA20181012,Active,4% Tax Credit,2018-01-01,2073-01-01,169.0,New Construction,,,,,,,,,,0,0,0,,,,,,,,,,,,,,,,,0,0,0,,,,,,,,,,,,,,,,,0,0,0,,,,,,,,,,,,,,,,,0,0,0,,,,,,,,,,,,,,,,,0,0,0,,,,,,,,,,,,,,,,,0,0,0,,,,,,,0,0,0,,,,,,,0,0,0,,,,,,,,,,,,,,,,,14058.0,san diego,San Diego,False,False,169.0,
1027104,MAR VISTA ELDORADO,802 Topeka St,Oceanside,CA,92054.0,41740.0,Metropolitan Statistical Area,San Diego,6073.0,6073018400.0,49.0,33.196109,-117.375977,Active,1,0,0,73,2025-12-01,2034-11-30,2034-11-30,Mar Vista Eldorado Inc,Non-Profit,BVMRC,Profit Motivated,800001906.0,97a,2021-12-02,80b,2019-08-20,93b,2016-05-19,72.0,0.0,0.0,96.0,Elderly,2110.0,1992-01-01,1992-01-01,98.0,104.0,1,0,0,CA16S901005,Active,PRAC/202,,2025-12-01,2034-11-30,72.0,46.05,,,,,,,,,,,0,0,0,,,,,,,,,,,,,,,,,0,0,0,,,,,,,,,,,,,,,0,0,0,,,,,,,,,,,,,,,,,0,0,0,,,,,,,,,,,,,,,,,0,0,0,,,,,,,,,,,,,,,,,0,0,0,,,,,,,,,,,,,,,,,0,0,0,,,,,,,,,,,,,,,,,0,0,0,,,,,,,,,,,,,,,,,0,0,0,,,,,,,,,,,,,,,,,0,0,0,,,,,,,0,0,0,,,,,,,0,0,0,,,,,,,,,,,,,,,,,14063.0,oceanside,Oceanside,False,False,72.0,
1027106,LAKESHORE VILLA,6888 Golfcrest Dr,San Diego,CA,92119.0,41740.0,Metropolitan Statistical Area,San Diego,6073.0,6073009801.0,51.0,32.802486,-117.039454,Active,1,0,3,126,1978-12-01,2046-02-28,2046-02-28,Lakeshore Villa Apartments LP,Profit Motivated,CORNERSTONE RESIDENTIAL CA INC,Profit Motivated,800001796.0,97b,2022-11-01,94b,2019-06-25,89b,2017-07-17,124.0,0.0,0.0,98.0,Elderly,2400.0,1976-01-01,1976-01-01,98.0,127.0,1,0,0,CA160006005,Active,Sec 8 NC,1a: Mark-Up-To-Market Eligibility,2026-03-01,2046-02-28,124.0,117.83,,,,,,,,,,,0,0,0,,,,,,,,,,,,,,,,,0,0,0,,,,,,,,,,,,,,,0,0,0,,,,,,,,,,,,,,,,,0,0,0,,,,,,,,,,,,,,,,,0,0,0,,,,,,,,,,,,,,,,,0,0,0,,,,,,,,,,,,,,,,,0,0,0,,,,,,,,,,,,,,,,,0,0,0,,,,,,,,,,,,,,,,,0,0,0,,,,,,,,,,,,,,,,,0,0,0,,,,,,,0,0,0,,,,,,,0,0,0,,,,,,,,,,,,,,,,,14066.0,san diego,San Diego,False,False,124.0,
1027155,THE STRATTON APARTMENTS,3884 1/2 Caminito Aguilar,San Diego,CA,92111.0,41740.0,Metropolitan Statistical Area,San Diego,6073.0,6073008509.0,51.0,32.816934,-117.176803,Active,2,0,0,312,2000-01-01,2043-10-31,2055-01-01,THE STRATTON LP,For Profit,FF Properties LP,Profit Motivated,800002020.0,82c*,2023-07-11,80c*,2018-10-30,94c,2015-10-26,0.0,193.0,25.0,82.0,Family,2140.0,1969-01-01,1969-01-01,96.0,159.0,1,0,0,CA33M000075,Active,Preservation,1b: Discretionary Authority Eligibility Mark-Up-To-Market,2023-11-01,2043-10-31,166.0,102.44,,,,,,,,,,,0,0,0,,,,,,,,,,,,,,,,,0,0,0,,,,,,,,,,,,,,,0,0,0,,,,,,,,,,,,,,,,,1,0,0,CAA2000772,Active,4% Tax Credit,2000-01-01,2055-01-01,217.0,Acquisition and Rehab,,,,,,,,,,0,0,0,,,,,,,,,,,,,,,,,0,0,0,,,,,,,,,,,,,,,,,0,0,0,,,,,,,,,,,,,,,,,0,0,0,,,,,,,,,,,,,,,,,0,0,0,,,,,,,,,,,,,,,,,0,0,0,,,,,,,0,0,0,,,,,,,0,0,0,,,,,,,,,,,,,,,,,14135.0,san diego,San Diego,False,False,217.0,
1027157,COLUMBIA TOWER,904 State St,San Diego,CA,92101.0,41740.0,Metropolitan Statistical Area,San Diego,6073.0,6073005402.0,50.0,32.714891,-117.166817,Active,1,0,0,150,2018-01-01,2037-12-31,2037-12-31,Columbia Towers,Profit Motivated,GK MANAGEMENT CO INC,Profit Motivated,800001309.0,87,2024-08-15,99a*,2019-07-25,71c,2018-02-22,148.0,0.0,0.0,100.0,Elderly,,1980-01-01,1980-01-01,99.0,123.0,1,0,0,CA16H113123,Active,HFDA/8 NC,1a: Mark-Up-To-Market Eligibility,2018-01-01,2037-12-31,148.0,126.94,,,,,,,,,,,0,0,0,,,,,,,,,,,,,,,,,0,0,0,,,,,,,,,,,,,,,0,0,0,,,,,,,,,,,,,,,,,0,0,0,,,,,,,,,,,,,,,,,0,0,0,,,,,,,,,,,,,,,,,0,0,0,,,,,,,,,,,,,,,,,0,0,0,,,,,,,,,,,,,,,,,0,0,0,,,,,,,,,,,,,,,,,0,0,0,,,,,,,,,,,,,,,,,0,0,0,,,,,,,0,0,0,,,,,,,0,0,0,,,,,,,,,,,,,,,,,14138.0,san diego,San Diego,False,False,148.0,
1027163,PROJECT ROHER,411 Carlo St,San Marcos,CA,92078.0,41740.0,Metropolitan Statistical Area,San Diego,6073.0,6073020037.0,50.0,33.149179,-117.204973,Active,1,0,0,12,2026-01-01,2034-12-31,2034-12-31,The Roher Foundation,Non-Profit,TERI INC,Profit Motivated,800002258.0,76c,2023-06-02,84c,2021-08-19,92a,2014-02-25,12.0,0.0,0.0,100.0,Disabled,,1992-01-01,1992-01-01,99.0,136.0,1,0,0,CA33Q901001,Active,PRAC/811,,2026-01-01,2034-12-31,12.0,75.78,,,,,,,,,,,0,0,0,,,,,,,,,,,,,,,,,0,0,0,,,,,,,,,,,,,,,0,0,0,,,,,,,,,,,,,,,,,0,0,0,,,,,,,,,,,,,,,,,0,0,0,,,,,,,,,,,,,,,,,0,0,0,,,,,,,,,,,,,,,,,0,0,0,,,,,,,,,,,,,,,,,0,0,0,,,,,,,,,,,,,,,,,0,0,0,,,,,,,,,,,,,,,,,0,0,0,,,,,,,0,0,0,,,,,,,0,0,0,,,,,,,,,,,,,,,,,14146.0,san marcos,San Marcos,False,False,12.0,
1027165,GARDEN VILLAS,1260 3rd Ave,Chula Vista,CA,91911.0,41740.0,Metropolitan Statistical Area,San Diego,6073.0,6073013203.0,52.0,32.60773,-117.068232,Active,2,0,2,100,2004-11-01,2045-01-31,2069-01-01,KIKU GARDENS HOUSING PARTNERS LP,Multiple,ROYAL PROPERTY MANAGEMENT GROUP INC,For Profit,800001747.0,92c,2021-08-25,85a,2019-08-06,99a,2016-03-18,100.0,0.0,0.0,97.0,Elderly,1980.0,1982-01-01,1982-01-01,99.0,114.0,1,0,0,CA16T801019,Active,202/8 NC,1b: Discretionary Authority Eligibility Mark-Up-To-Market,2025-02-01,2045-01-31,99.0,107.72,,,,,,,,,,,0,0,0,,,,,,,,,,,,,,,,,0,0,0,,,,,,,,,,,,,,,0,0,0,,,,,,,,,,,,,,,,,1,0,0,CAA20142001,Active,4% Tax Credit,2014-01-01,2069-01-01,99.0,Acquisition and Rehab,,,,,,,,,,0,0,0,,,,,,,,,,,,,,,,,0,0,0,,,,,,,,,,,,,,,,,0,0,0,,,,,,,,,,,,,,,,,0,0,0,,,,,,,,,,,,,,,,,0,0,0,,,,,,,,,,,,,,,,,0,0,0,,,,,,,0,0,0,,,,,,,0,0,0,,,,,,,,,,,,,,,,,14147.0,chula vista,Chula Vista,False,False,99.0,
1027173,MORGAN TOWERS,1415 D Ave,National City,CA,91950.0,41740.0,Metropolitan Statistical Area,San Diego,6073.0,6073011700.0,52.0,32.672047,-117.100794,Active,2,0,1,152,1979-09-01,2039-03-31,2075-01-01,Morgan Tower Housing Associates LP,Multiple,MERCY HOUSING MANAGEMENT GROUP,Non-Profit,800002009.0,95,2025-05-20,99b,2022-01-31,68c,2018-03-21,152.0,0.0,0.0,99.0,Elderly,1660.0,1977-01-01,1977-01-01,99.0,128.0,1,0,0,CA160006011,Active,Sec 8 NC,1b: Discretionary Authority Eligibility Mark-Up-To-Market,2019-04-01,2039-03-31,151.0,89.14,,,,,,,,,,,0,0,0,,,,,,,,,,,,,,,,,0,0,0,,,,,,,,,,,,,,,0,0,0,,,,,,,,,,,,,,,,,1,0,0,CAA20201038,Active,4% Tax Credit,2020-01-01,2075-01-01,151.0,Acquisition and Rehab,,,,,,,,,,0,0,0,,,,,,,,,,,,,,,,,0,0,0,,,,,,,,,,,,,,,,,0,0,0,,,,,,,,,,,,,,,,,0,0,0,,,,,,,,,,,,,,,,,0,0,0,,,,,,,,,,,,,,,,,0,0,0,,,,,,,0,0,0,,,,,,,0,0,0,,,,,,,,,,,,,,,,,14152.0,national city,National City,False,False,151.0,
1027177,SILVERCREST EL CAJON,175 S Anza St,El Cajon,CA,92020.0,41740.0,Metropolitan Statistical Area,San Diego,6073.0,6073015706.0,51.0,32.793703,-116.948037,Active,2,0,0,75,2008-04-01,2035-09-18,2036-03-01,THE SALVATION ARMY EL CAJON RESIDENCES INC.,Non-Profit,THE SALVATION ARMY A CALIFORNIA CORPORATION,Non-Profit,800002362.0,100,2024-06-11,93b,2021-06-14,98c,2018-01-29,74.0,0.0,0.0,99.0,Elderly,,1988-01-01,1988-01-01,97.0,106.0,1,0,0,CA16T851016,Active,202/8 NC,4: Request Renewal for Projects Exempt from OAHP,2015-09-19,2035-09-18,74.0,53.94,,,,,,,,,,,0,0,0,,,,,,,,,,,,,,,,,0,0,0,,,,,,,,,,,,,,,1,0,0,12911046.0,Active,207/ 223(F) PUR/ REFIN HSG,2008-04-01,2036-03-01,75.0,2060403.0,,,,,,,,,,0,0,0,,,,,,,,,,,,,,,,,0,0,0,,,,,,,,,,,,,,,,,0,0,0,,,,,,,,,,,,,,,,,0,0,0,,,,,,,,,,,,,,,,,0,0,0,,,,,,,,,,,,,,,,,0,0,0,,,,,,,,,,,,,,,,,0,0,0,,,,,,,0,0,0,,,,,,,0,0,0,,,,,,,,,,,,,,,,,14158.0,el cajon,El Cajon,False,False,75.0,
1027179,POWAY VILLAS,13001 Bowron Rd,Poway,CA,92064.0,41740.0,Metropolitan Statistical Area,San Diego,6073.0,6073017048.0,48.0,32.954202,-117.044403,Active,2,0,1,60,1973-06-01,2031-10-31,2066-01-01,Poway Villas Housing Associates L.P.,Multiple,ConAm Management Corporation,For Profit,800002236.0,87,2025-07-22,94b,2022-02-02,93c,2018-04-19,16.0,20.0,24.0,84.0,Family,2170.0,1971-01-01,1971-01-01,75.0,186.0,1,0,0,CA33L000006,Active,LMSA,5b: Request Contract Renewal for a Preservation Project,2011-11-01,2031-10-31,59.0,45.71,,,,,,,,,,,0,0,0,,,,,,,,,,,,,,,,,0,0,0,,,,,,,,,,,,,,,0,0,0,,,,,,,,,,,,,,,,,1,0,0,CAA2012125,Active,4% Tax Credit,2012-01-01,2066-01-01,59.0,Acquisition and Rehab,,,,,,,,,,0,0,0,,,,,,,,,,,,,,,,,0,0,0,,,,,,,,,,,,,,,,,0,0,0,,,,,,,,,,,,,,,,,0,0,0,,,,,,,,,,,,,,,,,0,0,0,,,,,,,,,,,,,,,,,0,0,0,,,,,,,0,0,0,,,,,,,0,0,0,,,,,,,,,,,,,,,,,14160.0,poway,Poway,False,False,59.0,
1027191,TRINITY MANOR,3940 Park Blvd,San Diego,CA,92103.0,41740.0,Metropolitan Statistical Area,San Diego,6073.0,6073000600.0,50.0,32.749365,-117.146846,Active,2,0,1,100,1980-10-23,2035-06-30,2050-07-01,Trinity Manor Inc.,Non-Profit,ROYAL PROPERTY MANAGEMENT GROUP INC,For Profit,800002617.0,98,2024-02-20,84c,2021-11-23,81b,2019-02-12,99.0,0.0,0.0,91.0,Elderly,2460.0,1978-01-01,1978-01-01,98.0,105.0,1,0,0,CA160725201,Active,202/8 NC,2: Request Renewal Without Restructuring at or Below Comparable Rents,2015-07-01,2035-06-30,99.0,103.7,,,,,,,,,,,0,0,0,,,,,,,,,,,,,,,,,0,0,0,,,,,,,,,,,,,,,1,0,0,12911091.0,Active,207/ 223(F) PUR/ REFIN HSG,2015-08-01,2050-07-01,100.0,4175590.0,,,,,,,,,,0,0,0,,,,,,,,,,,,,,,,,0,0,0,,,,,,,,,,,,,,,,,0,0,0,,,,,,,,,,,,,,,,,0,0,0,,,,,,,,,,,,,,,,,0,0,0,,,,,,,,,,,,,,,,,0,0,0,,,,,,,,,,,,,,,,,0,0,0,,,,,,,0,0,0,,,,,,,0,0,0,,,,,,,,,,,,,,,,,14170.0,san diego,San Diego,False,False,100.0,
1027201,SU CASA POR CORTEZ,620 Melba Rd,Encinitas,CA,92024.0,41740.0,Metropolitan Statistical Area,San Diego,6073.0,6073017502.0,49.0,33.04035,-117.278711,Active,1,1,2,30,1973-11-01,2026-06-30,2046-04-01,Su Casa Community Housing Association,Non-Profit,ROYAL PROPERTY MANAGEMENT GROUP INC,Profit Motivated,800002518.0,95,2026-03-13,80c*,2023-08-29,83c,2021-07-30,0.0,15.0,13.0,96.0,Family,2640.0,1971-01-01,1971-01-01,92.0,243.0,0,1,0,CA33M000099,Inconclusive,Preservation,5b: Request Contract Renewal for a Preservation Project,2021-07-01,2026-06-30,28.0,52.25,End Date Passed,,,,,,,,,,0,0,0,,,,,,,,,,,,,,,,,0,0,0,,,,,,,,,,,,,,,1,0,2,12941030.0,Active,223(A)(7)/241(F)/236 REFI/EQUITY LOAN,2006-05-01,2046-04-01,30.0,1616187.0,,,,,,,,,,0,0,0,,,,,,,,,,,,,,,,,0,0,0,,,,,,,,,,,,,,,,,0,0,0,,,,,,,,,,,,,,,,,0,0,0,,,,,,,,,,,,,,,,,0,0,0,,,,,,,,,,,,,,,,,0,0,0,,,,,,,,,,,,,,,,,0,0,0,,,,,,,0,0,0,,,,,,,0,0,0,,,,,,,,,,,,,,,,,14178.0,encinitas,Encinitas,False,False,30.0,
1027207,LEXINGTON GREEN APARTMENTS,1415 E Lexington Ave,El Cajon,CA,92019.0,41740.0,Metropolitan Statistical Area,San Diego,6073.0,6073015601.0,51.0,32.792092,-116.930285,Active,2,0,1,144,1971-08-01,2044-07-31,2062-01-01,Lexington Green Community Partners II LP,For Profit,FPI MANAGEMENT INC,Profit Motivated,800001844.0,95b,2023-06-06,92b,2017-12-20,92b,2017-12-19,16.0,88.0,40.0,88.0,Family,2100.0,1968-01-01,1968-01-01,93.0,128.0,1,0,0,CA33M000083,Active,Preservation,1b: Discretionary Authority Eligibility Mark-Up-To-Market,2024-08-01,2044-07-31,110.0,89.55,,,,,,,,,,,0,0,0,,,,,,,,,,,,,,,,,0,0,0,,,,,,,,,,,,,,,0,0,0,,,,,,,,,,,,,,,,,1,0,0,CAA2007335,Active,4% Tax Credit,2007-01-01,2062-01-01,142.0,Acquisition and Rehab,,,,,,,,,,0,0,0,,,,,,,,,,,,,,,,,0,0,0,,,,,,,,,,,,,,,,,0,0,0,,,,,,,,,,,,,,,,,0,0,0,,,,,,,,,,,,,,,,,0,0,0,,,,,,,,,,,,,,,,,0,0,0,,,,,,,0,0,0,,,,,,,0,0,0,,,,,,,,,,,,,,,,,14183.0,el cajon,El Cajon,False,False,142.0,
1027209,SAN DIEGO SQUARE,1055 9th Ave,San Diego,CA,92101.0,41740.0,Metropolitan Statistical Area,San Diego,6073.0,6073005202.0,50.0,32.716248,-117.156081,Active,2,0,1,156,1982-05-19,2034-11-30,2070-01-01,HDP Broadway L.P.,Multiple,CONAM MANAGEMENT CORPORATION,For Profit,800002367.0,93,2025-08-07,91b,2021-10-26,65c,2019-01-04,155.0,1.0,0.0,97.0,Elderly,,1978-01-01,1978-01-01,99.0,102.0,1,0,0,CA162234201,Active,202/8 NC,2: Request Renewal Without Restructuring at or Below Comparable Rents,2014-12-01,2034-11-30,154.0,93.73,,,,,,,,,,,0,0,0,,,,,,,,,,,,,,,,,0,0,0,,,,,,,,,,,,,,,0,0,0,,,,,,,,,,,,,,,,,1,0,0,CAA2015067,Active,4% Tax Credit,2015-01-01,2070-01-01,154.0,Acquisition and Rehab,,,,,,,,,,0,0,0,,,,,,,,,,,,,,,,,0,0,0,,,,,,,,,,,,,,,,,0,0,0,,,,,,,,,,,,,,,,,0,0,0,,,,,,,,,,,,,,,,,0,0,0,,,,,,,,,,,,,,,,,0,0,0,,,,,,,0,0,0,,,,,,,0,0,0,,,,,,,,,,,,,,,,,14185.0,san diego,San Diego,False,False,154.0,
1027211,ST JOHNS PLAZA APARTMENTS,8150 Broadway,Lemon Grove,CA,91945.0,41740.0,Metropolitan Statistical Area,San Diego,6073.0,6073014400.0,51.0,32.744372,-117.022039,Active,1,0,2,100,2006-08-01,2044-11-30,2044-11-30,ST JOHNS HOUSING PARTNERS LP,For Profit,ROYAL PROPERTY MANAGEMENT GROUP INC,For Profit,800002494.0,94,2025-08-05,99a,2022-06-03,85c,2019-03-20,99.0,0.0,0.0,99.0,Elderly,1890.0,1983-01-01,1983-01-01,98.0,123.0,1,0,0,CA16T821044,Active,202/8 NC,1b: Discretionary Authority Eligibility Mark-Up-To-Market,2024-12-01,2044-11-30,99.0,95.89,,,,,,,,,,,0,0,0,,,,,,,,,,,,,,,,,0,0,0,,,,,,,,,,,,,,,0,0,0,,,,,,,,,,,,,,,,,0,0,0,,,,,,,,,,,,,,,,,0,0,0,,,,,,,,,,,,,,,,,0,0,0,,,,,,,,,,,,,,,,,0,0,0,,,,,,,,,,,,,,,,,0,0,0,,,,,,,,,,,,,,,,,0,0,0,,,,,,,,,,,,,,,,,0,0,0,,,,,,,0,0,0,,,,,,,0,0,0,,,,,,,,,,,,,,,,,14187.0,lemon grove,Lemon Grove,False,False,99.0,
1027326,WOODGLEN VISTA APARTMENTS,10450 N Magnolia Ave,Santee,CA,92071.0,41740.0,Metropolitan Statistical Area,San Diego,6073.0,6073016609.0,48.0,32.866929,-116.972234,Active,3,0,0,188,2016-01-01,2035-12-31,2072-01-01,Woodglen Vista Housing Partners L.P.,Profit Motivated,QUALITY MANAGEMENT GROUP INC,Profit Motivated,800002849.0,97,2025-02-25,85c*,2023-02-07,92c*,2020-02-06,44.0,96.0,48.0,87.0,Family,2140.0,1977-01-01,1977-01-01,96.0,146.0,1,0,0,CA16H113039,Active,HFDA/8 NC,1a: Mark-Up-To-Market Eligibility,2016-01-01,2035-12-31,188.0,80.53,,,,,,,,,,,0,0,0,,,,,,,,,,,,,,,,,0,0,0,,,,,,,,,,,,,,,1,0,0,12998010.0,Active,542(C) HFA RISK SHARING-RECENT COMP,2017-11-01,2052-10-01,188.0,22743270.0,,,,,,,,,,1,0,0,CAA2017065,Active,4% Tax Credit,2017-01-01,2072-01-01,185.0,Acquisition and Rehab,,,,,,,,,,0,0,0,,,,,,,,,,,,,,,,,0,0,0,,,,,,,,,,,,,,,,,0,0,0,,,,,,,,,,,,,,,,,0,0,0,,,,,,,,,,,,,,,,,0,0,0,,,,,,,,,,,,,,,,,0,0,0,,,,,,,0,0,0,,,,,,,0,0,0,,,,,,,,,,,,,,,,,14023.0,santee,Santee,False,False,188.0,
1027341,VISTA SERENA,3155 L St,San Diego,CA,92102.0,41740.0,Metropolitan Statistical Area,San Diego,6073.0,6073004000.0,52.0,32.707175,-117.125999,Active,1,0,0,21,2025-05-01,2033-04-30,2033-04-30,Vista Serena Housing Dev Corp.,Non-Profit,VISTA SERENA HOUSING DEVELOPMENT CORPORATION,Non-Profit,800002755.0,80,2025-08-07,93c,2022-01-10,78c,2020-03-13,20.0,0.0,0.0,100.0,Elderly,1780.0,1991-01-01,1991-01-01,83.0,95.0,1,0,0,CA16S871007,Active,PRAC/202,,2025-05-01,2033-04-30,20.0,25.72,,,,,,,,,,,0,0,0,,,,,,,,,,,,,,,,,0,0,0,,,,,,,,,,,,,,,0,0,0,,,,,,,,,,,,,,,,,0,0,0,,,,,,,,,,,,,,,,,0,0,0,,,,,,,,,,,,,,,,,0,0,0,,,,,,,,,,,,,,,,,0,0,0,,,,,,,,,,,,,,,,,0,0,0,,,,,,,,,,,,,,,,,0,0,0,,,,,,,,,,,,,,,,,0,0,0,,,,,,,0,0,0,,,,,,,0,0,0,,,,,,,,,,,,,,,,,14280.0,san diego,San Diego,False,False,20.0,
1027342,VILLA NUEVA APARTMENTS,3604 Beyer Blvd Apt 44-307,San Ysidro,CA,92173.0,41740.0,Metropolitan Statistical Area,San Diego,6073.0,6073010005.0,52.0,32.563883,-117.054677,Active,2,0,3,398,1970-11-01,2029-06-30,2062-01-01,Steadfast Villa Nueva LP,Profit Motivated,STEADFAST MANAGEMENT CO INC,Profit Motivated,800002711.0,87,2024-05-23,86c*,2021-07-14,91b,2018-04-18,0.0,91.0,307.0,81.0,Family,1680.0,1968-01-01,1968-01-01,95.0,269.0,1,0,0,CA33M000049,Active,LMSA,2: Request Renewal Without Restructuring at or Below Comparable Rents,2009-07-01,2029-06-30,389.0,69.29,,,,,,,,,,,0,0,0,,,,,,,,,,,,,,,,,0,0,0,,,,,,,,,,,,,,,0,0,0,,,,,,,,,,,,,,,,,1,0,0,CAA2008910,Active,4% Tax Credit,2008-01-01,2062-01-01,395.0,Acquisition and Rehab,,,,,,,,,,0,0,0,,,,,,,,,,,,,,,,,0,0,0,,,,,,,,,,,,,,,,,0,0,0,,,,,,,,,,,,,,,,,0,0,0,,,,,,,,,,,,,,,,,0,0,0,,,,,,,,,,,,,,,,,0,0,0,,,,,,,0,0,0,,,,,,,0,0,0,,,,,,,,,,,,,,,,,14281.0,san ysidro,San Diego,False,True,395.0,389.0
1027343,WESLEY TERRACE,5343 Monroe Ave,San Diego,CA,92115.0,41740.0,Metropolitan Statistical Area,San Diego,6073.0,6073002803.0,51.0,32.758988,-117.080806,Active,2,0,4,161,1973-08-01,2039-09-30,2075-01-01,WESLEY TERRACE PARTNERS LP,Multiple,ROYAL PROPERTY MANAGEMENT GROUP INC,For Profit,800002784.0,72,2025-05-13,99b,2022-01-13,72c,2019-02-13,161.0,0.0,0.0,97.0,Elderly,1890.0,1971-01-01,1971-01-01,98.0,111.0,1,0,1,CA33L000016,Active,LMSA,1b: Discretionary Authority Eligibility Mark-Up-To-Market,2019-10-01,2039-09-30,160.0,108.61,,,,,,,,,,,0,0,0,,,,,,,,,,,,,,,,,0,0,0,,,,,,,,,,,,,,,0,0,0,,,,,,,,,,,,,,,,,1,0,0,CAA20204003,Active,4% Tax Credit,2020-01-01,2075-01-01,159.0,Acquisition and Rehab,,,,,,,,,,0,0,0,,,,,,,,,,,,,,,,,0,0,0,,,,,,,,,,,,,,,,,0,0,0,,,,,,,,,,,,,,,,,0,0,0,,,,,,,,,,,,,,,,,0,0,0,,,,,,,,,,,,,,,,,0,0,0,,,,,,,0,0,0,,,,,,,0,0,0,,,,,,,,,,,,,,,,,14285.0,san diego,San Diego,False,False,160.0,
1027344,VISTA TERRACE HILLS,1606 Del Sur Blvd,San Ysidro,CA,92173.0,41740.0,Metropolitan Statistical Area,San Diego,6073.0,6073010005.0,52.0,32.56443,-117.057045,Active,2,0,3,262,1972-02-01,2045-03-31,2056-01-01,Eden Vista Terrace 2 L.P.,Profit Motivated,Eden Housing Management Inc,Non-Profit,800002756.0,92,2025-07-10,93c,2021-12-02,93c,2018-11-16,0.0,2.0,260.0,75.0,Family,1680.0,1969-01-01,1969-01-01,94.0,276.0,1,0,0,CA33M000071,Active,LMSA,1b: Discretionary Authority Eligibility Mark-Up-To-Market,2025-04-01,2045-03-31,262.0,73.8,,,,,,,,,,,0,0,0,,,,,,,,,,,,,,,,,0,0,0,,,,,,,,,,,,,,,0,0,0,,,,,,,,,,,,,,,,,1,0,0,CAA2001625,Active,4% Tax Credit,2001-01-01,2056-01-01,260.0,Acquisition and Rehab,,,,,,,,,,0,0,0,,,,,,,,,,,,,,,,,0,0,0,,,,,,,,,,,,,,,,,0,0,0,,,,,,,,,,,,,,,,,0,0,0,,,,,,,,,,,,,,,,,0,0,0,,,,,,,,,,,,,,,,,0,0,0,,,,,,,0,0,0,,,,,,,0,0,0,,,,,,,,,,,,,,,,,14287.0,san ysidro,San Diego,False,False,262.0,
1027345,SEA BREEZE GARDENS,4888 Logan Ave,San Diego,CA,92113.0,41740.0,Metropolitan Statistical Area,San Diego,6073.0,6073003305.0,52.0,32.69788,-117.08989,Active,2,0,3,268,1970-02-01,2044-06-30,2062-01-01,Sea Breeze Gardens Preservation LP,Profit Motivated,FPI MANAGEMENT INC,Profit Motivated,800052180.0,77c*,2021-07-07,84b*,2018-01-19,84b*,2018-01-17,0.0,100.0,168.0,82.0,Family,1620.0,1966-01-01,1966-01-01,90.0,179.0,1,0,0,CA33M000051,Active,LMSA,1b: Discretionary Authority Eligibility Mark-Up-To-Market,2024-07-01,2044-06-30,268.0,88.72,,,,,,,,,,,0,0,0,,,,,,,,,,,,,,,,,0,0,0,,,,,,,,,,,,,,,0,0,0,,,,,,,,,,,,,,,,,1,0,0,CAA2008730,Active,4% Tax Credit,2008-01-01,2062-01-01,267.0,Acquisition and Rehab,,,,,,,,,,0,0,0,,,,,,,,,,,,,,,,,0,0,0,,,,,,,,,,,,,,,,,0,0,0,,,,,,,,,,,,,,,,,0,0,0,,,,,,,,,,,,,,,,,0,0,0,,,,,,,,,,,,,,,,,0,0,0,,,,,,,0,0,0,,,,,,,0,0,0,,,,,,,,,,,,,,,,,14290.0,san diego,San Diego,False,False,268.0,
1027346,TURNAGAIN ARMS,920 E Mission Rd,Fallbrook,CA,92028.0,41740.0,Metropolitan Statistical Area,San Diego,6073.0,6073018903.0,48.0,33.38664,-117.242778,Active,2,0,1,80,1973-09-01,2028-09-30,2063-01-01,Turnagain Renaissance Housing Associates LP,Multiple,ConAm Management Corporation,Profit Motivated,800002899.0,76c,2023-06-02,71c*,2022-04-04,83c,2020-03-13,28.0,41.0,11.0,95.0,Family,1660.0,1971-01-01,1971-01-01,82.0,163.0,1,0,0,CA33M000048,Active,LMSA,5b: Request Contract Renewal for a Preservation Project,2008-10-01,2028-09-30,22.0,36.22,,,,,,,,,,,0,0,0,,,,,,,,,,,,,,,,,0,0,0,,,,,,,,,,,,,,,0,0,0,,,,,,,,,,,,,,,,,1,0,0,CAA2009475,Active,4% Tax Credit,2009-01-01,2063-01-01,79.0,Acquisition and Rehab,,,,,,,,,,0,0,0,,,,,,,,,,,,,,,,,0,0,0,,,,,,,,,,,,,,,,,0,0,0,,,,,,,,,,,,,,,,,0,0,0,,,,,,,,,,,,,,,,,0,0,0,,,,,,,,,,,,,,,,,0,0,0,,,,,,,0,0,0,,,,,,,0,0,0,,,,,,,,,,,,,,,,,14292.0,fallbrook,Unincorporated San Diego County,False,True,79.0,22.0
1027349,NORTH RIVER CLUB,4520 N River Rd,Oceanside,CA,92057.0,41740.0,Metropolitan Statistical Area,San Diego,6073.0,6073018609.0,49.0,33.246157,-117.315815,Active,1,0,1,56,1983-11-01,2030-04-30,2030-04-30,Southeastern Calif Conference of Seventh-day Adventist,Non-Profit,RELIANT REAL ESTATE MANAGEMENT INCDBA THE REMM,Profit Motivated,800002063.0,70c,2022-11-17,73c,2021-11-04,89b*,2019-05-22,12.0,40.0,4.0,82.0,Family,2220.0,1981-01-01,1981-01-01,89.0,185.0,1,0,0,CA160084013,Active,Sec 8 NC,2: Request Renewal Without Restructuring at or Below Comparable Rents,2025-05-01,2030-04-30,56.0,60.54,,,,,,,,,,,0,0,0,,,,,,,,,,,,,,,,,0,0,0,,,,,,,,,,,,,,,0,0,0,,,,,,,,,,,,,,,,,0,0,0,,,,,,,,,,,,,,,,,0,0,0,,,,,,,,,,,,,,,,,0,0,0,,,,,,,,,,,,,,,,,0,0,0,,,,,,,,,,,,,,,,,0,0,0,,,,,,,,,,,,,,,,,0,0,0,,,,,,,,,,,,,,,,,0,0,0,,,,,,,0,0,0,,,,,,,0,0,0,,,,,,,,,,,,,,,,,14306.0,oceanside,Oceanside,False,True,56.0,56.0
1027350,ST JAMES PLAZA,1052 9th St,Imperial Beach,CA,91932.0,41740.0,Metropolitan Statistical Area,San Diego,6073.0,6073010300.0,52.0,32.578008,-117.114929,Active,1,0,2,100,1986-07-25,2044-10-31,2044-10-31,SJP PRESERVATION LP,For Profit,ROYAL PROPERTY MANAGEMENT GROUP INC,For Profit,800002483.0,94,2025-08-04,93a,2022-07-15,96b,2019-04-11,99.0,0.0,0.0,100.0,Elderly,1920.0,1982-01-01,1982-01-01,99.0,102.0,1,0,0,CA16T811002,Active,202/8 NC,1b: Discretionary Authority Eligibility Mark-Up-To-Market,2024-11-01,2044-10-31,99.0,85.35,,,,,,,,,,,0,0,0,,,,,,,,,,,,,,,,,0,0,0,,,,,,,,,,,,,,,0,0,0,,,,,,,,,,,,,,,,,0,0,0,,,,,,,,,,,,,,,,,0,0,0,,,,,,,,,,,,,,,,,0,0,0,,,,,,,,,,,,,,,,,0,0,0,,,,,,,,,,,,,,,,,0,0,0,,,,,,,,,,,,,,,,,0,0,0,,,,,,,,,,,,,,,,,0,0,0,,,,,,,0,0,0,,,,,,,0,0,0,,,,,,,,,,,,,,,,,14308.0,imperial beach,Imperial Beach,False,False,99.0,
1027351,FIRST CONGREGATIONAL MEMORIAL TOWER,3541 Park Blvd,San Diego,CA,92103.0,41740.0,Metropolitan Statistical Area,San Diego,6073.0,6073000700.0,50.0,32.743263,-117.147105,Active,2,0,0,100,2017-08-01,2037-07-31,2052-08-01,First Congregational Memorial Tower,Non-Profit,ROYAL PROPERTY MANAGEMENT GROUP INC,Profit Motivated,800002873.0,99,2024-10-04,84c,2022-09-13,72c,2021-09-13,99.0,0.0,0.0,91.0,Elderly,2460.0,1977-01-01,1977-01-01,99.0,113.0,1,0,0,CA16H113022,Active,HFDA/8 NC,1a: Mark-Up-To-Market Eligibility,2017-08-01,2037-07-31,99.0,114.98,,,,,,,,,,,0,0,0,,,,,,,,,,,,,,,,,0,0,0,,,,,,,,,,,,,,,1,0,0,12911095.0,Active,207/ 223(F) PUR/ REFIN HSG,2017-09-01,2052-08-01,100.0,5614580.0,,,,,,,,,,0,0,0,,,,,,,,,,,,,,,,,0,0,0,,,,,,,,,,,,,,,,,0,0,0,,,,,,,,,,,,,,,,,0,0,0,,,,,,,,,,,,,,,,,0,0,0,,,,,,,,,,,,,,,,,0,0,0,,,,,,,,,,,,,,,,,0,0,0,,,,,,,0,0,0,,,,,,,0,0,0,,,,,,,,,,,,,,,,,14309.0,san diego,San Diego,False,False,100.0,
1027476,CONGREGATIONAL TOWER,288 F St,Chula Vista,CA,91910.0,41740.0,Metropolitan Statistical Area,San Diego,6073.0,6073012302.0,52.0,32.641017,-117.078995,Active,2,0,2,186,1973-12-01,2033-03-31,2069-01-01,Congregational Tower Partners LP,Multiple,FOUNDATION PROPERTY MANAGEMENT INC,Non-Profit,800001325.0,97c,2021-08-20,87c,2018-09-25,96c,2015-04-30,185.0,1.0,0.0,99.0,Elderly,1990.0,1971-01-01,1971-01-01,99.0,120.0,1,0,1,CA33M000060,Active,LMSA,1b: Discretionary Authority Eligibility Mark-Up-To-Market,2013-04-01,2033-03-31,184.0,95.39,,,,,,,,,,,0,0,0,,,,,,,,,,,,,,,,,0,0,0,,,,,,,,,,,,,,,0,0,0,,,,,,,,,,,,,,,,,1,0,0,CAA20141024,Active,4% Tax Credit,2014-01-01,2069-01-01,184.0,Acquisition and Rehab,,,,,,,,,,0,0,0,,,,,,,,,,,,,,,,,0,0,0,,,,,,,,,,,,,,,,,0,0,0,,,,,,,,,,,,,,,,,0,0,0,,,,,,,,,,,,,,,,,0,0,0,,,,,,,,,,,,,,,,,0,0,0,,,,,,,0,0,0,,,,,,,0,0,0,,,,,,,,,,,,,,,,,14454.0,chula vista,Chula Vista,False,False,184.0,
1027478,CASA COLINA DEL SOL,5207 52nd Pl,San Diego,CA,92105.0,41740.0,Metropolitan Statistical Area,San Diego,6073.0,6073002708.0,52.0,32.749559,-117.082606,Active,3,0,2,75,1979-02-01,2029-11-30,2059-01-01,Casa Colina   L.P.,For Profit,HYDER & COMPANY,Profit Motivated,800001180.0,87b,2023-09-28,75b,2022-08-02,66b,2021-09-23,74.0,1.0,0.0,100.0,Elderly,1890.0,1976-01-01,1976-01-01,100.0,129.0,1,0,0,CA160006009,Active,Sec 8 NC,1b: Discretionary Authority Eligibility Mark-Up-To-Market,2024-12-01,2029-11-30,74.0,91.37,,,,,,,,,,,0,0,0,,,,,,,,,,,,,,,,,0,0,0,,,,,,,,,,,,,,,1,0,1,12911035.0,Active,207/ 223(F) PUR/ REFIN HSG,2004-03-01,2039-02-01,75.0,2076247.0,,,,,,,,,,1,0,0,CAA2004070,Active,4% Tax Credit,2004-01-01,2059-01-01,74.0,Acquisition and Rehab,,,,,,,,,,0,0,0,,,,,,,,,,,,,,,,,0,0,0,,,,,,,,,,,,,,,,,0,0,0,,,,,,,,,,,,,,,,,0,0,0,,,,,,,,,,,,,,,,,0,0,0,,,,,,,,,,,,,,,,,0,0,0,,,,,,,0,0,0,,,,,,,0,0,0,,,,,,,,,,,,,,,,,14455.0,san diego,San Diego,False,True,75.0,74.0
1027490,TELACU SOUTHBAY MANOR,650 E 14th St,National City,CA,91950.0,41740.0,Metropolitan Statistical Area,San Diego,6073.0,6073011700.0,52.0,32.672176,-117.097816,Active,1,0,0,76,2023-09-01,2035-08-31,2035-08-31,TELACU Housing-National City Inc.,Non-Profit,TELACU RESIDENTIAL MANAGEMENT INC,Non-Profit,800000071.0,100,2023-12-29,86c,2018-08-10,99a,2015-01-12,75.0,0.0,0.0,97.0,Elderly,1660.0,1993-01-01,1993-01-01,100.0,146.0,1,0,0,CA33S911001,Active,PRAC/202,,2023-09-01,2035-08-31,75.0,42.9,,,,,,,,,,,0,0,0,,,,,,,,,,,,,,,,,0,0,0,,,,,,,,,,,,,,,0,0,0,,,,,,,,,,,,,,,,,0,0,0,,,,,,,,,,,,,,,,,0,0,0,,,,,,,,,,,,,,,,,0,0,0,,,,,,,,,,,,,,,,,0,0,0,,,,,,,,,,,,,,,,,0,0,0,,,,,,,,,,,,,,,,,0,0,0,,,,,,,,,,,,,,,,,0,0,0,,,,,,,0,0,0,,,,,,,0,0,0,,,,,,,,,,,,,,,,,14466.0,national city,National City,False,False,75.0,
1027509,WESTMINSTER MANOR,1730 3rd Ave,San Diego,CA,92101.0,41740.0,Metropolitan Statistical Area,San Diego,6073.0,6073005700.0,50.0,32.723353,-117.162342,Active,3,0,1,156,1972-03-01,2034-11-30,2070-01-01,Westminster Manor LP,For Profit,ConAm Management Corporation,For Profit,800002800.0,95,2026-03-11,76,2024-04-22,72c,2022-09-20,152.0,0.0,0.0,100.0,Elderly,3190.0,1969-01-01,1969-01-01,99.0,106.0,2,0,0,CA33L000018,Active,LMSA,1b: Discretionary Authority Eligibility Mark-Up-To-Market,2014-12-01,2034-11-30,70.0,102.6,,CA33M000050,Active,LMSA,1b: Discretionary Authority Eligibility Mark-Up-To-Market,2014-12-01,2034-11-30,51.0,105.89,,0,0,0,,,,,,,,,,,,,,,,,0,0,0,,,,,,,,,,,,,,,0,0,0,,,,,,,,,,,,,,,,,1,0,0,CAA2015099,Active,4% Tax Credit,2015-01-01,2070-01-01,150.0,Acquisition and Rehab,,,,,,,,,,0,0,0,,,,,,,,,,,,,,,,,0,0,0,,,,,,,,,,,,,,,,,0,0,0,,,,,,,,,,,,,,,,,0,0,0,,,,,,,,,,,,,,,,,0,0,0,,,,,,,,,,,,,,,,,0,0,0,,,,,,,0,0,0,,,,,,,0,0,0,,,,,,,,,,,,,,,,,14515.0,san diego,San Diego,False,False,150.0,
1027513,SILVERCREST SAN DIEGO,727 E St,San Diego,CA,92101.0,41740.0,Metropolitan Statistical Area,San Diego,6073.0,6073005301.0,50.0,32.71453,-117.158011,Active,1,0,0,125,2023-10-01,2037-09-30,2037-09-30,The Salvation Army San Diego Residences Inc.,Non-Profit,THE SALVATION ARMY A CALIFORNIA CORPORATION,Non-Profit,800077987.0,97b,2022-03-03,92b,2018-07-26,95b,2015-01-14,124.0,0.0,0.0,97.0,Elderly,,1995-01-01,1995-01-01,96.0,104.0,1,0,0,CA33S921001,Active,PRAC/202,,2023-10-01,2037-09-30,124.0,50.3,,,,,,,,,,,0,0,0,,,,,,,,,,,,,,,,,0,0,0,,,,,,,,,,,,,,,0,0,0,,,,,,,,,,,,,,,,,0,0,0,,,,,,,,,,,,,,,,,0,0,0,,,,,,,,,,,,,,,,,0,0,0,,,,,,,,,,,,,,,,,0,0,0,,,,,,,,,,,,,,,,,0,0,0,,,,,,,,,,,,,,,,,0,0,0,,,,,,,,,,,,,,,,,0,0,0,,,,,,,0,0,0,,,,,,,0,0,0,,,,,,,,,,,,,,,,,14544.0,san diego,San Diego,False,False,124.0,
1027527,EL CAJON APARTMENTS,180 Ballantyne St,El Cajon,CA,92020.0,41740.0,Metropolitan Statistical Area,San Diego,6073.0,6073015801.0,51.0,32.796106,-116.957767,Active,2,0,0,89,2014-07-01,2032-12-31,2049-06-01,El Cajon Senior Tower Apartments LP,Profit Motivated,GK MANAGEMENT CO INC,Profit Motivated,800001446.0,93,2025-04-08,99b,2020-01-17,92c,2017-01-26,88.0,0.0,0.0,99.0,Elderly,1840.0,1978-01-01,1978-01-01,99.0,104.0,1,0,0,CA16H113045,Active,HFDA/8 NC,1a: Mark-Up-To-Market Eligibility,2023-01-01,2032-12-31,88.0,91.26,,,,,,,,,,,0,0,0,,,,,,,,,,,,,,,,,0,0,0,,,,,,,,,,,,,,,1,0,0,12911085.0,Active,207/ 223(F) PUR/ REFIN HSG,2014-07-01,2049-06-01,89.0,4799255.0,,,,,,,,,,0,0,0,,,,,,,,,,,,,,,,,0,0,0,,,,,,,,,,,,,,,,,0,0,0,,,,,,,,,,,,,,,,,0,0,0,,,,,,,,,,,,,,,,,0,0,0,,,,,,,,,,,,,,,,,0,0,0,,,,,,,,,,,,,,,,,0,0,0,,,,,,,0,0,0,,,,,,,0,0,0,,,,,,,,,,,,,,,,,14587.0,el cajon,El Cajon,False,False,89.0,
1027532,LA MESA SPRINGS APARTMENTS,8070 Orange Ave,La Mesa,CA,91942.0,41740.0,Metropolitan Statistical Area,San Diego,6073.0,6073014601.0,51.0,32.764738,-117.023323,Active,3,0,0,129,2019-07-01,2043-10-31,2075-01-01,LA MESA SPRINGS PRESERVATION LP,Multiple,WINNRESIDENTIAL CALIFORNIA LP,Profit Motivated,800001774.0,91,2025-09-15,82c,2023-09-08,63c,2022-07-21,128.0,1.0,0.0,92.0,Elderly,1940.0,1979-01-01,1979-01-01,99.0,107.0,1,0,0,CA16H113067,Active,HFDA/8 NC,1b: Discretionary Authority Eligibility Mark-Up-To-Market,2023-11-01,2043-10-31,128.0,106.11,,,,,,,,,,,0,0,0,,,,,,,,,,,,,,,,,0,0,0,,,,,,,,,,,,,,,1,0,0,12911100.0,Active,207/ 223(F) PUR/ REFIN HSG,2019-07-01,2054-06-01,129.0,22646580.0,,,,,,,,,,1,0,0,CAA20201028,Active,4% Tax Credit,2020-01-01,2075-01-01,128.0,Acquisition and Rehab,,,,,,,,,,0,0,0,,,,,,,,,,,,,,,,,0,0,0,,,,,,,,,,,,,,,,,0,0,0,,,,,,,,,,,,,,,,,0,0,0,,,,,,,,,,,,,,,,,0,0,0,,,,,,,,,,,,,,,,,0,0,0,,,,,,,0,0,0,,,,,,,0,0,0,,,,,,,,,,,,,,,,,14595.0,la mesa,La Mesa,False,False,129.0,
1027535,CORONADO TERRACE APARTMENTS,1183 25th St,San Diego,CA,92154.0,41740.0,Metropolitan Statistical Area,San Diego,6073.0,6073010106.0,52.0,32.574859,-117.077695,Active,2,0,6,312,1971-12-01,2037-10-31,2056-01-01,Eden Coronado Terrace 2 L.P.,Profit Motivated,EDEN HOUSING MANAGEMENT INC,Non-Profit,800001330.0,98b*,2021-08-23,99b,2014-09-02,97c,2014-08-28,0.0,268.0,44.0,79.0,Family,2060.0,1969-01-01,1969-01-01,98.0,224.0,1,0,1,CA33M000085,Active,Preservation,1b: Discretionary Authority Eligibility Mark-Up-To-Market,2017-11-01,2037-10-31,243.0,77.81,,,,,,,,,,,0,0,0,,,,,,,,,,,,,,,,,0,0,0,,,,,,,,,,,,,,,0,0,0,,,,,,,,,,,,,,,,,1,0,0,CAA2001665,Active,4% Tax Credit,2001-01-01,2056-01-01,310.0,Acquisition and Rehab,,,,,,,,,,0,0,0,,,,,,,,,,,,,,,,,0,0,0,,,,,,,,,,,,,,,,,0,0,0,,,,,,,,,,,,,,,,,0,0,0,,,,,,,,,,,,,,,,,0,0,0,,,,,,,,,,,,,,,,,0,0,0,,,,,,,0,0,0,,,,,,,0,0,0,,,,,,,,,,,,,,,,,14604.0,san diego,San Diego,False,False,310.0,
1027537,GRACE TOWER,3955 Park Blvd,San Diego,CA,92103.0,41740.0,Metropolitan Statistical Area,San Diego,6073.0,6073000902.0,50.0,32.749493,-117.145862,Active,3,0,1,168,1969-04-16,2035-07-31,2056-08-01,Grace Tower Inc.,Non-Profit,ROYAL PROPERTY MANAGEMENT GROUP INC,For Profit,800001586.0,97,2025-07-29,92b*,2022-09-14,75c,2021-09-21,145.0,0.0,0.0,81.0,Elderly,,1966-01-01,1966-01-01,99.0,79.0,2,0,0,CA33M000041,Active,LMSA,2: Request Renewal Without Restructuring at or Below Comparable Rents,2015-08-01,2035-07-31,20.0,115.19,,CA16SP00002,Active,SPRAC,,2015-08-01,2035-07-31,145.0,111.61,,0,0,0,,,,,,,,,,,,,,,,,0,0,0,,,,,,,,,,,,,,,1,0,0,12935122.0,Active,221(D)(4) MKT RATE MOD INC/ DISP FAMS,2016-09-01,2056-08-01,168.0,12861150.0,,,,,,,,,,0,0,0,,,,,,,,,,,,,,,,,0,0,0,,,,,,,,,,,,,,,,,0,0,0,,,,,,,,,,,,,,,,,0,0,0,,,,,,,,,,,,,,,,,0,0,0,,,,,,,,,,,,,,,,,0,0,0,,,,,,,,,,,,,,,,,0,0,0,,,,,,,0,0,0,,,,,,,0,0,0,,,,,,,,,,,,,,,,,14613.0,san diego,San Diego,False,False,168.0,
1027545,CATHEDRAL ARMS,3911 Park Blvd,San Diego,CA,92103.0,41740.0,Metropolitan Statistical Area,San Diego,6073.0,6073000902.0,50.0,32.748978,-117.145859,Active,2,0,3,206,1972-09-01,2045-11-30,2060-12-01,Cathedral Arms Inc,Non-Profit,ROYAL PROPERTY MANAGEMENT GROUP INC,Profit Motivated,800001238.0,84b,2021-09-02,75c,2019-12-17,90c,2017-02-03,205.0,0.0,0.0,97.0,Elderly,,1970-01-01,1970-01-01,97.0,97.0,1,0,0,CA33L000017,Active,LMSA,1b: Discretionary Authority Eligibility Mark-Up-To-Market,2025-12-01,2045-11-30,205.0,100.81,,,,,,,,,,,0,0,0,,,,,,,,,,,,,,,,,0,0,0,,,,,,,,,,,,,,,1,0,3,12911148.0,Active,207/ 223(F) PUR/ REFIN HSG,2026-01-01,2060-12-01,206.0,49291430.0,,,,,,,,,,0,0,0,,,,,,,,,,,,,,,,,0,0,0,,,,,,,,,,,,,,,,,0,0,0,,,,,,,,,,,,,,,,,0,0,0,,,,,,,,,,,,,,,,,0,0,0,,,,,,,,,,,,,,,,,0,0,0,,,,,,,,,,,,,,,,,0,0,0,,,,,,,0,0,0,,,,,,,0,0,0,,,,,,,,,,,,,,,,,14630.0,san diego,San Diego,False,False,206.0,
1027551,GRANGER APARTMENTS,2700 E 8th St,National City,CA,91950.0,41740.0,Metropolitan Statistical Area,San Diego,6073.0,6073012002.0,52.0,32.682955,-117.07907,Active,2,0,3,180,1971-06-01,2043-10-31,2072-01-01,GRANGER HOUSING LP,Multiple,APERTO PROPERTY MANAGEMENT INC,Profit Motivated,800001594.0,99a*,2021-07-29,83b*,2018-12-10,94b,2014-11-20,158.0,22.0,0.0,85.0,Family,1660.0,1968-01-01,1968-01-01,96.0,138.0,1,0,0,CA33M000061,Active,Preservation,1b: Discretionary Authority Eligibility Mark-Up-To-Market,2023-11-01,2043-10-31,163.0,74.73,,,,,,,,,,,0,0,0,,,,,,,,,,,,,,,,,0,0,0,,,,,,,,,,,,,,,0,0,0,,,,,,,,,,,,,,,,,1,0,0,CAA2017028,Active,4% Tax Credit,2017-01-01,2072-01-01,178.0,Acquisition and Rehab,,,,,,,,,,0,0,0,,,,,,,,,,,,,,,,,0,0,0,,,,,,,,,,,,,,,,,0,0,0,,,,,,,,,,,,,,,,,0,0,0,,,,,,,,,,,,,,,,,0,0,0,,,,,,,,,,,,,,,,,0,0,0,,,,,,,0,0,0,,,,,,,0,0,0,,,,,,,,,,,,,,,,,14648.0,national city,National City,False,False,178.0,
1027572,OTAY PARK,1172 30th St,San Diego,CA,92154.0,41740.0,Metropolitan Statistical Area,San Diego,6073.0,6073010106.0,52.0,32.57132,-117.06702,Active,1,0,0,72,2021-04-20,2041-04-30,2041-04-30,OTAY PARK,Profit Motivated,FPI MANAGEMENT INC,Profit Motivated,800002105.0,99,2026-03-13,86,2023-10-25,84c*,2018-11-07,16.0,36.0,20.0,88.0,Family,2060.0,1979-01-01,1979-01-01,98.0,210.0,1,0,0,CA16H113069,Active,HFDA/8 NC,1b: Discretionary Authority Eligibility Mark-Up-To-Market,2021-04-20,2041-04-30,72.0,92.5,,,,,,,,,,,0,0,0,,,,,,,,,,,,,,,,,0,0,0,,,,,,,,,,,,,,,0,0,0,,,,,,,,,,,,,,,,,0,0,0,,,,,,,,,,,,,,,,,0,0,0,,,,,,,,,,,,,,,,,0,0,0,,,,,,,,,,,,,,,,,0,0,0,,,,,,,,,,,,,,,,,0,0,0,,,,,,,,,,,,,,,,,0,0,0,,,,,,,,,,,,,,,,,0,0,0,,,,,,,0,0,0,,,,,,,0,0,0,,,,,,,,,,,,,,,,,14698.0,san diego,San Diego,False,False,72.0,
1027600,DOWNSTOWN VISTA,1089 Jennifer Cir,Vista,CA,92083.0,41740.0,Metropolitan Statistical Area,San Diego,6073.0,6073019404.0,49.0,33.214389,-117.250826,Active,1,0,0,12,2025-09-01,2036-08-31,2036-08-31,G.B.H. Inc. A CA NP Public Benefit Corp.,Non-Profit,DOWNTOWN SAN MARCOS FND,Profit Motivated,800001416.0,91,2025-07-21,86c,2023-05-17,84c,2021-07-20,12.0,0.0,0.0,,Disabled,1930.0,1994-01-01,1994-01-01,,,1,0,0,CA33Q931001,Active,PRAC/811,,2025-09-01,2036-08-31,12.0,26.67,,,,,,,,,,,0,0,0,,,,,,,,,,,,,,,,,0,0,0,,,,,,,,,,,,,,,0,0,0,,,,,,,,,,,,,,,,,0,0,0,,,,,,,,,,,,,,,,,0,0,0,,,,,,,,,,,,,,,,,0,0,0,,,,,,,,,,,,,,,,,0,0,0,,,,,,,,,,,,,,,,,0,0,0,,,,,,,,,,,,,,,,,0,0,0,,,,,,,,,,,,,,,,,0,0,0,,,,,,,0,0,0,,,,,,,0,0,0,,,,,,,,,,,,,,,,,14869.0,vista,Vista,False,False,12.0,
1027608,VILLA ALTA,4227 52nd St,San Diego,CA,92115.0,41740.0,Metropolitan Statistical Area,San Diego,6073.0,6073002708.0,52.0,32.753856,-117.083305,Active,1,0,1,70,2000-04-04,2039-12-31,2039-12-31,Urban Council Development Inc.,Non-Profit,CBS PROPERTY MANAGEMENT CO INC,Profit Motivated,800077988.0,91,2025-04-01,55,2024-04-10,89b,2022-01-11,69.0,0.0,0.0,100.0,Elderly,1890.0,1997-01-01,1997-01-01,99.0,108.0,1,0,0,CA33S931002,Active,PRAC/202,,2023-01-01,2039-12-31,69.0,46.19,,,,,,,,,,,0,0,0,,,,,,,,,,,,,,,,,0,0,0,,,,,,,,,,,,,,,0,0,0,,,,,,,,,,,,,,,,,0,0,0,,,,,,,,,,,,,,,,,0,0,0,,,,,,,,,,,,,,,,,0,0,0,,,,,,,,,,,,,,,,,0,0,0,,,,,,,,,,,,,,,,,0,0,0,,,,,,,,,,,,,,,,,0,0,0,,,,,,,,,,,,,,,,,0,0,0,,,,,,,0,0,0,,,,,,,0,0,0,,,,,,,,,,,,,,,,,14917.0,san diego,San Diego,False,False,69.0,
1028074,REDWOOD VILLA,3060 53rd St,San Diego,CA,92105.0,41740.0,Metropolitan Statistical Area,San Diego,6073.0,6073002705.0,52.0,32.737119,-117.08197,Active,1,0,1,92,1994-07-13,2062-01-01,2062-01-01,REDWOOD VILLA INTERFAITH HOUSING CORP,,,For Profit,,,,,,,,66.0,24.0,2.0,,Elderly or Disabled,1690.0,,,,,0,0,0,,,,,,,,,,,,,,,,,,,0,0,0,,,,,,,,,,,,,,,,,0,0,0,,,,,,,,,,,,,,,0,0,0,,,,,,,,,,,,,,,,,1,0,0,CAA2008005,Active,4% Tax Credit,2008-01-01,2062-01-01,90.0,Acquisition and Rehab,,,,,,,,,,0,0,0,,,,,,,,,,,,,,,,,0,0,0,,,,,,,,,,,,,,,,,0,0,0,,,,,,,,,,,,,,,,,0,0,0,,,,,,,,,,,,,,,,,0,0,0,,,,,,,,,,,,,,,,,0,0,0,,,,,,,0,0,0,,,,,,,0,0,0,,,,,,,,,,,,,,,,,21945.0,san diego,San Diego,False,False,90.0,
1028094,WINDSOR GARDENS,1600 W 9th Ave,Escondido,CA,92029.0,41740.0,Metropolitan Statistical Area,San Diego,6073.0,6073020313.0,50.0,33.112333,-117.105931,Active,1,0,1,132,1978-04-01,2075-01-01,2075-01-01,,Non-Profit,,,,,,,,,,128.0,4.0,0.0,,,,,,,,0,0,0,,,,,,,,,,,,,,,,,,,0,0,0,,,,,,,,,,,,,,,,,0,0,0,,,,,,,,,,,,,,,0,0,0,,,,,,,,,,,,,,,,,1,0,0,CAA20201072,Active,4% Tax Credit,2020-01-01,2075-01-01,130.0,Acquisition and Rehab,,,,,,,,,,0,0,0,,,,,,,,,,,,,,,,,0,0,0,,,,,,,,,,,,,,,,,0,0,0,,,,,,,,,,,,,,,,,0,0,0,,,,,,,,,,,,,,,,,0,0,0,,,,,,,,,,,,,,,,,0,0,0,,,,,,,0,0,0,,,,,,,0,0,0,,,,,,,,,,,,,,,,,20534.0,escondido,Escondido,False,False,130.0,
1028098,LOS ROBLES APARTMENTS VISTA,1475 Oak Dr,Vista,CA,92084.0,41740.0,Metropolitan Statistical Area,San Diego,6073.0,6073019210.0,49.0,33.220348,-117.221254,Active,1,0,1,76,1974-02-01,2068-01-01,2068-01-01,FOOTHILL OAK HOUSING ASSOC LP,Non-Profit,,,,,,,,,,16.0,40.0,20.0,,Family,,,,,,0,0,0,,,,,,,,,,,,,,,,,,,0,0,0,,,,,,,,,,,,,,,,,0,0,0,,,,,,,,,,,,,,,0,0,0,,,,,,,,,,,,,,,,,1,0,0,CAA2013378,Active,4% Tax Credit,2013-01-01,2068-01-01,75.0,Acquisition and Rehab,,,,,,,,,,0,0,0,,,,,,,,,,,,,,,,,0,0,0,,,,,,,,,,,,,,,,,0,0,0,,,,,,,,,,,,,,,,,0,0,0,,,,,,,,,,,,,,,,,0,0,0,,,,,,,,,,,,,,,,,0,0,0,,,,,,,0,0,0,,,,,,,0,0,0,,,,,,,,,,,,,,,,,20537.0,vista,Vista,False,False,75.0,
1028155,SANFORD HOTEL,1301 5th Ave,San Diego,CA,92101.0,41740.0,Metropolitan Statistical Area,San Diego,6073.0,6073005301.0,50.0,32.719176,-117.159909,Active,1,0,1,20,1989-01-01,,,FIFTH AVENUE CORP A CA NONPROFIT CORP,For Profit,,,,,,,,,,,,,,Elderly or Disabled,,,,,,0,0,0,,,,,,,,,,,,,,,,,,,0,0,0,,,,,,,,,,,,,,,,,0,0,0,,,,,,,,,,,,,,,0,0,0,,,,,,,,,,,,,,,,,0,0,0,,,,,,,,,,,,,,,,,0,0,0,,,,,,,,,,,,,,,,,0,0,0,,,,,,,,,,,,,,,,,0,0,0,,,,,,,,,,,,,,,,,0,0,0,,,,,,,,,,,,,,,,,0,0,0,,,,,,,,,,,,,,,,,1,0,0,Active,Project Based Vouchers,20.0,,,,0,0,0,,,,,,,0,0,0,,,,,,,,,,,,,,,,,22018.0,san diego,San Diego,False,False,20.0,
1028221,PARK VILLAGE APARTMENTS,1246 3rd Ave,Chula Vista,CA,91911.0,41740.0,Metropolitan Statistical Area,San Diego,6073.0,6073013203.0,52.0,32.608646,-117.068122,Active,2,0,0,28,1993-01-01,2047-01-01,2047-01-01,CIVIC CENTER BARRIO HOUSING CORP,For Profit,Civic Center Barrio Housing Corporation,,,,,,,,,0.0,0.0,0.0,,Family,1980.0,,,,,0,0,0,,,,,,,,,,,,,,,,,,,0,0,0,,,,,,,,,,,,,,,,,0,0,0,,,,,,,,,,,,,,,0,0,0,,,,,,,,,,,,,,,,,1,0,0,CAA1993195,Active,9% Tax Credit,1993-01-01,2047-01-01,28.0,New Construction,,,,,,,,,,0,0,0,,,,,,,,,,,,,,,,,0,0,0,,,,,,,,,,,,,,,,,0,0,0,,,,,,,,,,,,,,,,,0,0,0,,,,,,,,,,,,,,,,,1,0,0,CA-1991-133,Active,CA California State Low Income Housing Tax Credit,1993-02-04,2047-01-01,27.0,,New Construction Only,,,,,,,,,0,0,0,,,,,,,0,0,0,,,,,,,0,0,0,,,,,,,,,,,,,,,,,22266.0,chula vista,Chula Vista,False,False,28.0,
1028296,NEW PALACE HOTEL,1814 5th Ave,San Diego,CA,92101.0,41740.0,Metropolitan Statistical Area,San Diego,6073.0,6073005700.0,50.0,32.724382,-117.160536,Active,1,0,1,64,1991-01-01,,,FIFTH AVE CORP A CA NONPROFIT CORP,For Profit,,,,,,,,,,,,,,Elderly or Disabled,3190.0,,,,,0,0,0,,,,,,,,,,,,,,,,,,,0,0,0,,,,,,,,,,,,,,,,,0,0,0,,,,,,,,,,,,,,,0,0,0,,,,,,,,,,,,,,,,,0,0,0,,,,,,,,,,,,,,,,,0,0,0,,,,,,,,,,,,,,,,,0,0,0,,,,,,,,,,,,,,,,,0,0,0,,,,,,,,,,,,,,,,,0,0,0,,,,,,,,,,,,,,,,,0,0,0,,,,,,,,,,,,,,,,,1,0,0,Active,Project Based Vouchers,64.0,,,,0,0,0,,,,,,,0,0,0,,,,,,,,,,,,,,,,,22141.0,san diego,San Diego,False,False,64.0,
1028321,ESPERANZA GARDEN APARTMENTS,920 Regal Rd,Encinitas,CA,92024.0,41740.0,Metropolitan Statistical Area,San Diego,6073.0,6073017502.0,49.0,33.040558,-117.281983,Active,1,0,1,10,1994-01-01,2049-01-01,2049-01-01,ESPERANZA HOUSING & COMMUNITY DEVELOPMENT CORP,For Profit,,,,,,,,,,,,,,Family,2640.0,,,,,0,0,0,,,,,,,,,,,,,,,,,,,0,0,0,,,,,,,,,,,,,,,,,0,0,0,,,,,,,,,,,,,,,0,0,0,,,,,,,,,,,,,,,,,1,0,0,CAA1994105,Active,9% Tax Credit,1994-01-01,2049-01-01,10.0,New Construction,,,,,,,,,,0,0,0,,,,,,,,,,,,,,,,,0,0,0,,,,,,,,,,,,,,,,,0,0,0,,,,,,,,,,,,,,,,,0,0,0,,,,,,,,,,,,,,,,,0,0,0,,,,,,,,,,,,,,,,,0,0,0,,,,,,,0,0,0,,,,,,,0,0,0,,,,,,,,,,,,,,,,,22323.0,encinitas,Encinitas,False,False,10.0,
1028333,HACIENDA TOWNHOMES,350 17th St,San Diego,CA,92101.0,41740.0,Metropolitan Statistical Area,San Diego,6073.0,6073005101.0,50.0,32.708892,-117.148848,Active,1,0,0,52,1994-01-01,2049-01-01,2049-01-01,OCCUPATIONAL TRAINING SERVICES,For Profit,,,,,,,,,,1.0,27.0,24.0,,Family,,,,,,0,0,0,,,,,,,,,,,,,,,,,,,0,0,0,,,,,,,,,,,,,,,,,0,0,0,,,,,,,,,,,,,,,0,0,0,,,,,,,,,,,,,,,,,1,0,0,CAA1994145,Active,9% Tax Credit,1994-01-01,2049-01-01,51.0,New Construction,,,,,,,,,,0,0,0,,,,,,,,,,,,,,,,,0,0,0,,,,,,,,,,,,,,,,,0,0,0,,,,,,,,,,,,,,,,,0,0,0,,,,,,,,,,,,,,,,,0,0,0,,,,,,,,,,,,,,,,,0,0,0,,,,,,,0,0,0,,,,,,,0,0,0,,,,,,,,,,,,,,,,,22329.0,san diego,San Diego,False,False,51.0,
1028462,CAMPINA COURT APARTMENTS,9000 Campina Dr,La Mesa,CA,91942.0,41740.0,Metropolitan Statistical Area,San Diego,6073.0,6073015002.0,51.0,32.783902,-117.004421,Active,1,0,1,60,1995-01-01,2069-01-01,2069-01-01,LA MESA 614 LP,For Profit,,,,,,,,,,0.0,30.0,30.0,,Family,,,,,,0,0,0,,,,,,,,,,,,,,,,,,,0,0,0,,,,,,,,,,,,,,,,,0,0,0,,,,,,,,,,,,,,,0,0,0,,,,,,,,,,,,,,,,,1,0,1,CAA2014380,Active,4% Tax Credit,2014-01-01,2069-01-01,59.0,Acquisition and Rehab,,,,,,,,,,0,0,0,,,,,,,,,,,,,,,,,0,0,0,,,,,,,,,,,,,,,,,0,0,0,,,,,,,,,,,,,,,,,0,0,0,,,,,,,,,,,,,,,,,0,0,0,,,,,,,,,,,,,,,,,0,0,0,,,,,,,0,0,0,,,,,,,0,0,0,,,,,,,,,,,,,,,,,22427.0,la mesa,La Mesa,False,False,59.0,
1028538,DAYBREAK GROVE SUNRISE PLACE,1245 E Grand Ave,Escondido,CA,92027.0,41740.0,Metropolitan Statistical Area,San Diego,6073.0,6073020211.0,50.0,33.127267,-117.064065,Active,2,0,0,21,1993-01-01,2048-01-01,2048-01-01,ESCONDIDO FAMILY HOUSING CORP,For Profit,CONAM Management Corporation,,,,,,,,,0.0,0.0,0.0,,Family,1930.0,,,,,0,0,0,,,,,,,,,,,,,,,,,,,0,0,0,,,,,,,,,,,,,,,,,0,0,0,,,,,,,,,,,,,,,0,0,0,,,,,,,,,,,,,,,,,1,0,0,CAA1993065,Active,9% Tax Credit,1993-01-01,2048-01-01,21.0,New Construction,,,,,,,,,,0,0,0,,,,,,,,,,,,,,,,,0,0,0,,,,,,,,,,,,,,,,,0,0,0,,,,,,,,,,,,,,,,,0,0,0,,,,,,,,,,,,,,,,,1,0,0,CA-1991-102,Active,CA California State Low Income Housing Tax Credit,1993-06-25,2048-01-01,21.0,,New Construction Only,,,,,,,,,0,0,0,,,,,,,0,0,0,,,,,,,0,0,0,,,,,,,,,,,,,,,,,22241.0,escondido,Escondido,False,False,21.0,
1028546,MISSION TERRACE APARTMENTS,10210 San Diego Mission Rd,San Diego,CA,92108.0,41740.0,Metropolitan Statistical Area,San Diego,6073.0,6073009603.0,51.0,32.786487,-117.112864,Inconclusive,0,1,1,77,1995-01-01,2025-01-01,2025-01-01,MISSION TERRACE INTERFAITH HOUSIG CORP,For Profit,,,,,,,,,,37.0,16.0,24.0,,Family,3190.0,,,,,0,0,0,,,,,,,,,,,,,,,,,,,0,0,0,,,,,,,,,,,,,,,,,0,0,0,,,,,,,,,,,,,,,0,0,0,,,,,,,,,,,,,,,,,0,1,0,CAA1995082,Inconclusive,9% Tax Credit,1995-01-01,2025-01-01,76.0,New Construction,End Date Passed,,,,,,,,,0,0,0,,,,,,,,,,,,,,,,,0,0,0,,,,,,,,,,,,,,,,,0,0,0,,,,,,,,,,,,,,,,,0,0,0,,,,,,,,,,,,,,,,,0,0,0,,,,,,,,,,,,,,,,,0,0,0,,,,,,,0,0,0,,,,,,,0,0,0,,,,,,,,,,,,,,,,,22474.0,san diego,San Diego,False,False,,
1028576,VILLA LOMA APARTMENTS,6421 Tobria Ter,Carlsbad,CA,92011.0,41740.0,Metropolitan Statistical Area,San Diego,6073.0,6073022102.0,49.0,33.114476,-117.272629,Active,1,0,0,344,1995-01-01,2050-01-01,2050-01-01,BRIDGE HOUSING CORP,For Profit,,,,,,,,,,120.0,120.0,104.0,,Family,,,,,,0,0,0,,,,,,,,,,,,,,,,,,,0,0,0,,,,,,,,,,,,,,,,,0,0,0,,,,,,,,,,,,,,,0,0,0,,,,,,,,,,,,,,,,,1,0,0,CAA1995114,Active,9% Tax Credit,1995-01-01,2050-01-01,341.0,New Construction,,,,,,,,,,0,0,0,,,,,,,,,,,,,,,,,0,0,0,,,,,,,,,,,,,,,,,0,0,0,,,,,,,,,,,,,,,,,0,0,0,,,,,,,,,,,,,,,,,0,0,0,,,,,,,,,,,,,,,,,0,0,0,,,,,,,0,0,0,,,,,,,0,0,0,,,,,,,,,,,,,,,,,22505.0,carlsbad,Carlsbad,False,False,341.0,
1028617,GOLDEN VILLA APARTMENTS,3355 Elm St,San Diego,CA,92102.0,41740.0,Metropolitan Statistical Area,San Diego,6073.0,6073004200.0,50.0,32.724254,-117.122277,Active,1,0,0,32,1997-01-01,2052-01-01,2052-01-01,GREATER GOLDEN HILLS COMMUNITY DEVELOPMENT CORP,For Profit,,,,,,,,,,,,,,Family,2020.0,,,,,0,0,0,,,,,,,,,,,,,,,,,,,0,0,0,,,,,,,,,,,,,,,,,0,0,0,,,,,,,,,,,,,,,0,0,0,,,,,,,,,,,,,,,,,1,0,0,CAA1997140,Active,9% Tax Credit,1997-01-01,2052-01-01,32.0,New Construction,,,,,,,,,,0,0,0,,,,,,,,,,,,,,,,,0,0,0,,,,,,,,,,,,,,,,,0,0,0,,,,,,,,,,,,,,,,,0,0,0,,,,,,,,,,,,,,,,,0,0,0,,,,,,,,,,,,,,,,,0,0,0,,,,,,,0,0,0,,,,,,,0,0,0,,,,,,,,,,,,,,,,,22654.0,san diego,San Diego,False,False,32.0,
1028648,KALMIA COURTYARDS,234 W Kalmia St,Fallbrook,CA,92028.0,41740.0,Metropolitan Statistical Area,San Diego,6073.0,6073018903.0,48.0,33.385138,-117.253174,Active,1,0,2,28,1997-01-01,2052-01-01,2052-01-01,KALMIA COURTYARD,For Profit,KALIMA COURTYARDS,,800078922.0,96a,2018-08-28,81c*,2016-08-04,81c*,2016-08-03,,,,,Elderly or Disabled,1660.0,,,,,0,0,0,,,,,,,,,,,,,,,,,,,0,0,0,,,,,,,,,,,,,,,,,0,0,0,,,,,,,,,,,,,,,0,0,0,,,,,,,,,,,,,,,,,1,0,0,CAA1997225,Active,4% Tax Credit,1997-01-01,2052-01-01,28.0,New Construction,,,,,,,,,,0,0,0,,,,,,,,,,,,,,,,,0,0,0,,,,,,,,,,,,,,,,,0,0,0,,,,,,,,,,,,,,,,,0,0,0,,,,,,,,,,,,,,,,,0,0,0,,,,,,,,,,,,,,,,,0,0,0,,,,,,,0,0,0,,,,,,,0,0,0,,,,,,,,,,,,,,,,,22669.0,fallbrook,Unincorporated San Diego County,False,False,28.0,
1028653,VINTAGE POINTE SENIOR APARTMENTS,1701 Bush St,Oceanside,CA,92058.0,41740.0,Metropolitan Statistical Area,San Diego,6073.0,6073018616.0,49.0,33.204142,-117.367337,Active,1,0,0,136,1997-01-01,2052-01-01,2052-01-01,COMMUNITY HOUSING ASSISTANCE PROGRAM (CHAPA),For Profit,,,,,,,,,,,,,,Elderly or Disabled,,,,,,0,0,0,,,,,,,,,,,,,,,,,,,0,0,0,,,,,,,,,,,,,,,,,0,0,0,,,,,,,,,,,,,,,0,0,0,,,,,,,,,,,,,,,,,1,0,0,CAA1997240,Active,9% Tax Credit,1997-01-01,2052-01-01,136.0,New Construction,,,,,,,,,,0,0,0,,,,,,,,,,,,,,,,,0,0,0,,,,,,,,,,,,,,,,,0,0,0,,,,,,,,,,,,,,,,,0,0,0,,,,,,,,,,,,,,,,,0,0,0,,,,,,,,,,,,,,,,,0,0,0,,,,,,,0,0,0,,,,,,,0,0,0,,,,,,,,,,,,,,,,,22672.0,oceanside,Oceanside,False,False,136.0,
1028676,CEDAR NETTLETON APARTMENTS,245 Cedar Rd,Vista,CA,92083.0,41740.0,Metropolitan Statistical Area,San Diego,6073.0,6073018519.0,49.0,33.189649,-117.283345,Active,1,1,1,68,1996-01-01,2026-01-01,2072-01-01,CEDAR NETTLETON HOUSING ASSOCIATES LP,Multiple,,,,,,,,,,0.0,18.0,50.0,,Family,2360.0,,,,,0,0,0,,,,,,,,,,,,,,,,,,,0,0,0,,,,,,,,,,,,,,,,,0,0,0,,,,,,,,,,,,,,,0,0,0,,,,,,,,,,,,,,,,,1,1,0,CAA2017022,Active,4% Tax Credit,2017-01-01,2072-01-01,67.0,Acquisition and Rehab,,CAA1996176,Inconclusive,9% Tax Credit,1996-01-01,2026-01-01,39.0,New Construction,End Date Passed,0,0,0,,,,,,,,,,,,,,,,,0,0,0,,,,,,,,,,,,,,,,,0,0,0,,,,,,,,,,,,,,,,,0,0,0,,,,,,,,,,,,,,,,,0,0,0,,,,,,,,,,,,,,,,,0,0,0,,,,,,,0,0,0,,,,,,,0,0,0,,,,,,,,,,,,,,,,,22561.0,vista,Vista,False,False,67.0,
1028734,TREMONT STREET APARTMENTS,1115 S Tremont St,Oceanside,CA,92054.0,41740.0,Metropolitan Statistical Area,San Diego,6073.0,6073018201.0,49.0,33.184088,-117.371142,Inconclusive,0,1,2,21,1997-01-01,2026-01-01,2026-01-01,COMMUNITY HOUSINGWORKS,For Profit,,,,,,,,,,21.0,1.0,0.0,,,,,,,,0,0,0,,,,,,,,,,,,,,,,,,,0,0,0,,,,,,,,,,,,,,,,,0,0,0,,,,,,,,,,,,,,,0,0,0,,,,,,,,,,,,,,,,,0,1,0,CAA1997485,Inconclusive,9% Tax Credit,1997-01-01,2026-01-01,20.0,Acquisition and Rehab,End Date Passed,,,,,,,,,0,0,0,,,,,,,,,,,,,,,,,0,0,0,,,,,,,,,,,,,,,,,0,0,0,,,,,,,,,,,,,,,,,0,0,0,,,,,,,,,,,,,,,,,0,0,0,,,,,,,,,,,,,,,,,0,0,0,,,,,,,0,0,0,,,,,,,0,0,0,,,,,,,,,,,,,,,,,22713.0,oceanside,Oceanside,False,False,,
1028740,VILLAGE PLACE APARTMENTS,34 17th St,San Diego,CA,92101.0,41740.0,Metropolitan Statistical Area,San Diego,6073.0,6073005103.0,50.0,32.70525,-117.14862,Active,2,0,0,47,1997-01-01,2027-10-01,2052-01-01,CALIFORNIA HOUSING FINANCE,For Profit,VILLAGE PLACE LCD,,800078923.0,83,2024-07-11,90b*,2021-08-04,81c,2018-07-16,45.0,2.0,0.0,,Family,,,,,,0,0,0,,,,,,,,,,,,,,,,,,,0,0,0,,,,,,,,,,,,,,,,,0,0,0,,,,,,,,,,,,,,,1,0,0,12998004.0,Active,542(C) HFA RISK SHARING-RECENT COMP,1997-11-01,2027-10-01,47.0,123547.9,,,,,,,,,,1,0,0,CAA1997515,Active,4% Tax Credit,1997-01-01,2052-01-01,46.0,Acquisition and Rehab,,,,,,,,,,0,0,0,,,,,,,,,,,,,,,,,0,0,0,,,,,,,,,,,,,,,,,0,0,0,,,,,,,,,,,,,,,,,0,0,0,,,,,,,,,,,,,,,,,0,0,0,,,,,,,,,,,,,,,,,0,0,0,,,,,,,0,0,0,,,,,,,0,0,0,,,,,,,,,,,,,,,,,22719.0,san diego,San Diego,False,True,47.0,47.0
1028759,BELLA VISTA APARTMENTS PHASE III,545 N Mollison Ave,El Cajon,CA,92021.0,41740.0,Metropolitan Statistical Area,San Diego,6073.0,6073016302.0,51.0,32.801219,-116.950238,Active,1,0,0,148,1998-01-01,2028-01-01,2028-01-01,PEDCOR HOUSING CORP,For Profit,,,,,,,,,,0.0,150.0,0.0,,,1860.0,,,,,0,0,0,,,,,,,,,,,,,,,,,,,0,0,0,,,,,,,,,,,,,,,,,0,0,0,,,,,,,,,,,,,,,0,0,0,,,,,,,,,,,,,,,,,1,0,0,CAA1998045,Active,4% Tax Credit,1998-01-01,2028-01-01,148.0,Acquisition and Rehab,,,,,,,,,,0,0,0,,,,,,,,,,,,,,,,,0,0,0,,,,,,,,,,,,,,,,,0,0,0,,,,,,,,,,,,,,,,,0,0,0,,,,,,,,,,,,,,,,,0,0,0,,,,,,,,,,,,,,,,,0,0,0,,,,,,,0,0,0,,,,,,,0,0,0,,,,,,,,,,,,,,,,,22738.0,el cajon,El Cajon,False,True,148.0,148.0
1028771,CORDOVA VILLAGE,1280 E J St,Chula Vista,CA,91910.0,41740.0,Metropolitan Statistical Area,San Diego,6073.0,6073013414.0,52.0,32.632645,-117.004754,Active,1,0,2,40,1998-01-01,2028-01-01,2028-01-01,SOUTH BAY COMMUNITY SERVICES,For Profit,,,,,,,,,,0.0,16.0,24.0,,,1990.0,,,,,0,0,0,,,,,,,,,,,,,,,,,,,0,0,0,,,,,,,,,,,,,,,,,0,0,0,,,,,,,,,,,,,,,0,0,0,,,,,,,,,,,,,,,,,1,0,0,CAA1998105,Active,4% Tax Credit,1998-01-01,2028-01-01,39.0,New Construction,,,,,,,,,,0,0,0,,,,,,,,,,,,,,,,,0,0,0,,,,,,,,,,,,,,,,,0,0,0,,,,,,,,,,,,,,,,,0,0,0,,,,,,,,,,,,,,,,,0,0,0,,,,,,,,,,,,,,,,,0,0,0,,,,,,,0,0,0,,,,,,,0,0,0,,,,,,,,,,,,,,,,,22750.0,chula vista,Chula Vista,False,True,39.0,39.0
1028804,LINCOLN HOTEL,536 5th Ave,San Diego,CA,92101.0,41740.0,Metropolitan Statistical Area,San Diego,6073.0,6073005401.0,50.0,32.710922,-117.160447,Active,1,0,0,41,1998-01-01,2051-01-01,2051-01-01,BARONE GALASSO & ASSOC INC,For Profit,,,,,,,,,,,,,,,,,,,,0,0,0,,,,,,,,,,,,,,,,,,,0,0,0,,,,,,,,,,,,,,,,,0,0,0,,,,,,,,,,,,,,,0,0,0,,,,,,,,,,,,,,,,,1,0,0,CAA1998225,Active,9% Tax Credit,1998-01-01,2051-01-01,41.0,Acquisition and Rehab,,,,,,,,,,0,0,0,,,,,,,,,,,,,,,,,0,0,0,,,,,,,,,,,,,,,,,0,0,0,,,,,,,,,,,,,,,,,0,0,0,,,,,,,,,,,,,,,,,0,0,0,,,,,,,,,,,,,,,,,0,0,0,,,,,,,0,0,0,,,,,,,0,0,0,,,,,,,,,,,,,,,,,22774.0,san diego,San Diego,False,False,41.0,
1028819,TERRACES APARTMENTS,1301 Morning View Dr,Escondido,CA,92026.0,41740.0,Metropolitan Statistical Area,San Diego,6073.0,6073020308.0,48.0,33.138483,-117.097899,Active,1,0,0,190,1996-01-01,2051-01-01,2051-01-01,AFFIRMED HOUSING GROUP,For Profit,,,,,,,,,,52.0,77.0,59.0,,Family,1990.0,,,,,0,0,0,,,,,,,,,,,,,,,,,,,0,0,0,,,,,,,,,,,,,,,,,0,0,0,,,,,,,,,,,,,,,0,0,0,,,,,,,,,,,,,,,,,1,0,0,CAA1996225,Active,9% Tax Credit,1996-01-01,2051-01-01,188.0,New Construction,,,,,,,,,,0,0,0,,,,,,,,,,,,,,,,,0,0,0,,,,,,,,,,,,,,,,,0,0,0,,,,,,,,,,,,,,,,,0,0,0,,,,,,,,,,,,,,,,,0,0,0,,,,,,,,,,,,,,,,,0,0,0,,,,,,,0,0,0,,,,,,,0,0,0,,,,,,,,,,,,,,,,,22609.0,escondido,Escondido,False,False,188.0,
1028847,PARK VIEW TERRACE,13250 Civic Center Dr,Poway,CA,92064.0,41740.0,Metropolitan Statistical Area,San Diego,6073.0,6073017048.0,48.0,32.955185,-117.044029,Active,1,0,0,91,1998-01-01,2052-01-01,2052-01-01,COMMUNITY HOUSINGWORKS,For Profit,,,,,,,,,,10.0,36.0,46.0,,Family,2170.0,,,,,0,0,0,,,,,,,,,,,,,,,,,,,0,0,0,,,,,,,,,,,,,,,,,0,0,0,,,,,,,,,,,,,,,0,0,0,,,,,,,,,,,,,,,,,1,0,0,CAA1998345,Active,9% Tax Credit,1998-01-01,2052-01-01,91.0,New Construction,,,,,,,,,,0,0,0,,,,,,,,,,,,,,,,,0,0,0,,,,,,,,,,,,,,,,,0,0,0,,,,,,,,,,,,,,,,,0,0,0,,,,,,,,,,,,,,,,,0,0,0,,,,,,,,,,,,,,,,,0,0,0,,,,,,,0,0,0,,,,,,,0,0,0,,,,,,,,,,,,,,,,,22795.0,poway,Poway,False,False,91.0,
1028849,PARK VILLAS APARTMENTS,817 Eta St Apt 806,National City,CA,91950.0,41740.0,Metropolitan Statistical Area,San Diego,6073.0,6073011802.0,52.0,32.687147,-117.101628,Active,1,0,2,268,1998-01-01,2028-01-01,2028-01-01,SAN DIEGO COMMUNITY HOUSING CORP,For Profit,BARKER MANAGEMENT,For Profit,800052113.0,84c*,2017-10-12,84c*,2017-10-12,84c*,2017-10-05,0.0,172.0,96.0,,Family,1660.0,,,,,0,0,0,,,,,,,,,,,,,,,,,,,0,0,0,,,,,,,,,,,,,,,,,0,0,0,,,,,,,,,,,,,,,0,0,0,,,,,,,,,,,,,,,,,1,0,0,CAA1998350,Active,4% Tax Credit,1998-01-01,2028-01-01,268.0,Acquisition and Rehab,,,,,,,,,,0,0,0,,,,,,,,,,,,,,,,,0,0,0,,,,,,,,,,,,,,,,,0,0,0,,,,,,,,,,,,,,,,,0,0,0,,,,,,,,,,,,,,,,,0,0,0,,,,,,,,,,,,,,,,,0,0,0,,,,,,,0,0,0,,,,,,,0,0,0,,,,,,,,,,,,,,,,,22796.0,national city,National City,False,True,268.0,268.0
1028858,ORANGE PLACE,1500 Orange Pl,Escondido,CA,92025.0,41740.0,Metropolitan Statistical Area,San Diego,6073.0,6073020707.0,50.0,33.106657,-117.076814,Active,2,0,2,32,1997-01-01,2051-01-01,2051-01-01,COMMUNITY HOUSINGWORKS,For Profit,CONAM Management Corporation,,,,,,,,,5.0,8.0,19.0,,Family,1830.0,,,,,0,0,0,,,,,,,,,,,,,,,,,,,0,0,0,,,,,,,,,,,,,,,,,0,0,0,,,,,,,,,,,,,,,0,0,0,,,,,,,,,,,,,,,,,1,0,0,CAA1997010,Active,9% Tax Credit,1997-01-01,2051-01-01,31.0,New Construction,,,,,,,,,,0,0,0,,,,,,,,,,,,,,,,,0,0,0,,,,,,,,,,,,,,,,,0,0,0,,,,,,,,,,,,,,,,,0,0,0,,,,,,,,,,,,,,,,,1,0,0,CA-1995-006,Active,CA California State Low Income Housing Tax Credit,1997-05-02,2051-01-01,31.0,,New Construction Only,,,,,,,,,0,0,0,,,,,,,0,0,0,,,,,,,0,0,0,,,,,,,,,,,,,,,,,22629.0,escondido,Escondido,False,False,31.0,
1028861,PINEWOOD APARTMENTS,241 Wisconsin Ave,El Cajon,CA,92020.0,41740.0,Metropolitan Statistical Area,San Diego,6073.0,6073015801.0,51.0,32.79885,-116.964017,Active,1,0,0,55,1998-01-01,2027-01-01,2027-01-01,3030 VERNON LLC & CARE HOUSING SERVICES CORP,For Profit,,,,,,,,,,47.0,9.0,0.0,,,1840.0,,,,,0,0,0,,,,,,,,,,,,,,,,,,,0,0,0,,,,,,,,,,,,,,,,,0,0,0,,,,,,,,,,,,,,,0,0,0,,,,,,,,,,,,,,,,,1,0,0,CAA1998380,Active,4% Tax Credit,1998-01-01,2027-01-01,55.0,Acquisition and Rehab,,,,,,,,,,0,0,0,,,,,,,,,,,,,,,,,0,0,0,,,,,,,,,,,,,,,,,0,0,0,,,,,,,,,,,,,,,,,0,0,0,,,,,,,,,,,,,,,,,0,0,0,,,,,,,,,,,,,,,,,0,0,0,,,,,,,0,0,0,,,,,,,0,0,0,,,,,,,,,,,,,,,,,22802.0,el cajon,El Cajon,False,True,55.0,55.0
1028884,SONOMA COURT APARTMENTS,508 W Mission Ave,Escondido,CA,92025.0,41740.0,Metropolitan Statistical Area,San Diego,6073.0,6073020213.0,48.0,33.129687,-117.09298,Active,1,0,3,61,1998-01-01,2069-01-01,2069-01-01,ESCONDIDO FAMILY HOUSING PARTNERS LP,For Profit,,,,,,,,,,1.0,40.0,20.0,,Family,1830.0,,,,,0,0,0,,,,,,,,,,,,,,,,,,,0,0,0,,,,,,,,,,,,,,,,,0,0,0,,,,,,,,,,,,,,,0,0,0,,,,,,,,,,,,,,,,,1,0,1,CAA20141081,Active,4% Tax Credit,2014-01-01,2069-01-01,60.0,Acquisition and Rehab,,,,,,,,,,0,0,0,,,,,,,,,,,,,,,,,0,0,0,,,,,,,,,,,,,,,,,0,0,0,,,,,,,,,,,,,,,,,0,0,0,,,,,,,,,,,,,,,,,0,0,0,,,,,,,,,,,,,,,,,0,0,0,,,,,,,0,0,0,,,,,,,0,0,0,,,,,,,,,,,,,,,,,22818.0,escondido,Escondido,False,False,60.0,
1028930,CYPRESS COVE APARTMENTS,260 N Midway Dr,Escondido,CA,92027.0,41740.0,Metropolitan Statistical Area,San Diego,6073.0,6073020209.0,48.0,33.135568,-117.049967,Active,3,0,0,200,2000-01-01,2032-04-05,2071-01-01,CYPRESS COVE HOUSING ASSOCIATES LP,Multiple,,,,,,,,,,50.0,100.0,50.0,,,1930.0,,,,,0,0,0,,,,,,,,,,,,,,,,,,,0,0,0,,,,,,,,,,,,,,,,,0,0,0,,,,,,,,,,,,,,,0,0,0,,,,,,,,,,,,,,,,,2,0,0,CAA2000160,Active,4% Tax Credit,2000-01-01,2055-01-01,196.0,Acquisition and Rehab,,CAA2016017,Active,4% Tax Credit,2016-01-01,2071-01-01,198.0,Acquisition and Rehab,,0,0,0,,,,,,,,,,,,,,,,,0,0,0,,,,,,,,,,,,,,,,,1,0,0,3326901461.0,Active,HOME,2017-04-05,2032-04-05,11.0,Acquisition and Rehabilitation,,,,,,,,,,0,0,0,,,,,,,,,,,,,,,,,0,0,0,,,,,,,,,,,,,,,,,0,0,0,,,,,,,0,0,0,,,,,,,0,0,0,,,,,,,,,,,,,,,,,23033.0,escondido,Escondido,False,False,198.0,
1028941,TOUSST TEEN CENTER,1404 5th Ave,San Diego,CA,92101.0,41740.0,Metropolitan Statistical Area,San Diego,6073.0,6073005601.0,50.0,32.72019,-117.160501,Active,1,0,0,21,1998-01-01,2053-01-01,2053-01-01,S V D P MGMT INC,For Profit,,,,,,,,,,21.0,0.0,0.0,,,,,,,,0,0,0,,,,,,,,,,,,,,,,,,,0,0,0,,,,,,,,,,,,,,,,,0,0,0,,,,,,,,,,,,,,,0,0,0,,,,,,,,,,,,,,,,,1,0,0,CAA1998629,Active,9% Tax Credit,1998-01-01,2053-01-01,21.0,Acquisition and Rehab,,,,,,,,,,0,0,0,,,,,,,,,,,,,,,,,0,0,0,,,,,,,,,,,,,,,,,0,0,0,,,,,,,,,,,,,,,,,0,0,0,,,,,,,,,,,,,,,,,0,0,0,,,,,,,,,,,,,,,,,0,0,0,,,,,,,0,0,0,,,,,,,0,0,0,,,,,,,,,,,,,,,,,22850.0,san diego,San Diego,False,False,21.0,
1028972,CASA NETTLETON APARTMENTS,160 Nettleton Rd,Vista,CA,92083.0,41740.0,Metropolitan Statistical Area,San Diego,6073.0,6073018519.0,49.0,33.189058,-117.282612,Active,1,0,0,28,1999-01-01,2029-01-01,2029-01-01,COMMUNITY HOUSINGWORKS,Non-Profit,,,,,,,,,,0.0,2.0,26.0,,Family,2360.0,,,,,0,0,0,,,,,,,,,,,,,,,,,,,0,0,0,,,,,,,,,,,,,,,,,0,0,0,,,,,,,,,,,,,,,0,0,0,,,,,,,,,,,,,,,,,1,0,0,CAA1999085,Active,9% Tax Credit,1999-01-01,2029-01-01,28.0,New Construction,,,,,,,,,,0,0,0,,,,,,,,,,,,,,,,,0,0,0,,,,,,,,,,,,,,,,,0,0,0,,,,,,,,,,,,,,,,,0,0,0,,,,,,,,,,,,,,,,,0,0,0,,,,,,,,,,,,,,,,,0,0,0,,,,,,,0,0,0,,,,,,,0,0,0,,,,,,,,,,,,,,,,,22866.0,vista,Vista,False,True,28.0,28.0
1028975,LAUREL TREE APARTMENTS,1307 Laurel Tree Ln,Carlsbad,CA,92011.0,41740.0,Metropolitan Statistical Area,San Diego,6073.0,6073022102.0,49.0,33.120903,-117.301018,Active,1,0,0,138,2000-01-01,2054-01-01,2054-01-01,METROPOLITIAN AREA ADVISORY COMMITTEE MAAC PROJECT,Non-Profit,,,,,,,,,,0.0,46.0,92.0,,Family,,,,,,0,0,0,,,,,,,,,,,,,,,,,,,0,0,0,,,,,,,,,,,,,,,,,0,0,0,,,,,,,,,,,,,,,0,0,0,,,,,,,,,,,,,,,,,1,0,0,CAA2000280,Active,9% Tax Credit,2000-01-01,2054-01-01,136.0,New Construction,,,,,,,,,,0,0,0,,,,,,,,,,,,,,,,,0,0,0,,,,,,,,,,,,,,,,,0,0,0,,,,,,,,,,,,,,,,,0,0,0,,,,,,,,,,,,,,,,,0,0,0,,,,,,,,,,,,,,,,,0,0,0,,,,,,,0,0,0,,,,,,,0,0,0,,,,,,,,,,,,,,,,,23056.0,carlsbad,Carlsbad,False,False,136.0,
1028981,MAPLEWOOD APARTMENTS,12715 Mapleview St,Lakeside,CA,92040.0,41740.0,Metropolitan Statistical Area,San Diego,6073.0,6073016804.0,48.0,32.863197,-116.916985,Active,2,0,1,79,2000-01-01,2034-04-01,2071-01-01,CALIFORNIA HOUSING FINANCE,Non-Profit,CONAM MANAGEMENT CORPORATION,,800242542.0,98,2025-02-27,91c*,2022-04-13,92c,2019-05-15,0.0,51.0,28.0,,Family,1860.0,,,,,0,0,0,,,,,,,,,,,,,,,,,,,0,0,0,,,,,,,,,,,,,,,,,0,0,0,,,,,,,,,,,,,,,1,0,0,12998009.0,Active,542(C) HFA RISK SHARING-RECENT COMP,2017-05-01,2034-04-01,79.0,3580885.0,,,,,,,,,,1,0,1,CAA2016300,Active,4% Tax Credit,2016-01-01,2071-01-01,78.0,Acquisition and Rehab,,,,,,,,,,0,0,0,,,,,,,,,,,,,,,,,0,0,0,,,,,,,,,,,,,,,,,0,0,0,,,,,,,,,,,,,,,,,0,0,0,,,,,,,,,,,,,,,,,0,0,0,,,,,,,,,,,,,,,,,0,0,0,,,,,,,0,0,0,,,,,,,0,0,0,,,,,,,,,,,,,,,,,23059.0,lakeside,Unincorporated San Diego County,False,False,79.0,
1029000,EMERALD GARDENS,425 W 11th Ave,Escondido,CA,92025.0,41740.0,Metropolitan Statistical Area,San Diego,6073.0,6073020601.0,50.0,33.109856,-117.079352,Active,1,0,1,16,1999-01-01,2053-01-01,2053-01-01,JOBS FOR PROGRESS,For Profit,,,,,,,,,,0.0,3.0,12.0,,Family,1830.0,,,,,0,0,0,,,,,,,,,,,,,,,,,,,0,0,0,,,,,,,,,,,,,,,,,0,0,0,,,,,,,,,,,,,,,0,0,0,,,,,,,,,,,,,,,,,1,0,0,CAA1999175,Active,9% Tax Credit,1999-01-01,2053-01-01,15.0,New Construction,,,,,,,,,,0,0,0,,,,,,,,,,,,,,,,,0,0,0,,,,,,,,,,,,,,,,,0,0,0,,,,,,,,,,,,,,,,,0,0,0,,,,,,,,,,,,,,,,,0,0,0,,,,,,,,,,,,,,,,,0,0,0,,,,,,,0,0,0,,,,,,,0,0,0,,,,,,,,,,,,,,,,,22880.0,escondido,Escondido,False,False,15.0,
1029001,NORTH PARK,4238 54th Pl,San Diego,CA,92115.0,41740.0,Metropolitan Statistical Area,San Diego,6073.0,6073002702.0,52.0,32.753912,-117.078959,Active,2,0,1,166,2000-01-01,2030-01-01,2030-01-01,SAN DIEGO COMMUNITY HOUSING CORP,For Profit,,,,,,,,,,3.0,136.0,27.0,,,1890.0,,,,,0,0,0,,,,,,,,,,,,,,,,,,,0,0,0,,,,,,,,,,,,,,,,,0,0,0,,,,,,,,,,,,,,,0,0,0,,,,,,,,,,,,,,,,,2,0,0,CAA2000355,Active,4% Tax Credit,2000-01-01,2030-01-01,164.0,Acquisition and Rehab,,CAA20009777,Active,,2000-01-01,2030-01-01,164.0,,,0,0,0,,,,,,,,,,,,,,,,,0,0,0,,,,,,,,,,,,,,,,,0,0,0,,,,,,,,,,,,,,,,,0,0,0,,,,,,,,,,,,,,,,,0,0,0,,,,,,,,,,,,,,,,,0,0,0,,,,,,,0,0,0,,,,,,,0,0,0,,,,,,,,,,,,,,,,,23069.0,san diego,San Diego,False,True,164.0,164.0
1029021,REGENCY CENTRE,4765 Home Ave,San Diego,CA,92105.0,41740.0,Metropolitan Statistical Area,San Diego,6073.0,6073002602.0,52.0,32.736107,-117.091507,Active,1,0,0,100,2000-01-01,2030-01-01,2030-01-01,PACIFIC SOUTHWEST COMMUNITY DEVELOPMENT CORP,For Profit,,,,,,,,,,68.0,32.0,0.0,,Elderly or Disabled,1690.0,,,,,0,0,0,,,,,,,,,,,,,,,,,,,0,0,0,,,,,,,,,,,,,,,,,0,0,0,,,,,,,,,,,,,,,0,0,0,,,,,,,,,,,,,,,,,1,0,0,CAA2000485,Active,4% Tax Credit,2000-01-01,2030-01-01,99.0,Acquisition and Rehab,,,,,,,,,,0,0,0,,,,,,,,,,,,,,,,,0,0,0,,,,,,,,,,,,,,,,,0,0,0,,,,,,,,,,,,,,,,,0,0,0,,,,,,,,,,,,,,,,,0,0,0,,,,,,,,,,,,,,,,,0,0,0,,,,,,,0,0,0,,,,,,,0,0,0,,,,,,,,,,,,,,,,,23088.0,san diego,San Diego,False,True,99.0,99.0
1029033,STREGIS PARK,1025 Broadway,Chula Vista,CA,91911.0,41740.0,Metropolitan Statistical Area,San Diego,6073.0,6073013104.0,52.0,32.612939,-117.08112,Active,1,0,0,119,2000-01-01,2030-01-01,2030-01-01,CHELSEA INVESTMENT CORP,For Profit,,,,,,,,,,5.0,109.0,5.0,,,1980.0,,,,,0,0,0,,,,,,,,,,,,,,,,,,,0,0,0,,,,,,,,,,,,,,,,,0,0,0,,,,,,,,,,,,,,,0,0,0,,,,,,,,,,,,,,,,,1,0,0,CAA2000535,Active,4% Tax Credit,2000-01-01,2030-01-01,118.0,Acquisition and Rehab,,,,,,,,,,0,0,0,,,,,,,,,,,,,,,,,0,0,0,,,,,,,,,,,,,,,,,0,0,0,,,,,,,,,,,,,,,,,0,0,0,,,,,,,,,,,,,,,,,0,0,0,,,,,,,,,,,,,,,,,0,0,0,,,,,,,0,0,0,,,,,,,0,0,0,,,,,,,,,,,,,,,,,23096.0,chula vista,Chula Vista,False,True,118.0,118.0
1029051,TERRA COTTA APARTMENTS,523 Rush Dr,San Marcos,CA,92078.0,41740.0,Metropolitan Statistical Area,San Diego,6073.0,6073020044.0,50.0,33.125717,-117.167645,Active,1,0,0,168,2000-01-01,2054-01-01,2054-01-01,BRIDGE HOUSING CORP,Non-Profit,,,,,,,,,,16.0,96.0,56.0,,Family,,,,,,0,0,0,,,,,,,,,,,,,,,,,,,0,0,0,,,,,,,,,,,,,,,,,0,0,0,,,,,,,,,,,,,,,0,0,0,,,,,,,,,,,,,,,,,1,0,0,CAA2000585,Active,9% Tax Credit,2000-01-01,2054-01-01,167.0,New Construction,,,,,,,,,,0,0,0,,,,,,,,,,,,,,,,,0,0,0,,,,,,,,,,,,,,,,,0,0,0,,,,,,,,,,,,,,,,,0,0,0,,,,,,,,,,,,,,,,,0,0,0,,,,,,,,,,,,,,,,,0,0,0,,,,,,,0,0,0,,,,,,,0,0,0,,,,,,,,,,,,,,,,,23105.0,san marcos,San Marcos,False,False,167.0,
1029067,LAUREL VILLAGE APARTMENTS,909 Leslie Rd,El Cajon,CA,92020.0,41740.0,Metropolitan Statistical Area,San Diego,6073.0,6073015301.0,51.0,32.783645,-116.960801,Active,1,0,1,41,1999-01-01,2028-01-01,2028-01-01,AFFIRMED HOUSING GROUP,For Profit,,,,,,,,,,0.0,24.0,9.0,,,1840.0,,,,,0,0,0,,,,,,,,,,,,,,,,,,,0,0,0,,,,,,,,,,,,,,,,,0,0,0,,,,,,,,,,,,,,,0,0,0,,,,,,,,,,,,,,,,,1,0,0,CAA1999300,Active,4% Tax Credit,1999-01-01,2028-01-01,33.0,Acquisition and Rehab,,,,,,,,,,0,0,0,,,,,,,,,,,,,,,,,0,0,0,,,,,,,,,,,,,,,,,0,0,0,,,,,,,,,,,,,,,,,0,0,0,,,,,,,,,,,,,,,,,0,0,0,,,,,,,,,,,,,,,,,0,0,0,,,,,,,0,0,0,,,,,,,0,0,0,,,,,,,,,,,,,,,,,22903.0,el cajon,El Cajon,False,True,33.0,33.0
1029068,VILLA SERENA APARTMENTS,1201 Medical Center Dr,Chula Vista,CA,91911.0,41740.0,Metropolitan Statistical Area,San Diego,6073.0,6073013327.0,52.0,32.619332,-117.026853,Active,1,0,0,132,2000-01-01,2063-01-01,2063-01-01,CHELSEA INVESTMENT CORP,For Profit,,,,,,,,,,112.0,20.0,0.0,,,,,,,,0,0,0,,,,,,,,,,,,,,,,,,,0,0,0,,,,,,,,,,,,,,,,,0,0,0,,,,,,,,,,,,,,,0,0,0,,,,,,,,,,,,,,,,,1,0,0,CAA2000660,Active,4% Tax Credit,2000-01-01,2063-01-01,131.0,New Construction,,,,,,,,,,0,0,0,,,,,,,,,,,,,,,,,0,0,0,,,,,,,,,,,,,,,,,0,0,0,,,,,,,,,,,,,,,,,0,0,0,,,,,,,,,,,,,,,,,0,0,0,,,,,,,,,,,,,,,,,0,0,0,,,,,,,0,0,0,,,,,,,0,0,0,,,,,,,,,,,,,,,,,23114.0,chula vista,Chula Vista,False,False,131.0,
1029071,LITTLE ITALY FAMILY HOUSING,1528 India St,San Diego,CA,92101.0,41740.0,Metropolitan Statistical Area,San Diego,6073.0,6073005802.0,50.0,32.721562,-117.168623,Active,1,0,0,37,1999-01-01,2028-01-01,2028-01-01,BARONE GALASSO & ASSOC INC,For Profit,,,,,,,,,,0.0,19.0,18.0,,,,,,,,0,0,0,,,,,,,,,,,,,,,,,,,0,0,0,,,,,,,,,,,,,,,,,0,0,0,,,,,,,,,,,,,,,0,0,0,,,,,,,,,,,,,,,,,1,0,0,CAA1999315,Active,4% Tax Credit,1999-01-01,2028-01-01,15.0,New Construction,,,,,,,,,,0,0,0,,,,,,,,,,,,,,,,,0,0,0,,,,,,,,,,,,,,,,,0,0,0,,,,,,,,,,,,,,,,,0,0,0,,,,,,,,,,,,,,,,,0,0,0,,,,,,,,,,,,,,,,,0,0,0,,,,,,,0,0,0,,,,,,,0,0,0,,,,,,,,,,,,,,,,,22906.0,san diego,San Diego,False,True,15.0,15.0
1029096,ISLAND GARDENS APARTMENTS,3545 Island Ave,San Diego,CA,92102.0,41740.0,Metropolitan Statistical Area,San Diego,6073.0,6073003501.0,52.0,32.710394,-117.117383,Active,1,0,1,122,1985-11-01,2030-01-01,2030-01-01,AVALON COMMUNITIES LLC,For Profit,,,,,,,,,,0.0,109.0,13.0,,,1620.0,,,,,0,0,0,,,,,,,,,,,,,,,,,,,0,0,0,,,,,,,,,,,,,,,,,0,0,0,,,,,,,,,,,,,,,0,0,0,,,,,,,,,,,,,,,,,1,0,0,CAA2000755,Active,4% Tax Credit,2000-01-01,2030-01-01,122.0,Acquisition and Rehab,,,,,,,,,,0,0,0,,,,,,,,,,,,,,,,,0,0,0,,,,,,,,,,,,,,,,,0,0,0,,,,,,,,,,,,,,,,,0,0,0,,,,,,,,,,,,,,,,,0,0,0,,,,,,,,,,,,,,,,,0,0,0,,,,,,,0,0,0,,,,,,,0,0,0,,,,,,,,,,,,,,,,,23140.0,san diego,San Diego,False,True,122.0,122.0
1029097,JAMACHA GLEN APARTMENTS,8890 Jamacha Rd,Spring Valley,CA,91977.0,41740.0,Metropolitan Statistical Area,San Diego,6073.0,6073013907.0,51.0,32.715328,-117.007099,Active,1,0,0,52,2000-01-01,2055-01-01,2055-01-01,FOUNDATION FOR AFFORDABLE HOUSING/EMBRACE FOUNDATION,For Profit,,,,,,,,,,0.0,14.0,30.0,,Family,1760.0,,,,,0,0,0,,,,,,,,,,,,,,,,,,,0,0,0,,,,,,,,,,,,,,,,,0,0,0,,,,,,,,,,,,,,,0,0,0,,,,,,,,,,,,,,,,,1,0,0,CAA2000756,Active,9% Tax Credit,2000-01-01,2055-01-01,43.0,New Construction,,,,,,,,,,0,0,0,,,,,,,,,,,,,,,,,0,0,0,,,,,,,,,,,,,,,,,0,0,0,,,,,,,,,,,,,,,,,0,0,0,,,,,,,,,,,,,,,,,0,0,0,,,,,,,,,,,,,,,,,0,0,0,,,,,,,0,0,0,,,,,,,0,0,0,,,,,,,,,,,,,,,,,23141.0,spring valley,Unincorporated San Diego County,False,False,43.0,
1029105,POINSETTIA STATION APARTMENTS,6811 Embarcadero Ln,Carlsbad,CA,92011.0,41740.0,Metropolitan Statistical Area,San Diego,6073.0,6073017813.0,49.0,33.109046,-117.316466,Active,1,0,0,92,2000-01-01,2029-01-01,2029-01-01,BRIDGE HOUSING CORP,For Profit,,,,,,,,,,,,,,,2960.0,,,,,0,0,0,,,,,,,,,,,,,,,,,,,0,0,0,,,,,,,,,,,,,,,,,0,0,0,,,,,,,,,,,,,,,0,0,0,,,,,,,,,,,,,,,,,1,0,0,CAA2000765,Active,4% Tax Credit,2000-01-01,2029-01-01,91.0,New Construction,,,,,,,,,,0,0,0,,,,,,,,,,,,,,,,,0,0,0,,,,,,,,,,,,,,,,,0,0,0,,,,,,,,,,,,,,,,,0,0,0,,,,,,,,,,,,,,,,,0,0,0,,,,,,,,,,,,,,,,,0,0,0,,,,,,,0,0,0,,,,,,,0,0,0,,,,,,,,,,,,,,,,,23149.0,carlsbad,Carlsbad,False,True,91.0,91.0
1029107,SAN MARTIN DE PORRES APARTMENTS,9119 Jamacha Rd,Spring Valley,CA,91977.0,41740.0,Metropolitan Statistical Area,San Diego,6073.0,6073013908.0,51.0,32.714203,-117.002237,Active,2,0,2,116,2000-01-01,2055-01-01,2055-01-01,MAAC PROJECT,Non-Profit,Hyder Property Management Professionals,,,,,,,,,0.0,56.0,60.0,,Family,1760.0,,,,,0,0,0,,,,,,,,,,,,,,,,,,,0,0,0,,,,,,,,,,,,,,,,,0,0,0,,,,,,,,,,,,,,,0,0,0,,,,,,,,,,,,,,,,,1,0,1,CAA2000768,Active,9% Tax Credit,2000-01-01,2055-01-01,115.0,New Construction,,,,,,,,,,0,0,0,,,,,,,,,,,,,,,,,0,0,0,,,,,,,,,,,,,,,,,0,0,0,,,,,,,,,,,,,,,,,0,0,0,,,,,,,,,,,,,,,,,1,0,0,CA-1999-017,Active,CA California State Low Income Housing Tax Credit,2000-12-20,2055-01-01,115.0,,New Construction Only,,,,,,,,,0,0,0,,,,,,,0,0,0,,,,,,,0,0,0,,,,,,,,,,,,,,,,,23151.0,spring valley,Unincorporated San Diego County,False,False,115.0,
1029109,SIERRA VISTA APARTMENTS,435 Autumn Dr,San Marcos,CA,92069.0,41740.0,Metropolitan Statistical Area,San Diego,6073.0,6073020028.0,50.0,33.142511,-117.17227,Active,1,0,0,192,2000-01-01,2030-01-01,2030-01-01,NATIONAL COMMUNITY RENAISSANCE,For Profit,,,,,,,,,,0.0,96.0,96.0,,Family,1880.0,,,,,0,0,0,,,,,,,,,,,,,,,,,,,0,0,0,,,,,,,,,,,,,,,,,0,0,0,,,,,,,,,,,,,,,0,0,0,,,,,,,,,,,,,,,,,1,0,0,CAA2000770,Active,4% Tax Credit,2000-01-01,2030-01-01,190.0,Acquisition and Rehab,,,,,,,,,,0,0,0,,,,,,,,,,,,,,,,,0,0,0,,,,,,,,,,,,,,,,,0,0,0,,,,,,,,,,,,,,,,,0,0,0,,,,,,,,,,,,,,,,,0,0,0,,,,,,,,,,,,,,,,,0,0,0,,,,,,,0,0,0,,,,,,,0,0,0,,,,,,,,,,,,,,,,,23153.0,san marcos,San Marcos,False,True,190.0,190.0
1029112,WINONA GARDENS APARTMENTS,3810 Winona Ave,San Diego,CA,92105.0,41740.0,Metropolitan Statistical Area,San Diego,6073.0,6073002709.0,52.0,32.746873,-117.088419,Active,2,0,1,68,2000-01-01,2055-01-01,2055-01-01,COMMUNITY HOUSINGWORKS,Non-Profit,CONAM Management Corporation,,,,,,,,,16.0,31.0,18.0,,Family,1690.0,,,,,0,0,0,,,,,,,,,,,,,,,,,,,0,0,0,,,,,,,,,,,,,,,,,0,0,0,,,,,,,,,,,,,,,0,0,0,,,,,,,,,,,,,,,,,1,0,0,CAA2000775,Active,9% Tax Credit,2000-01-01,2055-01-01,66.0,Acquisition and Rehab,,,,,,,,,,0,0,0,,,,,,,,,,,,,,,,,0,0,0,,,,,,,,,,,,,,,,,0,0,0,,,,,,,,,,,,,,,,,0,0,0,,,,,,,,,,,,,,,,,1,0,0,CA-1999-023,Active,CA California State Low Income Housing Tax Credit,2001-05-31,2055-01-01,66.0,,Rehabilitation Only,,,,,,,,,0,0,0,,,,,,,0,0,0,,,,,,,0,0,0,,,,,,,,,,,,,,,,,23156.0,san diego,San Diego,False,False,66.0,
1029125,BROOKVIEW SENIOR HOUSING,13120 Pomerado Rd,Poway,CA,92064.0,41740.0,Metropolitan Statistical Area,San Diego,6073.0,6073017050.0,48.0,32.953695,-117.062642,Active,2,0,0,102,2001-01-01,2055-01-01,2055-01-01,BROOKVIEW INTERFAITH HOUSING CORP,Non-Profit,Interfaith Housing Assistance Corporation,,,,,,,,,84.0,18.0,0.0,,Elderly or Disabled,2170.0,,,,,0,0,0,,,,,,,,,,,,,,,,,,,0,0,0,,,,,,,,,,,,,,,,,0,0,0,,,,,,,,,,,,,,,0,0,0,,,,,,,,,,,,,,,,,1,0,0,CAA2001070,Active,9% Tax Credit,2001-01-01,2055-01-01,100.0,New Construction,,,,,,,,,,0,0,0,,,,,,,,,,,,,,,,,0,0,0,,,,,,,,,,,,,,,,,0,0,0,,,,,,,,,,,,,,,,,0,0,0,,,,,,,,,,,,,,,,,1,0,0,CA-1999-004,Active,CA California State Low Income Housing Tax Credit,2001-07-20,2055-01-01,100.0,,New Construction Only,,,,,,,,,0,0,0,,,,,,,0,0,0,,,,,,,0,0,0,,,,,,,,,,,,,,,,,23169.0,poway,Poway,False,False,100.0,
1029142,TOWN & COUNTRY,4066 Messina Dr,San Diego,CA,92113.0,41740.0,Metropolitan Statistical Area,San Diego,6073.0,6073003301.0,52.0,32.703293,-117.1064,Active,2,0,2,145,1998-06-01,2029-01-01,2073-01-01,HDP TOWN AND COUNTRY LP,Multiple,BARKER MANAGEMENT,,800077915.0,81b*,2015-07-31,81b*,2015-07-31,87b,2013-05-08,0.0,79.0,66.0,,Family,1620.0,,,,,0,0,0,,,,,,,,,,,,,,,,,,,0,0,0,,,,,,,,,,,,,,,,,0,0,0,,,,,,,,,,,,,,,0,0,0,,,,,,,,,,,,,,,,,2,0,0,CAA1999375,Active,4% Tax Credit,1999-01-01,2029-01-01,97.0,Acquisition and Rehab,,CAA20171004,Active,4% Tax Credit,2017-01-01,2073-01-01,143.0,Acquisition and Rehab,,0,0,0,,,,,,,,,,,,,,,,,0,0,0,,,,,,,,,,,,,,,,,0,0,0,,,,,,,,,,,,,,,,,0,0,0,,,,,,,,,,,,,,,,,0,0,0,,,,,,,,,,,,,,,,,0,0,0,,,,,,,0,0,0,,,,,,,0,0,0,,,,,,,,,,,,,,,,,22914.0,san diego,San Diego,False,True,143.0,97.0
1029156,EUCALYPTUS VIEW CO OPERATIVE,1805 S Escondido Blvd,Escondido,CA,92025.0,41740.0,Metropolitan Statistical Area,San Diego,6073.0,6073020707.0,50.0,33.102049,-117.071903,Active,2,0,0,24,2001-01-01,2055-01-01,2055-01-01,COMMUNITY HOUSINGWORKS,Non-Profit,CONAM Management Corporation,,,,,,,,,4.0,12.0,7.0,,Family,1830.0,,,,,0,0,0,,,,,,,,,,,,,,,,,,,0,0,0,,,,,,,,,,,,,,,,,0,0,0,,,,,,,,,,,,,,,0,0,0,,,,,,,,,,,,,,,,,1,0,0,CAA2001195,Active,9% Tax Credit,2001-01-01,2055-01-01,23.0,New Construction,,,,,,,,,,0,0,0,,,,,,,,,,,,,,,,,0,0,0,,,,,,,,,,,,,,,,,0,0,0,,,,,,,,,,,,,,,,,0,0,0,,,,,,,,,,,,,,,,,1,0,0,CA-1999-001,Active,CA California State Low Income Housing Tax Credit,2001-07-19,2055-01-01,23.0,,New Construction Only,,,,,,,,,0,0,0,,,,,,,0,0,0,,,,,,,0,0,0,,,,,,,,,,,,,,,,,23186.0,escondido,Escondido,False,False,23.0,
1029176,RANCHO CARRILLO APARTMENTS,6053 Paseo Acampo,Carlsbad,CA,92009.0,41740.0,Metropolitan Statistical Area,San Diego,6073.0,6073020031.0,49.0,33.12911,-117.243957,Active,2,0,1,116,1999-01-01,2029-01-01,2057-08-01,CALIFORNIA HOUSING FINANCE,For Profit,USA MULTIFAMILY MANAGEMENT INC,,800243870.0,77,2025-10-20,56,2024-10-07,84c*,2022-10-12,9.0,33.0,35.0,,Family,,,,,,0,0,0,,,,,,,,,,,,,,,,,,,0,0,0,,,,,,,,,,,,,,,,,0,0,0,,,,,,,,,,,,,,,1,0,1,12998011.0,Active,542(C) HFA RISK SHG---FFB EXISTING,2017-09-01,2057-08-01,116.0,12978080.0,,,,,,,,,,1,0,0,CAA1999460,Active,4% Tax Credit,1999-01-01,2029-01-01,76.0,New Construction,,,,,,,,,,0,0,0,,,,,,,,,,,,,,,,,0,0,0,,,,,,,,,,,,,,,,,0,0,0,,,,,,,,,,,,,,,,,0,0,0,,,,,,,,,,,,,,,,,0,0,0,,,,,,,,,,,,,,,,,0,0,0,,,,,,,0,0,0,,,,,,,0,0,0,,,,,,,,,,,,,,,,,22931.0,carlsbad,Carlsbad,False,True,116.0,76.0
1029199,SUMMIT ROSE APARTMENTS,460 E Washington Ave,Escondido,CA,92025.0,41740.0,Metropolitan Statistical Area,San Diego,6073.0,6073020214.0,48.0,33.129366,-117.07969,Active,3,0,0,91,1999-01-01,2029-01-01,2071-01-01,TRUIST BANK,For Profit,VPM MANAGEMENT INC,,800241469.0,93c,2023-07-14,88c,2021-07-12,91c*,2017-11-02,27.0,64.0,0.0,,Family,1830.0,,,,,0,0,0,,,,,,,,,,,,,,,,,,,0,0,0,,,,,,,,,,,,,,,,,0,0,0,,,,,,,,,,,,,,,1,0,0,12911093.0,Active,207/ 223(F) PUR/ REFIN HSG,2015-09-01,2050-08-01,91.0,7089600.0,,,,,,,,,,2,0,0,CAA1999525,Active,4% Tax Credit,1999-01-01,2029-01-01,89.0,Acquisition and Rehab,,CAA2016076,Active,4% Tax Credit,2016-01-01,2071-01-01,90.0,Acquisition and Rehab,,0,0,0,,,,,,,,,,,,,,,,,0,0,0,,,,,,,,,,,,,,,,,0,0,0,,,,,,,,,,,,,,,,,0,0,0,,,,,,,,,,,,,,,,,0,0,0,,,,,,,,,,,,,,,,,0,0,0,,,,,,,0,0,0,,,,,,,0,0,0,,,,,,,,,,,,,,,,,22943.0,escondido,Escondido,False,True,91.0,89.0
1029213,TERESINA AT LOMAS VERDES,1250 Santa Cora Ave Apt 922,Chula Vista,CA,91913.0,41740.0,Metropolitan Statistical Area,San Diego,6073.0,6073013324.0,52.0,32.631041,-116.986687,Active,1,0,0,91,1999-01-01,2054-01-01,2054-01-01,EQUITY RESIDENTIAL,For Profit,,,,,,,,,,20.0,41.0,30.0,,Family,,,,,,0,0,0,,,,,,,,,,,,,,,,,,,0,0,0,,,,,,,,,,,,,,,,,0,0,0,,,,,,,,,,,,,,,0,0,0,,,,,,,,,,,,,,,,,1,0,0,CAA1999575,Active,4% Tax Credit,1999-01-01,2054-01-01,88.0,New Construction,,,,,,,,,,0,0,0,,,,,,,,,,,,,,,,,0,0,0,,,,,,,,,,,,,,,,,0,0,0,,,,,,,,,,,,,,,,,0,0,0,,,,,,,,,,,,,,,,,0,0,0,,,,,,,,,,,,,,,,,0,0,0,,,,,,,0,0,0,,,,,,,0,0,0,,,,,,,,,,,,,,,,,22950.0,chula vista,Chula Vista,False,False,88.0,
1029217,THE KNOLLS SAN MARCOS,688 Vineyard Rd,San Marcos,CA,92069.0,41740.0,Metropolitan Statistical Area,San Diego,6073.0,6073020041.0,50.0,33.15029,-117.156168,Active,2,0,0,62,1999-01-01,2053-01-01,2053-01-01,ORANGE HOUSING DEVELOPMENT CORP,For Profit,Advanced Property Services Management Inc,,,,,,,,,0.0,23.0,39.0,,Family,,,,,,0,0,0,,,,,,,,,,,,,,,,,,,0,0,0,,,,,,,,,,,,,,,,,0,0,0,,,,,,,,,,,,,,,0,0,0,,,,,,,,,,,,,,,,,1,0,0,CAA1999595,Active,9% Tax Credit,1999-01-01,2053-01-01,61.0,New Construction,,,,,,,,,,0,0,0,,,,,,,,,,,,,,,,,0,0,0,,,,,,,,,,,,,,,,,0,0,0,,,,,,,,,,,,,,,,,0,0,0,,,,,,,,,,,,,,,,,1,0,0,CA-1996-013,Active,CA California State Low Income Housing Tax Credit,1999-02-17,2053-01-01,61.0,,New Construction Only,,,,,,,,,0,0,0,,,,,,,0,0,0,,,,,,,0,0,0,,,,,,,,,,,,,,,,,22953.0,san marcos,San Marcos,False,False,61.0,
1029229,CORDOVA TROLLEY REHABS,750 Ada St,Chula Vista,CA,91911.0,41740.0,Metropolitan Statistical Area,San Diego,6073.0,6073013205.0,52.0,32.602499,-117.086055,Active,2,0,2,58,1999-01-01,2029-01-01,2074-01-01,SOUTH BAY COMMUNITY SERVICES,Multiple,,,,,,,,,,0.0,20.0,38.0,,Family,1980.0,,,,,0,0,0,,,,,,,,,,,,,,,,,,,0,0,0,,,,,,,,,,,,,,,,,0,0,0,,,,,,,,,,,,,,,0,0,0,,,,,,,,,,,,,,,,,2,0,0,CAA1999635,Active,9% Tax Credit,1999-01-01,2029-01-01,18.0,New Construction,,CAA20192006,Active,4% Tax Credit,2019-01-01,2074-01-01,57.0,Acquisition and Rehab,,0,0,0,,,,,,,,,,,,,,,,,0,0,0,,,,,,,,,,,,,,,,,0,0,0,,,,,,,,,,,,,,,,,0,0,0,,,,,,,,,,,,,,,,,0,0,0,,,,,,,,,,,,,,,,,0,0,0,,,,,,,0,0,0,,,,,,,0,0,0,,,,,,,,,,,,,,,,,22959.0,chula vista,Chula Vista,False,True,57.0,18.0
1029241,VILLA SERENA APARTMENTS,339 Marcos St,San Marcos,CA,92069.0,41740.0,Metropolitan Statistical Area,San Diego,6073.0,6073020021.0,50.0,33.145525,-117.169047,Active,2,0,1,136,1999-01-01,2063-01-01,2063-01-01,NATIONAL COMMUNITY RENAISSANCE,Non-Profit,National Community Renaissance of California,,,,,,,,,36.0,99.0,2.0,,Family,1880.0,,,,,0,0,0,,,,,,,,,,,,,,,,,,,0,0,0,,,,,,,,,,,,,,,,,0,0,0,,,,,,,,,,,,,,,0,0,0,,,,,,,,,,,,,,,,,1,0,0,CAA1999670,Active,4% Tax Credit,1999-01-01,2063-01-01,136.0,Acquisition and Rehab,,,,,,,,,,0,0,0,,,,,,,,,,,,,,,,,0,0,0,,,,,,,,,,,,,,,,,0,0,0,,,,,,,,,,,,,,,,,0,0,0,,,,,,,,,,,,,,,,,1,0,0,CA-2023-108,Active,CA California State Low Income Housing Tax Credit,,,62.0,End Date Missing,New Construction Only,,,,,,,,,0,0,0,,,,,,,0,0,0,,,,,,,0,0,0,,,,,,,,,,,,,,,,,22966.0,san marcos,San Marcos,False,False,136.0,
1029242,SEABREEZE APARTMENTS,12757 Seabreeze Farms Dr,San Diego,CA,92130.0,41740.0,Metropolitan Statistical Area,San Diego,6073.0,6073021501.0,50.0,32.9505,-117.203311,Active,1,0,0,38,2001-01-01,2061-01-01,2061-01-01,PACIFIC SOUTHWEST COMMUNITY DEVELOPMENT CORP,For Profit,,,,,,,,,,17.0,12.0,0.0,,Family,,,,,,0,0,0,,,,,,,,,,,,,,,,,,,0,0,0,,,,,,,,,,,,,,,,,0,0,0,,,,,,,,,,,,,,,0,0,0,,,,,,,,,,,,,,,,,1,0,0,CAA2001490,Active,9% Tax Credit,2001-01-01,2061-01-01,29.0,New Construction,,,,,,,,,,0,0,0,,,,,,,,,,,,,,,,,0,0,0,,,,,,,,,,,,,,,,,0,0,0,,,,,,,,,,,,,,,,,0,0,0,,,,,,,,,,,,,,,,,0,0,0,,,,,,,,,,,,,,,,,0,0,0,,,,,,,0,0,0,,,,,,,0,0,0,,,,,,,,,,,,,,,,,23229.0,san diego,San Diego,False,False,29.0,
1029251,VISTA VERDE APARTMENTS,351 S 33rd St,San Diego,CA,92113.0,41740.0,Metropolitan Statistical Area,San Diego,6073.0,6073003901.0,52.0,32.702802,-117.122419,Active,2,0,1,40,1999-01-01,2053-01-01,2053-01-01,BARONE GALASSO & ASSOC INC,Multiple,SAN DIEGO HOUSING COMMISSION,Public Entity,,91,2022-04-04,,,,,0.0,7.0,33.0,64.0,Family,1620.0,1999-01-01,1999-01-01,97.0,116.0,0,0,0,,,,,,,,,,,,,,,,,,,0,0,0,,,,,,,,,,,,,,,,,0,0,0,,,,,,,,,,,,,,,0,0,0,,,,,,,,,,,,,,,,,1,0,0,CAA1999700,Active,9% Tax Credit,1999-01-01,2053-01-01,39.0,Acquisition and Rehab,,,,,,,,,,0,0,0,,,,,,,,,,,,,,,,,0,0,0,,,,,,,,,,,,,,,,,0,0,0,,,,,,,,,,,,,,,,,1,0,0,CA063000008,Active,Public Housing,2010-07-31,,40.0,,CA063,,,,,,,,,0,0,0,,,,,,,,,,,,,,,,,0,0,0,,,,,,,0,0,0,,,,,,,0,0,0,,,,,,,,,,,,,,,,,22971.0,san diego,San Diego,False,False,40.0,
1029254,VENTALISO II,609 Richmar Ave,San Marcos,CA,92069.0,41740.0,Metropolitan Statistical Area,San Diego,6073.0,6073020021.0,50.0,33.145661,-117.172212,Active,1,0,2,48,2001-01-01,2071-01-01,2071-01-01,VENTALISO FAMILY HOUSING LP,Non-Profit,,,,,,,,,,12.0,20.0,16.0,,Family,1880.0,,,,,0,0,0,,,,,,,,,,,,,,,,,,,0,0,0,,,,,,,,,,,,,,,,,0,0,0,,,,,,,,,,,,,,,0,0,0,,,,,,,,,,,,,,,,,1,0,1,CAA20161068,Active,4% Tax Credit,2016-01-01,2071-01-01,47.0,Acquisition and Rehab,,,,,,,,,,0,0,0,,,,,,,,,,,,,,,,,0,0,0,,,,,,,,,,,,,,,,,0,0,0,,,,,,,,,,,,,,,,,0,0,0,,,,,,,,,,,,,,,,,0,0,0,,,,,,,,,,,,,,,,,0,0,0,,,,,,,0,0,0,,,,,,,0,0,0,,,,,,,,,,,,,,,,,23236.0,san marcos,San Marcos,False,False,47.0,
1029262,VILLA ESCONDIDO APARTMENTS,511 E Grand Ave,Escondido,CA,92025.0,41740.0,Metropolitan Statistical Area,San Diego,6073.0,6073020602.0,50.0,33.124025,-117.074881,Active,2,0,0,112,2001-01-01,2056-01-01,2056-01-01,AOF-PACIFIC AFFORDABLE HOUSING CORP,For Profit,Aperto Property Management Inc,,,,,,,,,112.0,0.0,0.0,,Elderly or Disabled,1830.0,,,,,0,0,0,,,,,,,,,,,,,,,,,,,0,0,0,,,,,,,,,,,,,,,,,0,0,0,,,,,,,,,,,,,,,0,0,0,,,,,,,,,,,,,,,,,1,0,0,CAA2001580,Active,9% Tax Credit,2001-01-01,2056-01-01,112.0,New Construction,,,,,,,,,,0,0,0,,,,,,,,,,,,,,,,,0,0,0,,,,,,,,,,,,,,,,,0,0,0,,,,,,,,,,,,,,,,,0,0,0,,,,,,,,,,,,,,,,,1,0,0,CA-1999-213,Active,CA California State Low Income Housing Tax Credit,2001-12-20,2056-01-01,111.0,,New Construction Only,,,,,,,,,0,0,0,,,,,,,0,0,0,,,,,,,0,0,0,,,,,,,,,,,,,,,,,23241.0,escondido,Escondido,False,False,112.0,
1029271,BRIDGEPORT PROPERTIES I,4283 El Cajon Blvd,San Diego,CA,92105.0,41740.0,Metropolitan Statistical Area,San Diego,6073.0,6073002202.0,52.0,32.754831,-117.102192,Active,2,0,0,244,1999-01-01,2054-01-01,2054-01-01,GOUGH & GOUGH,For Profit,,,,,,,,,,125.0,78.0,59.0,,,1690.0,,,,,0,0,0,,,,,,,,,,,,,,,,,,,0,0,0,,,,,,,,,,,,,,,,,0,0,0,,,,,,,,,,,,,,,0,0,0,,,,,,,,,,,,,,,,,2,0,0,CAA1999749,Active,4% Tax Credit,1999-01-01,2054-01-01,155.0,Acquisition and Rehab,,CAA1999750,Active,4% Tax Credit,1999-01-01,2054-01-01,242.0,Acquisition and Rehab,,0,0,0,,,,,,,,,,,,,,,,,0,0,0,,,,,,,,,,,,,,,,,0,0,0,,,,,,,,,,,,,,,,,0,0,0,,,,,,,,,,,,,,,,,0,0,0,,,,,,,,,,,,,,,,,0,0,0,,,,,,,0,0,0,,,,,,,0,0,0,,,,,,,,,,,,,,,,,22981.0,san diego,San Diego,False,False,242.0,
1029274,VISTA LAS FLORES,6404 Halyard Pl,Carlsbad,CA,92011.0,41740.0,Metropolitan Statistical Area,San Diego,6073.0,6073022102.0,49.0,33.118902,-117.298973,Active,2,0,0,28,2001-01-01,2034-08-13,2056-01-01,WAKELAND HOUSING & DEVELOPMENT CORP,Non-Profit,,,,,,,,,,0.0,16.0,12.0,,Family,,,,,,0,0,0,,,,,,,,,,,,,,,,,,,0,0,0,,,,,,,,,,,,,,,,,0,0,0,,,,,,,,,,,,,,,0,0,0,,,,,,,,,,,,,,,,,1,0,0,CAA2001620,Active,4% Tax Credit,2001-01-01,2056-01-01,27.0,New Construction,,,,,,,,,,0,0,0,,,,,,,,,,,,,,,,,0,0,0,,,,,,,,,,,,,,,,,1,0,0,3377903047.0,Active,HOME,2019-08-13,2034-08-13,5.0,Rehabilitation Only,,,,,,,,,,0,0,0,,,,,,,,,,,,,,,,,0,0,0,,,,,,,,,,,,,,,,,0,0,0,,,,,,,0,0,0,,,,,,,0,0,0,,,,,,,,,,,,,,,,,23247.0,carlsbad,Carlsbad,False,False,27.0,
1029278,West Mission Corridor Revitalization Project San Marcos,428 W Mission Rd,San Marcos,CA,92069.0,41740.0,Metropolitan Statistical Area,San Diego,6073.0,6073020021.0,50.0,33.14481,-117.169386,Active,1,0,2,120,2001-01-01,2073-01-01,2073-01-01,,For Profit,,,,,,,,,,24.0,59.0,37.0,,Family,1880.0,,,,,0,0,0,,,,,,,,,,,,,,,,,,,0,0,0,,,,,,,,,,,,,,,,,0,0,0,,,,,,,,,,,,,,,0,0,0,,,,,,,,,,,,,,,,,1,0,1,CAA20181078,Active,4% Tax Credit,2018-01-01,2073-01-01,103.0,Acquisition and Rehab,,,,,,,,,,0,0,0,,,,,,,,,,,,,,,,,0,0,0,,,,,,,,,,,,,,,,,0,0,0,,,,,,,,,,,,,,,,,0,0,0,,,,,,,,,,,,,,,,,0,0,0,,,,,,,,,,,,,,,,,0,0,0,,,,,,,0,0,0,,,,,,,0,0,0,,,,,,,,,,,,,,,,,23249.0,san marcos,San Marcos,False,False,103.0,
1029283,LANCASTER MANOR APARTMENTS,1541 Saturn Blvd,San Diego,CA,92154.0,41740.0,Metropolitan Statistical Area,San Diego,6073.0,6073010110.0,52.0,32.568674,-117.092648,Active,1,0,2,248,1971-05-01,2028-01-01,2028-01-01,STEADFAST RESIDENTIAL PROPERTIES,For Profit,,,,,,,,,,0.0,200.0,48.0,,,2060.0,,,,,0,0,0,,,,,,,,,,,,,,,,,,,0,0,0,,,,,,,,,,,,,,,,,0,0,0,,,,,,,,,,,,,,,0,0,0,,,,,,,,,,,,,,,,,1,0,0,CAA1999759,Active,4% Tax Credit,1999-01-01,2028-01-01,245.0,Acquisition and Rehab,,,,,,,,,,0,0,0,,,,,,,,,,,,,,,,,0,0,0,,,,,,,,,,,,,,,,,0,0,0,,,,,,,,,,,,,,,,,0,0,0,,,,,,,,,,,,,,,,,0,0,0,,,,,,,,,,,,,,,,,0,0,0,,,,,,,0,0,0,,,,,,,0,0,0,,,,,,,,,,,,,,,,,22987.0,san diego,San Diego,False,True,245.0,245.0
1029298,PARKSIDE APARTMENTS,4010 Park Haven Ct,San Diego,CA,92113.0,41740.0,Metropolitan Statistical Area,San Diego,6073.0,6073003301.0,52.0,32.703377,-117.107098,Active,1,0,1,40,2001-01-01,2056-01-01,2056-01-01,NATIONAL COMMUNITY RENAISSANCE,For Profit,,,,,,,,,,5.0,30.0,5.0,,,1620.0,,,,,0,0,0,,,,,,,,,,,,,,,,,,,0,0,0,,,,,,,,,,,,,,,,,0,0,0,,,,,,,,,,,,,,,0,0,0,,,,,,,,,,,,,,,,,1,0,0,CAA2001675,Active,4% Tax Credit,2001-01-01,2056-01-01,39.0,Acquisition and Rehab,,,,,,,,,,0,0,0,,,,,,,,,,,,,,,,,0,0,0,,,,,,,,,,,,,,,,,0,0,0,,,,,,,,,,,,,,,,,0,0,0,,,,,,,,,,,,,,,,,0,0,0,,,,,,,,,,,,,,,,,0,0,0,,,,,,,0,0,0,,,,,,,0,0,0,,,,,,,,,,,,,,,,,23260.0,san diego,San Diego,False,False,39.0,
1029303,HILLSIDE VIEWS,5471 Bayview Heights Pl,San Diego,CA,92105.0,41740.0,Metropolitan Statistical Area,San Diego,6073.0,6073002712.0,52.0,32.724178,-117.079552,Active,1,0,3,300,1971-12-01,2074-01-01,2074-01-01,,Non-Profit,,,,,,,,,,44.0,208.0,48.0,,Family,1690.0,,,,,0,0,0,,,,,,,,,,,,,,,,,,,0,0,0,,,,,,,,,,,,,,,,,0,0,0,,,,,,,,,,,,,,,0,0,0,,,,,,,,,,,,,,,,,1,0,1,CAA20184001,Active,4% Tax Credit,2018-01-01,2074-01-01,297.0,Both New Construction and Acquisition and Rehab,,,,,,,,,,0,0,0,,,,,,,,,,,,,,,,,0,0,0,,,,,,,,,,,,,,,,,0,0,0,,,,,,,,,,,,,,,,,0,0,0,,,,,,,,,,,,,,,,,0,0,0,,,,,,,,,,,,,,,,,0,0,0,,,,,,,0,0,0,,,,,,,0,0,0,,,,,,,,,,,,,,,,,22997.0,san diego,San Diego,False,False,297.0,
1029321,VISTA DEL SOL,1545 Q Ave,National City,CA,91950.0,41740.0,Metropolitan Statistical Area,San Diego,6073.0,6073022000.0,52.0,32.674534,-117.086781,Active,1,0,0,132,1999-01-01,2029-01-01,2029-01-01,NATIONAL COMMUNITY RENAISSANCE,Non-Profit,,,,,,,,,,81.0,47.0,4.0,,,1660.0,,,,,0,0,0,,,,,,,,,,,,,,,,,,,0,0,0,,,,,,,,,,,,,,,,,0,0,0,,,,,,,,,,,,,,,0,0,0,,,,,,,,,,,,,,,,,1,0,0,CAA1999784,Active,4% Tax Credit,1999-01-01,2029-01-01,130.0,Acquisition and Rehab,,,,,,,,,,0,0,0,,,,,,,,,,,,,,,,,0,0,0,,,,,,,,,,,,,,,,,0,0,0,,,,,,,,,,,,,,,,,0,0,0,,,,,,,,,,,,,,,,,0,0,0,,,,,,,,,,,,,,,,,0,0,0,,,,,,,0,0,0,,,,,,,0,0,0,,,,,,,,,,,,,,,,,23006.0,national city,National City,False,True,130.0,130.0
1029330,CASA PULETA APARTMENTS,1445 S 45th St,San Diego,CA,92113.0,41740.0,Metropolitan Statistical Area,San Diego,6073.0,6073003303.0,52.0,32.691681,-117.097282,Active,1,0,0,54,2002-01-01,2057-01-01,2057-01-01,SAN DIEGO COALITION FO AFFORDABLE HOUSING,For Profit,,,,,,,,,,0.0,11.0,53.0,,Family,1620.0,,,,,0,0,0,,,,,,,,,,,,,,,,,,,0,0,0,,,,,,,,,,,,,,,,,0,0,0,,,,,,,,,,,,,,,0,0,0,,,,,,,,,,,,,,,,,1,0,0,CAA2002070,Active,9% Tax Credit,2002-01-01,2057-01-01,53.0,New Construction,,,,,,,,,,0,0,0,,,,,,,,,,,,,,,,,0,0,0,,,,,,,,,,,,,,,,,0,0,0,,,,,,,,,,,,,,,,,0,0,0,,,,,,,,,,,,,,,,,0,0,0,,,,,,,,,,,,,,,,,0,0,0,,,,,,,0,0,0,,,,,,,0,0,0,,,,,,,,,,,,,,,,,23278.0,san diego,San Diego,False,False,53.0,
1029351,HILLSIDE COMMUNITY APARTMENTS,12979 Community Rd,Poway,CA,92064.0,41740.0,Metropolitan Statistical Area,San Diego,6073.0,6073017049.0,48.0,32.95187,-117.039918,Active,1,0,0,71,2003-01-01,2057-01-01,2057-01-01,COMMUNITY HOUSINGWORKS,For Profit,,,,,,,,,,11.0,20.0,39.0,,Family,2170.0,,,,,0,0,0,,,,,,,,,,,,,,,,,,,0,0,0,,,,,,,,,,,,,,,,,0,0,0,,,,,,,,,,,,,,,0,0,0,,,,,,,,,,,,,,,,,1,0,0,CAA2003210,Active,9% Tax Credit,2003-01-01,2057-01-01,70.0,New Construction,,,,,,,,,,0,0,0,,,,,,,,,,,,,,,,,0,0,0,,,,,,,,,,,,,,,,,0,0,0,,,,,,,,,,,,,,,,,0,0,0,,,,,,,,,,,,,,,,,0,0,0,,,,,,,,,,,,,,,,,0,0,0,,,,,,,0,0,0,,,,,,,0,0,0,,,,,,,,,,,,,,,,,23403.0,poway,Poway,False,False,70.0,
1029366,MARKET SQUARE MANOR,525 14th St,San Diego,CA,92101.0,41740.0,Metropolitan Statistical Area,San Diego,6073.0,6073005101.0,50.0,32.710908,-117.151634,Active,2,0,1,200,2003-01-01,2057-01-01,2057-01-01,CHELSEA INVESTMENT CORP,For Profit,,,,,,,,,,200.0,0.0,0.0,,,,,,,,0,0,0,,,,,,,,,,,,,,,,,,,0,0,0,,,,,,,,,,,,,,,,,0,0,0,,,,,,,,,,,,,,,0,0,0,,,,,,,,,,,,,,,,,1,0,0,CAA2003305,Active,9% Tax Credit,2003-01-01,2057-01-01,198.0,New Construction,,,,,,,,,,0,0,0,,,,,,,,,,,,,,,,,0,0,0,,,,,,,,,,,,,,,,,0,0,0,,,,,,,,,,,,,,,,,0,0,0,,,,,,,,,,,,,,,,,0,0,0,,,,,,,,,,,,,,,,,1,0,0,Active,Project Based Vouchers,35.0,,,,0,0,0,,,,,,,0,0,0,,,,,,,,,,,,,,,,,23420.0,san diego,San Diego,False,False,198.0,
1029379,OLD GROVE APARTMENTS,190 Via Pelicano,Oceanside,CA,92057.0,41740.0,Metropolitan Statistical Area,San Diego,6073.0,6073018524.0,49.0,33.227642,-117.306445,Active,1,0,0,56,2003-01-01,2057-01-01,2057-01-01,COMMUNITY HOUSINGWORKS,For Profit,,,,,,,,,,24.0,15.0,17.0,,Family,,,,,,0,0,0,,,,,,,,,,,,,,,,,,,0,0,0,,,,,,,,,,,,,,,,,0,0,0,,,,,,,,,,,,,,,0,0,0,,,,,,,,,,,,,,,,,1,0,0,CAA2003370,Active,4% Tax Credit,2003-01-01,2057-01-01,55.0,New Construction,,,,,,,,,,0,0,0,,,,,,,,,,,,,,,,,0,0,0,,,,,,,,,,,,,,,,,0,0,0,,,,,,,,,,,,,,,,,0,0,0,,,,,,,,,,,,,,,,,0,0,0,,,,,,,,,,,,,,,,,0,0,0,,,,,,,0,0,0,,,,,,,0,0,0,,,,,,,,,,,,,,,,,23430.0,oceanside,Oceanside,False,False,55.0,
1029395,HARBOR VIEW APARTMENTS,404 47th St,San Diego,CA,92102.0,41740.0,Metropolitan Statistical Area,San Diego,6073.0,6073003404.0,52.0,32.708838,-117.094969,Active,1,0,2,60,2002-01-01,2074-01-01,2074-01-01,,Non-Profit,,,,,,,,,,0.0,24.0,36.0,,,1780.0,,,,,0,0,0,,,,,,,,,,,,,,,,,,,0,0,0,,,,,,,,,,,,,,,,,0,0,0,,,,,,,,,,,,,,,0,0,0,,,,,,,,,,,,,,,,,1,0,1,CAA20191056,Active,4% Tax Credit,2019-01-01,2074-01-01,59.0,Acquisition and Rehab,,,,,,,,,,0,0,0,,,,,,,,,,,,,,,,,0,0,0,,,,,,,,,,,,,,,,,0,0,0,,,,,,,,,,,,,,,,,0,0,0,,,,,,,,,,,,,,,,,0,0,0,,,,,,,,,,,,,,,,,0,0,0,,,,,,,0,0,0,,,,,,,0,0,0,,,,,,,,,,,,,,,,,23295.0,san diego,San Diego,False,False,59.0,
1029403,HOLLYWOOD PALMS II,4372 Home Ave,San Diego,CA,92105.0,41740.0,Metropolitan Statistical Area,San Diego,6073.0,6073002502.0,52.0,32.728939,-117.101509,Active,1,0,1,94,2002-01-01,2073-01-01,2073-01-01,,For Profit,,,,,,,,,,0.0,44.0,50.0,,Family,1690.0,,,,,0,0,0,,,,,,,,,,,,,,,,,,,0,0,0,,,,,,,,,,,,,,,,,0,0,0,,,,,,,,,,,,,,,0,0,0,,,,,,,,,,,,,,,,,1,0,1,CAA20181041,Active,4% Tax Credit,2018-01-01,2073-01-01,93.0,Acquisition and Rehab,,,,,,,,,,0,0,0,,,,,,,,,,,,,,,,,0,0,0,,,,,,,,,,,,,,,,,0,0,0,,,,,,,,,,,,,,,,,0,0,0,,,,,,,,,,,,,,,,,0,0,0,,,,,,,,,,,,,,,,,0,0,0,,,,,,,0,0,0,,,,,,,0,0,0,,,,,,,,,,,,,,,,,23299.0,san diego,San Diego,False,False,93.0,
1029416,HERITAGE APARTMENTS,1325 Santa Rita E,Chula Vista,CA,91913.0,41740.0,Metropolitan Statistical Area,San Diego,6073.0,6073013325.0,52.0,32.622215,-116.997438,Active,1,0,1,271,2003-01-01,2074-01-01,2074-01-01,,Non-Profit,,,,,,,,,,90.0,115.0,66.0,,,,,,,,0,0,0,,,,,,,,,,,,,,,,,,,0,0,0,,,,,,,,,,,,,,,,,0,0,0,,,,,,,,,,,,,,,0,0,0,,,,,,,,,,,,,,,,,1,0,1,CAA20191057,Active,4% Tax Credit,2019-01-01,2074-01-01,268.0,Acquisition and Rehab,,,,,,,,,,0,0,0,,,,,,,,,,,,,,,,,0,0,0,,,,,,,,,,,,,,,,,0,0,0,,,,,,,,,,,,,,,,,0,0,0,,,,,,,,,,,,,,,,,0,0,0,,,,,,,,,,,,,,,,,0,0,0,,,,,,,0,0,0,,,,,,,0,0,0,,,,,,,,,,,,,,,,,23450.0,chula vista,Chula Vista,False,False,268.0,
1029417,MESA FAMILY APARTMENTS,2065 Avenida Del Mexico,San Diego,CA,92154.0,41740.0,Metropolitan Statistical Area,San Diego,6073.0,6073010110.0,52.0,32.58292,-117.089274,Active,1,0,1,42,2002-01-01,2057-01-01,2057-01-01,ORANGE HOUSING DEVELOPMENT CORP,For Profit,,,,,,,,,,0.0,1.0,41.0,,Family,2060.0,,,,,0,0,0,,,,,,,,,,,,,,,,,,,0,0,0,,,,,,,,,,,,,,,,,0,0,0,,,,,,,,,,,,,,,0,0,0,,,,,,,,,,,,,,,,,1,0,0,CAA2002280,Active,9% Tax Credit,2002-01-01,2057-01-01,41.0,New Construction,,,,,,,,,,0,0,0,,,,,,,,,,,,,,,,,0,0,0,,,,,,,,,,,,,,,,,0,0,0,,,,,,,,,,,,,,,,,0,0,0,,,,,,,,,,,,,,,,,0,0,0,,,,,,,,,,,,,,,,,0,0,0,,,,,,,0,0,0,,,,,,,0,0,0,,,,,,,,,,,,,,,,,23307.0,san diego,San Diego,False,False,41.0,
1029443,SHADOW HILL APARTMENTS,11017 Woodside Ave,Santee,CA,92071.0,41740.0,Metropolitan Statistical Area,San Diego,6073.0,6073016703.0,48.0,32.845427,-116.957035,Active,1,0,0,82,2002-01-01,2031-01-01,2031-01-01,NATIONAL COMMUNITY RENAISSANCE,For Profit,,,,,,,,,,0.0,42.0,40.0,,Family,,,,,,0,0,0,,,,,,,,,,,,,,,,,,,0,0,0,,,,,,,,,,,,,,,,,0,0,0,,,,,,,,,,,,,,,0,0,0,,,,,,,,,,,,,,,,,1,0,0,CAA2002385,Active,4% Tax Credit,2002-01-01,2031-01-01,81.0,New Construction,,,,,,,,,,0,0,0,,,,,,,,,,,,,,,,,0,0,0,,,,,,,,,,,,,,,,,0,0,0,,,,,,,,,,,,,,,,,0,0,0,,,,,,,,,,,,,,,,,0,0,0,,,,,,,,,,,,,,,,,0,0,0,,,,,,,0,0,0,,,,,,,0,0,0,,,,,,,,,,,,,,,,,23320.0,santee,Santee,False,True,81.0,81.0
1029447,SPRING VALLEY APARTMENTS,8885 Orville St,Spring Valley,CA,91977.0,41740.0,Metropolitan Statistical Area,San Diego,6073.0,6073013908.0,51.0,32.70861,-117.007949,Active,1,0,0,60,2002-01-01,2032-01-01,2032-01-01,NATIONAL COMMUNITY RENAISSANCE,For Profit,,,,,,,,,,45.0,15.0,0.0,,,1760.0,,,,,0,0,0,,,,,,,,,,,,,,,,,,,0,0,0,,,,,,,,,,,,,,,,,0,0,0,,,,,,,,,,,,,,,0,0,0,,,,,,,,,,,,,,,,,1,0,0,CAA2002395,Active,4% Tax Credit,2002-01-01,2032-01-01,58.0,Acquisition and Rehab,,,,,,,,,,0,0,0,,,,,,,,,,,,,,,,,0,0,0,,,,,,,,,,,,,,,,,0,0,0,,,,,,,,,,,,,,,,,0,0,0,,,,,,,,,,,,,,,,,0,0,0,,,,,,,,,,,,,,,,,0,0,0,,,,,,,0,0,0,,,,,,,0,0,0,,,,,,,,,,,,,,,,,23322.0,spring valley,Unincorporated San Diego County,False,False,58.0,
1029452,VILLA ANDALUCIA,6591 Rancho Del Sol Way,San Diego,CA,92130.0,41740.0,Metropolitan Statistical Area,San Diego,6073.0,6073021502.0,50.0,32.965267,-117.177505,Active,1,0,0,32,2003-01-01,2032-01-01,2032-01-01,PACIFIC SOUTHWEST COMMUNITY DEVELOPMENT CORP,For Profit,,,,,,,,,,8.0,12.0,12.0,,Family,,,,,,0,0,0,,,,,,,,,,,,,,,,,,,0,0,0,,,,,,,,,,,,,,,,,0,0,0,,,,,,,,,,,,,,,0,0,0,,,,,,,,,,,,,,,,,1,0,0,CAA2003595,Active,4% Tax Credit,2003-01-01,2032-01-01,31.0,New Construction,,,,,,,,,,0,0,0,,,,,,,,,,,,,,,,,0,0,0,,,,,,,,,,,,,,,,,0,0,0,,,,,,,,,,,,,,,,,0,0,0,,,,,,,,,,,,,,,,,0,0,0,,,,,,,,,,,,,,,,,0,0,0,,,,,,,0,0,0,,,,,,,0,0,0,,,,,,,,,,,,,,,,,23469.0,san diego,San Diego,False,False,31.0,
1029454,VILLA GLEN APARTMENTS,6984 Torrey Santa Fe Rd,San Diego,CA,92129.0,41740.0,Metropolitan Statistical Area,San Diego,6073.0,6073008366.0,51.0,32.959866,-117.16835,Active,1,0,0,26,2003-01-01,2032-01-01,2032-01-01,PACIFIC SOUTHWEST COMMUNITY DEVELOPMENT CORP,For Profit,,,,,,,,,,8.0,8.0,10.0,,Family,2330.0,,,,,0,0,0,,,,,,,,,,,,,,,,,,,0,0,0,,,,,,,,,,,,,,,,,0,0,0,,,,,,,,,,,,,,,0,0,0,,,,,,,,,,,,,,,,,1,0,0,CAA2003600,Active,4% Tax Credit,2003-01-01,2032-01-01,25.0,New Construction,,,,,,,,,,0,0,0,,,,,,,,,,,,,,,,,0,0,0,,,,,,,,,,,,,,,,,0,0,0,,,,,,,,,,,,,,,,,0,0,0,,,,,,,,,,,,,,,,,0,0,0,,,,,,,,,,,,,,,,,0,0,0,,,,,,,0,0,0,,,,,,,0,0,0,,,,,,,,,,,,,,,,,23470.0,san diego,San Diego,False,False,25.0,
1029455,TORREY DEL MAR APARTMENTS,13875 Carmel Valley Rd,San Diego,CA,92130.0,41740.0,Metropolitan Statistical Area,San Diego,6073.0,6073008367.0,50.0,32.970056,-117.159497,Active,1,0,1,112,2002-01-01,2032-01-01,2032-01-01,BRIDGE HOUSING CORP,For Profit,,,,,,,,,,16.0,56.0,40.0,,Family,,,,,,0,0,0,,,,,,,,,,,,,,,,,,,0,0,0,,,,,,,,,,,,,,,,,0,0,0,,,,,,,,,,,,,,,0,0,0,,,,,,,,,,,,,,,,,1,0,0,CAA2002435,Active,4% Tax Credit,2002-01-01,2032-01-01,110.0,New Construction,,,,,,,,,,0,0,0,,,,,,,,,,,,,,,,,0,0,0,,,,,,,,,,,,,,,,,0,0,0,,,,,,,,,,,,,,,,,0,0,0,,,,,,,,,,,,,,,,,0,0,0,,,,,,,,,,,,,,,,,0,0,0,,,,,,,0,0,0,,,,,,,0,0,0,,,,,,,,,,,,,,,,,23327.0,san diego,San Diego,False,False,110.0,
1029457,TORREY HIGHLANDS APARTMENTS,13352 Torrey Meadows Dr,San Diego,CA,92129.0,41740.0,Metropolitan Statistical Area,San Diego,6073.0,6073008367.0,50.0,32.963107,-117.152316,Active,1,1,0,76,2002-01-01,2031-01-01,2033-08-01,PACIFIC SOUTHWEST COMMUNITY DEVELOPMENT CORP,For Profit,,,,,,,,,,0.0,40.0,36.0,,Family,,,,,,0,0,0,,,,,,,,,,,,,,,,,,,0,0,0,,,,,,,,,,,,,,,,,0,0,0,,,,,,,,,,,,,,,0,1,0,17097077.0,Inconclusive,542(B) QPE RISK SHARING-RECENT COMP,2003-09-01,2033-08-01,76.0,,Terminated Mortgage,,,,,,,,,1,0,0,CAA2002440,Active,4% Tax Credit,2002-01-01,2031-01-01,75.0,New Construction,,,,,,,,,,0,0,0,,,,,,,,,,,,,,,,,0,0,0,,,,,,,,,,,,,,,,,0,0,0,,,,,,,,,,,,,,,,,0,0,0,,,,,,,,,,,,,,,,,0,0,0,,,,,,,,,,,,,,,,,0,0,0,,,,,,,0,0,0,,,,,,,0,0,0,,,,,,,,,,,,,,,,,23328.0,san diego,San Diego,False,True,75.0,75.0
1029468,WINDWOOD VILLAGE APARTMENTS,12730 Briarcrest Pl,San Diego,CA,92130.0,41740.0,Metropolitan Statistical Area,San Diego,6073.0,6073021502.0,50.0,32.951068,-117.201025,Active,1,0,0,92,2003-01-01,2032-01-01,2032-01-01,PACIFIC SOUTHWEST COMMUNITY DEVELOPMENT CORP,For Profit,,,,,,,,,,12.0,21.0,59.0,,Family,,,,,,0,0,0,,,,,,,,,,,,,,,,,,,0,0,0,,,,,,,,,,,,,,,,,0,0,0,,,,,,,,,,,,,,,0,0,0,,,,,,,,,,,,,,,,,1,0,0,CAA2003650,Active,4% Tax Credit,2003-01-01,2032-01-01,91.0,New Construction,,,,,,,,,,0,0,0,,,,,,,,,,,,,,,,,0,0,0,,,,,,,,,,,,,,,,,0,0,0,,,,,,,,,,,,,,,,,0,0,0,,,,,,,,,,,,,,,,,0,0,0,,,,,,,,,,,,,,,,,0,0,0,,,,,,,0,0,0,,,,,,,0,0,0,,,,,,,,,,,,,,,,,23477.0,san diego,San Diego,False,False,91.0,
1029495,COBBLESTONE VILLAGE APARTMENTS,360 E Washington Ave Apt 28,Escondido,CA,92025.0,41740.0,Metropolitan Statistical Area,San Diego,6073.0,6073020214.0,48.0,33.128616,-117.080486,Active,1,0,0,44,2002-01-01,2057-01-01,2057-01-01,NATIONAL COMMUNITY RENAISSANCE,For Profit,,,,,,,,,,0.0,0.0,44.0,,Family,1830.0,,,,,0,0,0,,,,,,,,,,,,,,,,,,,0,0,0,,,,,,,,,,,,,,,,,0,0,0,,,,,,,,,,,,,,,0,0,0,,,,,,,,,,,,,,,,,1,0,0,CAA2002519,Active,4% Tax Credit,2002-01-01,2057-01-01,43.0,Acquisition and Rehab,,,,,,,,,,0,0,0,,,,,,,,,,,,,,,,,0,0,0,,,,,,,,,,,,,,,,,0,0,0,,,,,,,,,,,,,,,,,0,0,0,,,,,,,,,,,,,,,,,0,0,0,,,,,,,,,,,,,,,,,0,0,0,,,,,,,0,0,0,,,,,,,0,0,0,,,,,,,,,,,,,,,,,23348.0,escondido,Escondido,False,False,43.0,
1029524,COPPER CREEK APARTMENTS,1730 Elfin Forest Rd,San Marcos,CA,92078.0,41740.0,Metropolitan Statistical Area,San Diego,6073.0,6073017113.0,50.0,33.095235,-117.195682,Active,3,0,1,156,2004-01-01,2036-02-01,2058-01-01,CALIFORNIA HOUSING FINANCE,For Profit,BRIDGE PROPERTY MANAGEMENT COMPANY,,800223505.0,81,2024-10-09,80c*,2022-10-11,77b*,2021-11-03,32.0,62.0,62.0,,Family,,,,,,0,0,0,,,,,,,,,,,,,,,,,,,0,0,0,,,,,,,,,,,,,,,,,0,0,0,,,,,,,,,,,,,,,1,0,0,12998008.0,Active,542(C) HFA RISK SHARING-RECENT COMP,2006-03-01,2036-02-01,156.0,2252403.0,,,,,,,,,,2,0,0,CAA2004100,Active,9% Tax Credit,2004-01-01,2058-01-01,47.0,New Construction,,CAA2004687,Active,4% Tax Credit,2004-01-01,2058-01-01,155.0,New Construction,,0,0,0,,,,,,,,,,,,,,,,,0,0,0,,,,,,,,,,,,,,,,,0,0,0,,,,,,,,,,,,,,,,,0,0,0,,,,,,,,,,,,,,,,,0,0,0,,,,,,,,,,,,,,,,,0,0,0,,,,,,,0,0,0,,,,,,,0,0,0,,,,,,,,,,,,,,,,,23506.0,san marcos,San Marcos,False,False,156.0,
1029546,DOVE CANYON APARTMENTS,16507 Dove Canyon Rd,San Diego,CA,92127.0,41740.0,Metropolitan Statistical Area,San Diego,6073.0,6073017071.0,50.0,33.011703,-117.111243,Active,1,0,0,120,2004-01-01,2058-01-01,2058-01-01,BRIDGE HOUSING CORP,For Profit,,,,,,,,,,20.0,60.0,40.0,,Family,,,,,,0,0,0,,,,,,,,,,,,,,,,,,,0,0,0,,,,,,,,,,,,,,,,,0,0,0,,,,,,,,,,,,,,,0,0,0,,,,,,,,,,,,,,,,,1,0,0,CAA2004160,Active,4% Tax Credit,2004-01-01,2058-01-01,118.0,New Construction,,,,,,,,,,0,0,0,,,,,,,,,,,,,,,,,0,0,0,,,,,,,,,,,,,,,,,0,0,0,,,,,,,,,,,,,,,,,0,0,0,,,,,,,,,,,,,,,,,0,0,0,,,,,,,,,,,,,,,,,0,0,0,,,,,,,0,0,0,,,,,,,0,0,0,,,,,,,,,,,,,,,,,23517.0,san diego,San Diego,False,False,118.0,
1029556,FALLBROOK VIEW APARTMENTS,901 Alturas Rd,Fallbrook,CA,92028.0,41740.0,Metropolitan Statistical Area,San Diego,6073.0,6073018905.0,48.0,33.375445,-117.258974,Active,1,0,1,80,2004-01-01,2058-01-01,2058-01-01,COMMUNITY HOUSINGWORKS,For Profit,,,,,,,,,,6.0,44.0,30.0,,Family,1660.0,,,,,0,0,0,,,,,,,,,,,,,,,,,,,0,0,0,,,,,,,,,,,,,,,,,0,0,0,,,,,,,,,,,,,,,0,0,0,,,,,,,,,,,,,,,,,1,0,0,CAA2004190,Active,9% Tax Credit,2004-01-01,2058-01-01,79.0,New Construction,,,,,,,,,,0,0,0,,,,,,,,,,,,,,,,,0,0,0,,,,,,,,,,,,,,,,,0,0,0,,,,,,,,,,,,,,,,,0,0,0,,,,,,,,,,,,,,,,,0,0,0,,,,,,,,,,,,,,,,,0,0,0,,,,,,,0,0,0,,,,,,,0,0,0,,,,,,,,,,,,,,,,,23523.0,fallbrook,Unincorporated San Diego County,False,False,79.0,
1029566,GRANDON VILLAGE APARTMENTS,1605 Grandon Ave,San Marcos,CA,92078.0,41740.0,Metropolitan Statistical Area,San Diego,6073.0,6073020029.0,50.0,33.134733,-117.204318,Active,2,0,0,161,2004-01-01,2053-08-01,2058-01-01,ORIX REAL ESTATE CAPITAL LLC,For Profit,QRM CORPORATION,,800246465.0,82,2024-01-16,89c,2022-02-23,,,53.0,108.0,0.0,,Family,1880.0,,,,,0,0,0,,,,,,,,,,,,,,,,,,,0,0,0,,,,,,,,,,,,,,,,,0,0,0,,,,,,,,,,,,,,,1,0,0,12911097.0,Active,207/ 223(F) PUR/ REFIN HSG,2018-09-01,2053-08-01,161.0,20374980.0,,,,,,,,,,1,0,0,CAA2004215,Active,4% Tax Credit,2004-01-01,2058-01-01,160.0,Acquisition and Rehab,,,,,,,,,,0,0,0,,,,,,,,,,,,,,,,,0,0,0,,,,,,,,,,,,,,,,,0,0,0,,,,,,,,,,,,,,,,,0,0,0,,,,,,,,,,,,,,,,,0,0,0,,,,,,,,,,,,,,,,,0,0,0,,,,,,,0,0,0,,,,,,,0,0,0,,,,,,,,,,,,,,,,,23528.0,san marcos,San Marcos,False,False,161.0,
1029582,LAUREL PARK SENIOR APARTMENTS,10122 Buena Vista Ave,Santee,CA,92071.0,41740.0,Metropolitan Statistical Area,San Diego,6073.0,6073016617.0,48.0,32.83588,-116.976752,Active,1,0,0,133,2004-01-01,2059-01-01,2059-01-01,FOUNDATION FOR AFFORDABLE HOUSING/EMBRACE FOUNDATION,For Profit,,,,,,,,,,105.0,28.0,0.0,,Elderly or Disabled,2140.0,,,,,0,0,0,,,,,,,,,,,,,,,,,,,0,0,0,,,,,,,,,,,,,,,,,0,0,0,,,,,,,,,,,,,,,0,0,0,,,,,,,,,,,,,,,,,1,0,0,CAA2004285,Active,4% Tax Credit,2004-01-01,2059-01-01,131.0,New Construction,,,,,,,,,,0,0,0,,,,,,,,,,,,,,,,,0,0,0,,,,,,,,,,,,,,,,,0,0,0,,,,,,,,,,,,,,,,,0,0,0,,,,,,,,,,,,,,,,,0,0,0,,,,,,,,,,,,,,,,,0,0,0,,,,,,,0,0,0,,,,,,,0,0,0,,,,,,,,,,,,,,,,,23540.0,santee,Santee,False,False,131.0,
1029583,LOS ARCOS APARTMENTS,12740 Gateway Park Rd,Poway,CA,92064.0,41740.0,Metropolitan Statistical Area,San Diego,6073.0,6073017054.0,48.0,32.9998,-117.056342,Active,1,0,0,84,2004-01-01,2059-01-01,2059-01-01,RETIREMENT HOUSING FOUNDATION,For Profit,,,,,,,,,,83.0,1.0,0.0,,Elderly or Disabled,2170.0,,,,,0,0,0,,,,,,,,,,,,,,,,,,,0,0,0,,,,,,,,,,,,,,,,,0,0,0,,,,,,,,,,,,,,,0,0,0,,,,,,,,,,,,,,,,,1,0,0,CAA2004290,Active,4% Tax Credit,2004-01-01,2059-01-01,83.0,New Construction,,,,,,,,,,0,0,0,,,,,,,,,,,,,,,,,0,0,0,,,,,,,,,,,,,,,,,0,0,0,,,,,,,,,,,,,,,,,0,0,0,,,,,,,,,,,,,,,,,0,0,0,,,,,,,,,,,,,,,,,0,0,0,,,,,,,0,0,0,,,,,,,0,0,0,,,,,,,,,,,,,,,,,23541.0,poway,Poway,False,False,83.0,
1029586,MARIPOSA APARTMENTS,4651 Red Bluff Pl,Carlsbad,CA,92010.0,41740.0,Metropolitan Statistical Area,San Diego,6073.0,6073019811.0,49.0,33.162634,-117.294125,Active,1,0,0,106,2004-01-01,2058-01-01,2058-01-01,PACIFIC SOUTHWEST COMMUNITY DEVELOPMENT CORP,For Profit,,,,,,,,,,10.0,64.0,32.0,,Family,,,,,,0,0,0,,,,,,,,,,,,,,,,,,,0,0,0,,,,,,,,,,,,,,,,,0,0,0,,,,,,,,,,,,,,,0,0,0,,,,,,,,,,,,,,,,,1,0,0,CAA2004305,Active,4% Tax Credit,2004-01-01,2058-01-01,105.0,New Construction,,,,,,,,,,0,0,0,,,,,,,,,,,,,,,,,0,0,0,,,,,,,,,,,,,,,,,0,0,0,,,,,,,,,,,,,,,,,0,0,0,,,,,,,,,,,,,,,,,0,0,0,,,,,,,,,,,,,,,,,0,0,0,,,,,,,0,0,0,,,,,,,0,0,0,,,,,,,,,,,,,,,,,23544.0,carlsbad,Carlsbad,False,False,105.0,
1029588,METRO VILLAS,4071 39th St,San Diego,CA,92105.0,41740.0,Metropolitan Statistical Area,San Diego,6073.0,6073002201.0,52.0,32.750939,-117.110046,Active,2,0,2,120,2004-01-01,2058-01-01,2058-01-01,METRO INTERFAITH HOUSING CORP,For Profit,Interfaith Housing Assistance Corporation,,,,,,,,,48.0,36.0,36.0,,Family,1690.0,,,,,0,0,0,,,,,,,,,,,,,,,,,,,0,0,0,,,,,,,,,,,,,,,,,0,0,0,,,,,,,,,,,,,,,0,0,0,,,,,,,,,,,,,,,,,1,0,0,CAA2004320,Active,9% Tax Credit,2004-01-01,2058-01-01,118.0,New Construction,,,,,,,,,,0,0,0,,,,,,,,,,,,,,,,,0,0,0,,,,,,,,,,,,,,,,,0,0,0,,,,,,,,,,,,,,,,,0,0,0,,,,,,,,,,,,,,,,,1,0,0,CA-2002-165,Active,CA California State Low Income Housing Tax Credit,2004-07-16,2058-01-01,118.0,,New Construction Only,,,,,,,,,0,0,0,,,,,,,0,0,0,,,,,,,0,0,0,,,,,,,,,,,,,,,,,23547.0,san diego,San Diego,False,False,118.0,
1029602,LILLIAN PLACE,1437 J St,San Diego,CA,92101.0,41740.0,Metropolitan Statistical Area,San Diego,6073.0,6073005101.0,50.0,32.709175,-117.151372,Active,1,0,0,74,2006-01-01,2061-01-01,2061-01-01,WAKELAND HOUSING & DEVELOPMENT CORP,For Profit,,,,,,,,,,17.0,23.0,20.0,,Family,,,,,,0,0,0,,,,,,,,,,,,,,,,,,,0,0,0,,,,,,,,,,,,,,,,,0,0,0,,,,,,,,,,,,,,,0,0,0,,,,,,,,,,,,,,,,,1,0,0,CAA2006135,Active,9% Tax Credit,2006-01-01,2061-01-01,59.0,New Construction,,,,,,,,,,0,0,0,,,,,,,,,,,,,,,,,0,0,0,,,,,,,,,,,,,,,,,0,0,0,,,,,,,,,,,,,,,,,0,0,0,,,,,,,,,,,,,,,,,0,0,0,,,,,,,,,,,,,,,,,0,0,0,,,,,,,0,0,0,,,,,,,0,0,0,,,,,,,,,,,,,,,,,23787.0,san diego,San Diego,False,False,59.0,
1029608,TALMADGE SENIOR VILLAGE,5252 El Cajon Blvd,San Diego,CA,92115.0,41740.0,Metropolitan Statistical Area,San Diego,6073.0,6073002803.0,51.0,32.757784,-117.082026,Active,2,0,0,91,2006-01-01,2027-03-23,2061-01-01,NATIONAL COMMUNITY RENAISSANCE,For Profit,,,,,,,,,,88.0,3.0,0.0,,Elderly or Disabled,1890.0,,,,,0,0,0,,,,,,,,,,,,,,,,,,,0,0,0,,,,,,,,,,,,,,,,,0,0,0,,,,,,,,,,,,,,,0,0,0,,,,,,,,,,,,,,,,,1,0,0,CAA2006150,Active,9% Tax Credit,2006-01-01,2061-01-01,90.0,New Construction,,,,,,,,,,0,0,0,,,,,,,,,,,,,,,,,0,0,0,,,,,,,,,,,,,,,,,1,0,0,3376204033.0,Active,HOME,2007-03-23,2027-03-23,15.0,Acquisition and New Construction,,,,,,,,,,0,0,0,,,,,,,,,,,,,,,,,0,0,0,,,,,,,,,,,,,,,,,0,0,0,,,,,,,0,0,0,,,,,,,0,0,0,,,,,,,,,,,,,,,,,23790.0,san diego,San Diego,False,True,90.0,15.0
1029663,VIA ROBLE APARTMENTS,1553 S Escondido Blvd,Escondido,CA,92025.0,41740.0,Metropolitan Statistical Area,San Diego,6073.0,6073020707.0,50.0,33.106923,-117.074903,Active,1,0,0,87,2004-01-01,2059-01-01,2059-01-01,TRINITY HOUSING INVESTEMENTS 1 LLC & WAKELAND,For Profit,,,,,,,,,,14.0,30.0,21.0,,Family,1830.0,,,,,0,0,0,,,,,,,,,,,,,,,,,,,0,0,0,,,,,,,,,,,,,,,,,0,0,0,,,,,,,,,,,,,,,0,0,0,,,,,,,,,,,,,,,,,1,0,0,CAA2004605,Active,4% Tax Credit,2004-01-01,2059-01-01,64.0,New Construction,,,,,,,,,,0,0,0,,,,,,,,,,,,,,,,,0,0,0,,,,,,,,,,,,,,,,,0,0,0,,,,,,,,,,,,,,,,,0,0,0,,,,,,,,,,,,,,,,,0,0,0,,,,,,,,,,,,,,,,,0,0,0,,,,,,,0,0,0,,,,,,,0,0,0,,,,,,,,,,,,,,,,,23593.0,escondido,Escondido,False,False,64.0,
1029677,VINTAGE POINT SENIOR APARTMENTS PHASE II,1923 Bush St,Oceanside,CA,92058.0,41740.0,Metropolitan Statistical Area,San Diego,6073.0,6073018616.0,49.0,33.205579,-117.365858,Active,1,0,1,186,2004-01-01,2059-01-01,2059-01-01,COMMUNITY HOUSING ASSISTANCE PROGRAM (CHAPA),For Profit,,,,,,,,,,114.0,55.0,0.0,,Elderly or Disabled,,,,,,0,0,0,,,,,,,,,,,,,,,,,,,0,0,0,,,,,,,,,,,,,,,,,0,0,0,,,,,,,,,,,,,,,0,0,0,,,,,,,,,,,,,,,,,1,0,0,CAA2004650,Active,4% Tax Credit,2004-01-01,2059-01-01,168.0,New Construction,,,,,,,,,,0,0,0,,,,,,,,,,,,,,,,,0,0,0,,,,,,,,,,,,,,,,,0,0,0,,,,,,,,,,,,,,,,,0,0,0,,,,,,,,,,,,,,,,,0,0,0,,,,,,,,,,,,,,,,,0,0,0,,,,,,,0,0,0,,,,,,,0,0,0,,,,,,,,,,,,,,,,,23602.0,oceanside,Oceanside,False,False,168.0,
1029690,BEYER COURTYARD APARTMENTS,3412 Beyer Blvd,San Diego,CA,92173.0,41740.0,Metropolitan Statistical Area,San Diego,6073.0,6073010005.0,52.0,32.565385,-117.0596,Active,2,0,0,60,2006-01-01,2026-08-29,2060-01-01,WAKELAND HOUSING & DEVELOPMENT CORP,For Profit,,,,,,,,,,0.0,30.0,30.0,,Family,1680.0,,,,,0,0,0,,,,,,,,,,,,,,,,,,,0,0,0,,,,,,,,,,,,,,,,,0,0,0,,,,,,,,,,,,,,,0,0,0,,,,,,,,,,,,,,,,,1,0,0,CAA2006370,Active,4% Tax Credit,2006-01-01,2060-01-01,59.0,New Construction,,,,,,,,,,0,0,0,,,,,,,,,,,,,,,,,0,0,0,,,,,,,,,,,,,,,,,1,0,0,3376204024.0,Active,HOME,2006-08-29,2026-08-29,25.0,New Construction Only,,,,,,,,,,0,0,0,,,,,,,,,,,,,,,,,0,0,0,,,,,,,,,,,,,,,,,0,0,0,,,,,,,0,0,0,,,,,,,0,0,0,,,,,,,,,,,,,,,,,23831.0,san diego,San Diego,False,False,59.0,
1029702,MELROSE VILLAS,1820 Melrose Dr,San Marcos,CA,92078.0,41740.0,Metropolitan Statistical Area,San Diego,6073.0,6073020042.0,50.0,33.104383,-117.215342,Active,1,0,0,114,2006-01-01,2060-01-01,2060-01-01,NATIONAL COMMUNITY RENAISSANCE,For Profit,,,,,,,,,,12.0,63.0,39.0,,Family,,,,,,0,0,0,,,,,,,,,,,,,,,,,,,0,0,0,,,,,,,,,,,,,,,,,0,0,0,,,,,,,,,,,,,,,0,0,0,,,,,,,,,,,,,,,,,1,0,0,CAA2006425,Active,4% Tax Credit,2006-01-01,2060-01-01,113.0,New Construction,,,,,,,,,,0,0,0,,,,,,,,,,,,,,,,,0,0,0,,,,,,,,,,,,,,,,,0,0,0,,,,,,,,,,,,,,,,,0,0,0,,,,,,,,,,,,,,,,,0,0,0,,,,,,,,,,,,,,,,,0,0,0,,,,,,,0,0,0,,,,,,,0,0,0,,,,,,,,,,,,,,,,,23840.0,san marcos,San Marcos,False,False,113.0,
1029706,CROSSINGS SAN DIEGO,13533 Zinnia Hills Pl,San Diego,CA,92130.0,41740.0,Metropolitan Statistical Area,San Diego,6073.0,6073008328.0,50.0,32.965933,-117.185021,Active,1,0,0,108,2006-01-01,2060-01-01,2060-01-01,PACIFIC SOUTHWEST COMMUNITY DEVELOPMENT CORP,For Profit,,,,,,,,,,18.0,54.0,36.0,,Family,3190.0,,,,,0,0,0,,,,,,,,,,,,,,,,,,,0,0,0,,,,,,,,,,,,,,,,,0,0,0,,,,,,,,,,,,,,,0,0,0,,,,,,,,,,,,,,,,,1,0,0,CAA2006450,Active,4% Tax Credit,2006-01-01,2060-01-01,107.0,New Construction,,,,,,,,,,0,0,0,,,,,,,,,,,,,,,,,0,0,0,,,,,,,,,,,,,,,,,0,0,0,,,,,,,,,,,,,,,,,0,0,0,,,,,,,,,,,,,,,,,0,0,0,,,,,,,,,,,,,,,,,0,0,0,,,,,,,0,0,0,,,,,,,0,0,0,,,,,,,,,,,,,,,,,23844.0,san diego,San Diego,False,False,107.0,
1029707,LAS FLORES VILLAGE,1411 N Las Flores Dr,San Marcos,CA,92069.0,41740.0,Metropolitan Statistical Area,San Diego,6073.0,6073020038.0,50.0,33.158272,-117.198576,Active,1,0,0,100,2006-01-01,2060-01-01,2060-01-01,ENHANCED AFFORDABLE DEVELOPMENT CO LLC,For Profit,,,,,,,,,,0.0,1.0,99.0,,Family,,,,,,0,0,0,,,,,,,,,,,,,,,,,,,0,0,0,,,,,,,,,,,,,,,,,0,0,0,,,,,,,,,,,,,,,0,0,0,,,,,,,,,,,,,,,,,1,0,0,CAA2006455,Active,4% Tax Credit,2006-01-01,2060-01-01,99.0,New Construction,,,,,,,,,,0,0,0,,,,,,,,,,,,,,,,,0,0,0,,,,,,,,,,,,,,,,,0,0,0,,,,,,,,,,,,,,,,,0,0,0,,,,,,,,,,,,,,,,,0,0,0,,,,,,,,,,,,,,,,,0,0,0,,,,,,,0,0,0,,,,,,,0,0,0,,,,,,,,,,,,,,,,,23845.0,san marcos,San Marcos,False,False,99.0,
1029708,VISTA TERRAZA APARTMENTS,7735 Via Solare,San Diego,CA,92129.0,41740.0,Metropolitan Statistical Area,San Diego,6073.0,6073008367.0,50.0,32.961535,-117.156081,Active,1,0,0,123,2006-01-01,2060-01-01,2060-01-01,NATIONAL COMMUNITY RENAISSANCE,For Profit,,,,,,,,,,12.0,71.0,40.0,,Family,,,,,,0,0,0,,,,,,,,,,,,,,,,,,,0,0,0,,,,,,,,,,,,,,,,,0,0,0,,,,,,,,,,,,,,,0,0,0,,,,,,,,,,,,,,,,,1,0,0,CAA2006460,Active,4% Tax Credit,2006-01-01,2060-01-01,122.0,New Construction,,,,,,,,,,0,0,0,,,,,,,,,,,,,,,,,0,0,0,,,,,,,,,,,,,,,,,0,0,0,,,,,,,,,,,,,,,,,0,0,0,,,,,,,,,,,,,,,,,0,0,0,,,,,,,,,,,,,,,,,0,0,0,,,,,,,0,0,0,,,,,,,0,0,0,,,,,,,,,,,,,,,,,23846.0,san diego,San Diego,False,False,122.0,
1029716,FAIRBANKS RIDGE AT DEL SUR,16016 Babcock St Apt 88,San Diego,CA,92127.0,41740.0,Metropolitan Statistical Area,San Diego,6073.0,6073017065.0,50.0,33.019899,-117.133276,Active,1,0,0,204,2006-01-01,2060-01-01,2060-01-01,PACIFIC SOUTHWEST COMMUNITY DEVELOPMENT CORP,For Profit,,,,,,,,,,48.0,72.0,84.0,,Family,,,,,,0,0,0,,,,,,,,,,,,,,,,,,,0,0,0,,,,,,,,,,,,,,,,,0,0,0,,,,,,,,,,,,,,,0,0,0,,,,,,,,,,,,,,,,,1,0,0,CAA2006540,Active,4% Tax Credit,2006-01-01,2060-01-01,202.0,New Construction,,,,,,,,,,0,0,0,,,,,,,,,,,,,,,,,0,0,0,,,,,,,,,,,,,,,,,0,0,0,,,,,,,,,,,,,,,,,0,0,0,,,,,,,,,,,,,,,,,0,0,0,,,,,,,,,,,,,,,,,0,0,0,,,,,,,0,0,0,,,,,,,0,0,0,,,,,,,,,,,,,,,,,23857.0,san diego,San Diego,False,False,202.0,
1029718,LAS SERENAS APARTMENTS,4352 Delta St,San Diego,CA,92113.0,41740.0,Metropolitan Statistical Area,San Diego,6073.0,6073003303.0,52.0,32.68952,-117.100937,Active,1,0,0,107,2006-01-01,2060-01-01,2060-01-01,COMMUNITY HOUSINGWORKS,For Profit,,,,,,,,,,,,,,Family,1620.0,,,,,0,0,0,,,,,,,,,,,,,,,,,,,0,0,0,,,,,,,,,,,,,,,,,0,0,0,,,,,,,,,,,,,,,0,0,0,,,,,,,,,,,,,,,,,1,0,0,CAA2006555,Active,4% Tax Credit,2006-01-01,2060-01-01,107.0,Acquisition and Rehab,,,,,,,,,,0,0,0,,,,,,,,,,,,,,,,,0,0,0,,,,,,,,,,,,,,,,,0,0,0,,,,,,,,,,,,,,,,,0,0,0,,,,,,,,,,,,,,,,,0,0,0,,,,,,,,,,,,,,,,,0,0,0,,,,,,,0,0,0,,,,,,,0,0,0,,,,,,,,,,,,,,,,,23859.0,san diego,San Diego,False,False,107.0,
1029725,SAGE CANYON APARTMENTS,1020 Stephanie Ct,San Marcos,CA,92078.0,41740.0,Metropolitan Statistical Area,San Diego,6073.0,6073020043.0,50.0,33.103323,-117.192359,Active,1,0,0,72,2006-01-01,2061-01-01,2061-01-01,BRIDGE HOUSING CORP,For Profit,,,,,,,,,,14.0,28.0,30.0,,Family,,,,,,0,0,0,,,,,,,,,,,,,,,,,,,0,0,0,,,,,,,,,,,,,,,,,0,0,0,,,,,,,,,,,,,,,0,0,0,,,,,,,,,,,,,,,,,1,0,0,CAA2006620,Active,4% Tax Credit,2006-01-01,2061-01-01,71.0,New Construction,,,,,,,,,,0,0,0,,,,,,,,,,,,,,,,,0,0,0,,,,,,,,,,,,,,,,,0,0,0,,,,,,,,,,,,,,,,,0,0,0,,,,,,,,,,,,,,,,,0,0,0,,,,,,,,,,,,,,,,,0,0,0,,,,,,,0,0,0,,,,,,,0,0,0,,,,,,,,,,,,,,,,,23866.0,san marcos,San Marcos,False,False,71.0,
1029753,SAGEWOOD APARTMENTS,16217 Stonebridge Pkwy,San Diego,CA,92131.0,41740.0,Metropolitan Statistical Area,San Diego,6073.0,6073009504.0,51.0,32.925375,-117.017451,Active,1,0,0,106,2006-01-01,2060-01-01,2060-01-01,FF SAGEWOOD LLC,For Profit,,,,,,,,,,8.0,44.0,54.0,,Family,3170.0,,,,,0,0,0,,,,,,,,,,,,,,,,,,,0,0,0,,,,,,,,,,,,,,,,,0,0,0,,,,,,,,,,,,,,,0,0,0,,,,,,,,,,,,,,,,,1,0,0,CAA2006767,Active,4% Tax Credit,2006-01-01,2060-01-01,105.0,New Construction,,,,,,,,,,0,0,0,,,,,,,,,,,,,,,,,0,0,0,,,,,,,,,,,,,,,,,0,0,0,,,,,,,,,,,,,,,,,0,0,0,,,,,,,,,,,,,,,,,0,0,0,,,,,,,,,,,,,,,,,0,0,0,,,,,,,0,0,0,,,,,,,0,0,0,,,,,,,,,,,,,,,,,23894.0,san diego,San Diego,False,False,105.0,
1029765,ALABAMA MANOR APARTMENTS,3836 Alabama St,San Diego,CA,92104.0,41740.0,Metropolitan Statistical Area,San Diego,6073.0,6073000800.0,50.0,32.747896,-117.142688,Active,2,0,1,67,2007-01-01,2061-01-01,2061-01-01,COMMUNITY HOUSINGWORKS,For Profit,,,,,,,,,,61.0,6.0,0.0,,Elderly or Disabled,2020.0,,,,,0,0,0,,,,,,,,,,,,,,,,,,,0,0,0,,,,,,,,,,,,,,,,,0,0,0,,,,,,,,,,,,,,,0,0,0,,,,,,,,,,,,,,,,,1,0,0,CAA2007015,Active,4% Tax Credit,2007-01-01,2061-01-01,66.0,Acquisition and Rehab,,,,,,,,,,0,0,0,,,,,,,,,,,,,,,,,0,0,0,,,,,,,,,,,,,,,,,0,0,0,,,,,,,,,,,,,,,,,0,0,0,,,,,,,,,,,,,,,,,0,0,0,,,,,,,,,,,,,,,,,1,0,0,Active,Project Based Vouchers,14.0,,,,0,0,0,,,,,,,0,0,0,,,,,,,,,,,,,,,,,23900.0,san diego,San Diego,False,False,66.0,
1029779,AUBURN PARK APARTMENTS,5135 University Ave,San Diego,CA,92105.0,41740.0,Metropolitan Statistical Area,San Diego,6073.0,6073002710.0,52.0,32.748967,-117.084874,Active,1,0,0,69,2007-01-01,2061-01-01,2061-01-01,AFFIRMED HOUSING GROUP MANAGING MEMBER OF LLC,For Profit,,,,,,,,,,36.0,13.0,20.0,,Family,1690.0,,,,,0,0,0,,,,,,,,,,,,,,,,,,,0,0,0,,,,,,,,,,,,,,,,,0,0,0,,,,,,,,,,,,,,,0,0,0,,,,,,,,,,,,,,,,,1,0,0,CAA2007065,Active,9% Tax Credit,2007-01-01,2061-01-01,67.0,New Construction,,,,,,,,,,0,0,0,,,,,,,,,,,,,,,,,0,0,0,,,,,,,,,,,,,,,,,0,0,0,,,,,,,,,,,,,,,,,0,0,0,,,,,,,,,,,,,,,,,0,0,0,,,,,,,,,,,,,,,,,0,0,0,,,,,,,0,0,0,,,,,,,0,0,0,,,,,,,,,,,,,,,,,23907.0,san diego,San Diego,False,False,67.0,
1029799,CASSIA HEIGHTS APARTMENTS,2029 Cassia Rd,Carlsbad,CA,92009.0,41740.0,Metropolitan Statistical Area,San Diego,6073.0,6073020030.0,49.0,33.113944,-117.271152,Active,1,0,0,56,2007-01-01,2061-01-01,2061-01-01,AFFIRMED HOUSING GROUP,For Profit,,,,,,,,,,12.0,22.0,22.0,,Family,,,,,,0,0,0,,,,,,,,,,,,,,,,,,,0,0,0,,,,,,,,,,,,,,,,,0,0,0,,,,,,,,,,,,,,,0,0,0,,,,,,,,,,,,,,,,,1,0,0,CAA2007130,Active,9% Tax Credit,2007-01-01,2061-01-01,55.0,New Construction,,,,,,,,,,0,0,0,,,,,,,,,,,,,,,,,0,0,0,,,,,,,,,,,,,,,,,0,0,0,,,,,,,,,,,,,,,,,0,0,0,,,,,,,,,,,,,,,,,0,0,0,,,,,,,,,,,,,,,,,0,0,0,,,,,,,0,0,0,,,,,,,0,0,0,,,,,,,,,,,,,,,,,23917.0,carlsbad,Carlsbad,False,False,55.0,
1029805,CITY HEIGHTS SENIOR HOUSING,4065 43rd St,San Diego,CA,92105.0,41740.0,Metropolitan Statistical Area,San Diego,6073.0,6073002202.0,52.0,32.751034,-117.101652,Active,1,0,0,151,2007-01-01,2062-01-01,2062-01-01,CITY HEIGHTS SENIOR HOUSING CORP,For Profit,,,,,,,,,,150.0,1.0,0.0,,Elderly or Disabled,1690.0,,,,,0,0,0,,,,,,,,,,,,,,,,,,,0,0,0,,,,,,,,,,,,,,,,,0,0,0,,,,,,,,,,,,,,,0,0,0,,,,,,,,,,,,,,,,,1,0,0,CAA2007155,Active,9% Tax Credit,2007-01-01,2062-01-01,150.0,New Construction,,,,,,,,,,0,0,0,,,,,,,,,,,,,,,,,0,0,0,,,,,,,,,,,,,,,,,0,0,0,,,,,,,,,,,,,,,,,0,0,0,,,,,,,,,,,,,,,,,0,0,0,,,,,,,,,,,,,,,,,0,0,0,,,,,,,0,0,0,,,,,,,0,0,0,,,,,,,,,,,,,,,,,23921.0,san diego,San Diego,False,False,150.0,
1029807,COLINA PARK NORTH APARTMENTS,4333 Dawson Ave,San Diego,CA,92115.0,41740.0,Metropolitan Statistical Area,San Diego,6073.0,6073002708.0,52.0,32.755621,-117.082334,Active,1,0,0,64,2007-01-01,2062-01-01,2062-01-01,HAMILTON SAN DIEGO APTS LLC,For Profit,,,,,,,,,,53.0,11.0,0.0,,,1890.0,,,,,0,0,0,,,,,,,,,,,,,,,,,,,0,0,0,,,,,,,,,,,,,,,,,0,0,0,,,,,,,,,,,,,,,0,0,0,,,,,,,,,,,,,,,,,1,0,0,CAA2007160,Active,4% Tax Credit,2007-01-01,2062-01-01,63.0,Acquisition and Rehab,,,,,,,,,,0,0,0,,,,,,,,,,,,,,,,,0,0,0,,,,,,,,,,,,,,,,,0,0,0,,,,,,,,,,,,,,,,,0,0,0,,,,,,,,,,,,,,,,,0,0,0,,,,,,,,,,,,,,,,,0,0,0,,,,,,,0,0,0,,,,,,,0,0,0,,,,,,,,,,,,,,,,,23922.0,san diego,San Diego,False,False,63.0,
1029815,CORONADO SENIOR HOUSING,578 Orange Ave,Coronado,CA,92118.0,41740.0,Metropolitan Statistical Area,San Diego,6073.0,6073011100.0,50.0,32.69258,-117.17603,Active,1,0,0,30,2007-01-01,2062-01-01,2062-01-01,CORONADO INTERFAITH HOUSING CORP,For Profit,,,,,,,,,,30.0,0.0,0.0,,Elderly or Disabled,3190.0,,,,,0,0,0,,,,,,,,,,,,,,,,,,,0,0,0,,,,,,,,,,,,,,,,,0,0,0,,,,,,,,,,,,,,,0,0,0,,,,,,,,,,,,,,,,,1,0,0,CAA2007180,Active,4% Tax Credit,2007-01-01,2062-01-01,29.0,New Construction,,,,,,,,,,0,0,0,,,,,,,,,,,,,,,,,0,0,0,,,,,,,,,,,,,,,,,0,0,0,,,,,,,,,,,,,,,,,0,0,0,,,,,,,,,,,,,,,,,0,0,0,,,,,,,,,,,,,,,,,0,0,0,,,,,,,0,0,0,,,,,,,0,0,0,,,,,,,,,,,,,,,,,23926.0,coronado,Coronado,False,False,29.0,
1029823,DEL SOL APARTMENTS,3606 Del Sol Blvd,San Diego,CA,92154.0,41740.0,Metropolitan Statistical Area,San Diego,6073.0,6073010010.0,52.0,32.573994,-117.056756,Active,1,0,1,92,2007-01-01,2061-01-01,2061-01-01,WAKELAND HOUSING & DEVELOPMENT CORP,For Profit,,,,,,,,,,6.0,11.0,76.0,,Family,2060.0,,,,,0,0,0,,,,,,,,,,,,,,,,,,,0,0,0,,,,,,,,,,,,,,,,,0,0,0,,,,,,,,,,,,,,,0,0,0,,,,,,,,,,,,,,,,,1,0,0,CAA2007210,Active,4% Tax Credit,2007-01-01,2061-01-01,92.0,Acquisition and Rehab,,,,,,,,,,0,0,0,,,,,,,,,,,,,,,,,0,0,0,,,,,,,,,,,,,,,,,0,0,0,,,,,,,,,,,,,,,,,0,0,0,,,,,,,,,,,,,,,,,0,0,0,,,,,,,,,,,,,,,,,0,0,0,,,,,,,0,0,0,,,,,,,0,0,0,,,,,,,,,,,,,,,,,23930.0,san diego,San Diego,False,False,92.0,
1029853,HUNTERS POINTE APARTMENTS,7270 Calle Plata,Carlsbad,CA,92009.0,41740.0,Metropolitan Statistical Area,San Diego,6073.0,6073017113.0,49.0,33.096157,-117.221992,Active,2,0,0,168,2007-01-01,2046-11-01,2061-01-01,JLL REAL ESTATE CAPITAL LLC,For Profit,CIC MANAGEMENT INC,,800234400.0,91c,2023-04-27,88c*,2021-06-21,82c*,2019-10-07,36.0,60.0,72.0,,Family,,,,,,0,0,0,,,,,,,,,,,,,,,,,,,0,0,0,,,,,,,,,,,,,,,,,0,0,0,,,,,,,,,,,,,,,1,0,0,12911060.0,Active,207/ 223(F) PUR/ REFIN HSG,2011-12-01,2046-11-01,168.0,7251516.0,,,,,,,,,,1,0,0,CAA2007290,Active,4% Tax Credit,2007-01-01,2061-01-01,166.0,New Construction,,,,,,,,,,0,0,0,,,,,,,,,,,,,,,,,0,0,0,,,,,,,,,,,,,,,,,0,0,0,,,,,,,,,,,,,,,,,0,0,0,,,,,,,,,,,,,,,,,0,0,0,,,,,,,,,,,,,,,,,0,0,0,,,,,,,0,0,0,,,,,,,0,0,0,,,,,,,,,,,,,,,,,23946.0,carlsbad,Carlsbad,False,False,168.0,
1029860,JEAN C MCKINNEY MANOR,5641 Imperial Ave,San Diego,CA,92114.0,41740.0,Metropolitan Statistical Area,San Diego,6073.0,6073003111.0,52.0,32.708057,-117.07442,Active,1,0,0,50,2005-01-01,2060-01-01,2060-01-01,RELATED CALIFORNIA (AFFILIATE OF THE RELATED COMPANIES IN NEW YORK),For Profit,,,,,,,,,,50.0,0.0,0.0,,Elderly or Disabled,1750.0,,,,,0,0,0,,,,,,,,,,,,,,,,,,,0,0,0,,,,,,,,,,,,,,,,,0,0,0,,,,,,,,,,,,,,,0,0,0,,,,,,,,,,,,,,,,,1,0,0,CAA2005285,Active,9% Tax Credit,2005-01-01,2060-01-01,49.0,New Construction,,,,,,,,,,0,0,0,,,,,,,,,,,,,,,,,0,0,0,,,,,,,,,,,,,,,,,0,0,0,,,,,,,,,,,,,,,,,0,0,0,,,,,,,,,,,,,,,,,0,0,0,,,,,,,,,,,,,,,,,0,0,0,,,,,,,0,0,0,,,,,,,0,0,0,,,,,,,,,,,,,,,,,23672.0,san diego,San Diego,False,False,49.0,
1029864,LA COSTA PALOMA,1953 Dove Ln,Carlsbad,CA,92009.0,41740.0,Metropolitan Statistical Area,San Diego,6073.0,6073020030.0,49.0,33.104976,-117.265388,Active,1,0,0,180,2005-01-01,2059-01-01,2059-01-01,COMMUNITY HOUSINGWORKS,For Profit,,,,,,,,,,32.0,47.0,101.0,,Family,,,,,,0,0,0,,,,,,,,,,,,,,,,,,,0,0,0,,,,,,,,,,,,,,,,,0,0,0,,,,,,,,,,,,,,,0,0,0,,,,,,,,,,,,,,,,,1,0,0,CAA2005300,Active,4% Tax Credit,2005-01-01,2059-01-01,178.0,New Construction,,,,,,,,,,0,0,0,,,,,,,,,,,,,,,,,0,0,0,,,,,,,,,,,,,,,,,0,0,0,,,,,,,,,,,,,,,,,0,0,0,,,,,,,,,,,,,,,,,0,0,0,,,,,,,,,,,,,,,,,0,0,0,,,,,,,0,0,0,,,,,,,0,0,0,,,,,,,,,,,,,,,,,23675.0,carlsbad,Carlsbad,False,False,178.0,
1029920,RANCHO BUENA VISTA APARTMENTS,2155 Corte Vis,Chula Vista,CA,91915.0,41740.0,Metropolitan Statistical Area,San Diego,6073.0,6073013316.0,52.0,32.634758,-116.966687,Active,1,0,1,150,2005-01-01,2059-01-01,2059-01-01,PACIFIC SOUTHWEST COMMUNITY DEVELOPMENT CORP,For Profit,,,,,,,,,,0.0,60.0,90.0,,Family,,,,,,0,0,0,,,,,,,,,,,,,,,,,,,0,0,0,,,,,,,,,,,,,,,,,0,0,0,,,,,,,,,,,,,,,0,0,0,,,,,,,,,,,,,,,,,1,0,0,CAA2005495,Active,4% Tax Credit,2005-01-01,2059-01-01,149.0,New Construction,,,,,,,,,,0,0,0,,,,,,,,,,,,,,,,,0,0,0,,,,,,,,,,,,,,,,,0,0,0,,,,,,,,,,,,,,,,,0,0,0,,,,,,,,,,,,,,,,,0,0,0,,,,,,,,,,,,,,,,,0,0,0,,,,,,,0,0,0,,,,,,,0,0,0,,,,,,,,,,,,,,,,,23706.0,chula vista,Chula Vista,False,False,149.0,
1029922,RANCHO SANTA FE VILLAGE,500 S Rancho Santa Fe Rd,San Marcos,CA,92078.0,41740.0,Metropolitan Statistical Area,San Diego,6073.0,6073020019.0,50.0,33.136778,-117.205426,Active,1,0,0,120,2005-01-01,2060-01-01,2060-01-01,RSF VILLAGE MGMT LLC,For Profit,,,,,,,,,,48.0,72.0,0.0,,Elderly or Disabled,2290.0,,,,,0,0,0,,,,,,,,,,,,,,,,,,,0,0,0,,,,,,,,,,,,,,,,,0,0,0,,,,,,,,,,,,,,,0,0,0,,,,,,,,,,,,,,,,,1,0,0,CAA2005500,Active,4% Tax Credit,2005-01-01,2060-01-01,119.0,New Construction,,,,,,,,,,0,0,0,,,,,,,,,,,,,,,,,0,0,0,,,,,,,,,,,,,,,,,0,0,0,,,,,,,,,,,,,,,,,0,0,0,,,,,,,,,,,,,,,,,0,0,0,,,,,,,,,,,,,,,,,0,0,0,,,,,,,0,0,0,,,,,,,0,0,0,,,,,,,,,,,,,,,,,23707.0,san marcos,San Marcos,False,False,119.0,
1029924,RANCHO DEL NORTE APARTMENTS,16775 Saintsbury Gln,San Diego,CA,92127.0,41740.0,Metropolitan Statistical Area,San Diego,6073.0,6073017066.0,50.0,33.021161,-117.120126,Active,1,0,0,119,2005-01-01,2059-01-01,2059-01-01,PACIFIC SOUTHWEST COMMUNITY DEVELOPMENT CORP,For Profit,,,,,,,,,,24.0,47.0,48.0,,Family,,,,,,0,0,0,,,,,,,,,,,,,,,,,,,0,0,0,,,,,,,,,,,,,,,,,0,0,0,,,,,,,,,,,,,,,0,0,0,,,,,,,,,,,,,,,,,1,0,0,CAA2005505,Active,4% Tax Credit,2005-01-01,2059-01-01,118.0,New Construction,,,,,,,,,,0,0,0,,,,,,,,,,,,,,,,,0,0,0,,,,,,,,,,,,,,,,,0,0,0,,,,,,,,,,,,,,,,,0,0,0,,,,,,,,,,,,,,,,,0,0,0,,,,,,,,,,,,,,,,,0,0,0,,,,,,,0,0,0,,,,,,,0,0,0,,,,,,,,,,,,,,,,,23708.0,san diego,San Diego,False,False,118.0,
1029925,SENIORS ON BROADWAY,845 Broadway,Chula Vista,CA,91911.0,41740.0,Metropolitan Statistical Area,San Diego,6073.0,6073013000.0,52.0,32.619446,-117.084515,Active,2,0,0,42,2007-01-01,2061-01-01,2081-01-01,METROPLOITAN AREA ADVISORY COMMITTEE ON ANTI-POVERTY OF SAN DIEGO COUNTY I,For Profit,Hyder Property Management Professionals,,,,,,,,,41.0,1.0,0.0,,Elderly or Disabled,1990.0,,,,,0,0,0,,,,,,,,,,,,,,,,,,,0,0,0,,,,,,,,,,,,,,,,,0,0,0,,,,,,,,,,,,,,,0,0,0,,,,,,,,,,,,,,,,,1,0,0,CAA2007525,Active,9% Tax Credit,2007-01-01,2061-01-01,41.0,New Construction,,,,,,,,,,0,0,0,,,,,,,,,,,,,,,,,0,0,0,,,,,,,,,,,,,,,,,0,0,0,,,,,,,,,,,,,,,,,0,0,0,,,,,,,,,,,,,,,,,1,0,0,CA-2024-470,Active,CA California State Low Income Housing Tax Credit,2026-04-01,2081-01-01,41.0,,Acquisition and Rehabilitation,,,,,,,,,0,0,0,,,,,,,0,0,0,,,,,,,0,0,0,,,,,,,,,,,,,,,,,23985.0,chula vista,Chula Vista,False,False,41.0,
1029933,SOLARA,13414 Community Rd,Poway,CA,92064.0,41740.0,Metropolitan Statistical Area,San Diego,6073.0,6073017041.0,48.0,32.95956,-117.041388,Active,2,0,0,56,2007-01-01,2028-05-05,2061-01-01,COMMUNITY HOUSINGWORKS,For Profit,,,,,,,,,,8.0,30.0,18.0,,Family,2170.0,,,,,0,0,0,,,,,,,,,,,,,,,,,,,0,0,0,,,,,,,,,,,,,,,,,0,0,0,,,,,,,,,,,,,,,0,0,0,,,,,,,,,,,,,,,,,1,0,0,CAA2007545,Active,9% Tax Credit,2007-01-01,2061-01-01,55.0,New Construction,,,,,,,,,,0,0,0,,,,,,,,,,,,,,,,,0,0,0,,,,,,,,,,,,,,,,,1,0,0,3377901697.0,Active,HOME,2008-05-05,2028-05-05,10.0,New Construction Only,,,,,,,,,,0,0,0,,,,,,,,,,,,,,,,,0,0,0,,,,,,,,,,,,,,,,,0,0,0,,,,,,,0,0,0,,,,,,,0,0,0,,,,,,,,,,,,,,,,,23989.0,poway,Poway,False,True,55.0,10.0
1029937,SPRING VILLA APARTMENTS,8768 Jamacha Rd,Spring Valley,CA,91977.0,41740.0,Metropolitan Statistical Area,San Diego,6073.0,6073013906.0,51.0,32.716121,-117.010669,Active,1,0,1,136,2007-01-01,2062-01-01,2062-01-01,HEARTHSTONE HOUSING FOUNDATION,For Profit,,,,,,,,,,24.0,112.0,0.0,,Family,1760.0,,,,,0,0,0,,,,,,,,,,,,,,,,,,,0,0,0,,,,,,,,,,,,,,,,,0,0,0,,,,,,,,,,,,,,,0,0,0,,,,,,,,,,,,,,,,,1,0,0,CAA2007555,Active,4% Tax Credit,2007-01-01,2062-01-01,135.0,Acquisition and Rehab,,,,,,,,,,0,0,0,,,,,,,,,,,,,,,,,0,0,0,,,,,,,,,,,,,,,,,0,0,0,,,,,,,,,,,,,,,,,0,0,0,,,,,,,,,,,,,,,,,0,0,0,,,,,,,,,,,,,,,,,0,0,0,,,,,,,0,0,0,,,,,,,0,0,0,,,,,,,,,,,,,,,,,23991.0,spring valley,Unincorporated San Diego County,False,False,135.0,
1029954,THE LEAH RESIDENCE 9TH & F STREET APARTMENTS,798 9th Ave,San Diego,CA,92101.0,41740.0,Metropolitan Statistical Area,San Diego,6073.0,6073005301.0,50.0,32.713414,-117.156892,Active,2,0,1,24,2005-01-01,2060-01-01,2060-01-01,CATHOLIC CHARITIES DIOCESE OF SAN DIEGO,Non-Profit,,,,,,,,,,18.0,6.0,0.0,,,,,,,,0,0,0,,,,,,,,,,,,,,,,,,,0,0,0,,,,,,,,,,,,,,,,,0,0,0,,,,,,,,,,,,,,,0,0,0,,,,,,,,,,,,,,,,,1,0,0,CAA2005590,Active,9% Tax Credit,2005-01-01,2060-01-01,23.0,New Construction,,,,,,,,,,0,0,0,,,,,,,,,,,,,,,,,0,0,0,,,,,,,,,,,,,,,,,0,0,0,,,,,,,,,,,,,,,,,0,0,0,,,,,,,,,,,,,,,,,0,0,0,,,,,,,,,,,,,,,,,1,0,0,Active,Project Based Vouchers,15.0,,,,0,0,0,,,,,,,0,0,0,,,,,,,,,,,,,,,,,23724.0,san diego,San Diego,False,False,23.0,
1029984,BRISA DEL MAR VILLAGE APARTMENTS,1689 Broadway,Chula Vista,CA,91911.0,41740.0,Metropolitan Statistical Area,San Diego,6073.0,6073013206.0,52.0,32.595926,-117.07485,Active,2,0,0,106,2005-01-01,2027-06-20,2061-01-01,CASA FAMILIAR INC,For Profit,,,,,,,,,,0.0,52.0,54.0,,Family,1980.0,,,,,0,0,0,,,,,,,,,,,,,,,,,,,0,0,0,,,,,,,,,,,,,,,,,0,0,0,,,,,,,,,,,,,,,0,0,0,,,,,,,,,,,,,,,,,1,0,0,CAA2005730,Active,4% Tax Credit,2005-01-01,2061-01-01,105.0,New Construction,,,,,,,,,,0,0,0,,,,,,,,,,,,,,,,,0,0,0,,,,,,,,,,,,,,,,,1,0,0,3311600632.0,Active,HOME,2007-06-20,2027-06-20,6.0,New Construction Only,,,,,,,,,,0,0,0,,,,,,,,,,,,,,,,,0,0,0,,,,,,,,,,,,,,,,,0,0,0,,,,,,,0,0,0,,,,,,,0,0,0,,,,,,,,,,,,,,,,,23750.0,chula vista,Chula Vista,False,True,105.0,6.0
1029999,RENAISSANCE AT NORTH PARK SENIOR APARTMENTS,4330 30th St,San Diego,CA,92104.0,41740.0,Metropolitan Statistical Area,San Diego,6073.0,6073001201.0,50.0,32.755875,-117.130628,Active,2,0,0,96,2006-01-01,2027-11-08,2061-01-01,NORTH PARK INTERFAITH HOUSING CORP,For Profit,,,,,,,,,,87.0,9.0,0.0,,Elderly or Disabled,,,,,,0,0,0,,,,,,,,,,,,,,,,,,,0,0,0,,,,,,,,,,,,,,,,,0,0,0,,,,,,,,,,,,,,,0,0,0,,,,,,,,,,,,,,,,,1,0,0,CAA2006010,Active,9% Tax Credit,2006-01-01,2061-01-01,94.0,New Construction,,,,,,,,,,0,0,0,,,,,,,,,,,,,,,,,0,0,0,,,,,,,,,,,,,,,,,1,0,0,3376203676.0,Active,HOME,2007-11-08,2027-11-08,11.0,Acquisition and New Construction,,,,,,,,,,0,0,0,,,,,,,,,,,,,,,,,0,0,0,,,,,,,,,,,,,,,,,0,0,0,,,,,,,0,0,0,,,,,,,0,0,0,,,,,,,,,,,,,,,,,23766.0,san diego,San Diego,False,True,94.0,11.0
1030101,PARKER KIER REHABILITATION,2172 Front St,San Diego,CA,92101.0,41740.0,Metropolitan Statistical Area,San Diego,6073.0,6073005900.0,50.0,32.727977,-117.165122,Active,2,0,1,24,1998-09-21,2029-02-20,2029-02-20,SAN DIEGO HOUSING COMMISSION,,,,,,,,,,,,,,,,3190.0,,,,,0,0,0,,,,,,,,,,,,,,,,,,,0,0,0,,,,,,,,,,,,,,,,,0,0,0,,,,,,,,,,,,,,,0,0,0,,,,,,,,,,,,,,,,,0,0,0,,,,,,,,,,,,,,,,,0,0,0,,,,,,,,,,,,,,,,,0,0,0,,,,,,,,,,,,,,,,,1,0,1,3376206035.0,Active,HOME,2014-02-20,2029-02-20,24.0,Rehabilitation Only,,,,,,,,,,0,0,0,,,,,,,,,,,,,,,,,0,0,0,,,,,,,,,,,,,,,,,1,0,0,Active,Project Based Vouchers,19.0,,,,0,0,0,,,,,,,0,0,0,,,,,,,,,,,,,,,,,45121.0,san diego,San Diego,False,True,24.0,24.0
1030194,LEXINGTON SENIOR APARTMENTS,250 E Lexington Ave,El Cajon,CA,92020.0,41740.0,Metropolitan Statistical Area,San Diego,6073.0,6073015802.0,51.0,32.793084,-116.959548,Active,3,0,0,100,2008-10-16,2028-10-16,2076-01-01,CAPITAL ONE NA,Non-Profit,THOMAS SAFRAN & ASSOCIATES INC,,800250690.0,97,2025-12-05,,,,,88.0,12.0,0.0,,Elderly,1840.0,,,,,0,0,0,,,,,,,,,,,,,,,,,,,0,0,0,,,,,,,,,,,,,,,,,0,0,0,,,,,,,,,,,,,,,1,0,0,12935126.0,Active,221(D)(4) MKT RATE MOD INC/ DISP FAMS,2022-06-01,2062-05-01,100.0,4891807.0,,,,,,,,,,1,0,0,CAA20211035,Active,9% Tax Credit,2021-01-01,2076-01-01,99.0,Acquisition and Rehab,,,,,,,,,,0,0,0,,,,,,,,,,,,,,,,,0,0,0,,,,,,,,,,,,,,,,,1,0,0,15302692.0,Active,HOME,2008-10-16,2028-10-16,11.0,New Construction Only,,,,,,,,,,0,0,0,,,,,,,,,,,,,,,,,0,0,0,,,,,,,,,,,,,,,,,0,0,0,,,,,,,0,0,0,,,,,,,0,0,0,,,,,,,,,,,,,,,,,47100.0,el cajon,El Cajon,False,True,100.0,11.0
1030255,ISLAND VILLAGE APARTMENTS,1245 Market St,San Diego,CA,92101.0,41740.0,Metropolitan Statistical Area,San Diego,6073.0,6073005102.0,50.0,32.711072,-117.153247,Active,1,0,1,280,2003-01-01,2032-01-01,2032-01-01,BARONE GALASSO & ASSOC INC,For Profit,,,,,,,,,,281.0,0.0,0.0,,,,,,,,0,0,0,,,,,,,,,,,,,,,,,,,0,0,0,,,,,,,,,,,,,,,,,0,0,0,,,,,,,,,,,,,,,0,0,0,,,,,,,,,,,,,,,,,1,0,0,CAA2003245,Active,4% Tax Credit,2003-01-01,2032-01-01,280.0,New Construction,,,,,,,,,,0,0,0,,,,,,,,,,,,,,,,,0,0,0,,,,,,,,,,,,,,,,,0,0,0,,,,,,,,,,,,,,,,,0,0,0,,,,,,,,,,,,,,,,,0,0,0,,,,,,,,,,,,,,,,,0,0,0,,,,,,,0,0,0,,,,,,,0,0,0,,,,,,,,,,,,,,,,,47325.0,san diego,San Diego,False,False,280.0,
1030269,VILLA HARVEY MANDEL,72 17th St,San Diego,CA,92101.0,41740.0,Metropolitan Statistical Area,San Diego,6073.0,6073005103.0,50.0,32.706089,-117.148783,Active,1,0,1,90,2003-01-01,2057-01-01,2057-01-01,S V D P MGMT INC,For Profit,,,,,,,,,,90.0,0.0,0.0,,,,,,,,0,0,0,,,,,,,,,,,,,,,,,,,0,0,0,,,,,,,,,,,,,,,,,0,0,0,,,,,,,,,,,,,,,0,0,0,,,,,,,,,,,,,,,,,1,0,0,CAA2003605,Active,9% Tax Credit,2003-01-01,2057-01-01,90.0,New Construction,,,,,,,,,,0,0,0,,,,,,,,,,,,,,,,,0,0,0,,,,,,,,,,,,,,,,,0,0,0,,,,,,,,,,,,,,,,,0,0,0,,,,,,,,,,,,,,,,,0,0,0,,,,,,,,,,,,,,,,,0,0,0,,,,,,,0,0,0,,,,,,,0,0,0,,,,,,,,,,,,,,,,,47368.0,san diego,San Diego,False,False,90.0,
1030306,MAYBERRY TOWNHOMES,4328 Mayberry St,San Diego,CA,92113.0,41740.0,Metropolitan Statistical Area,San Diego,6073.0,6073003303.0,52.0,32.69212,-117.101401,Active,1,0,1,70,2000-06-29,2070-01-01,2070-01-01,MOUNTAIN VIEW HOUSING ASSOCIATES LP,Non-Profit,,,,,,,,,,2.0,34.0,34.0,,,1620.0,,,,,0,0,0,,,,,,,,,,,,,,,,,,,0,0,0,,,,,,,,,,,,,,,,,0,0,0,,,,,,,,,,,,,,,0,0,0,,,,,,,,,,,,,,,,,1,0,0,CAA2016042,Active,4% Tax Credit,2016-01-01,2070-01-01,69.0,Acquisition and Rehab,,,,,,,,,,0,0,0,,,,,,,,,,,,,,,,,0,0,0,,,,,,,,,,,,,,,,,0,0,0,,,,,,,,,,,,,,,,,0,0,0,,,,,,,,,,,,,,,,,0,0,0,,,,,,,,,,,,,,,,,0,0,0,,,,,,,0,0,0,,,,,,,0,0,0,,,,,,,,,,,,,,,,,46170.0,san diego,San Diego,False,False,69.0,
1030485,GEORGE D MCKINNEY RETIREMENT CENTER,5625 Imperial Ave,San Diego,CA,92114.0,41740.0,Metropolitan Statistical Area,San Diego,6073.0,6073003111.0,52.0,32.707725,-117.075352,Active,2,0,1,60,2006-05-22,2041-06-30,2077-01-01,CRP ST STEPHENS APARTMENTS LP,Multiple,FPI MANAGEMENT INC,Profit Motivated,800253391.0,99,2026-03-09,91b,2022-09-22,,,59.0,1.0,0.0,96.0,Elderly,1750.0,,,97.0,101.0,1,0,0,CA39RP00001,Active,RAD PRAC Conv,,2021-07-01,2041-06-30,59.0,68.79,,,,,,,,,,,0,0,0,,,,,,,,,,,,,,,,,0,0,0,,,,,,,,,,,,,,,0,0,0,,,,,,,,,,,,,,,,,1,0,0,CAA20221076,Active,4% Tax Credit,2022-01-01,2077-01-01,59.0,Acquisition and Rehab,,,,,,,,,,0,0,0,,,,,,,,,,,,,,,,,0,0,0,,,,,,,,,,,,,,,,,0,0,0,,,,,,,,,,,,,,,,,0,0,0,,,,,,,,,,,,,,,,,0,0,0,,,,,,,,,,,,,,,,,0,0,0,,,,,,,0,0,0,,,,,,,0,0,0,,,,,,,,,,,,,,,,,48141.0,san diego,San Diego,False,False,59.0,
1030578,CITY HEIGHTS PLACE APARTMENTS FKA UNION BANK APARTMENTS,4020 44th St,San Diego,CA,92105.0,41740.0,Metropolitan Statistical Area,San Diego,6073.0,6073002302.0,52.0,32.750679,-117.099839,Active,1,0,2,60,1998-02-19,2078-01-01,2078-01-01,,Non-Profit,,,,,,,,,,0.0,45.0,15.0,,Family,1690.0,,,,,0,0,0,,,,,,,,,,,,,,,,,,,0,0,0,,,,,,,,,,,,,,,,,0,0,0,,,,,,,,,,,,,,,0,0,0,,,,,,,,,,,,,,,,,1,0,0,CAA20231032,Active,4% Tax Credit,2023-01-01,2078-01-01,59.0,New Construction,,,,,,,,,,0,0,0,,,,,,,,,,,,,,,,,0,0,0,,,,,,,,,,,,,,,,,0,0,0,,,,,,,,,,,,,,,,,0,0,0,,,,,,,,,,,,,,,,,0,0,0,,,,,,,,,,,,,,,,,0,0,0,,,,,,,0,0,0,,,,,,,0,0,0,,,,,,,,,,,,,,,,,48475.0,san diego,San Diego,False,False,59.0,
1030751,ARBOR TERRACE APARTMENTS,3693 Florida St,San Diego,CA,92104.0,41740.0,Metropolitan Statistical Area,San Diego,6073.0,6073000800.0,50.0,32.745,-117.14363,Active,4,0,0,71,2009-01-01,2030-05-11,2064-01-01,LOVE FUNDING CORPORATION,For Profit,AVENUE5 CALIFORNIA INC,,800245901.0,95,2025-12-10,91c*,2022-09-07,61c,2021-09-01,0.0,23.0,48.0,,Family,2020.0,,,,,0,0,0,,,,,,,,,,,,,,,,,,,0,0,0,,,,,,,,,,,,,,,,,0,0,0,,,,,,,,,,,,,,,1,0,0,12911096.0,Active,207/ 223(F) PUR/ REFIN HSG,2019-02-01,2054-01-01,71.0,3786472.0,,,,,,,,,,1,0,0,CAA2009045,Active,9% Tax Credit,2009-01-01,2064-01-01,69.0,New Construction,,,,,,,,,,0,0,0,,,,,,,,,,,,,,,,,0,0,0,,,,,,,,,,,,,,,,,1,0,0,3376204766.0,Active,HOME,2010-05-11,2030-05-11,22.0,Acquisition and New Construction,,,,,,,,,,0,0,0,,,,,,,,,,,,,,,,,1,0,0,CA-2006-112,Active,CA California State Low Income Housing Tax Credit,2009-03-23,2064-01-01,69.0,,New Construction Only,,,,,,,,,0,0,0,,,,,,,0,0,0,,,,,,,0,0,0,,,,,,,,,,,,,,,,,63485.0,san diego,San Diego,False,True,71.0,22.0
1030757,BEACHWIND COURT,624 12th St,Imperial Beach,CA,91932.0,41740.0,Metropolitan Statistical Area,San Diego,6073.0,6073010502.0,52.0,32.584959,-117.108476,Active,2,0,0,15,2009-01-01,2054-08-01,2064-01-01,ORIX REAL ESTATE CAPITAL LLC,For Profit,CIC MANAGEMENT INC,,800248142.0,86,2024-06-06,,,,,0.0,14.0,0.0,,Family,1920.0,,,,,0,0,0,,,,,,,,,,,,,,,,,,,0,0,0,,,,,,,,,,,,,,,,,0,0,0,,,,,,,,,,,,,,,1,0,0,12911105.0,Active,207/ 223(F) PUR/ REFIN HSG,2019-09-01,2054-08-01,15.0,1038716.0,,,,,,,,,,1,0,0,CAA2009070,Active,4% Tax Credit,2009-01-01,2064-01-01,15.0,Acquisition and Rehab,,,,,,,,,,0,0,0,,,,,,,,,,,,,,,,,0,0,0,,,,,,,,,,,,,,,,,0,0,0,,,,,,,,,,,,,,,,,0,0,0,,,,,,,,,,,,,,,,,0,0,0,,,,,,,,,,,,,,,,,0,0,0,,,,,,,0,0,0,,,,,,,0,0,0,,,,,,,,,,,,,,,,,63488.0,imperial beach,Imperial Beach,False,False,15.0,
1030762,TOWN CENTER MANOR,434 F St,Chula Vista,CA,91910.0,41740.0,Metropolitan Statistical Area,San Diego,6073.0,6073012700.0,52.0,32.639746,-117.085095,Active,1,0,0,121,1984-01-30,,,Housing Authority of the County of San Diego,Public Entity,HOUSING AUTHORITY OF THE COUNTY OF SAN DIEGO,Public Entity,,96,2024-06-04,66c*,2022-04-18,83,2017-08-16,52.0,16.0,45.0,79.0,,1990.0,1984-01-01,1996-01-01,95.0,131.0,0,0,0,,,,,,,,,,,,,,,,,,,0,0,0,,,,,,,,,,,,,,,,,0,0,0,,,,,,,,,,,,,,,0,0,0,,,,,,,,,,,,,,,,,0,0,0,,,,,,,,,,,,,,,,,0,0,0,,,,,,,,,,,,,,,,,0,0,0,,,,,,,,,,,,,,,,,0,0,0,,,,,,,,,,,,,,,,,1,0,0,CA108000001,Active,Public Housing,1984-01-30,,121.0,,CA108,,,,,,,,,0,0,0,,,,,,,,,,,,,,,,,0,0,0,,,,,,,0,0,0,,,,,,,0,0,0,,,,,,,,,,,,,,,,,57925.0,chula vista,Chula Vista,False,False,121.0,
1030763,BOULEVARD APARTMENTS,3137 El Cajon Blvd,San Diego,CA,92104.0,41740.0,Metropolitan Statistical Area,San Diego,6073.0,6073001301.0,50.0,32.754934,-117.126791,Active,1,0,0,24,2009-01-01,2064-01-01,2064-01-01,S V D P MGMT INC,,,,,,,,,,,3.0,18.0,3.0,,Family,,,,,,0,0,0,,,,,,,,,,,,,,,,,,,0,0,0,,,,,,,,,,,,,,,,,0,0,0,,,,,,,,,,,,,,,0,0,0,,,,,,,,,,,,,,,,,1,0,0,CAA2009085,Active,4% Tax Credit,2009-01-01,2064-01-01,23.0,New Construction,,,,,,,,,,0,0,0,,,,,,,,,,,,,,,,,0,0,0,,,,,,,,,,,,,,,,,0,0,0,,,,,,,,,,,,,,,,,0,0,0,,,,,,,,,,,,,,,,,0,0,0,,,,,,,,,,,,,,,,,0,0,0,,,,,,,0,0,0,,,,,,,0,0,0,,,,,,,,,,,,,,,,,63491.0,san diego,San Diego,False,False,23.0,
1030775,CITRON COURT,7385 Broadway,Lemon Grove,CA,91945.0,41740.0,Metropolitan Statistical Area,San Diego,6073.0,6073014400.0,51.0,32.742295,-117.038812,Active,1,0,0,36,2009-01-01,2063-01-01,2063-01-01,COMMUNITY COLLECTIVE LLC,For Profit,,,,,,,,,,14.0,10.0,12.0,,Family,1890.0,,,,,0,0,0,,,,,,,,,,,,,,,,,,,0,0,0,,,,,,,,,,,,,,,,,0,0,0,,,,,,,,,,,,,,,0,0,0,,,,,,,,,,,,,,,,,1,0,0,CAA2009135,Active,9% Tax Credit,2009-01-01,2063-01-01,35.0,New Construction,,,,,,,,,,0,0,0,,,,,,,,,,,,,,,,,0,0,0,,,,,,,,,,,,,,,,,0,0,0,,,,,,,,,,,,,,,,,0,0,0,,,,,,,,,,,,,,,,,0,0,0,,,,,,,,,,,,,,,,,0,0,0,,,,,,,0,0,0,,,,,,,0,0,0,,,,,,,,,,,,,,,,,63497.0,lemon grove,Lemon Grove,False,False,35.0,
1030776,525 ORANGE AVE,525 Orange Ave,Coronado,CA,92118.0,41740.0,Metropolitan Statistical Area,San Diego,6073.0,6073011000.0,50.0,32.692381,-117.175566,Active,1,0,0,16,2008-01-01,2062-01-01,2062-01-01,CORONADO INTERFAITH HOUSING CORP,,,,,,,,,,,15.0,1.0,0.0,,Family,3190.0,,,,,0,0,0,,,,,,,,,,,,,,,,,,,0,0,0,,,,,,,,,,,,,,,,,0,0,0,,,,,,,,,,,,,,,0,0,0,,,,,,,,,,,,,,,,,1,0,0,CAA2008050,Active,4% Tax Credit,2008-01-01,2062-01-01,16.0,Acquisition and Rehab,,,,,,,,,,0,0,0,,,,,,,,,,,,,,,,,0,0,0,,,,,,,,,,,,,,,,,0,0,0,,,,,,,,,,,,,,,,,0,0,0,,,,,,,,,,,,,,,,,0,0,0,,,,,,,,,,,,,,,,,0,0,0,,,,,,,0,0,0,,,,,,,0,0,0,,,,,,,,,,,,,,,,,63199.0,coronado,Coronado,False,False,16.0,
1030779,COUNTRY CLUB APARTMENTS OCEANSIDE,201 Country Club Ln,Oceanside,CA,92054.0,41740.0,Metropolitan Statistical Area,San Diego,6073.0,6073018509.0,49.0,33.19883,-117.365567,Active,1,0,0,91,2009-01-01,2064-01-01,2064-01-01,COUNTRY CLUB APTS LP,Non-Profit,,,,,,,,,,68.0,22.0,0.0,,Family,2110.0,,,,,0,0,0,,,,,,,,,,,,,,,,,,,0,0,0,,,,,,,,,,,,,,,,,0,0,0,,,,,,,,,,,,,,,0,0,0,,,,,,,,,,,,,,,,,1,0,0,CAA2009150,Active,4% Tax Credit,2009-01-01,2064-01-01,89.0,Acquisition and Rehab,,,,,,,,,,0,0,0,,,,,,,,,,,,,,,,,0,0,0,,,,,,,,,,,,,,,,,0,0,0,,,,,,,,,,,,,,,,,0,0,0,,,,,,,,,,,,,,,,,0,0,0,,,,,,,,,,,,,,,,,0,0,0,,,,,,,0,0,0,,,,,,,0,0,0,,,,,,,,,,,,,,,,,63499.0,oceanside,Oceanside,False,False,89.0,
1030807,CAPE COD SENIOR VILLAS,1710 Maxson St,Oceanside,CA,92054.0,41740.0,Metropolitan Statistical Area,San Diego,6073.0,6073018509.0,49.0,33.200055,-117.364949,Active,1,0,0,36,2008-01-01,2063-01-01,2063-01-01,THE SOUTHERN CALIFORNIA HOUSING DEVELOPMENT CORP OF ORANGE,,,,,,,,,,,36.0,0.0,0.0,,Elderly or Disabled,2110.0,,,,,0,0,0,,,,,,,,,,,,,,,,,,,0,0,0,,,,,,,,,,,,,,,,,0,0,0,,,,,,,,,,,,,,,0,0,0,,,,,,,,,,,,,,,,,1,0,0,CAA2008145,Active,4% Tax Credit,2008-01-01,2063-01-01,35.0,Acquisition and Rehab,,,,,,,,,,0,0,0,,,,,,,,,,,,,,,,,0,0,0,,,,,,,,,,,,,,,,,0,0,0,,,,,,,,,,,,,,,,,0,0,0,,,,,,,,,,,,,,,,,0,0,0,,,,,,,,,,,,,,,,,0,0,0,,,,,,,0,0,0,,,,,,,0,0,0,,,,,,,,,,,,,,,,,63216.0,oceanside,Oceanside,False,False,35.0,
1030808,LA ENTRADA FAMILY HOUSING,1755 Logan Ave,San Diego,CA,92113.0,41740.0,Metropolitan Statistical Area,San Diego,6073.0,6073005103.0,52.0,32.703049,-117.146816,Active,1,0,0,85,2009-01-01,2063-01-01,2063-01-01,LA ENTRADA FAMILY HOUSING LLC,For Profit,,,,,,,,,,0.0,13.0,72.0,,Family,,,,,,0,0,0,,,,,,,,,,,,,,,,,,,0,0,0,,,,,,,,,,,,,,,,,0,0,0,,,,,,,,,,,,,,,0,0,0,,,,,,,,,,,,,,,,,1,0,0,CAA2009235,Active,9% Tax Credit,2009-01-01,2063-01-01,84.0,New Construction,,,,,,,,,,0,0,0,,,,,,,,,,,,,,,,,0,0,0,,,,,,,,,,,,,,,,,0,0,0,,,,,,,,,,,,,,,,,0,0,0,,,,,,,,,,,,,,,,,0,0,0,,,,,,,,,,,,,,,,,0,0,0,,,,,,,0,0,0,,,,,,,0,0,0,,,,,,,,,,,,,,,,,63515.0,san diego,San Diego,False,False,84.0,
1030814,LOS VECINOS APARTMENTS,1501 Broadway,Chula Vista,CA,91911.0,41740.0,Metropolitan Statistical Area,San Diego,6073.0,6073013206.0,52.0,32.599926,-117.076804,Active,1,0,0,42,2009-01-01,2064-01-01,2064-01-01,WAKELAND HOUSING & DEVELOPMENT CORP,Non-Profit,,,,,,,,,,12.0,16.0,14.0,,Family,1980.0,,,,,0,0,0,,,,,,,,,,,,,,,,,,,0,0,0,,,,,,,,,,,,,,,,,0,0,0,,,,,,,,,,,,,,,0,0,0,,,,,,,,,,,,,,,,,1,0,0,CAA2009250,Active,9% Tax Credit,2009-01-01,2064-01-01,41.0,New Construction,,,,,,,,,,0,0,0,,,,,,,,,,,,,,,,,0,0,0,,,,,,,,,,,,,,,,,0,0,0,,,,,,,,,,,,,,,,,0,0,0,,,,,,,,,,,,,,,,,0,0,0,,,,,,,,,,,,,,,,,0,0,0,,,,,,,0,0,0,,,,,,,0,0,0,,,,,,,,,,,,,,,,,63518.0,chula vista,Chula Vista,False,False,41.0,
1030816,LOS VIENTOS,1629 National Ave,San Diego,CA,92113.0,41740.0,Metropolitan Statistical Area,San Diego,6073.0,6073005103.0,52.0,32.703512,-117.149756,Active,1,0,0,89,2009-01-01,2063-01-01,2063-01-01,AMCAL MULTI-HOUSING,For Profit,,,,,,,,,,0.0,49.0,40.0,,Family,,,,,,0,0,0,,,,,,,,,,,,,,,,,,,0,0,0,,,,,,,,,,,,,,,,,0,0,0,,,,,,,,,,,,,,,0,0,0,,,,,,,,,,,,,,,,,1,0,0,CAA2009255,Active,9% Tax Credit,2009-01-01,2063-01-01,88.0,New Construction,,,,,,,,,,0,0,0,,,,,,,,,,,,,,,,,0,0,0,,,,,,,,,,,,,,,,,0,0,0,,,,,,,,,,,,,,,,,0,0,0,,,,,,,,,,,,,,,,,0,0,0,,,,,,,,,,,,,,,,,0,0,0,,,,,,,0,0,0,,,,,,,0,0,0,,,,,,,,,,,,,,,,,63519.0,san diego,San Diego,False,False,88.0,
1030861,SHADOW WAY APARTMENTS,4707 Yuma Ave,Oceanside,CA,92057.0,41740.0,Metropolitan Statistical Area,San Diego,6073.0,6073018520.0,49.0,33.242856,-117.294577,Active,1,0,0,144,2009-01-01,2063-01-01,2063-01-01,WESTERN COMMUNITY HOUSING INC,,,,,,,,,,,0.0,144.0,0.0,,,,,,,,0,0,0,,,,,,,,,,,,,,,,,,,0,0,0,,,,,,,,,,,,,,,,,0,0,0,,,,,,,,,,,,,,,0,0,0,,,,,,,,,,,,,,,,,1,0,0,CAA2009395,Active,4% Tax Credit,2009-01-01,2063-01-01,143.0,Acquisition and Rehab,,,,,,,,,,0,0,0,,,,,,,,,,,,,,,,,0,0,0,,,,,,,,,,,,,,,,,0,0,0,,,,,,,,,,,,,,,,,0,0,0,,,,,,,,,,,,,,,,,0,0,0,,,,,,,,,,,,,,,,,0,0,0,,,,,,,0,0,0,,,,,,,0,0,0,,,,,,,,,,,,,,,,,63543.0,oceanside,Oceanside,False,False,143.0,
1030865,STUDIO 15,1475 Imperial Ave,San Diego,CA,92101.0,41740.0,Metropolitan Statistical Area,San Diego,6073.0,6073005103.0,50.0,32.705957,-117.150806,Active,1,0,0,275,2009-01-01,2063-01-01,2063-01-01,AFFIRMED HOUSING GROUP,,,,,,,,,,,275.0,0.0,0.0,,,,,,,,0,0,0,,,,,,,,,,,,,,,,,,,0,0,0,,,,,,,,,,,,,,,,,0,0,0,,,,,,,,,,,,,,,0,0,0,,,,,,,,,,,,,,,,,1,0,0,CAA2009410,Active,4% Tax Credit,2009-01-01,2063-01-01,274.0,New Construction,,,,,,,,,,0,0,0,,,,,,,,,,,,,,,,,0,0,0,,,,,,,,,,,,,,,,,0,0,0,,,,,,,,,,,,,,,,,0,0,0,,,,,,,,,,,,,,,,,0,0,0,,,,,,,,,,,,,,,,,0,0,0,,,,,,,0,0,0,,,,,,,0,0,0,,,,,,,,,,,,,,,,,63545.0,san diego,San Diego,False,False,274.0,
1030872,GATEWAY FAMILY APARTMENTS I,1605 Logan Ave,San Diego,CA,92113.0,41740.0,Metropolitan Statistical Area,San Diego,6073.0,6073005103.0,52.0,32.704437,-117.149119,Active,2,0,0,42,2008-01-01,2062-01-01,2062-01-01,LAS PALMAS FOUNDATION,For Profit,CONAM Management,,,,,,,,,0.0,17.0,25.0,,Family,,,,,,0,0,0,,,,,,,,,,,,,,,,,,,0,0,0,,,,,,,,,,,,,,,,,0,0,0,,,,,,,,,,,,,,,0,0,0,,,,,,,,,,,,,,,,,1,0,0,CAA2008340,Active,9% Tax Credit,2008-01-01,2062-01-01,41.0,New Construction,,,,,,,,,,0,0,0,,,,,,,,,,,,,,,,,0,0,0,,,,,,,,,,,,,,,,,0,0,0,,,,,,,,,,,,,,,,,0,0,0,,,,,,,,,,,,,,,,,1,0,0,CA-2005-033,Active,CA California State Low Income Housing Tax Credit,2008-03-20,2062-01-01,41.0,,New Construction Only,,,,,,,,,0,0,0,,,,,,,0,0,0,,,,,,,0,0,0,,,,,,,,,,,,,,,,,63293.0,san diego,San Diego,False,False,41.0,
1030874,GLEN RIDGE APARTMENTS,3555 Glen Ave,Carlsbad,CA,92010.0,41740.0,Metropolitan Statistical Area,San Diego,6073.0,6073019811.0,49.0,33.152835,-117.294764,Active,1,0,0,78,2008-01-01,2062-01-01,2062-01-01,PACIFIC SOUTHWEST COMMUNITY DEVELOPMENT CORP,,,,,,,,,,,17.0,29.0,32.0,,Family,,,,,,0,0,0,,,,,,,,,,,,,,,,,,,0,0,0,,,,,,,,,,,,,,,,,0,0,0,,,,,,,,,,,,,,,0,0,0,,,,,,,,,,,,,,,,,1,0,0,CAA2008350,Active,4% Tax Credit,2008-01-01,2062-01-01,77.0,New Construction,,,,,,,,,,0,0,0,,,,,,,,,,,,,,,,,0,0,0,,,,,,,,,,,,,,,,,0,0,0,,,,,,,,,,,,,,,,,0,0,0,,,,,,,,,,,,,,,,,0,0,0,,,,,,,,,,,,,,,,,0,0,0,,,,,,,0,0,0,,,,,,,0,0,0,,,,,,,,,,,,,,,,,63294.0,carlsbad,Carlsbad,False,False,77.0,
1030902,LA MISION VILLAGE APARTMENTS,3232 Mission Ave,Oceanside,CA,92058.0,41740.0,Metropolitan Statistical Area,San Diego,6073.0,6073018616.0,49.0,33.214771,-117.347427,Active,1,0,0,80,2008-01-01,2062-01-01,2062-01-01,NATIONAL COMMUNITY RENAISSANCE,,,,,,,,,,,3.0,46.0,31.0,,Family,,,,,,0,0,0,,,,,,,,,,,,,,,,,,,0,0,0,,,,,,,,,,,,,,,,,0,0,0,,,,,,,,,,,,,,,0,0,0,,,,,,,,,,,,,,,,,1,0,0,CAA2008445,Active,4% Tax Credit,2008-01-01,2062-01-01,79.0,New Construction,,,,,,,,,,0,0,0,,,,,,,,,,,,,,,,,0,0,0,,,,,,,,,,,,,,,,,0,0,0,,,,,,,,,,,,,,,,,0,0,0,,,,,,,,,,,,,,,,,0,0,0,,,,,,,,,,,,,,,,,0,0,0,,,,,,,0,0,0,,,,,,,0,0,0,,,,,,,,,,,,,,,,,63309.0,oceanside,Oceanside,False,False,79.0,
1030906,LAS VENTANAS VILLAGE,250 W 15th Ave,Escondido,CA,92025.0,41740.0,Metropolitan Statistical Area,San Diego,6073.0,6073020601.0,50.0,33.108574,-117.075026,Active,1,0,0,80,2008-01-01,2062-01-01,2062-01-01,LAS VENTANAS VILLAGE MGMT LLC,For Profit,,,,,,,,,,0.0,2.0,78.0,,Family,1830.0,,,,,0,0,0,,,,,,,,,,,,,,,,,,,0,0,0,,,,,,,,,,,,,,,,,0,0,0,,,,,,,,,,,,,,,0,0,0,,,,,,,,,,,,,,,,,1,0,0,CAA2008465,Active,9% Tax Credit,2008-01-01,2062-01-01,79.0,New Construction,,,,,,,,,,0,0,0,,,,,,,,,,,,,,,,,0,0,0,,,,,,,,,,,,,,,,,0,0,0,,,,,,,,,,,,,,,,,0,0,0,,,,,,,,,,,,,,,,,0,0,0,,,,,,,,,,,,,,,,,0,0,0,,,,,,,0,0,0,,,,,,,0,0,0,,,,,,,,,,,,,,,,,63311.0,escondido,Escondido,False,False,79.0,
1030950,PLAZA CITY APARTMENTS,1535 E Plaza Blvd,National City,CA,91950.0,41740.0,Metropolitan Statistical Area,San Diego,6073.0,6073011700.0,52.0,32.677459,-117.090393,Active,1,0,0,80,2008-01-01,2063-01-01,2063-01-01,WP PLAZA CITY LLC,For Profit,,,,,,,,,,64.0,16.0,0.0,,Elderly or Disabled,1660.0,,,,,0,0,0,,,,,,,,,,,,,,,,,,,0,0,0,,,,,,,,,,,,,,,,,0,0,0,,,,,,,,,,,,,,,0,0,0,,,,,,,,,,,,,,,,,1,0,0,CAA2008640,Active,9% Tax Credit,2008-01-01,2063-01-01,79.0,New Construction,,,,,,,,,,0,0,0,,,,,,,,,,,,,,,,,0,0,0,,,,,,,,,,,,,,,,,0,0,0,,,,,,,,,,,,,,,,,0,0,0,,,,,,,,,,,,,,,,,0,0,0,,,,,,,,,,,,,,,,,0,0,0,,,,,,,0,0,0,,,,,,,0,0,0,,,,,,,,,,,,,,,,,63341.0,national city,National City,False,False,79.0,
1030977,THE LANDINGS,2122 Burdock Way,Chula Vista,CA,91915.0,41740.0,Metropolitan Statistical Area,San Diego,6073.0,6073013321.0,52.0,32.617878,-116.960602,Active,2,0,0,92,2008-01-01,2029-06-30,2062-01-01,PACIFIC SOUTHWEST COMMUNITY DEVELOPMENT CORP,,,,,,,,,,,0.0,0.0,92.0,,Family,,,,,,0,0,0,,,,,,,,,,,,,,,,,,,0,0,0,,,,,,,,,,,,,,,,,0,0,0,,,,,,,,,,,,,,,0,0,0,,,,,,,,,,,,,,,,,1,0,0,CAA2008805,Active,4% Tax Credit,2008-01-01,2062-01-01,91.0,New Construction,,,,,,,,,,0,0,0,,,,,,,,,,,,,,,,,0,0,0,,,,,,,,,,,,,,,,,1,0,0,3311600738.0,Active,HOME,2009-06-30,2029-06-30,11.0,New Construction Only,,,,,,,,,,0,0,0,,,,,,,,,,,,,,,,,0,0,0,,,,,,,,,,,,,,,,,0,0,0,,,,,,,0,0,0,,,,,,,0,0,0,,,,,,,,,,,,,,,,,63383.0,chula vista,Chula Vista,False,True,91.0,11.0
1031004,PAUL MIRABILE CENTER,16 15th St,San Diego,CA,92101.0,41740.0,Metropolitan Statistical Area,San Diego,6073.0,6073005103.0,50.0,32.705548,-117.150325,Active,1,0,0,175,1994-01-01,2049-01-01,2049-01-01,S V D P MGMT INC,For Profit,,,,,,,,,,,,,,,,,,,,0,0,0,,,,,,,,,,,,,,,,,,,0,0,0,,,,,,,,,,,,,,,,,0,0,0,,,,,,,,,,,,,,,0,0,0,,,,,,,,,,,,,,,,,1,0,0,CAA1994503,Active,9% Tax Credit,1994-01-01,2049-01-01,175.0,New Construction,,,,,,,,,,0,0,0,,,,,,,,,,,,,,,,,0,0,0,,,,,,,,,,,,,,,,,0,0,0,,,,,,,,,,,,,,,,,0,0,0,,,,,,,,,,,,,,,,,0,0,0,,,,,,,,,,,,,,,,,0,0,0,,,,,,,0,0,0,,,,,,,0,0,0,,,,,,,,,,,,,,,,,64428.0,san diego,San Diego,False,False,175.0,
1031018,ROYAL HEIGHTS APARTMENTS,12135 Royal Rd,El Cajon,CA,92021.0,41740.0,Metropolitan Statistical Area,San Diego,6073.0,6073016806.0,48.0,32.823264,-116.930736,Active,1,0,0,120,2000-01-01,2055-01-01,2055-01-01,AVALON COMMUNITIES LLC,For Profit,,,,,,,,,,0.0,60.0,60.0,,Family,1860.0,,,,,0,0,0,,,,,,,,,,,,,,,,,,,0,0,0,,,,,,,,,,,,,,,,,0,0,0,,,,,,,,,,,,,,,0,0,0,,,,,,,,,,,,,,,,,1,0,0,CAA2000500,Active,9% Tax Credit,2000-01-01,2055-01-01,119.0,New Construction,,,,,,,,,,0,0,0,,,,,,,,,,,,,,,,,0,0,0,,,,,,,,,,,,,,,,,0,0,0,,,,,,,,,,,,,,,,,0,0,0,,,,,,,,,,,,,,,,,0,0,0,,,,,,,,,,,,,,,,,0,0,0,,,,,,,0,0,0,,,,,,,0,0,0,,,,,,,,,,,,,,,,,64442.0,el cajon,El Cajon,False,False,119.0,
1031047,16TH & MARKET APARTMENTS,1550 Market St,San Diego,CA,92101.0,41740.0,Metropolitan Statistical Area,San Diego,6073.0,6073005201.0,50.0,32.711808,-117.149768,Active,1,0,0,136,2009-01-01,2063-01-01,2063-01-01,S V D P MGMT INC,,,,,,,,,,,40.0,52.0,44.0,,Family,,,,,,0,0,0,,,,,,,,,,,,,,,,,,,0,0,0,,,,,,,,,,,,,,,,,0,0,0,,,,,,,,,,,,,,,0,0,0,,,,,,,,,,,,,,,,,1,0,0,CAA2009025,Active,4% Tax Credit,2009-01-01,2063-01-01,134.0,New Construction,,,,,,,,,,0,0,0,,,,,,,,,,,,,,,,,0,0,0,,,,,,,,,,,,,,,,,0,0,0,,,,,,,,,,,,,,,,,0,0,0,,,,,,,,,,,,,,,,,0,0,0,,,,,,,,,,,,,,,,,0,0,0,,,,,,,0,0,0,,,,,,,0,0,0,,,,,,,,,,,,,,,,,63481.0,san diego,San Diego,False,False,134.0,
1031245,SUMMERCREST,2721 E Plaza Blvd,National City,CA,91950.0,41740.0,Metropolitan Statistical Area,San Diego,6073.0,6073012002.0,52.0,32.681508,-117.078531,Active,2,0,4,372,1971-12-01,2038-08-31,2059-01-01,Summercrest Apartment Associates LP,Multiple,INVESTMENT PROPERTY GROUP UT INC,Profit Motivated,800002213.0,83,2025-08-06,84c,2022-11-22,69c*,2021-12-21,140.0,168.0,64.0,85.0,Family,1660.0,1969-01-01,1969-01-01,92.0,162.0,1,0,0,CA33L000011,Active,Preservation,1b: Discretionary Authority Eligibility Mark-Up-To-Market,2018-09-01,2038-08-31,372.0,85.67,,,,,,,,,,,0,0,0,,,,,,,,,,,,,,,,,0,0,0,,,,,,,,,,,,,,,0,0,0,,,,,,,,,,,,,,,,,1,0,1,CAA20191110,Active,4% Tax Credit,2019-01-01,2059-01-01,368.0,Acquisition and Rehab,,,,,,,,,,0,0,0,,,,,,,,,,,,,,,,,0,0,0,,,,,,,,,,,,,,,,,0,0,0,,,,,,,,,,,,,,,,,0,0,0,,,,,,,,,,,,,,,,,0,0,0,,,,,,,,,,,,,,,,,0,0,0,,,,,,,0,0,0,,,,,,,0,0,0,,,,,,,,,,,,,,,,,67003.0,national city,National City,False,False,372.0,
1031291,OAK KNOLL VILLAS,12509 Oak Knoll Rd Apt 20A,Poway,CA,92064.0,41740.0,Metropolitan Statistical Area,San Diego,6073.0,6073017048.0,48.0,32.949701,-117.06011,Active,1,0,0,52,2009-01-01,2063-01-01,2063-01-01,OAK KNOLL HOUSING ASSOC LP,Non-Profit,,,,,,,,,,0.0,52.0,0.0,,,2170.0,,,,,0,0,0,,,,,,,,,,,,,,,,,,,0,0,0,,,,,,,,,,,,,,,,,0,0,0,,,,,,,,,,,,,,,0,0,0,,,,,,,,,,,,,,,,,1,0,0,CAA2009595,Active,4% Tax Credit,2009-01-01,2063-01-01,51.0,Acquisition and Rehab,,,,,,,,,,0,0,0,,,,,,,,,,,,,,,,,0,0,0,,,,,,,,,,,,,,,,,0,0,0,,,,,,,,,,,,,,,,,0,0,0,,,,,,,,,,,,,,,,,0,0,0,,,,,,,,,,,,,,,,,0,0,0,,,,,,,0,0,0,,,,,,,0,0,0,,,,,,,,,,,,,,,,,67099.0,poway,Poway,False,False,51.0,
1031316,TEN FIFTY B APARTMENTS PHASE II,1050 B St,San Diego,CA,92101.0,41740.0,Metropolitan Statistical Area,San Diego,6073.0,6073005202.0,50.0,32.718073,-117.155178,Active,2,0,0,118,2010-01-01,2039-01-01,2065-01-01,AFFIRMED HOUSING GROUP,For Profit,,,,,,,,,,85.0,25.0,53.0,,Family,,,,,,0,0,0,,,,,,,,,,,,,,,,,,,0,0,0,,,,,,,,,,,,,,,,,0,0,0,,,,,,,,,,,,,,,0,0,0,,,,,,,,,,,,,,,,,2,0,0,CAA2010280,Active,4% Tax Credit,2010-01-01,2039-01-01,117.0,New Construction,,CAA2010285,Active,4% Tax Credit,2010-01-01,2065-01-01,109.0,New Construction,,0,0,0,,,,,,,,,,,,,,,,,0,0,0,,,,,,,,,,,,,,,,,0,0,0,,,,,,,,,,,,,,,,,0,0,0,,,,,,,,,,,,,,,,,0,0,0,,,,,,,,,,,,,,,,,0,0,0,,,,,,,0,0,0,,,,,,,0,0,0,,,,,,,,,,,,,,,,,67176.0,san diego,San Diego,False,False,117.0,
1031317,CANYON RIM APARTMENTS,10845 Via Los Narcisos,San Diego,CA,92129.0,41740.0,Metropolitan Statistical Area,San Diego,6073.0,6073017035.0,50.0,32.972457,-117.095127,Active,2,0,3,504,1971-12-01,2043-10-31,2056-01-01,CANYON RIM LP,For Profit,FF PROPERTIES LP,Profit Motivated,800002174.0,91c,2023-07-06,81c,2018-11-01,92b,2015-10-16,0.0,440.0,64.0,85.0,Family,2330.0,1968-01-01,1968-01-01,98.0,155.0,1,0,0,CA33M000076,Active,Preservation,1b: Discretionary Authority Eligibility Mark-Up-To-Market,2023-11-01,2043-10-31,244.0,106.88,,,,,,,,,,,0,0,0,,,,,,,,,,,,,,,,,0,0,0,,,,,,,,,,,,,,,0,0,0,,,,,,,,,,,,,,,,,1,0,0,CAA2001080,Active,4% Tax Credit,2001-01-01,2056-01-01,353.0,Acquisition and Rehab,,,,,,,,,,0,0,0,,,,,,,,,,,,,,,,,0,0,0,,,,,,,,,,,,,,,,,0,0,0,,,,,,,,,,,,,,,,,0,0,0,,,,,,,,,,,,,,,,,0,0,0,,,,,,,,,,,,,,,,,0,0,0,,,,,,,0,0,0,,,,,,,0,0,0,,,,,,,,,,,,,,,,,67177.0,san diego,San Diego,False,False,353.0,
1031318,Creekside LLC,2129 Coronado Ave,San Diego,CA,92154.0,41740.0,Metropolitan Statistical Area,San Diego,6073.0,6073010110.0,52.0,32.576025,-117.086897,Active,1,0,1,50,2006-01-01,2060-01-01,2060-01-01,AFFIRMED HOUSING GROUP,For Profit,,,,,,,,,,16.0,18.0,16.0,,Family,2060.0,,,,,0,0,0,,,,,,,,,,,,,,,,,,,0,0,0,,,,,,,,,,,,,,,,,0,0,0,,,,,,,,,,,,,,,0,0,0,,,,,,,,,,,,,,,,,1,0,0,CAA2006310,Active,9% Tax Credit,2006-01-01,2060-01-01,49.0,New Construction,,,,,,,,,,0,0,0,,,,,,,,,,,,,,,,,0,0,0,,,,,,,,,,,,,,,,,0,0,0,,,,,,,,,,,,,,,,,0,0,0,,,,,,,,,,,,,,,,,0,0,0,,,,,,,,,,,,,,,,,0,0,0,,,,,,,0,0,0,,,,,,,0,0,0,,,,,,,,,,,,,,,,,67182.0,san diego,San Diego,False,False,49.0,
1031319,GRANT HEIGHTS PARK,2651 J St,San Diego,CA,92102.0,41740.0,Metropolitan Statistical Area,San Diego,6073.0,6073004800.0,52.0,32.709237,-117.1368,Active,2,0,4,42,1973-05-01,2041-03-31,2077-01-01,GRANT HEIGHTS II LP,Multiple,SOLARI ENTERPRISES INC,Profit Motivated,800001595.0,88,2025-08-05,94b,2022-05-26,96c,2018-02-20,19.0,22.0,1.0,88.0,Family,1780.0,1970-01-01,1970-01-01,85.0,184.0,1,0,0,CA33M000077,Active,LMSA,1b: Discretionary Authority Eligibility Mark-Up-To-Market,2021-04-01,2041-03-31,28.0,96.14,,,,,,,,,,,0,0,0,,,,,,,,,,,,,,,,,0,0,0,,,,,,,,,,,,,,,0,0,0,,,,,,,,,,,,,,,,,1,0,2,CAA20221103,Active,4% Tax Credit,2022-01-01,2077-01-01,41.0,Acquisition and Rehab,,,,,,,,,,0,0,0,,,,,,,,,,,,,,,,,0,0,0,,,,,,,,,,,,,,,,,0,0,0,,,,,,,,,,,,,,,,,0,0,0,,,,,,,,,,,,,,,,,0,0,0,,,,,,,,,,,,,,,,,0,0,0,,,,,,,0,0,0,,,,,,,0,0,0,,,,,,,,,,,,,,,,,67186.0,san diego,San Diego,False,False,41.0,
1031323,VILLAGE GREEN APARTMENTS,4140 Bonillo Dr,San Diego,CA,92115.0,41740.0,Metropolitan Statistical Area,San Diego,6073.0,6073002903.0,51.0,32.752388,-117.05931,Active,1,0,1,93,2010-01-01,2065-01-01,2065-01-01,WAKELAND HOUSING & DEVELOPMENT CORP,,,,,,,,,,,0.0,79.0,14.0,,,1890.0,,,,,0,0,0,,,,,,,,,,,,,,,,,,,0,0,0,,,,,,,,,,,,,,,,,0,0,0,,,,,,,,,,,,,,,0,0,0,,,,,,,,,,,,,,,,,1,0,0,CAA2010305,Active,4% Tax Credit,2010-01-01,2065-01-01,92.0,Acquisition and Rehab,,,,,,,,,,0,0,0,,,,,,,,,,,,,,,,,0,0,0,,,,,,,,,,,,,,,,,0,0,0,,,,,,,,,,,,,,,,,0,0,0,,,,,,,,,,,,,,,,,0,0,0,,,,,,,,,,,,,,,,,0,0,0,,,,,,,0,0,0,,,,,,,0,0,0,,,,,,,,,,,,,,,,,67192.0,san diego,San Diego,False,False,92.0,
1031325,DAWSON AVENUE SENIOR APARTMENTS,4321 52nd St,San Diego,CA,92115.0,41740.0,Metropolitan Statistical Area,San Diego,6073.0,6073002708.0,52.0,32.755519,-117.08313,Active,2,0,0,88,2010-01-01,2030-05-06,2064-01-01,DAWSON AVENUE SENIOR APTS LP,For Profit,,,,,,,,,,72.0,16.0,0.0,,Elderly or Disabled,1890.0,,,,,0,0,0,,,,,,,,,,,,,,,,,,,0,0,0,,,,,,,,,,,,,,,,,0,0,0,,,,,,,,,,,,,,,0,0,0,,,,,,,,,,,,,,,,,1,0,0,CAA2010070,Active,9% Tax Credit,2010-01-01,2064-01-01,87.0,New Construction,,,,,,,,,,0,0,0,,,,,,,,,,,,,,,,,0,0,0,,,,,,,,,,,,,,,,,1,0,0,3376205291.0,Active,HOME,2010-05-06,2030-05-06,35.0,New Construction Only,,,,,,,,,,0,0,0,,,,,,,,,,,,,,,,,0,0,0,,,,,,,,,,,,,,,,,0,0,0,,,,,,,0,0,0,,,,,,,0,0,0,,,,,,,,,,,,,,,,,67193.0,san diego,San Diego,False,True,87.0,35.0
1031327,CCBA SENIOR GARDEN,438 3rd Ave,San Diego,CA,92101.0,41740.0,Metropolitan Statistical Area,San Diego,6073.0,6073005403.0,50.0,32.709993,-117.16223,Active,1,0,1,45,1999-01-01,2029-01-01,2029-01-01,CHINESE CONSOLIDATED BENEVOLENT ASSOC,For Profit,CCBA SENIOR GARDEN,,800212776.0,94c,2019-05-14,97b,2016-05-25,97b,2016-05-25,45.0,0.0,0.0,,Elderly or Disabled,,,,,,0,0,0,,,,,,,,,,,,,,,,,,,0,0,0,,,,,,,,,,,,,,,,,0,0,0,,,,,,,,,,,,,,,0,0,0,,,,,,,,,,,,,,,,,1,0,0,CAA1999100,Active,4% Tax Credit,1999-01-01,2029-01-01,44.0,New Construction,,,,,,,,,,0,0,0,,,,,,,,,,,,,,,,,0,0,0,,,,,,,,,,,,,,,,,0,0,0,,,,,,,,,,,,,,,,,0,0,0,,,,,,,,,,,,,,,,,0,0,0,,,,,,,,,,,,,,,,,0,0,0,,,,,,,0,0,0,,,,,,,0,0,0,,,,,,,,,,,,,,,,,67194.0,san diego,San Diego,False,True,44.0,44.0
1031329,WAKELAND PARKSIDE TERRACE,515 13th St,San Diego,CA,92101.0,41740.0,Metropolitan Statistical Area,San Diego,6073.0,6073005102.0,50.0,32.710716,-117.152386,Active,1,0,0,77,2009-01-01,2064-01-01,2064-01-01,WAKELAND HOUSING & DEVELOPMENT CORP,,,,,,,,,,,43.0,29.0,5.0,,,,,,,,0,0,0,,,,,,,,,,,,,,,,,,,0,0,0,,,,,,,,,,,,,,,,,0,0,0,,,,,,,,,,,,,,,0,0,0,,,,,,,,,,,,,,,,,1,0,0,CAA2009620,Active,4% Tax Credit,2009-01-01,2064-01-01,76.0,New Construction,,,,,,,,,,0,0,0,,,,,,,,,,,,,,,,,0,0,0,,,,,,,,,,,,,,,,,0,0,0,,,,,,,,,,,,,,,,,0,0,0,,,,,,,,,,,,,,,,,0,0,0,,,,,,,,,,,,,,,,,0,0,0,,,,,,,0,0,0,,,,,,,0,0,0,,,,,,,,,,,,,,,,,67197.0,san diego,San Diego,False,False,76.0,
1031367,EL PEDREGAL,104 Averil Rd,San Ysidro,CA,92173.0,41740.0,Metropolitan Statistical Area,San Diego,6073.0,6073010013.0,52.0,32.55714,-117.054004,Active,2,0,0,45,2010-01-01,2046-12-01,2064-01-01,PGIM REAL ESTATE AGENCY FINANC,For Profit,CIRRUS ASSET MANAGEMENT INC,,800233819.0,89,2025-02-07,91c,2021-07-08,81c,2018-11-05,0.0,1.0,44.0,,Family,1680.0,,,,,0,0,0,,,,,,,,,,,,,,,,,,,0,0,0,,,,,,,,,,,,,,,,,0,0,0,,,,,,,,,,,,,,,1,0,0,12911056.0,Active,207/ 223(F) PUR/ REFIN HSG,2012-01-01,2046-12-01,45.0,2790916.0,,,,,,,,,,1,0,0,CAA2010085,Active,9% Tax Credit,2010-01-01,2064-01-01,44.0,New Construction,,,,,,,,,,0,0,0,,,,,,,,,,,,,,,,,0,0,0,,,,,,,,,,,,,,,,,0,0,0,,,,,,,,,,,,,,,,,0,0,0,,,,,,,,,,,,,,,,,0,0,0,,,,,,,,,,,,,,,,,0,0,0,,,,,,,0,0,0,,,,,,,0,0,0,,,,,,,,,,,,,,,,,67255.0,san ysidro,San Diego,False,False,45.0,
1031379,CEDAR CREEK APARTMENTS,8616 Fanita Dr,Santee,CA,92071.0,41740.0,Metropolitan Statistical Area,San Diego,6073.0,6073016619.0,48.0,32.831681,-117.001658,Active,1,0,0,48,2010-01-01,2065-01-01,2065-01-01,FANITA 48 LP,For Profit,,,,,,,,,,6.0,18.0,24.0,,Family,,,,,,0,0,0,,,,,,,,,,,,,,,,,,,0,0,0,,,,,,,,,,,,,,,,,0,0,0,,,,,,,,,,,,,,,0,0,0,,,,,,,,,,,,,,,,,1,0,0,CAA2010055,Active,TCEP,2010-01-01,2065-01-01,47.0,New Construction,,,,,,,,,,0,0,0,,,,,,,,,,,,,,,,,0,0,0,,,,,,,,,,,,,,,,,0,0,0,,,,,,,,,,,,,,,,,0,0,0,,,,,,,,,,,,,,,,,0,0,0,,,,,,,,,,,,,,,,,0,0,0,,,,,,,0,0,0,,,,,,,0,0,0,,,,,,,,,,,,,,,,,67275.0,santee,Santee,False,False,47.0,
1031391,BRIGHTON PLACE SPRING VALLEY,9009 Campo Rd,Spring Valley,CA,91977.0,41740.0,Metropolitan Statistical Area,San Diego,6073.0,6073013801.0,48.0,32.751449,-117.003317,Active,1,0,2,75,1993-11-24,2040-07-01,2040-07-01,TRUIST BANK,,,,800227352.0,76c,2017-10-25,76c,2017-10-25,72b,2016-10-07,,,,,Other,2124.0,,,,,0,0,0,,,,,,,,,,,,,,,,,,,0,0,0,,,,,,,,,,,,,,,,,0,0,0,,,,,,,,,,,,,,,1,0,1,12922048.0,Active,223(A)(7) REFIN / 223F NURSING/ICF/232,2015-08-01,2040-07-01,75.0,3723995.0,,,,,,,,,,0,0,0,,,,,,,,,,,,,,,,,0,0,0,,,,,,,,,,,,,,,,,0,0,0,,,,,,,,,,,,,,,,,0,0,0,,,,,,,,,,,,,,,,,0,0,0,,,,,,,,,,,,,,,,,0,0,0,,,,,,,,,,,,,,,,,0,0,0,,,,,,,0,0,0,,,,,,,0,0,0,,,,,,,,,,,,,,,,,67289.0,spring valley,Unincorporated San Diego County,False,False,75.0,
1031417,UNIVERSITY CANYON NORTH,2059 Via Las Cumbres,San Diego,CA,92111.0,41740.0,Metropolitan Statistical Area,San Diego,6073.0,6073009000.0,51.0,32.780958,-117.17826,Active,1,0,1,36,1985-03-01,,,San Diego Housing Commission,Public Entity,San Diego Housing Commission,Public Entity,,98,2022-04-05,94,2020-02-03,84,2018-03-07,9.0,27.0,0.0,79.0,,2140.0,1982-01-01,1982-01-01,81.0,97.0,0,0,0,,,,,,,,,,,,,,,,,,,0,0,0,,,,,,,,,,,,,,,,,0,0,0,,,,,,,,,,,,,,,0,0,0,,,,,,,,,,,,,,,,,0,0,0,,,,,,,,,,,,,,,,,0,0,0,,,,,,,,,,,,,,,,,0,0,0,,,,,,,,,,,,,,,,,0,0,0,,,,,,,,,,,,,,,,,1,0,0,CA063000007,Active,Public Housing,2007-09-30,,36.0,,CA063,,,,,,,,,0,0,0,,,,,,,,,,,,,,,,,0,0,0,,,,,,,0,0,0,,,,,,,0,0,0,,,,,,,,,,,,,,,,,78359.0,san diego,San Diego,False,False,36.0,
1031420,PARHAM HOUSE,800 Arcadia Ave,Vista,CA,92084.0,41740.0,Metropolitan Statistical Area,San Diego,6073.0,6073019205.0,49.0,33.22505,-117.23195,Active,1,0,0,6,2026-01-01,2053-12-31,2053-12-31,Susan Parham Housing Corporation,Non-Profit,TERI INC,Profit Motivated,800223855.0,100,2026-03-03,90a,2021-11-30,78a,2019-07-19,6.0,,,,Disabled,1940.0,,,,,1,0,0,CA33Q061001,Active,PRAC/811,,2026-01-01,2053-12-31,6.0,50.17,,,,,,,,,,,0,0,0,,,,,,,,,,,,,,,,,0,0,0,,,,,,,,,,,,,,,0,0,0,,,,,,,,,,,,,,,,,0,0,0,,,,,,,,,,,,,,,,,0,0,0,,,,,,,,,,,,,,,,,0,0,0,,,,,,,,,,,,,,,,,0,0,0,,,,,,,,,,,,,,,,,0,0,0,,,,,,,,,,,,,,,,,0,0,0,,,,,,,,,,,,,,,,,0,0,0,,,,,,,0,0,0,,,,,,,0,0,0,,,,,,,,,,,,,,,,,67350.0,vista,Vista,False,False,6.0,
1031447,PALOMAR APARTMENTS,171 E Palomar St,Chula Vista,CA,91911.0,41740.0,Metropolitan Statistical Area,San Diego,6073.0,6073013302.0,52.0,32.612991,-117.046932,Active,1,0,1,168,1973-03-01,2063-01-01,2063-01-01,VOLUNTEERS OF AMERICA NATIONAL SERVICES,Non-Profit,,,,,,,,,,16.0,104.0,48.0,,Family,1980.0,,,,,0,0,0,,,,,,,,,,,,,,,,,,,0,0,0,,,,,,,,,,,,,,,,,0,0,0,,,,,,,,,,,,,,,0,0,0,,,,,,,,,,,,,,,,,1,0,0,CAA2009615,Active,4% Tax Credit,2009-01-01,2063-01-01,167.0,Acquisition and Rehab,,,,,,,,,,0,0,0,,,,,,,,,,,,,,,,,0,0,0,,,,,,,,,,,,,,,,,0,0,0,,,,,,,,,,,,,,,,,0,0,0,,,,,,,,,,,,,,,,,0,0,0,,,,,,,,,,,,,,,,,0,0,0,,,,,,,0,0,0,,,,,,,0,0,0,,,,,,,,,,,,,,,,,82222.0,chula vista,Chula Vista,False,False,167.0,
1031625,TESORO GROVE APARTMENTS,1150 Tesoro Grove Way,San Diego,CA,92154.0,41740.0,Metropolitan Statistical Area,San Diego,6073.0,6073010112.0,52.0,32.574079,-117.081252,Active,1,0,1,106,2003-01-01,2057-01-01,2057-01-01,AFFIRMED HOUSING GROUP,For Profit,,,,,,,,,,32.0,37.0,37.0,,Family,2060.0,,,,,0,0,0,,,,,,,,,,,,,,,,,,,0,0,0,,,,,,,,,,,,,,,,,0,0,0,,,,,,,,,,,,,,,0,0,0,,,,,,,,,,,,,,,,,1,0,0,CAA2003545,Active,9% Tax Credit,2003-01-01,2057-01-01,104.0,New Construction,,,,,,,,,,0,0,0,,,,,,,,,,,,,,,,,0,0,0,,,,,,,,,,,,,,,,,0,0,0,,,,,,,,,,,,,,,,,0,0,0,,,,,,,,,,,,,,,,,0,0,0,,,,,,,,,,,,,,,,,0,0,0,,,,,,,0,0,0,,,,,,,0,0,0,,,,,,,,,,,,,,,,,86845.0,san diego,San Diego,False,False,104.0,
1031633,DOWNSTOWN SAN MARCOS,2248 TIERRA VERDE,San Marcos,CA,92069.0,41740.0,Metropolitan Statistical Area,San Diego,6073.0,6073020041.0,50.0,33.15061,-117.15704,Active,1,0,0,12,2025-02-01,2037-01-31,2037-01-31,HSV INC,Non-Profit,DOWNTOWN SAN MARCOS FND,Profit Motivated,800001424.0,82c,2023-05-17,88b,2021-07-20,92a,2016-11-23,6.0,6.0,,100.0,Disabled,,1995-01-01,1995-01-01,186.0,123.0,1,0,0,CA33Q931002,Active,PRAC/811,,2025-02-01,2037-01-31,12.0,28.14,,,,,,,,,,,0,0,0,,,,,,,,,,,,,,,,,0,0,0,,,,,,,,,,,,,,,0,0,0,,,,,,,,,,,,,,,,,0,0,0,,,,,,,,,,,,,,,,,0,0,0,,,,,,,,,,,,,,,,,0,0,0,,,,,,,,,,,,,,,,,0,0,0,,,,,,,,,,,,,,,,,0,0,0,,,,,,,,,,,,,,,,,0,0,0,,,,,,,,,,,,,,,,,0,0,0,,,,,,,0,0,0,,,,,,,0,0,0,,,,,,,,,,,,,,,,,86862.0,san marcos,San Marcos,False,False,12.0,
1031647,VERBENA FAMILY APARTMENTS,3774 Beyer Blvd,San Ysidro,CA,92173.0,41740.0,Metropolitan Statistical Area,San Diego,6073.0,6073010005.0,52.0,32.561302,-117.052277,Active,1,0,0,80,2011-01-01,2065-01-01,2065-01-01,CIC VERBENA LLC,For Profit,,,,,,,,,,0.0,27.0,53.0,,Family,1680.0,,,,,0,0,0,,,,,,,,,,,,,,,,,,,0,0,0,,,,,,,,,,,,,,,,,0,0,0,,,,,,,,,,,,,,,0,0,0,,,,,,,,,,,,,,,,,1,0,0,CAA2011525,Active,9% Tax Credit,2011-01-01,2065-01-01,79.0,New Construction,,,,,,,,,,0,0,0,,,,,,,,,,,,,,,,,0,0,0,,,,,,,,,,,,,,,,,0,0,0,,,,,,,,,,,,,,,,,0,0,0,,,,,,,,,,,,,,,,,0,0,0,,,,,,,,,,,,,,,,,0,0,0,,,,,,,0,0,0,,,,,,,0,0,0,,,,,,,,,,,,,,,,,91378.0,san ysidro,San Diego,False,False,79.0,
1031649,RIVERWALK APARTMENTS SAN DIEGO,1194 Hollister St,San Diego,CA,92154.0,41740.0,Metropolitan Statistical Area,San Diego,6073.0,6073010110.0,52.0,32.574907,-117.085187,Active,1,0,0,50,2011-01-01,2065-01-01,2065-01-01,AFFIRMED HOUSING GROUP,For Profit,,,,,,,,,,19.0,10.0,21.0,,Family,2060.0,,,,,0,0,0,,,,,,,,,,,,,,,,,,,0,0,0,,,,,,,,,,,,,,,,,0,0,0,,,,,,,,,,,,,,,0,0,0,,,,,,,,,,,,,,,,,1,0,0,CAA2011390,Active,TCEP,2011-01-01,2065-01-01,49.0,New Construction,,,,,,,,,,0,0,0,,,,,,,,,,,,,,,,,0,0,0,,,,,,,,,,,,,,,,,0,0,0,,,,,,,,,,,,,,,,,0,0,0,,,,,,,,,,,,,,,,,0,0,0,,,,,,,,,,,,,,,,,0,0,0,,,,,,,0,0,0,,,,,,,0,0,0,,,,,,,,,,,,,,,,,91379.0,san diego,San Diego,False,False,49.0,
1031653,ORANGE VILLAS,450 Orange Ave,Coronado,CA,92118.0,41740.0,Metropolitan Statistical Area,San Diego,6073.0,6073011100.0,50.0,32.693778,-117.175764,Active,1,0,0,18,2011-01-01,2067-01-01,2067-01-01,CORONADO INTERFAITH HOUSING CORP,For Profit,,,,,,,,,,6.0,12.0,0.0,,Family,3190.0,,,,,0,0,0,,,,,,,,,,,,,,,,,,,0,0,0,,,,,,,,,,,,,,,,,0,0,0,,,,,,,,,,,,,,,0,0,0,,,,,,,,,,,,,,,,,1,0,0,CAA2011330,Active,TCEP,2011-01-01,2067-01-01,18.0,New Construction,,,,,,,,,,0,0,0,,,,,,,,,,,,,,,,,0,0,0,,,,,,,,,,,,,,,,,0,0,0,,,,,,,,,,,,,,,,,0,0,0,,,,,,,,,,,,,,,,,0,0,0,,,,,,,,,,,,,,,,,0,0,0,,,,,,,0,0,0,,,,,,,0,0,0,,,,,,,,,,,,,,,,,91388.0,coronado,Coronado,False,False,18.0,
1031655,ARBOR VILLAGE APARTMENTS,4914 Logan Ave,San Diego,CA,92113.0,41740.0,Metropolitan Statistical Area,San Diego,6073.0,6073003305.0,52.0,32.6973,-117.088252,Active,1,0,0,112,2010-01-01,2066-01-01,2066-01-01,LINC HOUSING CORP,Non-Profit,,,,,,,,,,36.0,25.0,51.0,,Family,1620.0,,,,,0,0,0,,,,,,,,,,,,,,,,,,,0,0,0,,,,,,,,,,,,,,,,,0,0,0,,,,,,,,,,,,,,,0,0,0,,,,,,,,,,,,,,,,,1,0,0,CAA2010028,Active,TCEP,2010-01-01,2066-01-01,111.0,Acquisition and Rehab,,,,,,,,,,0,0,0,,,,,,,,,,,,,,,,,0,0,0,,,,,,,,,,,,,,,,,0,0,0,,,,,,,,,,,,,,,,,0,0,0,,,,,,,,,,,,,,,,,0,0,0,,,,,,,,,,,,,,,,,0,0,0,,,,,,,0,0,0,,,,,,,0,0,0,,,,,,,,,,,,,,,,,91390.0,san diego,San Diego,False,False,111.0,
1031659,JUNIPER SENIOR VILLAGE,215 W Washington Ave,Escondido,CA,92025.0,41740.0,Metropolitan Statistical Area,San Diego,6073.0,6073020214.0,48.0,33.125795,-117.085868,Active,2,0,0,61,2010-01-01,2031-06-02,2065-01-01,NATIONAL COMMUNITY RENAISSANCE,Non-Profit,,,,,,,,,,60.0,1.0,0.0,,Elderly or Disabled,1830.0,,,,,0,0,0,,,,,,,,,,,,,,,,,,,0,0,0,,,,,,,,,,,,,,,,,0,0,0,,,,,,,,,,,,,,,0,0,0,,,,,,,,,,,,,,,,,1,0,0,CAA2010122,Active,9% Tax Credit,2010-01-01,2065-01-01,60.0,New Construction,,,,,,,,,,0,0,0,,,,,,,,,,,,,,,,,0,0,0,,,,,,,,,,,,,,,,,1,0,0,3326900986.0,Active,HOME,2011-06-02,2031-06-02,60.0,Acquisition and New Construction,,,,,,,,,,0,0,0,,,,,,,,,,,,,,,,,0,0,0,,,,,,,,,,,,,,,,,0,0,0,,,,,,,0,0,0,,,,,,,0,0,0,,,,,,,,,,,,,,,,,91414.0,escondido,Escondido,False,True,60.0,60.0
1031661,AUTUMN TERRACE,251 Autumn Dr,San Marcos,CA,92069.0,41740.0,Metropolitan Statistical Area,San Diego,6073.0,6073020028.0,50.0,33.142799,-117.168335,Active,1,0,0,103,2010-01-01,2064-01-01,2064-01-01,COMMUNITY COLLECTIVE LLC,For Profit,,,,,,,,,,30.0,25.0,48.0,,Family,1880.0,,,,,0,0,0,,,,,,,,,,,,,,,,,,,0,0,0,,,,,,,,,,,,,,,,,0,0,0,,,,,,,,,,,,,,,0,0,0,,,,,,,,,,,,,,,,,1,0,0,CAA2010037,Active,9% Tax Credit,2010-01-01,2064-01-01,100.0,Both New Construction and Acquisition and Rehab,,,,,,,,,,0,0,0,,,,,,,,,,,,,,,,,0,0,0,,,,,,,,,,,,,,,,,0,0,0,,,,,,,,,,,,,,,,,0,0,0,,,,,,,,,,,,,,,,,0,0,0,,,,,,,,,,,,,,,,,0,0,0,,,,,,,0,0,0,,,,,,,0,0,0,,,,,,,,,,,,,,,,,91415.0,san marcos,San Marcos,False,False,100.0,
1031668,TERRAMAR APARTMENTS,13481 Silver Ivy Ln,San Diego,CA,92129.0,41740.0,Metropolitan Statistical Area,San Diego,6073.0,6073008368.0,50.0,32.964201,-117.148046,Active,1,0,0,20,2012-01-01,2066-01-01,2066-01-01,TERRAMAR CIC LP,For Profit,,,,,,,,,,4.0,10.0,7.0,,Family,,,,,,0,0,0,,,,,,,,,,,,,,,,,,,0,0,0,,,,,,,,,,,,,,,,,0,0,0,,,,,,,,,,,,,,,0,0,0,,,,,,,,,,,,,,,,,1,0,0,CAA2012160,Active,4% Tax Credit,2012-01-01,2066-01-01,20.0,New Construction,,,,,,,,,,0,0,0,,,,,,,,,,,,,,,,,0,0,0,,,,,,,,,,,,,,,,,0,0,0,,,,,,,,,,,,,,,,,0,0,0,,,,,,,,,,,,,,,,,0,0,0,,,,,,,,,,,,,,,,,0,0,0,,,,,,,0,0,0,,,,,,,0,0,0,,,,,,,,,,,,,,,,,93882.0,san diego,San Diego,False,False,20.0,
1031670,15TH & COMMERCIAL,1501 Imperial Ave,San Diego,CA,92101.0,41740.0,Metropolitan Statistical Area,San Diego,6073.0,6073005103.0,50.0,32.70596,-117.149905,Active,1,0,0,139,2011-01-01,2067-01-01,2067-01-01,S V D P MGMT INC,For Profit,,,,,,,,,,140.0,0.0,0.0,,,,,,,,0,0,0,,,,,,,,,,,,,,,,,,,0,0,0,,,,,,,,,,,,,,,,,0,0,0,,,,,,,,,,,,,,,0,0,0,,,,,,,,,,,,,,,,,1,0,0,CAA2011003,Active,TCEP,2011-01-01,2067-01-01,139.0,New Construction,,,,,,,,,,0,0,0,,,,,,,,,,,,,,,,,0,0,0,,,,,,,,,,,,,,,,,0,0,0,,,,,,,,,,,,,,,,,0,0,0,,,,,,,,,,,,,,,,,0,0,0,,,,,,,,,,,,,,,,,0,0,0,,,,,,,0,0,0,,,,,,,0,0,0,,,,,,,,,,,,,,,,,93883.0,san diego,San Diego,False,False,139.0,
1031672,ESTRELLA DEL MERCADO,1985 National Ave,San Diego,CA,92113.0,41740.0,Metropolitan Statistical Area,San Diego,6073.0,6073005000.0,52.0,32.699893,-117.144886,Active,1,0,0,91,2012-01-01,2066-01-01,2066-01-01,MERCADO CIC LP,Non-Profit,,,,,,,,,,19.0,40.0,33.0,,Family,1620.0,,,,,0,0,0,,,,,,,,,,,,,,,,,,,0,0,0,,,,,,,,,,,,,,,,,0,0,0,,,,,,,,,,,,,,,0,0,0,,,,,,,,,,,,,,,,,1,0,0,CAA2012065,Active,9% Tax Credit,2012-01-01,2066-01-01,91.0,New Construction,,,,,,,,,,0,0,0,,,,,,,,,,,,,,,,,0,0,0,,,,,,,,,,,,,,,,,0,0,0,,,,,,,,,,,,,,,,,0,0,0,,,,,,,,,,,,,,,,,0,0,0,,,,,,,,,,,,,,,,,0,0,0,,,,,,,0,0,0,,,,,,,0,0,0,,,,,,,,,,,,,,,,,93884.0,san diego,San Diego,False,False,91.0,
1031696,THE CROSSINGS AT ESCONDIDO,752 Mission Grove Pl,Escondido,CA,92025.0,41740.0,Metropolitan Statistical Area,San Diego,6073.0,6073020202.0,50.0,33.13396,-117.07223,Active,1,0,0,55,2011-01-01,2066-01-01,2066-01-01,URBAN HOUSING COMMUNITIES LLC,For Profit,,,,,,,,,,0.0,38.0,17.0,,Family,1830.0,,,,,0,0,0,,,,,,,,,,,,,,,,,,,0,0,0,,,,,,,,,,,,,,,,,0,0,0,,,,,,,,,,,,,,,0,0,0,,,,,,,,,,,,,,,,,1,0,0,CAA2011470,Active,TCEP,2011-01-01,2066-01-01,54.0,New Construction,,,,,,,,,,0,0,0,,,,,,,,,,,,,,,,,0,0,0,,,,,,,,,,,,,,,,,0,0,0,,,,,,,,,,,,,,,,,0,0,0,,,,,,,,,,,,,,,,,0,0,0,,,,,,,,,,,,,,,,,0,0,0,,,,,,,0,0,0,,,,,,,0,0,0,,,,,,,,,,,,,,,,,95336.0,escondido,Escondido,False,False,54.0,
1031891,CARLSBAD FAMILY HOUSING PROJECT,6480 El Camino Real,Carlsbad,CA,92009.0,41740.0,Metropolitan Statistical Area,San Diego,6073.0,6073020030.0,49.0,33.113591,-117.270813,Active,1,0,0,56,2007-12-14,2027-12-14,2027-12-14,CARLSBAD FAMILY HOUSING PARTNERS,,,,,,,,,,,,,,,,,,,,,0,0,0,,,,,,,,,,,,,,,,,,,0,0,0,,,,,,,,,,,,,,,,,0,0,0,,,,,,,,,,,,,,,0,0,0,,,,,,,,,,,,,,,,,0,0,0,,,,,,,,,,,,,,,,,0,0,0,,,,,,,,,,,,,,,,,0,0,0,,,,,,,,,,,,,,,,,1,0,0,3377901719.0,Active,HOME,2007-12-14,2027-12-14,2.0,New Construction Only,,,,,,,,,,0,0,0,,,,,,,,,,,,,,,,,0,0,0,,,,,,,,,,,,,,,,,0,0,0,,,,,,,0,0,0,,,,,,,0,0,0,,,,,,,,,,,,,,,,,98155.0,carlsbad,Carlsbad,False,True,2.0,2.0
1031896,TRENTON AVE APARTMENTS,1194 Trenton Ave,Chula Vista,CA,91911.0,41740.0,Metropolitan Statistical Area,San Diego,6073.0,6073013103.0,52.0,32.604366,-117.087219,Active,1,0,0,7,2013-04-10,2028-04-10,2028-04-10,SOUTH BAY COMMUNITY SERVICES,,,,,,,,,,,,,,,,1980.0,,,,,0,0,0,,,,,,,,,,,,,,,,,,,0,0,0,,,,,,,,,,,,,,,,,0,0,0,,,,,,,,,,,,,,,0,0,0,,,,,,,,,,,,,,,,,0,0,0,,,,,,,,,,,,,,,,,0,0,0,,,,,,,,,,,,,,,,,0,0,0,,,,,,,,,,,,,,,,,1,0,0,3377902309.0,Active,HOME,2013-04-10,2028-04-10,4.0,Acquisition and Rehabilitation,,,,,,,,,,0,0,0,,,,,,,,,,,,,,,,,0,0,0,,,,,,,,,,,,,,,,,0,0,0,,,,,,,0,0,0,,,,,,,0,0,0,,,,,,,,,,,,,,,,,98162.0,chula vista,Chula Vista,False,True,4.0,4.0
1031898,ARR-1547 BROADWAY UNIT 37,1547 Broadway,Chula Vista,CA,91911.0,41740.0,Metropolitan Statistical Area,San Diego,6073.0,6073013206.0,52.0,32.599358,-117.076038,Active,1,0,0,1,2015-09-17,2030-09-17,2030-09-17,CITY OF CHULA VISTA,,,,,,,,,,,,,,,,1980.0,,,,,0,0,0,,,,,,,,,,,,,,,,,,,0,0,0,,,,,,,,,,,,,,,,,0,0,0,,,,,,,,,,,,,,,0,0,0,,,,,,,,,,,,,,,,,0,0,0,,,,,,,,,,,,,,,,,0,0,0,,,,,,,,,,,,,,,,,0,0,0,,,,,,,,,,,,,,,,,1,0,0,3311600992.0,Active,HOME,2015-09-17,2030-09-17,1.0,Acquisition and Rehabilitation,,,,,,,,,,0,0,0,,,,,,,,,,,,,,,,,0,0,0,,,,,,,,,,,,,,,,,0,0,0,,,,,,,0,0,0,,,,,,,0,0,0,,,,,,,,,,,,,,,,,98164.0,chula vista,Chula Vista,False,True,1.0,1.0
1031900,THE LANDINGS II,1768 Java Way,Chula Vista,CA,91915.0,41740.0,Metropolitan Statistical Area,San Diego,6073.0,6073013321.0,52.0,32.618815,-116.95957,Active,2,0,0,143,2011-01-01,2031-10-24,2065-01-01,LANDINGS II LP,For Profit,,,,,,,,,,0.0,143.0,0.0,,Family,,,,,,0,0,0,,,,,,,,,,,,,,,,,,,0,0,0,,,,,,,,,,,,,,,,,0,0,0,,,,,,,,,,,,,,,0,0,0,,,,,,,,,,,,,,,,,1,0,0,CAA2011235,Active,4% Tax Credit,2011-01-01,2065-01-01,141.0,New Construction,,,,,,,,,,0,0,0,,,,,,,,,,,,,,,,,0,0,0,,,,,,,,,,,,,,,,,1,0,0,3311600812.0,Active,HOME,2011-10-24,2031-10-24,11.0,New Construction Only,,,,,,,,,,0,0,0,,,,,,,,,,,,,,,,,0,0,0,,,,,,,,,,,,,,,,,0,0,0,,,,,,,0,0,0,,,,,,,0,0,0,,,,,,,,,,,,,,,,,98166.0,chula vista,Chula Vista,False,False,141.0,
1031901,ARR-2232 HUNTINGTON UNIT 54,2232 Huntington Point Rd,Chula Vista,CA,91914.0,41740.0,Metropolitan Statistical Area,San Diego,6073.0,6073013424.0,52.0,32.657021,-116.97039,Active,1,0,0,1,2015-09-01,2030-09-01,2030-09-01,CITY OF CHULA VISTA,,,,,,,,,,,,,,,,,,,,,0,0,0,,,,,,,,,,,,,,,,,,,0,0,0,,,,,,,,,,,,,,,,,0,0,0,,,,,,,,,,,,,,,0,0,0,,,,,,,,,,,,,,,,,0,0,0,,,,,,,,,,,,,,,,,0,0,0,,,,,,,,,,,,,,,,,0,0,0,,,,,,,,,,,,,,,,,1,0,0,3311600990.0,Active,HOME,2015-09-01,2030-09-01,1.0,Acquisition and Rehabilitation,,,,,,,,,,0,0,0,,,,,,,,,,,,,,,,,0,0,0,,,,,,,,,,,,,,,,,0,0,0,,,,,,,0,0,0,,,,,,,0,0,0,,,,,,,,,,,,,,,,,98167.0,chula vista,Chula Vista,False,True,1.0,1.0
1031903,ARR-532 ANITA UNIT 101,532 Anita St,Chula Vista,CA,91911.0,41740.0,Metropolitan Statistical Area,San Diego,6073.0,6073013206.0,52.0,32.598858,-117.076139,Active,1,0,0,1,2015-09-17,2030-09-17,2030-09-17,CITY OF CHULA VISTA,,,,,,,,,,,,,,,,1980.0,,,,,0,0,0,,,,,,,,,,,,,,,,,,,0,0,0,,,,,,,,,,,,,,,,,0,0,0,,,,,,,,,,,,,,,0,0,0,,,,,,,,,,,,,,,,,0,0,0,,,,,,,,,,,,,,,,,0,0,0,,,,,,,,,,,,,,,,,0,0,0,,,,,,,,,,,,,,,,,1,0,0,3311600928.0,Active,HOME,2015-09-17,2030-09-17,1.0,Acquisition and Rehabilitation,,,,,,,,,,0,0,0,,,,,,,,,,,,,,,,,0,0,0,,,,,,,,,,,,,,,,,0,0,0,,,,,,,0,0,0,,,,,,,0,0,0,,,,,,,,,,,,,,,,,98169.0,chula vista,Chula Vista,False,True,1.0,1.0
1031904,ARR-621 D UNIT 109,621 D St,Chula Vista,CA,91910.0,41740.0,Metropolitan Statistical Area,San Diego,6073.0,6073012502.0,52.0,32.644755,-117.095936,Active,1,0,0,1,2015-09-17,2030-09-17,2030-09-17,CITY OF CHULA VISTA,,,,,,,,,,,,,,,,1990.0,,,,,0,0,0,,,,,,,,,,,,,,,,,,,0,0,0,,,,,,,,,,,,,,,,,0,0,0,,,,,,,,,,,,,,,0,0,0,,,,,,,,,,,,,,,,,0,0,0,,,,,,,,,,,,,,,,,0,0,0,,,,,,,,,,,,,,,,,0,0,0,,,,,,,,,,,,,,,,,1,0,0,3311600991.0,Active,HOME,2015-09-17,2030-09-17,1.0,Acquisition and Rehabilitation,,,,,,,,,,0,0,0,,,,,,,,,,,,,,,,,0,0,0,,,,,,,,,,,,,,,,,0,0,0,,,,,,,0,0,0,,,,,,,0,0,0,,,,,,,,,,,,,,,,,98170.0,chula vista,Chula Vista,False,True,1.0,1.0
1031905,MAAC,825 Broadway,Chula Vista,CA,91911.0,41740.0,Metropolitan Statistical Area,San Diego,6073.0,6073013000.0,52.0,32.62027,-117.08518,Active,1,0,0,41,2007-12-30,2027-12-30,2027-12-30,MAAC PROJECT,,,,,,,,,,,,,,,,1990.0,,,,,0,0,0,,,,,,,,,,,,,,,,,,,0,0,0,,,,,,,,,,,,,,,,,0,0,0,,,,,,,,,,,,,,,0,0,0,,,,,,,,,,,,,,,,,0,0,0,,,,,,,,,,,,,,,,,0,0,0,,,,,,,,,,,,,,,,,0,0,0,,,,,,,,,,,,,,,,,1,0,0,3311600498.0,Active,HOME,2007-12-30,2027-12-30,41.0,New Construction Only,,,,,,,,,,0,0,0,,,,,,,,,,,,,,,,,0,0,0,,,,,,,,,,,,,,,,,0,0,0,,,,,,,0,0,0,,,,,,,0,0,0,,,,,,,,,,,,,,,,,98171.0,chula vista,Chula Vista,False,True,41.0,41.0
1031930,SILVER SAGE,9757 Marilla Dr,Lakeside,CA,92040.0,41740.0,Metropolitan Statistical Area,San Diego,6073.0,6073016706.0,48.0,32.854339,-116.939838,Active,2,0,0,80,2010-01-01,2031-03-18,2065-01-01,SILVER SAGE CIC LP,For Profit,,,,,,,,,,0.0,20.0,60.0,,Family,,,,,,0,0,0,,,,,,,,,,,,,,,,,,,0,0,0,,,,,,,,,,,,,,,,,0,0,0,,,,,,,,,,,,,,,0,0,0,,,,,,,,,,,,,,,,,1,0,0,CAA2010255,Active,4% Tax Credit,2010-01-01,2065-01-01,79.0,New Construction,,,,,,,,,,0,0,0,,,,,,,,,,,,,,,,,0,0,0,,,,,,,,,,,,,,,,,1,0,0,3377902084.0,Active,HOME,2011-03-18,2031-03-18,28.0,Acquisition and New Construction,,,,,,,,,,0,0,0,,,,,,,,,,,,,,,,,0,0,0,,,,,,,,,,,,,,,,,0,0,0,,,,,,,0,0,0,,,,,,,0,0,0,,,,,,,,,,,,,,,,,98397.0,lakeside,Unincorporated San Diego County,False,True,79.0,28.0
1031932,VILLA LAKESHORE APARTMENTS,12606 Lakeshore Dr,Lakeside,CA,92040.0,41740.0,Metropolitan Statistical Area,San Diego,6073.0,6073016804.0,48.0,32.860673,-116.919196,Active,2,0,1,34,1998-08-31,2076-01-01,2076-01-01,,Non-Profit,,,,,,,,,,0.0,30.0,4.0,,,1860.0,1980-01-01,2001-01-01,,,0,0,0,,,,,,,,,,,,,,,,,,,0,0,0,,,,,,,,,,,,,,,,,0,0,0,,,,,,,,,,,,,,,0,0,0,,,,,,,,,,,,,,,,,1,0,0,CAA20213002,Active,4% Tax Credit,2021-01-01,2076-01-01,33.0,Acquisition and Rehab,,,,,,,,,,0,0,0,,,,,,,,,,,,,,,,,0,0,0,,,,,,,,,,,,,,,,,0,0,0,,,,,,,,,,,,,,,,,0,0,0,,,,,,,,,,,,,,,,,0,0,0,,,,,,,,,,,,,,,,,0,0,0,,,,,,,1,0,0,Active,Mod Rehab,27.0,,,,0,0,0,,,,,,,,,,,,,,,,,98398.0,lakeside,Unincorporated San Diego County,False,False,33.0,
1031977,CHW EL NORTE APARTMENTS,141 E El Norte Pkwy,Escondido,CA,92026.0,41740.0,Metropolitan Statistical Area,San Diego,6073.0,6073020108.0,48.0,33.139482,-117.088513,Active,1,0,0,36,2013-06-27,2033-06-27,2033-06-27,COMMUNITY HOUSING WORKS,,,,,,,,,,,,,,,,1990.0,,,,,0,0,0,,,,,,,,,,,,,,,,,,,0,0,0,,,,,,,,,,,,,,,,,0,0,0,,,,,,,,,,,,,,,0,0,0,,,,,,,,,,,,,,,,,0,0,0,,,,,,,,,,,,,,,,,0,0,0,,,,,,,,,,,,,,,,,0,0,0,,,,,,,,,,,,,,,,,1,0,0,3326901352.0,Active,HOME,2013-06-27,2033-06-27,36.0,Acquisition and New Construction,,,,,,,,,,0,0,0,,,,,,,,,,,,,,,,,0,0,0,,,,,,,,,,,,,,,,,0,0,0,,,,,,,0,0,0,,,,,,,0,0,0,,,,,,,,,,,,,,,,,98229.0,escondido,Escondido,False,False,36.0,
1031985,SERENITY VILLAGE,621 E 2nd Ave,Escondido,CA,92025.0,41740.0,Metropolitan Statistical Area,San Diego,6073.0,6073020602.0,50.0,33.12352,-117.07349,Active,1,0,0,8,2009-07-14,2029-07-14,2029-07-14,NORTH COUNTY SERENITY HOUSE,,,,,,,,,,,,,,,,1830.0,,,,,0,0,0,,,,,,,,,,,,,,,,,,,0,0,0,,,,,,,,,,,,,,,,,0,0,0,,,,,,,,,,,,,,,0,0,0,,,,,,,,,,,,,,,,,0,0,0,,,,,,,,,,,,,,,,,0,0,0,,,,,,,,,,,,,,,,,0,0,0,,,,,,,,,,,,,,,,,1,0,0,3377901377.0,Active,HOME,2009-07-14,2029-07-14,4.0,New Construction Only,,,,,,,,,,0,0,0,,,,,,,,,,,,,,,,,0,0,0,,,,,,,,,,,,,,,,,0,0,0,,,,,,,0,0,0,,,,,,,0,0,0,,,,,,,,,,,,,,,,,98233.0,escondido,Escondido,False,True,4.0,4.0
1032057,SPRINGBROOK GROVE,435 Alturas Rd,Fallbrook,CA,92028.0,41740.0,Metropolitan Statistical Area,San Diego,6073.0,6073018904.0,48.0,33.378567,-117.258794,Active,2,0,0,44,2010-01-01,2031-06-30,2065-01-01,SPRINGBROOK GROVE (A CALIFORNIA),Non-Profit,,,,,,,,,,0.0,26.0,18.0,,,1660.0,,,,,0,0,0,,,,,,,,,,,,,,,,,,,0,0,0,,,,,,,,,,,,,,,,,0,0,0,,,,,,,,,,,,,,,0,0,0,,,,,,,,,,,,,,,,,1,0,0,CAA2010806,Active,4% Tax Credit,2010-01-01,2065-01-01,43.0,New Construction,,,,,,,,,,0,0,0,,,,,,,,,,,,,,,,,0,0,0,,,,,,,,,,,,,,,,,1,0,0,3377901750.0,Active,HOME,2011-06-30,2031-06-30,16.0,New Construction Only,,,,,,,,,,0,0,0,,,,,,,,,,,,,,,,,0,0,0,,,,,,,,,,,,,,,,,0,0,0,,,,,,,0,0,0,,,,,,,0,0,0,,,,,,,,,,,,,,,,,98259.0,fallbrook,Unincorporated San Diego County,False,True,43.0,16.0
1032347,ACQUISITION REHABILITATION OF 8 UNITS- 138 NORTON AVENUE,138 Norton Ave,National City,CA,91950.0,41740.0,Metropolitan Statistical Area,San Diego,6073.0,6073011802.0,52.0,32.685183,-117.094777,Active,1,0,0,8,2013-09-25,2028-09-25,2028-09-25,T&T COMMUNITY PROPERTIES LLC,,,,,,,,,,,,,,,,1660.0,,,,,0,0,0,,,,,,,,,,,,,,,,,,,0,0,0,,,,,,,,,,,,,,,,,0,0,0,,,,,,,,,,,,,,,0,0,0,,,,,,,,,,,,,,,,,0,0,0,,,,,,,,,,,,,,,,,0,0,0,,,,,,,,,,,,,,,,,0,0,0,,,,,,,,,,,,,,,,,1,0,0,3360900657.0,Active,HOME,2013-09-25,2028-09-25,8.0,Acquisition and Rehabilitation,,,,,,,,,,0,0,0,,,,,,,,,,,,,,,,,0,0,0,,,,,,,,,,,,,,,,,0,0,0,,,,,,,0,0,0,,,,,,,0,0,0,,,,,,,,,,,,,,,,,98697.0,national city,National City,False,True,8.0,8.0
1032349,CASA QUINTA 10 UNITS AQ/ REHAB BY CHDO- CASA FAMILIAR INC 304 EAST 5TH ST,304 E 5th St,National City,CA,91950.0,41740.0,Metropolitan Statistical Area,San Diego,6073.0,6073011801.0,52.0,32.679147,-117.104452,Active,1,0,0,10,2012-03-21,2027-03-21,2027-03-21,CASA FAMILIAR INC,,,,,,,,,,,,,,,,1660.0,,,,,0,0,0,,,,,,,,,,,,,,,,,,,0,0,0,,,,,,,,,,,,,,,,,0,0,0,,,,,,,,,,,,,,,0,0,0,,,,,,,,,,,,,,,,,0,0,0,,,,,,,,,,,,,,,,,0,0,0,,,,,,,,,,,,,,,,,0,0,0,,,,,,,,,,,,,,,,,1,0,0,3360900570.0,Active,HOME,2012-03-21,2027-03-21,6.0,Acquisition and Rehabilitation,,,,,,,,,,0,0,0,,,,,,,,,,,,,,,,,0,0,0,,,,,,,,,,,,,,,,,0,0,0,,,,,,,0,0,0,,,,,,,0,0,0,,,,,,,,,,,,,,,,,98699.0,national city,National City,False,True,6.0,6.0
1032403,LA MISION AFFORDABLE HOUSING,3210 Mission Ave,Oceanside,CA,92058.0,41740.0,Metropolitan Statistical Area,San Diego,6073.0,6073018616.0,49.0,33.21426,-117.34713,Active,1,0,0,82,2008-09-22,2028-09-22,2028-09-22,CITY OF OCEANSIDE,,,,,,,,,,,,,,,,,,,,,0,0,0,,,,,,,,,,,,,,,,,,,0,0,0,,,,,,,,,,,,,,,,,0,0,0,,,,,,,,,,,,,,,0,0,0,,,,,,,,,,,,,,,,,0,0,0,,,,,,,,,,,,,,,,,0,0,0,,,,,,,,,,,,,,,,,0,0,0,,,,,,,,,,,,,,,,,1,0,0,3371100739.0,Active,HOME,2008-09-22,2028-09-22,10.0,Acquisition and New Construction,,,,,,,,,,0,0,0,,,,,,,,,,,,,,,,,0,0,0,,,,,,,,,,,,,,,,,0,0,0,,,,,,,0,0,0,,,,,,,0,0,0,,,,,,,,,,,,,,,,,98728.0,oceanside,Oceanside,False,True,10.0,10.0
1032407,INTERFAITH COMMUNITY SERVICES ACQ/REHAB 1,345 Garfield St,Oceanside,CA,92054.0,41740.0,Metropolitan Statistical Area,San Diego,6073.0,6073018202.0,49.0,33.196328,-117.369127,Active,1,0,1,4,2011-06-29,2026-09-08,2026-09-08,INTERFAITH COMMUNITY SERVICES,,,,,,,,,,,,,,,,,,,,,0,0,0,,,,,,,,,,,,,,,,,,,0,0,0,,,,,,,,,,,,,,,,,0,0,0,,,,,,,,,,,,,,,0,0,0,,,,,,,,,,,,,,,,,0,0,0,,,,,,,,,,,,,,,,,0,0,0,,,,,,,,,,,,,,,,,0,0,0,,,,,,,,,,,,,,,,,1,0,1,3371101086.0,Active,HOME,2011-09-08,2026-09-08,3.0,Acquisition and Rehabilitation,,,,,,,,,,0,0,0,,,,,,,,,,,,,,,,,0,0,0,,,,,,,,,,,,,,,,,0,0,0,,,,,,,0,0,0,,,,,,,0,0,0,,,,,,,,,,,,,,,,,98730.0,oceanside,Oceanside,False,False,3.0,
1032409,LIL JACKSON SENIOR COMMUNITY,3512 Lake Blvd,Oceanside,CA,92056.0,41740.0,Metropolitan Statistical Area,San Diego,6073.0,6073019805.0,49.0,33.179498,-117.29193,Active,3,0,0,80,2012-01-05,2032-01-05,2051-09-30,LIL JACKSON SENIOR COMMUNITY,Non-Profit,SOUTHERN CALIFORNIA PRESBYTERIAN HOMES,Non-Profit,800222793.0,97,2025-07-21,96b,2021-06-16,96a,2016-08-04,79.0,0.0,0.0,91.0,Elderly,2360.0,2009-01-01,2009-01-01,100.0,104.0,1,0,0,CA33S051001,Active,PRAC/202,,2023-10-01,2051-09-30,79.0,48.59,,,,,,,,,,,0,0,0,,,,,,,,,,,,,,,,,0,0,0,,,,,,,,,,,,,,,0,0,0,,,,,,,,,,,,,,,,,0,0,0,,,,,,,,,,,,,,,,,0,0,0,,,,,,,,,,,,,,,,,0,0,0,,,,,,,,,,,,,,,,,2,0,0,3371100535.0,Active,HOME,2012-01-05,2032-01-05,2.0,Acquisition and New Construction,,3371100949.0,Active,HOME,2012-01-30,2032-01-30,10.0,Acquisition and New Construction,,0,0,0,,,,,,,,,,,,,,,,,0,0,0,,,,,,,,,,,,,,,,,0,0,0,,,,,,,0,0,0,,,,,,,0,0,0,,,,,,,,,,,,,,,,,98731.0,oceanside,Oceanside,False,False,79.0,
1032413,MAR VISTA HOUSE,4602 Allende Ave,Oceanside,CA,92057.0,41740.0,Metropolitan Statistical Area,San Diego,6073.0,6073018520.0,49.0,33.238469,-117.306941,Active,1,0,1,6,2005-09-02,2047-02-28,2047-02-28,MCNEALY HOUSING CORPORATION,Non-Profit,TERI INC,Profit Motivated,800217588.0,58,2025-07-08,93b,2022-08-18,93a,2019-08-02,6.0,0.0,0.0,,Disabled,,2005-01-01,2005-01-01,,,1,0,0,CA33Q021003,Active,PRAC/811,,2026-03-01,2047-02-28,6.0,50.91,,,,,,,,,,,0,0,0,,,,,,,,,,,,,,,,,0,0,0,,,,,,,,,,,,,,,0,0,0,,,,,,,,,,,,,,,,,0,0,0,,,,,,,,,,,,,,,,,0,0,0,,,,,,,,,,,,,,,,,0,0,0,,,,,,,,,,,,,,,,,0,0,0,,,,,,,,,,,,,,,,,0,0,0,,,,,,,,,,,,,,,,,0,0,0,,,,,,,,,,,,,,,,,0,0,0,,,,,,,0,0,0,,,,,,,0,0,0,,,,,,,,,,,,,,,,,98733.0,oceanside,Oceanside,False,False,6.0,
1032415,FULLER CENTER FOR HOUSING 1,4818 Siesta Dr,Oceanside,CA,92057.0,41740.0,Metropolitan Statistical Area,San Diego,6073.0,6073018618.0,49.0,33.248642,-117.305115,Active,1,0,0,1,2012-06-12,2027-06-12,2027-06-12,FULLER CENTER FOR HOUSING SAN DIEGO,,,,,,,,,,,,,,,,,,,,,0,0,0,,,,,,,,,,,,,,,,,,,0,0,0,,,,,,,,,,,,,,,,,0,0,0,,,,,,,,,,,,,,,0,0,0,,,,,,,,,,,,,,,,,0,0,0,,,,,,,,,,,,,,,,,0,0,0,,,,,,,,,,,,,,,,,0,0,0,,,,,,,,,,,,,,,,,1,0,0,3371101033.0,Active,HOME,2012-06-12,2027-06-12,1.0,Acquisition and Rehabilitation,,,,,,,,,,0,0,0,,,,,,,,,,,,,,,,,0,0,0,,,,,,,,,,,,,,,,,0,0,0,,,,,,,0,0,0,,,,,,,0,0,0,,,,,,,,,,,,,,,,,98734.0,oceanside,Oceanside,False,True,1.0,1.0
1032491,CONNECTIONS HOUSING,1250 6th Ave,San Diego,CA,92101.0,41740.0,Metropolitan Statistical Area,San Diego,6073.0,6073005301.0,50.0,32.718549,-117.159591,Active,3,0,0,92,2012-01-01,2029-05-21,2067-01-01,AFFIRMED HOUSING GROUP,Non-Profit,,,,,,,,,,92.0,0.0,0.0,,,,,,,,0,0,0,,,,,,,,,,,,,,,,,,,0,0,0,,,,,,,,,,,,,,,,,0,0,0,,,,,,,,,,,,,,,0,0,0,,,,,,,,,,,,,,,,,1,0,0,CAA2012918,Active,9% Tax Credit,2012-01-01,2067-01-01,89.0,Acquisition and Rehab,,,,,,,,,,0,0,0,,,,,,,,,,,,,,,,,0,0,0,,,,,,,,,,,,,,,,,1,0,0,3376206237.0,Active,HOME,2014-05-21,2029-05-21,15.0,Acquisition and Rehabilitation,,,,,,,,,,0,0,0,,,,,,,,,,,,,,,,,0,0,0,,,,,,,,,,,,,,,,,1,0,0,Active,Project Based Vouchers,67.0,,,,0,0,0,,,,,,,0,0,0,,,,,,,,,,,,,,,,,98928.0,san diego,San Diego,False,True,89.0,15.0
1032492,,1345 5th Ave,San Diego,CA,92101.0,41740.0,Metropolitan Statistical Area,San Diego,6073.0,6073005301.0,50.0,32.719447,-117.159912,Active,2,0,0,16,2014-05-29,2029-05-29,2029-05-29,HDP MASON HOUSING CORPORATION,,,,,,,,,,,,,,,,,,,,,0,0,0,,,,,,,,,,,,,,,,,,,0,0,0,,,,,,,,,,,,,,,,,0,0,0,,,,,,,,,,,,,,,0,0,0,,,,,,,,,,,,,,,,,0,0,0,,,,,,,,,,,,,,,,,0,0,0,,,,,,,,,,,,,,,,,0,0,0,,,,,,,,,,,,,,,,,1,0,0,3376206242.0,Active,HOME,2014-05-29,2029-05-29,16.0,Rehabilitation Only,,,,,,,,,,0,0,0,,,,,,,,,,,,,,,,,0,0,0,,,,,,,,,,,,,,,,,1,0,0,Active,Project Based Vouchers,15.0,,,,0,0,0,,,,,,,0,0,0,,,,,,,,,,,,,,,,,98929.0,san diego,San Diego,False,True,16.0,16.0
1032503,GEORGIA STREET APARTMENTS,4105 Georgia St,San Diego,CA,92103.0,41740.0,Metropolitan Statistical Area,San Diego,6073.0,6073000902.0,50.0,32.7525,-117.144672,Active,1,0,1,31,2011-01-20,2066-01-01,2066-01-01,AFFIRMED HOUSING GROUP,For Profit,,,,,,,,,,2.0,5.0,24.0,,Family,,,,,,0,0,0,,,,,,,,,,,,,,,,,,,0,0,0,,,,,,,,,,,,,,,,,0,0,0,,,,,,,,,,,,,,,0,0,0,,,,,,,,,,,,,,,,,1,0,0,CAA2012930,Active,4% Tax Credit,2012-01-01,2066-01-01,30.0,New Construction,,,,,,,,,,0,0,0,,,,,,,,,,,,,,,,,0,0,0,,,,,,,,,,,,,,,,,0,0,0,,,,,,,,,,,,,,,,,0,0,0,,,,,,,,,,,,,,,,,0,0,0,,,,,,,,,,,,,,,,,0,0,0,,,,,,,0,0,0,,,,,,,0,0,0,,,,,,,,,,,,,,,,,98942.0,san diego,San Diego,False,False,30.0,
1032504,VETERANS VILLAGE PHASE V,4141 Pacific Hwy,San Diego,CA,92110.0,41740.0,Metropolitan Statistical Area,San Diego,6073.0,6073006500.0,50.0,32.744735,-117.192341,Active,2,0,0,56,2012-11-01,2032-11-01,2035-12-17,VIETNAM VETERANS OF SAN DIEGO,,,,,,,,,,,,,,,,2410.0,,,,,0,0,0,,,,,,,,,,,,,,,,,,,0,0,0,,,,,,,,,,,,,,,,,0,0,0,,,,,,,,,,,,,,,0,0,0,,,,,,,,,,,,,,,,,0,0,0,,,,,,,,,,,,,,,,,0,0,0,,,,,,,,,,,,,,,,,0,0,0,,,,,,,,,,,,,,,,,2,0,0,3376204989.0,Active,HOME,2012-11-01,2032-11-01,35.0,Acquisition and New Construction,,3376206700.0,Active,HOME,2015-12-17,2035-12-17,9.0,New Construction Only,,0,0,0,,,,,,,,,,,,,,,,,0,0,0,,,,,,,,,,,,,,,,,0,0,0,,,,,,,0,0,0,,,,,,,0,0,0,,,,,,,,,,,,,,,,,98943.0,san diego,San Diego,False,False,35.0,
1032508,JUNIPER GARDENS APARTMENTS,4251 Juniper St,San Diego,CA,92105.0,41740.0,Metropolitan Statistical Area,San Diego,6073.0,6073002502.0,52.0,32.72868,-117.10363,Active,3,0,0,40,2012-12-01,2029-05-07,2068-01-01,Juniper Gardens LP,Profit Motivated,CONAM MANAGEMENT CORPORATION,Profit Motivated,800001736.0,79,2025-06-10,96c,2022-03-01,98c,2018-04-20,0.0,30.0,10.0,94.0,Family,1690.0,1982-01-01,1982-01-01,74.0,163.0,1,0,0,CA16H113130,Active,HFDA/8 NC,2: Request Renewal Without Restructuring at or Below Comparable Rents,2012-12-01,2032-11-30,40.0,81.05,,,,,,,,,,,0,0,0,,,,,,,,,,,,,,,,,0,0,0,,,,,,,,,,,,,,,0,0,0,,,,,,,,,,,,,,,,,1,0,0,CAA2013368,Active,4% and 9% Tax Credit,2013-01-01,2068-01-01,39.0,Acquisition and Rehab,,,,,,,,,,0,0,0,,,,,,,,,,,,,,,,,0,0,0,,,,,,,,,,,,,,,,,1,0,0,3376206340.0,Active,HOME,2014-05-07,2029-05-07,15.0,Rehabilitation Only,,,,,,,,,,0,0,0,,,,,,,,,,,,,,,,,0,0,0,,,,,,,,,,,,,,,,,0,0,0,,,,,,,0,0,0,,,,,,,0,0,0,,,,,,,,,,,,,,,,,98945.0,san diego,San Diego,False,True,40.0,15.0
1032512,TOWNSPEOPLE CHDO 34TH STREET PROJECT,4637 34th St,San Diego,CA,92116.0,41740.0,Metropolitan Statistical Area,San Diego,6073.0,6073001802.0,51.0,32.762025,-117.12035,Active,1,0,0,34,2012-04-19,2027-04-19,2027-04-19,34TH ST PROJECT LLC,,,,,,,,,,,,,,,,,,,,,0,0,0,,,,,,,,,,,,,,,,,,,0,0,0,,,,,,,,,,,,,,,,,0,0,0,,,,,,,,,,,,,,,0,0,0,,,,,,,,,,,,,,,,,0,0,0,,,,,,,,,,,,,,,,,0,0,0,,,,,,,,,,,,,,,,,0,0,0,,,,,,,,,,,,,,,,,1,0,0,3376205077.0,Active,HOME,2012-04-19,2027-04-19,26.0,Acquisition and Rehabilitation,,,,,,,,,,0,0,0,,,,,,,,,,,,,,,,,0,0,0,,,,,,,,,,,,,,,,,0,0,0,,,,,,,0,0,0,,,,,,,0,0,0,,,,,,,,,,,,,,,,,98948.0,san diego,San Diego,False,True,26.0,26.0
1032656,PRIMROSE AFFORDABLE HOUSING PROJECT-CHDO,2240 Primrose Ave,Vista,CA,92083.0,41740.0,Metropolitan Statistical Area,San Diego,6073.0,6073019902.0,49.0,33.169398,-117.207622,Active,1,1,0,22,2010-10-01,2029-01-27,2045-09-01,CHRIS MEGISON,,,,,,,,,,,,,,,,1930.0,,,,,0,0,0,,,,,,,,,,,,,,,,,,,0,0,0,,,,,,,,,,,,,,,,,0,0,0,,,,,,,,,,,,,,,0,1,0,12911051.0,Inconclusive,207/ 223(F) PUR/ REFIN HSG,2010-10-01,2045-09-01,22.0,,Terminated Mortgage,,,,,,,,,0,0,0,,,,,,,,,,,,,,,,,0,0,0,,,,,,,,,,,,,,,,,0,0,0,,,,,,,,,,,,,,,,,1,0,0,3377902369.0,Active,HOME,2014-01-27,2029-01-27,21.0,Acquisition and Rehabilitation,,,,,,,,,,0,0,0,,,,,,,,,,,,,,,,,0,0,0,,,,,,,,,,,,,,,,,0,0,0,,,,,,,0,0,0,,,,,,,0,0,0,,,,,,,,,,,,,,,,,99275.0,vista,Vista,False,True,21.0,21.0
1032660,VISTA TERRACE,987 Postal Way,Vista,CA,92083.0,41740.0,Metropolitan Statistical Area,San Diego,6073.0,6073019602.0,49.0,33.190632,-117.231355,Active,2,0,0,47,2013-01-01,2028-08-21,2068-01-01,SFC VISTA TERRACE LP,Non-Profit,,,,,,,,,,0.0,37.0,10.0,,,1940.0,,,,,0,0,0,,,,,,,,,,,,,,,,,,,0,0,0,,,,,,,,,,,,,,,,,0,0,0,,,,,,,,,,,,,,,0,0,0,,,,,,,,,,,,,,,,,1,0,0,CAA2013115,Active,4% Tax Credit,2013-01-01,2068-01-01,46.0,Acquisition and Rehab,,,,,,,,,,0,0,0,,,,,,,,,,,,,,,,,0,0,0,,,,,,,,,,,,,,,,,1,0,0,3377902590.0,Active,HOME,2013-08-21,2028-08-21,4.0,Acquisition and Rehabilitation,,,,,,,,,,0,0,0,,,,,,,,,,,,,,,,,0,0,0,,,,,,,,,,,,,,,,,0,0,0,,,,,,,0,0,0,,,,,,,0,0,0,,,,,,,,,,,,,,,,,99277.0,vista,Vista,False,True,46.0,4.0
1032731,TAVARUA SENIOR APARTMENTS,3568 Harding St,Carlsbad,CA,92008.0,41740.0,Metropolitan Statistical Area,San Diego,6073.0,6073017902.0,49.0,33.15595,-117.339289,Active,1,0,0,50,2013-01-01,2068-01-01,2068-01-01,TAVARUA SENIOR APTS LP,Non-Profit,,,,,,,,,,40.0,10.0,0.0,,Elderly or Disabled,,,,,,0,0,0,,,,,,,,,,,,,,,,,,,0,0,0,,,,,,,,,,,,,,,,,0,0,0,,,,,,,,,,,,,,,0,0,0,,,,,,,,,,,,,,,,,1,0,0,CAA2013091,Active,9% Tax Credit,2013-01-01,2068-01-01,49.0,New Construction,,,,,,,,,,0,0,0,,,,,,,,,,,,,,,,,0,0,0,,,,,,,,,,,,,,,,,0,0,0,,,,,,,,,,,,,,,,,0,0,0,,,,,,,,,,,,,,,,,0,0,0,,,,,,,,,,,,,,,,,0,0,0,,,,,,,0,0,0,,,,,,,0,0,0,,,,,,,,,,,,,,,,,120696.0,carlsbad,Carlsbad,False,False,49.0,
1032753,SOLTERRA,151 Chambers St,El Cajon,CA,92020.0,41740.0,Metropolitan Statistical Area,San Diego,6073.0,6073015801.0,51.0,32.796314,-116.966454,Active,1,0,0,49,2013-01-01,2068-01-01,2068-01-01,AFFIRMED HOUSING GROUP,For Profit,,,,,,,,,,46.0,3.0,0.0,,Elderly or Disabled,1840.0,,,,,0,0,0,,,,,,,,,,,,,,,,,,,0,0,0,,,,,,,,,,,,,,,,,0,0,0,,,,,,,,,,,,,,,0,0,0,,,,,,,,,,,,,,,,,1,0,0,CAA2013088,Active,9% Tax Credit,2013-01-01,2068-01-01,48.0,New Construction,,,,,,,,,,0,0,0,,,,,,,,,,,,,,,,,0,0,0,,,,,,,,,,,,,,,,,0,0,0,,,,,,,,,,,,,,,,,0,0,0,,,,,,,,,,,,,,,,,0,0,0,,,,,,,,,,,,,,,,,0,0,0,,,,,,,0,0,0,,,,,,,0,0,0,,,,,,,,,,,,,,,,,120710.0,el cajon,El Cajon,False,False,48.0,
1032761,IRIS APARTMENTS,641 N Vulcan Ave,Encinitas,CA,92024.0,41740.0,Metropolitan Statistical Area,San Diego,6073.0,6073017702.0,49.0,33.060345,-117.29981,Active,2,0,0,19,2013-01-01,2033-08-02,2068-01-01,CIC IRIS LP,Non-Profit,,,,,,,,,,0.0,12.0,8.0,,Family,2640.0,,,,,0,0,0,,,,,,,,,,,,,,,,,,,0,0,0,,,,,,,,,,,,,,,,,0,0,0,,,,,,,,,,,,,,,0,0,0,,,,,,,,,,,,,,,,,1,0,0,CAA2013040,Active,9% Tax Credit,2013-01-01,2068-01-01,19.0,New Construction,,,,,,,,,,0,0,0,,,,,,,,,,,,,,,,,0,0,0,,,,,,,,,,,,,,,,,1,0,0,3377902475.0,Active,HOME,2013-08-02,2033-08-02,11.0,New Construction Only,,,,,,,,,,0,0,0,,,,,,,,,,,,,,,,,0,0,0,,,,,,,,,,,,,,,,,0,0,0,,,,,,,0,0,0,,,,,,,0,0,0,,,,,,,,,,,,,,,,,120714.0,encinitas,Encinitas,False,False,19.0,
1032763,AVOCADO COURT,215 E El Norte Pkwy,Escondido,CA,92026.0,41740.0,Metropolitan Statistical Area,San Diego,6073.0,6073020108.0,48.0,33.14007,-117.088095,Active,1,0,0,36,2013-01-01,2067-01-01,2067-01-01,EL NORTE HOUSING ASSOC,Non-Profit,,,,,,,,,,12.0,12.0,12.0,,Family,1990.0,,,,,0,0,0,,,,,,,,,,,,,,,,,,,0,0,0,,,,,,,,,,,,,,,,,0,0,0,,,,,,,,,,,,,,,0,0,0,,,,,,,,,,,,,,,,,1,0,0,CAA2013004,Active,9% Tax Credit,2013-01-01,2067-01-01,35.0,New Construction,,,,,,,,,,0,0,0,,,,,,,,,,,,,,,,,0,0,0,,,,,,,,,,,,,,,,,0,0,0,,,,,,,,,,,,,,,,,0,0,0,,,,,,,,,,,,,,,,,0,0,0,,,,,,,,,,,,,,,,,0,0,0,,,,,,,0,0,0,,,,,,,0,0,0,,,,,,,,,,,,,,,,,120715.0,escondido,Escondido,False,False,35.0,
1032785,POST,1252 Palm Ave,Imperial Beach,CA,91932.0,41740.0,Metropolitan Statistical Area,San Diego,6073.0,6073010502.0,52.0,32.584243,-117.10666,Active,1,0,0,30,2013-01-01,2067-01-01,2067-01-01,THE POST HOUSING LP,For Profit,,,,,,,,,,29.0,1.0,0.0,,,1920.0,,,,,0,0,0,,,,,,,,,,,,,,,,,,,0,0,0,,,,,,,,,,,,,,,,,0,0,0,,,,,,,,,,,,,,,0,0,0,,,,,,,,,,,,,,,,,1,0,0,CAA2013100,Active,4% Tax Credit,2013-01-01,2067-01-01,29.0,New Construction,,,,,,,,,,0,0,0,,,,,,,,,,,,,,,,,0,0,0,,,,,,,,,,,,,,,,,0,0,0,,,,,,,,,,,,,,,,,0,0,0,,,,,,,,,,,,,,,,,0,0,0,,,,,,,,,,,,,,,,,0,0,0,,,,,,,0,0,0,,,,,,,0,0,0,,,,,,,,,,,,,,,,,120728.0,imperial beach,Imperial Beach,False,False,29.0,
1032792,CITRONICA ONE,7775 North Ave,Lemon Grove,CA,91945.0,41740.0,Metropolitan Statistical Area,San Diego,6073.0,6073014400.0,51.0,32.744461,-117.030986,Active,1,0,0,56,2013-01-01,2067-01-01,2067-01-01,CITRONICA LEMON GROVE LP,Non-Profit,,,,,,,,,,15.0,21.0,20.0,,Family,1890.0,,,,,0,0,0,,,,,,,,,,,,,,,,,,,0,0,0,,,,,,,,,,,,,,,,,0,0,0,,,,,,,,,,,,,,,0,0,0,,,,,,,,,,,,,,,,,1,0,0,CAA2013018,Active,9% Tax Credit,2013-01-01,2067-01-01,55.0,New Construction,,,,,,,,,,0,0,0,,,,,,,,,,,,,,,,,0,0,0,,,,,,,,,,,,,,,,,0,0,0,,,,,,,,,,,,,,,,,0,0,0,,,,,,,,,,,,,,,,,0,0,0,,,,,,,,,,,,,,,,,0,0,0,,,,,,,0,0,0,,,,,,,0,0,0,,,,,,,,,,,,,,,,,120737.0,lemon grove,Lemon Grove,False,False,55.0,
1032847,ORANGE GARDENS,12510 Oak Knoll Rd,Poway,CA,92064.0,41740.0,Metropolitan Statistical Area,San Diego,6073.0,6073017048.0,48.0,32.950868,-117.059865,Active,1,0,0,52,2012-01-01,2066-01-01,2066-01-01,FOUNDATION FOR AFFORDABLE HOUSING/EMBRACE FOUNDATION,Non-Profit,,,,,,,,,,22.0,26.0,4.0,,Family,2170.0,,,,,0,0,0,,,,,,,,,,,,,,,,,,,0,0,0,,,,,,,,,,,,,,,,,0,0,0,,,,,,,,,,,,,,,0,0,0,,,,,,,,,,,,,,,,,1,0,0,CAA2012884,Active,4% Tax Credit,2012-01-01,2066-01-01,51.0,New Construction,,,,,,,,,,0,0,0,,,,,,,,,,,,,,,,,0,0,0,,,,,,,,,,,,,,,,,0,0,0,,,,,,,,,,,,,,,,,0,0,0,,,,,,,,,,,,,,,,,0,0,0,,,,,,,,,,,,,,,,,0,0,0,,,,,,,0,0,0,,,,,,,0,0,0,,,,,,,,,,,,,,,,,120795.0,poway,Poway,False,False,51.0,
1032849,BRIGHTON PLACE,14045 Brighton Ave,Poway,CA,92064.0,41740.0,Metropolitan Statistical Area,San Diego,6073.0,6073017009.0,48.0,32.968479,-117.034986,Active,1,0,0,76,2012-01-01,2066-01-01,2066-01-01,BRIGHTON PLACE LP,Non-Profit,,,,,,,,,,0.0,44.0,33.0,,Family,2170.0,,,,,0,0,0,,,,,,,,,,,,,,,,,,,0,0,0,,,,,,,,,,,,,,,,,0,0,0,,,,,,,,,,,,,,,0,0,0,,,,,,,,,,,,,,,,,1,0,0,CAA2012969,Active,9% Tax Credit,2012-01-01,2066-01-01,76.0,New Construction,,,,,,,,,,0,0,0,,,,,,,,,,,,,,,,,0,0,0,,,,,,,,,,,,,,,,,0,0,0,,,,,,,,,,,,,,,,,0,0,0,,,,,,,,,,,,,,,,,0,0,0,,,,,,,,,,,,,,,,,0,0,0,,,,,,,0,0,0,,,,,,,0,0,0,,,,,,,,,,,,,,,,,120796.0,poway,Poway,False,False,76.0,
1032875,CEDAR GATEWAY,1612 6th Ave,San Diego,CA,92101.0,41740.0,Metropolitan Statistical Area,San Diego,6073.0,6073005601.0,50.0,32.722184,-117.159464,Active,1,0,0,65,2012-01-01,2069-01-01,2069-01-01,CEDAR GATEWAY LP,Non-Profit,,,,,,,,,,23.0,16.0,26.0,,Family,,,,,,0,0,0,,,,,,,,,,,,,,,,,,,0,0,0,,,,,,,,,,,,,,,,,0,0,0,,,,,,,,,,,,,,,0,0,0,,,,,,,,,,,,,,,,,1,0,0,CAA2012973,Active,9% Tax Credit,2012-01-01,2069-01-01,63.0,New Construction,,,,,,,,,,0,0,0,,,,,,,,,,,,,,,,,0,0,0,,,,,,,,,,,,,,,,,0,0,0,,,,,,,,,,,,,,,,,0,0,0,,,,,,,,,,,,,,,,,0,0,0,,,,,,,,,,,,,,,,,0,0,0,,,,,,,0,0,0,,,,,,,0,0,0,,,,,,,,,,,,,,,,,120814.0,san diego,San Diego,False,False,63.0,
1032877,MISSION APARTMENTS,1825 Hancock St,San Diego,CA,92110.0,41740.0,Metropolitan Statistical Area,San Diego,6073.0,6073006500.0,50.0,32.742696,-117.18508,Active,1,0,0,85,2012-01-01,2066-01-01,2066-01-01,AMCAL MISSION FUND LP,For Profit,,,,,,,,,,0.0,82.0,3.0,,Family,2410.0,,,,,0,0,0,,,,,,,,,,,,,,,,,,,0,0,0,,,,,,,,,,,,,,,,,0,0,0,,,,,,,,,,,,,,,0,0,0,,,,,,,,,,,,,,,,,1,0,0,CAA2012891,Active,4% Tax Credit,2012-01-01,2066-01-01,84.0,New Construction,,,,,,,,,,0,0,0,,,,,,,,,,,,,,,,,0,0,0,,,,,,,,,,,,,,,,,0,0,0,,,,,,,,,,,,,,,,,0,0,0,,,,,,,,,,,,,,,,,0,0,0,,,,,,,,,,,,,,,,,0,0,0,,,,,,,0,0,0,,,,,,,0,0,0,,,,,,,,,,,,,,,,,120815.0,san diego,San Diego,False,False,84.0,
1032879,FLORIDA STREET APARTMENTS,3795 Florida St,San Diego,CA,92104.0,41740.0,Metropolitan Statistical Area,San Diego,6073.0,6073000800.0,50.0,32.74703,-117.14363,Active,1,0,0,83,2012-01-01,2066-01-01,2066-01-01,FLORIDA STREET HOUSING ASSOC,Non-Profit,,,,,,,,,,24.0,33.0,26.0,,Family,2020.0,,,,,0,0,0,,,,,,,,,,,,,,,,,,,0,0,0,,,,,,,,,,,,,,,,,0,0,0,,,,,,,,,,,,,,,0,0,0,,,,,,,,,,,,,,,,,1,0,0,CAA2012888,Active,4% Tax Credit,2012-01-01,2066-01-01,82.0,New Construction,,,,,,,,,,0,0,0,,,,,,,,,,,,,,,,,0,0,0,,,,,,,,,,,,,,,,,0,0,0,,,,,,,,,,,,,,,,,0,0,0,,,,,,,,,,,,,,,,,0,0,0,,,,,,,,,,,,,,,,,0,0,0,,,,,,,0,0,0,,,,,,,0,0,0,,,,,,,,,,,,,,,,,120816.0,san diego,San Diego,False,False,82.0,
1032881,KNOX GLEN TOWNHOMES,4770 Logan Ave,San Diego,CA,92113.0,41740.0,Metropolitan Statistical Area,San Diego,6073.0,6073003305.0,52.0,32.69688,-117.09282,Active,1,0,0,54,2013-01-01,2068-01-01,2068-01-01,LOGAN DEVELOPMENT II LP,Non-Profit,,,,,,,,,,0.0,9.0,45.0,,Family,1620.0,,,,,0,0,0,,,,,,,,,,,,,,,,,,,0,0,0,,,,,,,,,,,,,,,,,0,0,0,,,,,,,,,,,,,,,0,0,0,,,,,,,,,,,,,,,,,1,0,0,CAA2013044,Active,4% Tax Credit,2013-01-01,2068-01-01,53.0,Both New Construction and Acquisition and Rehab,,,,,,,,,,0,0,0,,,,,,,,,,,,,,,,,0,0,0,,,,,,,,,,,,,,,,,0,0,0,,,,,,,,,,,,,,,,,0,0,0,,,,,,,,,,,,,,,,,0,0,0,,,,,,,,,,,,,,,,,0,0,0,,,,,,,0,0,0,,,,,,,0,0,0,,,,,,,,,,,,,,,,,120817.0,san diego,San Diego,False,False,53.0,
1032883,VISTA GRANDE,5425 Santa Margarita St,San Diego,CA,92114.0,41740.0,Metropolitan Statistical Area,San Diego,6073.0,6073003111.0,52.0,32.705187,-117.07778,Active,1,0,0,49,2011-01-01,2065-01-01,2065-01-01,WAKELAND HOUSING & DEVELOPMENT CORP,Non-Profit,,,,,,,,,,0.0,3.0,46.0,,Family,1750.0,,,,,0,0,0,,,,,,,,,,,,,,,,,,,0,0,0,,,,,,,,,,,,,,,,,0,0,0,,,,,,,,,,,,,,,0,0,0,,,,,,,,,,,,,,,,,1,0,0,CAA2011824,Active,9% Tax Credit,2011-01-01,2065-01-01,48.0,Acquisition and Rehab,,,,,,,,,,0,0,0,,,,,,,,,,,,,,,,,0,0,0,,,,,,,,,,,,,,,,,0,0,0,,,,,,,,,,,,,,,,,0,0,0,,,,,,,,,,,,,,,,,0,0,0,,,,,,,,,,,,,,,,,0,0,0,,,,,,,0,0,0,,,,,,,0,0,0,,,,,,,,,,,,,,,,,120818.0,san diego,San Diego,False,False,48.0,
1032909,WESTLAKE VILLAGE APARTMENTS PHASE 1,413 Autumn Dr,San Marcos,CA,92069.0,41740.0,Metropolitan Statistical Area,San Diego,6073.0,6073020028.0,50.0,33.143465,-117.170333,Active,1,0,0,48,2013-01-01,2067-01-01,2067-01-01,NATIONAL COMMUNITY RENAISSANCE,Non-Profit,,,,,,,,,,15.0,18.0,16.0,,Family,1880.0,,,,,0,0,0,,,,,,,,,,,,,,,,,,,0,0,0,,,,,,,,,,,,,,,,,0,0,0,,,,,,,,,,,,,,,0,0,0,,,,,,,,,,,,,,,,,1,0,0,CAA2013117,Active,9% Tax Credit,2013-01-01,2067-01-01,48.0,New Construction,,,,,,,,,,0,0,0,,,,,,,,,,,,,,,,,0,0,0,,,,,,,,,,,,,,,,,0,0,0,,,,,,,,,,,,,,,,,0,0,0,,,,,,,,,,,,,,,,,0,0,0,,,,,,,,,,,,,,,,,0,0,0,,,,,,,0,0,0,,,,,,,0,0,0,,,,,,,,,,,,,,,,,120832.0,san marcos,San Marcos,False,False,48.0,
1032947,FORESTER SQUARE,9570 Via Zapador,Santee,CA,92071.0,41740.0,Metropolitan Statistical Area,San Diego,6073.0,6073016616.0,48.0,32.835911,-116.988882,Active,1,0,0,44,2013-01-01,2067-01-01,2067-01-01,WAKELAND HOUSING & DEVELOPMENT CORP,For Profit,,,,,,,,,,18.0,12.0,14.0,,Family,2140.0,,,,,0,0,0,,,,,,,,,,,,,,,,,,,0,0,0,,,,,,,,,,,,,,,,,0,0,0,,,,,,,,,,,,,,,0,0,0,,,,,,,,,,,,,,,,,1,0,0,CAA2013032,Active,4% Tax Credit,2013-01-01,2067-01-01,43.0,New Construction,,,,,,,,,,0,0,0,,,,,,,,,,,,,,,,,0,0,0,,,,,,,,,,,,,,,,,0,0,0,,,,,,,,,,,,,,,,,0,0,0,,,,,,,,,,,,,,,,,0,0,0,,,,,,,,,,,,,,,,,0,0,0,,,,,,,0,0,0,,,,,,,0,0,0,,,,,,,,,,,,,,,,,120852.0,santee,Santee,False,False,43.0,
1033000,OTAY VILLAS,605 Picador Blvd,San Diego,CA,92154.0,41740.0,Metropolitan Statistical Area,San Diego,6073.0,6073010011.0,52.0,32.582597,-117.060959,Active,1,0,0,78,2013-10-30,,,San Diego Housing Commission,Public Entity,SAN DIEGO HOUSING COMMISSION,Public Entity,,96,2022-04-28,93,2019-09-16,95,2016-12-19,0.0,67.0,11.0,57.0,,2060.0,1983-01-01,1983-01-01,99.0,94.0,0,0,0,,,,,,,,,,,,,,,,,,,0,0,0,,,,,,,,,,,,,,,,,0,0,0,,,,,,,,,,,,,,,0,0,0,,,,,,,,,,,,,,,,,0,0,0,,,,,,,,,,,,,,,,,0,0,0,,,,,,,,,,,,,,,,,0,0,0,,,,,,,,,,,,,,,,,0,0,0,,,,,,,,,,,,,,,,,1,0,0,CA063000009,Active,Public Housing,2013-10-30,,78.0,,CA063,,,,,,,,,0,0,0,,,,,,,,,,,,,,,,,0,0,0,,,,,,,0,0,0,,,,,,,0,0,0,,,,,,,,,,,,,,,,,126818.0,san diego,San Diego,False,False,78.0,
1102084,CITY HEIGHTS TEN,3830 43rd St,San Diego,CA,92105.0,41740.0,Metropolitan Statistical Area,San Diego,6073.0,6073002402.0,52.0,32.74832,-117.10235,Active,2,0,0,132,2014-01-01,2069-01-01,2069-01-01,CITY HEIGHTS TEN LP,Non-Profit,,,,,,,,,,50.0,73.0,9.0,,,1690.0,,,,,0,0,0,,,,,,,,,,,,,,,,,,,0,0,0,,,,,,,,,,,,,,,,,0,0,0,,,,,,,,,,,,,,,0,0,0,,,,,,,,,,,,,,,,,2,0,0,CAA20141020,Active,4% Tax Credit,2014-01-01,2069-01-01,129.0,Acquisition and Rehab,,CAA20147474,Active,,2014-01-01,2069-01-01,129.0,,,0,0,0,,,,,,,,,,,,,,,,,0,0,0,,,,,,,,,,,,,,,,,0,0,0,,,,,,,,,,,,,,,,,0,0,0,,,,,,,,,,,,,,,,,0,0,0,,,,,,,,,,,,,,,,,0,0,0,,,,,,,0,0,0,,,,,,,0,0,0,,,,,,,,,,,,,,,,,,san diego,San Diego,False,False,129.0,
1102108,PEPPERTREE SENIOR APARTMENTS,8956 Harness St,Spring Valley,CA,91977.0,41740.0,Metropolitan Statistical Area,San Diego,6073.0,6073013907.0,51.0,32.720167000000004,-117.006222,Active,1,0,0,104,2014-01-01,2069-01-01,2069-01-01,PEPPERTREE APARTMENT HOLDINGS LP,For Profit,,,,,,,,,,88.0,16.0,0.0,,Elderly or Disabled,1760.0,,,,,0,0,0,,,,,,,,,,,,,,,,,,,0,0,0,,,,,,,,,,,,,,,,,0,0,0,,,,,,,,,,,,,,,0,0,0,,,,,,,,,,,,,,,,,1,0,0,CAA20141064,Active,4% Tax Credit,2014-01-01,2069-01-01,103.0,Acquisition and Rehab,,,,,,,,,,0,0,0,,,,,,,,,,,,,,,,,0,0,0,,,,,,,,,,,,,,,,,0,0,0,,,,,,,,,,,,,,,,,0,0,0,,,,,,,,,,,,,,,,,0,0,0,,,,,,,,,,,,,,,,,0,0,0,,,,,,,0,0,0,,,,,,,0,0,0,,,,,,,,,,,,,,,,,,spring valley,Unincorporated San Diego County,False,False,103.0,
1102120,PASEO POINTE,325 S Santa Fe Ave,Vista,CA,92083.0,41740.0,Metropolitan Statistical Area,San Diego,6073.0,6073019503.0,49.0,33.198411,-117.241298,Active,1,0,0,69,2015-01-01,2070-01-01,2070-01-01,PASEO FAMILY HOUSING LP,For Profit,,,,,,,,,,24.0,24.0,21.0,,Family,1930.0,,,,,0,0,0,,,,,,,,,,,,,,,,,,,0,0,0,,,,,,,,,,,,,,,,,0,0,0,,,,,,,,,,,,,,,0,0,0,,,,,,,,,,,,,,,,,1,0,0,CAA2015061,Active,9% Tax Credit,2015-01-01,2070-01-01,68.0,New Construction,,,,,,,,,,0,0,0,,,,,,,,,,,,,,,,,0,0,0,,,,,,,,,,,,,,,,,0,0,0,,,,,,,,,,,,,,,,,0,0,0,,,,,,,,,,,,,,,,,0,0,0,,,,,,,,,,,,,,,,,0,0,0,,,,,,,0,0,0,,,,,,,0,0,0,,,,,,,,,,,,,,,,,,vista,Vista,False,False,68.0,
1102585,THE CROSSINGS AT ESCONDIDO MANOR,1150 N Escondido Blvd,Escondido,CA,92026.0,41740.0,Metropolitan Statistical Area,San Diego,6073.0,6073020108.0,48.0,33.135996,-117.091135,Active,1,0,0,44,2015-01-01,2070-01-01,2070-01-01,UHC 00670 ESCONDIDO LP,Non-Profit,,,,,,,,,,0.0,44.0,0.0,,,1990.0,,,,,0,0,0,,,,,,,,,,,,,,,,,,,0,0,0,,,,,,,,,,,,,,,,,0,0,0,,,,,,,,,,,,,,,0,0,0,,,,,,,,,,,,,,,,,1,0,0,CAA2015082,Active,4% Tax Credit,2015-01-01,2070-01-01,43.0,Acquisition and Rehab,,,,,,,,,,0,0,0,,,,,,,,,,,,,,,,,0,0,0,,,,,,,,,,,,,,,,,0,0,0,,,,,,,,,,,,,,,,,0,0,0,,,,,,,,,,,,,,,,,0,0,0,,,,,,,,,,,,,,,,,0,0,0,,,,,,,0,0,0,,,,,,,0,0,0,,,,,,,,,,,,,,,,,,escondido,Escondido,False,False,43.0,
1102587,VILLAGE GROVE APARTMENTS,660 N Quince St,Escondido,CA,92025.0,41740.0,Metropolitan Statistical Area,San Diego,6073.0,6073020313.0,48.0,33.126018,-117.09149,Active,1,0,0,161,2014-01-01,2064-01-01,2064-01-01,VILLAGE GROVE APTS LP,Non-Profit,,,,,,,,,,160.0,1.0,0.0,,,,,,,,0,0,0,,,,,,,,,,,,,,,,,,,0,0,0,,,,,,,,,,,,,,,,,0,0,0,,,,,,,,,,,,,,,0,0,0,,,,,,,,,,,,,,,,,1,0,0,CAA20141096,Active,4% Tax Credit,2014-01-01,2064-01-01,160.0,Acquisition and Rehab,,,,,,,,,,0,0,0,,,,,,,,,,,,,,,,,0,0,0,,,,,,,,,,,,,,,,,0,0,0,,,,,,,,,,,,,,,,,0,0,0,,,,,,,,,,,,,,,,,0,0,0,,,,,,,,,,,,,,,,,0,0,0,,,,,,,0,0,0,,,,,,,0,0,0,,,,,,,,,,,,,,,,,,escondido,Escondido,False,False,160.0,
1102601,VERSA AT CIVITA,2365 Via Alta,San Diego,CA,92108.0,41740.0,Metropolitan Statistical Area,San Diego,6073.0,6073009203.0,51.0,32.776859,-117.150384,Active,1,0,0,150,2015-01-01,2070-01-01,2070-01-01,VERSA CIC LP,For Profit,,,,,,,,,,120.0,30.0,0.0,,Elderly or Disabled,,,,,,0,0,0,,,,,,,,,,,,,,,,,,,0,0,0,,,,,,,,,,,,,,,,,0,0,0,,,,,,,,,,,,,,,0,0,0,,,,,,,,,,,,,,,,,1,0,0,CAA2015093,Active,9% Tax Credit,2015-01-01,2070-01-01,148.0,New Construction,,,,,,,,,,0,0,0,,,,,,,,,,,,,,,,,0,0,0,,,,,,,,,,,,,,,,,0,0,0,,,,,,,,,,,,,,,,,0,0,0,,,,,,,,,,,,,,,,,0,0,0,,,,,,,,,,,,,,,,,0,0,0,,,,,,,0,0,0,,,,,,,0,0,0,,,,,,,,,,,,,,,,,,san diego,San Diego,False,False,148.0,
1102984,Paradise Creek,2120 Hoover Ave,National City,CA,91950.0,41740.0,Metropolitan Statistical Area,San Diego,6073.0,6073021900.0,52.0,32.66351,-117.105045,Active,2,0,0,109,2016-01-01,2037-07-19,2071-01-01,PARADISE CREEK HOUSING PARTNERS LP,For Profit,,,,,,,,,,24.0,49.0,36.0,,Family,1660.0,,,,,0,0,0,,,,,,,,,,,,,,,,,,,0,0,0,,,,,,,,,,,,,,,,,0,0,0,,,,,,,,,,,,,,,0,0,0,,,,,,,,,,,,,,,,,1,0,0,CAA2016058,Active,9% Tax Credit,2016-01-01,2071-01-01,108.0,New Construction,,,,,,,,,,0,0,0,,,,,,,,,,,,,,,,,0,0,0,,,,,,,,,,,,,,,,,1,0,0,3360900713.0,Active,HOME,2017-07-19,2037-07-19,11.0,Acquisition and New Construction,,,,,,,,,,0,0,0,,,,,,,,,,,,,,,,,0,0,0,,,,,,,,,,,,,,,,,0,0,0,,,,,,,0,0,0,,,,,,,0,0,0,,,,,,,,,,,,,,,,,,national city,National City,False,False,108.0,
1102987,PROMENADE AT CREEKSIDE,1 Creekside Dr,San Marcos,CA,92078.0,41740.0,Metropolitan Statistical Area,San Diego,6073.0,6073020029.0,50.0,33.1342,-117.181,Active,1,0,0,65,2016-01-01,2071-01-01,2071-01-01,PROMENADE AT CREEKSIDE HOUSING PARTNERS LP,For Profit,,,,,,,,,,25.0,20.0,20.0,,Family,1880.0,,,,,0,0,0,,,,,,,,,,,,,,,,,,,0,0,0,,,,,,,,,,,,,,,,,0,0,0,,,,,,,,,,,,,,,0,0,0,,,,,,,,,,,,,,,,,1,0,0,CAA2016064,Active,9% Tax Credit,2016-01-01,2071-01-01,64.0,New Construction,,,,,,,,,,0,0,0,,,,,,,,,,,,,,,,,0,0,0,,,,,,,,,,,,,,,,,0,0,0,,,,,,,,,,,,,,,,,0,0,0,,,,,,,,,,,,,,,,,0,0,0,,,,,,,,,,,,,,,,,0,0,0,,,,,,,0,0,0,,,,,,,0,0,0,,,,,,,,,,,,,,,,,,san marcos,San Marcos,False,False,64.0,
1102989,TROLLY PARK TERRACE,4985 Market St,San Diego,CA,92102.0,41740.0,Metropolitan Statistical Area,San Diego,6073.0,6073003404.0,52.0,32.710313,-117.086007,Active,1,0,0,52,2016-01-01,2071-01-01,2071-01-01,TROLLEY RESIDENTIAL CIC LP,For Profit,,,,,,,,,,6.0,24.0,22.0,,Family,1780.0,,,,,0,0,0,,,,,,,,,,,,,,,,,,,0,0,0,,,,,,,,,,,,,,,,,0,0,0,,,,,,,,,,,,,,,0,0,0,,,,,,,,,,,,,,,,,1,0,0,CAA2016081,Active,4% Tax Credit,2016-01-01,2071-01-01,51.0,New Construction,,,,,,,,,,0,0,0,,,,,,,,,,,,,,,,,0,0,0,,,,,,,,,,,,,,,,,0,0,0,,,,,,,,,,,,,,,,,0,0,0,,,,,,,,,,,,,,,,,0,0,0,,,,,,,,,,,,,,,,,0,0,0,,,,,,,0,0,0,,,,,,,0,0,0,,,,,,,,,,,,,,,,,,san diego,San Diego,False,False,51.0,
1102992,TORREY VALE APARTMENTS,6525 Rancho Del Sol Way,San Diego,CA,92130.0,41740.0,Metropolitan Statistical Area,San Diego,6073.0,6073021502.0,50.0,32.964505,-117.178878,Active,1,0,0,28,2016-01-01,2071-01-01,2071-01-01,TORREY VALE CIC LP,For Profit,,,,,,,,,,0.0,20.0,8.0,,,,,,,,0,0,0,,,,,,,,,,,,,,,,,,,0,0,0,,,,,,,,,,,,,,,,,0,0,0,,,,,,,,,,,,,,,0,0,0,,,,,,,,,,,,,,,,,1,0,0,CAA2016080,Active,4% Tax Credit,2016-01-01,2071-01-01,27.0,New Construction,,,,,,,,,,0,0,0,,,,,,,,,,,,,,,,,0,0,0,,,,,,,,,,,,,,,,,0,0,0,,,,,,,,,,,,,,,,,0,0,0,,,,,,,,,,,,,,,,,0,0,0,,,,,,,,,,,,,,,,,0,0,0,,,,,,,0,0,0,,,,,,,0,0,0,,,,,,,,,,,,,,,,,,san diego,San Diego,False,False,27.0,
1102995,PASEO AT COMM22 FKA COMM22 FAMILY HOUSING,2225 Commercial St,San Diego,CA,92113.0,41740.0,Metropolitan Statistical Area,San Diego,6073.0,6073004900.0,52.0,32.705087,-117.143649,Active,1,0,0,130,2014-01-01,2069-01-01,2069-01-01,COMM22 FAMILY HOUSING LP A CA LP,Non-Profit,,,,,,,,,,34.0,62.0,34.0,,Family,1620.0,,,,,0,0,0,,,,,,,,,,,,,,,,,,,0,0,0,,,,,,,,,,,,,,,,,0,0,0,,,,,,,,,,,,,,,0,0,0,,,,,,,,,,,,,,,,,1,0,0,CAA20142004,Active,4% Tax Credit,2014-01-01,2069-01-01,128.0,New Construction,,,,,,,,,,0,0,0,,,,,,,,,,,,,,,,,0,0,0,,,,,,,,,,,,,,,,,0,0,0,,,,,,,,,,,,,,,,,0,0,0,,,,,,,,,,,,,,,,,0,0,0,,,,,,,,,,,,,,,,,0,0,0,,,,,,,0,0,0,,,,,,,0,0,0,,,,,,,,,,,,,,,,,,san diego,San Diego,False,False,128.0,
1102997,INDEPENDENCE POINT,327 S Willie James Jones Ave,San Diego,CA,92113.0,41740.0,Metropolitan Statistical Area,San Diego,6073.0,6073003305.0,52.0,32.701559,-117.087708,Active,2,0,0,32,2015-01-01,2036-08-10,2070-01-01,WJJ CIC LP,For Profit,,,,,,,,,,0.0,0.0,32.0,,Family,1620.0,,,,,0,0,0,,,,,,,,,,,,,,,,,,,0,0,0,,,,,,,,,,,,,,,,,0,0,0,,,,,,,,,,,,,,,0,0,0,,,,,,,,,,,,,,,,,1,0,0,CAA20151014,Active,4% Tax Credit,2015-01-01,2070-01-01,31.0,New Construction,,,,,,,,,,0,0,0,,,,,,,,,,,,,,,,,0,0,0,,,,,,,,,,,,,,,,,1,0,0,3376206717.0,Active,HOME,2016-08-10,2036-08-10,10.0,New Construction Only,,,,,,,,,,0,0,0,,,,,,,,,,,,,,,,,0,0,0,,,,,,,,,,,,,,,,,0,0,0,,,,,,,0,0,0,,,,,,,0,0,0,,,,,,,,,,,,,,,,,,san diego,San Diego,False,False,31.0,
1103002,CIELO CARMEL I,6050 Camino San Fermin,San Diego,CA,92130.0,41740.0,Metropolitan Statistical Area,San Diego,6073.0,6073021502.0,50.0,32.956175,-117.193137,Active,2,0,0,107,2016-01-01,2071-01-01,2071-01-01,PHR FAMILY HOUSING PARTNERS I LP,For Profit,,,,,,,,,,18.0,53.0,36.0,,Family,,,,,,0,0,0,,,,,,,,,,,,,,,,,,,0,0,0,,,,,,,,,,,,,,,,,0,0,0,,,,,,,,,,,,,,,0,0,0,,,,,,,,,,,,,,,,,2,0,0,CAA2016012,Active,4% Tax Credit,2016-01-01,2071-01-01,106.0,New Construction,,CAA2016013,Active,4% Tax Credit,2016-01-01,2071-01-01,89.0,New Construction,,0,0,0,,,,,,,,,,,,,,,,,0,0,0,,,,,,,,,,,,,,,,,0,0,0,,,,,,,,,,,,,,,,,0,0,0,,,,,,,,,,,,,,,,,0,0,0,,,,,,,,,,,,,,,,,0,0,0,,,,,,,0,0,0,,,,,,,0,0,0,,,,,,,,,,,,,,,,,,san diego,San Diego,False,False,106.0,
1103003,RANCHO DEL SOL,6711 Torenia Trl,San Diego,CA,92130.0,41740.0,Metropolitan Statistical Area,San Diego,6073.0,6073021502.0,50.0,32.968041,-117.174129,Active,1,0,0,96,2016-01-01,2070-01-01,2070-01-01,UNIT 24 CIC LP,For Profit,,,,,,,,,,16.0,48.0,32.0,,Family,,,,,,0,0,0,,,,,,,,,,,,,,,,,,,0,0,0,,,,,,,,,,,,,,,,,0,0,0,,,,,,,,,,,,,,,0,0,0,,,,,,,,,,,,,,,,,1,0,0,CAA2016066,Active,4% Tax Credit,2016-01-01,2070-01-01,95.0,New Construction,,,,,,,,,,0,0,0,,,,,,,,,,,,,,,,,0,0,0,,,,,,,,,,,,,,,,,0,0,0,,,,,,,,,,,,,,,,,0,0,0,,,,,,,,,,,,,,,,,0,0,0,,,,,,,,,,,,,,,,,0,0,0,,,,,,,0,0,0,,,,,,,0,0,0,,,,,,,,,,,,,,,,,,san diego,San Diego,False,False,95.0,
1103467,DEL PRADO DELTA MANOR,3878 Beyer Blvd,San Diego,CA,92173.0,41740.0,Metropolitan Statistical Area,San Diego,6073.0,6073010005.0,52.0,32.560148,-117.050166,Active,1,0,0,82,2013-01-01,2068-01-01,2068-01-01,DP-DM HOUSING PARTNERS LP,Non-Profit,,,,,,,,,,40.0,26.0,16.0,,,1680.0,,,,,0,0,0,,,,,,,,,,,,,,,,,,,0,0,0,,,,,,,,,,,,,,,,,0,0,0,,,,,,,,,,,,,,,0,0,0,,,,,,,,,,,,,,,,,1,0,0,CAA2013334,Active,4% Tax Credit,2013-01-01,2068-01-01,80.0,Acquisition and Rehab,,,,,,,,,,0,0,0,,,,,,,,,,,,,,,,,0,0,0,,,,,,,,,,,,,,,,,0,0,0,,,,,,,,,,,,,,,,,0,0,0,,,,,,,,,,,,,,,,,0,0,0,,,,,,,,,,,,,,,,,0,0,0,,,,,,,0,0,0,,,,,,,0,0,0,,,,,,,,,,,,,,,,,,san diego,San Diego,False,False,80.0,
1103666,FAIRBANKS SQUARE,16050 Potomac Ridge Rd,San Diego,CA,92127.0,41740.0,Metropolitan Statistical Area,San Diego,6073.0,6073017065.0,50.0,33.016101,-117.124202,Active,2,0,1,100,2014-01-01,2069-01-01,2069-01-01,FAIRBANKS SQUARE CIC LP,For Profit,,,,,,,,,,80.0,20.0,0.0,,Elderly or Disabled,,,,,,0,0,0,,,,,,,,,,,,,,,,,,,0,0,0,,,,,,,,,,,,,,,,,0,0,0,,,,,,,,,,,,,,,0,0,0,,,,,,,,,,,,,,,,,2,0,1,CAA20141033,Active,4% Tax Credit,2014-01-01,2069-01-01,98.0,New Construction,,CAA20147477,Active,,2014-01-01,2069-01-01,98.0,,,0,0,0,,,,,,,,,,,,,,,,,0,0,0,,,,,,,,,,,,,,,,,0,0,0,,,,,,,,,,,,,,,,,0,0,0,,,,,,,,,,,,,,,,,0,0,0,,,,,,,,,,,,,,,,,0,0,0,,,,,,,0,0,0,,,,,,,0,0,0,,,,,,,,,,,,,,,,,,san diego,San Diego,False,False,98.0,
1103772,MESA COMMONS APARTMENTS,6470 El Cajon Blvd,San Diego,CA,92115.0,41740.0,Metropolitan Statistical Area,San Diego,6073.0,6073002904.0,51.0,32.76659,-117.06069,Active,3,0,1,78,2014-01-01,2035-04-23,2069-01-01,SAN DIEGO COMMONS LP,For Profit,,,,,,,,,,2.0,52.0,24.0,,Family,1890.0,,,,,0,0,0,,,,,,,,,,,,,,,,,,,0,0,0,,,,,,,,,,,,,,,,,0,0,0,,,,,,,,,,,,,,,0,0,0,,,,,,,,,,,,,,,,,2,0,1,CAA20141050,Active,9% Tax Credit,2014-01-01,2069-01-01,77.0,New Construction,,CAA20147492,Active,,2014-01-01,2069-01-01,77.0,,,0,0,0,,,,,,,,,,,,,,,,,0,0,0,,,,,,,,,,,,,,,,,1,0,0,3376206559.0,Active,HOME,2015-04-23,2035-04-23,11.0,New Construction Only,,,,,,,,,,0,0,0,,,,,,,,,,,,,,,,,0,0,0,,,,,,,,,,,,,,,,,0,0,0,,,,,,,0,0,0,,,,,,,0,0,0,,,,,,,,,,,,,,,,,,san diego,San Diego,False,False,77.0,
1104272,LOFTS ON LANDIS,240 Landis Ave,Chula Vista,CA,91910.0,41740.0,Metropolitan Statistical Area,San Diego,6073.0,6073012302.0,52.0,32.642898,-117.081981,Active,2,0,1,33,2015-01-01,2036-06-19,2070-01-01,LOFTS ON LANDIS LP,Non-Profit,,,,,,,,,,6.0,15.0,12.0,,Family,1990.0,,,,,0,0,0,,,,,,,,,,,,,,,,,,,0,0,0,,,,,,,,,,,,,,,,,0,0,0,,,,,,,,,,,,,,,0,0,0,,,,,,,,,,,,,,,,,1,0,1,CAA20151017,Active,9% Tax Credit,2015-01-01,2070-01-01,32.0,New Construction,,,,,,,,,,0,0,0,,,,,,,,,,,,,,,,,0,0,0,,,,,,,,,,,,,,,,,1,0,0,3311600937.0,Active,HOME,2016-06-19,2036-06-19,11.0,Acquisition and New Construction,,,,,,,,,,0,0,0,,,,,,,,,,,,,,,,,0,0,0,,,,,,,,,,,,,,,,,0,0,0,,,,,,,0,0,0,,,,,,,0,0,0,,,,,,,,,,,,,,,,,,chula vista,Chula Vista,False,False,32.0,
1104934,WESTLAKE VILLAGE APARTMENTS PHASE II,417 Autumn Dr,San Marcos,CA,92069.0,41740.0,Metropolitan Statistical Area,San Diego,6073.0,6073020028.0,50.0,33.14231,-117.170766,Active,1,0,0,57,2013-01-01,2068-01-01,2068-01-01,RICHMAR HOUSING PARTNERS LP,Non-Profit,,,,,,,,,,21.0,18.0,18.0,,Family,1880.0,,,,,0,0,0,,,,,,,,,,,,,,,,,,,0,0,0,,,,,,,,,,,,,,,,,0,0,0,,,,,,,,,,,,,,,0,0,0,,,,,,,,,,,,,,,,,1,0,0,CAA2013485,Active,9% Tax Credit,2013-01-01,2068-01-01,56.0,New Construction,,,,,,,,,,0,0,0,,,,,,,,,,,,,,,,,0,0,0,,,,,,,,,,,,,,,,,0,0,0,,,,,,,,,,,,,,,,,0,0,0,,,,,,,,,,,,,,,,,0,0,0,,,,,,,,,,,,,,,,,0,0,0,,,,,,,0,0,0,,,,,,,0,0,0,,,,,,,,,,,,,,,,,,san marcos,San Marcos,False,False,56.0,
1104935,NORTH SANTA FE APARTMENTS,301 N Santa Fe Ave,Vista,CA,92084.0,41740.0,Metropolitan Statistical Area,San Diego,6073.0,6073019502.0,49.0,33.203955,-117.244831,Active,2,0,1,68,2015-01-01,2071-01-01,2071-01-01,NORTH SANTA FE HOUSING ASSOCIATES LP,Non-Profit,,,,,,,,,,18.0,29.0,21.0,,Family,1940.0,,,,,0,0,0,,,,,,,,,,,,,,,,,,,0,0,0,,,,,,,,,,,,,,,,,0,0,0,,,,,,,,,,,,,,,0,0,0,,,,,,,,,,,,,,,,,2,0,1,CAA20165372,Active,,2016-01-01,2071-01-01,66.0,,,CAA2016048,Active,9% Tax Credit,2016-01-01,2071-01-01,66.0,New Construction,,0,0,0,,,,,,,,,,,,,,,,,0,0,0,,,,,,,,,,,,,,,,,0,0,0,,,,,,,,,,,,,,,,,0,0,0,,,,,,,,,,,,,,,,,0,0,0,,,,,,,,,,,,,,,,,0,0,0,,,,,,,0,0,0,,,,,,,0,0,0,,,,,,,,,,,,,,,,,,vista,Vista,False,False,66.0,
1105055,PARKVIEW APARTMENTS SAN MARCOS,363 Autumn Dr,San Marcos,CA,92069.0,41740.0,Metropolitan Statistical Area,San Diego,6073.0,6073020028.0,50.0,33.143361,-117.16934,Active,1,0,0,84,2014-01-01,2062-01-01,2062-01-01,PARKVIEW SAN MARCOS II LP,For Profit,,,,,,,,,,19.0,38.0,27.0,,Family,1880.0,,,,,0,0,0,,,,,,,,,,,,,,,,,,,0,0,0,,,,,,,,,,,,,,,,,0,0,0,,,,,,,,,,,,,,,0,0,0,,,,,,,,,,,,,,,,,1,0,0,CAA2014432,Active,9% Tax Credit,2014-01-01,2062-01-01,82.0,New Construction,,,,,,,,,,0,0,0,,,,,,,,,,,,,,,,,0,0,0,,,,,,,,,,,,,,,,,0,0,0,,,,,,,,,,,,,,,,,0,0,0,,,,,,,,,,,,,,,,,0,0,0,,,,,,,,,,,,,,,,,0,0,0,,,,,,,0,0,0,,,,,,,0,0,0,,,,,,,,,,,,,,,,,,san marcos,San Marcos,False,False,82.0,
1105553,Celadon at 9TH & BROADWAY PHASE 1,929 9th Ave,San Diego,CA,92101.0,41740.0,Metropolitan Statistical Area,San Diego,6073.0,6073005202.0,50.0,32.715043,-117.156353,Active,3,0,0,393,2008-01-01,2063-01-01,2070-01-01,BROADWAY TOWER ASSOCIATES LP,Non-Profit,,,,,,,,,,129.0,0.0,0.0,,,,,,,,0,0,0,,,,,,,,,,,,,,,,,,,0,0,0,,,,,,,,,,,,,,,,,0,0,0,,,,,,,,,,,,,,,0,0,0,,,,,,,,,,,,,,,,,2,0,0,CAA0000028,Active,,2008-01-01,2063-01-01,393.0,,,CAA20151008,Active,9% Tax Credit,2015-01-01,2070-01-01,128.0,New Construction,,0,0,0,,,,,,,,,,,,,,,,,0,0,0,,,,,,,,,,,,,,,,,0,0,0,,,,,,,,,,,,,,,,,0,0,0,,,,,,,,,,,,,,,,,0,0,0,,,,,,,,,,,,,,,,,1,0,0,Active,Project Based Vouchers,78.0,,,,0,0,0,,,,,,,0,0,0,,,,,,,,,,,,,,,,,,san diego,San Diego,False,False,128.0,
1105641,ALPHA SQUARE 4,550 14th St,San Diego,CA,92101.0,41740.0,Metropolitan Statistical Area,San Diego,6073.0,6073005102.0,50.0,32.71094,-117.152043,Active,3,0,1,150,2015-01-01,2070-01-01,2070-01-01,ALPHA SQUARE 9% LP,For Profit,Royal Property Management,,,,,,,,,150.0,0.0,0.0,,Homeless,,,,,,0,0,0,,,,,,,,,,,,,,,,,,,0,0,0,,,,,,,,,,,,,,,,,0,0,0,,,,,,,,,,,,,,,0,0,0,,,,,,,,,,,,,,,,,2,0,1,CAA20151003,Active,9% Tax Credit,2015-01-01,2070-01-01,148.0,New Construction,,CAA20151004,Active,4% Tax Credit,2015-01-01,2070-01-01,53.0,New Construction,,0,0,0,,,,,,,,,,,,,,,,,0,0,0,,,,,,,,,,,,,,,,,0,0,0,,,,,,,,,,,,,,,,,0,0,0,,,,,,,,,,,,,,,,,0,0,0,,,,,,,,,,,,,,,,,1,0,0,Active,Project Based Vouchers,73.0,,,,0,0,0,,,,,,,0,0,0,,,,,,,,,,,,,,,,,,san diego,San Diego,False,False,148.0,
1105911,FAIRBANKS COMMONS,15870 Camino San Bernardo,San Diego,CA,92127.0,41740.0,Metropolitan Statistical Area,San Diego,6073.0,6073017065.0,50.0,33.014681,-117.126124,Active,1,0,0,165,2014-01-01,2068-01-01,2068-01-01,FAIRBANKS COMMONS CIC LP,For Profit,,,,,,,,,,19.0,80.0,66.0,,Family,,,,,,0,0,0,,,,,,,,,,,,,,,,,,,0,0,0,,,,,,,,,,,,,,,,,0,0,0,,,,,,,,,,,,,,,0,0,0,,,,,,,,,,,,,,,,,1,0,0,CAA2014399,Active,4% Tax Credit,2014-01-01,2068-01-01,163.0,New Construction,,,,,,,,,,0,0,0,,,,,,,,,,,,,,,,,0,0,0,,,,,,,,,,,,,,,,,0,0,0,,,,,,,,,,,,,,,,,0,0,0,,,,,,,,,,,,,,,,,0,0,0,,,,,,,,,,,,,,,,,0,0,0,,,,,,,0,0,0,,,,,,,0,0,0,,,,,,,,,,,,,,,,,,san diego,San Diego,False,False,163.0,
1106208,CASA DE CORTEZ,528 De Luz Rd,Fallbrook,CA,92028.0,41740.0,Metropolitan Statistical Area,San Diego,6073.0,6073018903.0,48.0,33.385945,-117.252813,Active,3,0,4,32,1972-02-01,2040-07-31,2068-01-01,Cortez Preservation Limited Partnership,Profit Motivated,FPI MANAGEMENT INC,Profit Motivated,800001183.0,90,2025-11-20,83c,2023-03-14,93c,2017-05-11,8.0,14.0,10.0,85.0,Family,1660.0,1969-01-01,1969-01-01,88.0,158.0,1,0,0,CA33M000093,Active,Preservation,1b: Discretionary Authority Eligibility Mark-Up-To-Market,2020-08-01,2040-07-31,28.0,61.85,,,,,,,,,,,0,0,0,,,,,,,,,,,,,,,,,0,0,0,,,,,,,,,,,,,,,1,0,4,12935125.0,Active,223(A)(7)/221(D)(4) MKT REFI/ MODERATE,2017-08-01,2057-07-01,32.0,3169743.0,,,,,,,,,,1,0,0,CAA2013315,Active,4% Tax Credit,2013-01-01,2068-01-01,31.0,Acquisition and Rehab,,,,,,,,,,0,0,0,,,,,,,,,,,,,,,,,0,0,0,,,,,,,,,,,,,,,,,0,0,0,,,,,,,,,,,,,,,,,0,0,0,,,,,,,,,,,,,,,,,0,0,0,,,,,,,,,,,,,,,,,0,0,0,,,,,,,0,0,0,,,,,,,0,0,0,,,,,,,,,,,,,,,,,,fallbrook,Unincorporated San Diego County,False,False,32.0,
1106268,CITRONICA TWO,7701 North Ave,Lemon Grove,CA,91945.0,41740.0,Metropolitan Statistical Area,San Diego,6073.0,6073014400.0,51.0,32.74431,-117.03169,Active,1,0,0,80,2014-01-01,2069-01-01,2069-01-01,CITRONICA TWO LP,For Profit,,,,,,,,,,79.0,1.0,0.0,,Elderly or Disabled,1890.0,,,,,0,0,0,,,,,,,,,,,,,,,,,,,0,0,0,,,,,,,,,,,,,,,,,0,0,0,,,,,,,,,,,,,,,0,0,0,,,,,,,,,,,,,,,,,1,0,0,CAA2014387,Active,9% Tax Credit,2014-01-01,2069-01-01,79.0,New Construction,,,,,,,,,,0,0,0,,,,,,,,,,,,,,,,,0,0,0,,,,,,,,,,,,,,,,,0,0,0,,,,,,,,,,,,,,,,,0,0,0,,,,,,,,,,,,,,,,,0,0,0,,,,,,,,,,,,,,,,,0,0,0,,,,,,,0,0,0,,,,,,,0,0,0,,,,,,,,,,,,,,,,,,lemon grove,Lemon Grove,False,False,79.0,
1106525,VISTA LA ROSA APARTMENTS,2002 Rimbey Ave,San Diego,CA,92154.0,41740.0,Metropolitan Statistical Area,San Diego,6073.0,6073010110.0,52.0,32.569145,-117.089527,Active,2,0,3,240,1971-11-01,2031-01-01,2041-03-31,STANDARD VLR VENTURE LP,Profit Motivated,APARTMENT MANAGEMENT CONSULTANTS LLC,Profit Motivated,800213472.0,97b*,2021-09-24,96b*,2018-07-31,69c,2016-04-25,0.0,200.0,40.0,77.0,Family,2060.0,1968-01-01,1968-01-01,97.0,219.0,1,0,0,CA33M000047,Active,LMSA,1b: Discretionary Authority Eligibility Mark-Up-To-Market,2021-04-01,2041-03-31,182.0,73.64,,,,,,,,,,,0,0,0,,,,,,,,,,,,,,,,,0,0,0,,,,,,,,,,,,,,,0,0,0,,,,,,,,,,,,,,,,,1,0,0,CAA2001615,Active,4% Tax Credit,2001-01-01,2031-01-01,238.0,Acquisition and Rehab,,,,,,,,,,0,0,0,,,,,,,,,,,,,,,,,0,0,0,,,,,,,,,,,,,,,,,0,0,0,,,,,,,,,,,,,,,,,0,0,0,,,,,,,,,,,,,,,,,0,0,0,,,,,,,,,,,,,,,,,0,0,0,,,,,,,0,0,0,,,,,,,0,0,0,,,,,,,,,,,,,,,,,,san diego,San Diego,False,True,238.0,238.0
1106804,MONTECITO VILLAGE,1464 Montecito Rd,Ramona,CA,92065.0,41740.0,Metropolitan Statistical Area,San Diego,6073.0,6073020806.0,48.0,33.038858,-116.878135,Active,2,0,0,70,2009-01-01,2045-06-30,2063-01-01,Ramona Preservation LP,Profit Motivated,JOHN STEWART COMPANY,Profit Motivated,800002000.0,89b,2021-12-08,95c,2018-11-30,99b*,2015-10-20,16.0,24.0,30.0,80.0,Family,1960.0,1980-01-01,1980-01-01,93.0,193.0,1,0,0,CA16H113095,Active,HFDA/8 NC,1b: Discretionary Authority Eligibility Mark-Up-To-Market,2025-07-01,2045-06-30,70.0,80.35,,,,,,,,,,,0,0,0,,,,,,,,,,,,,,,,,0,0,0,,,,,,,,,,,,,,,0,0,0,,,,,,,,,,,,,,,,,1,0,0,CAA2009285,Active,4% Tax Credit,2009-01-01,2063-01-01,69.0,Acquisition and Rehab,,,,,,,,,,0,0,0,,,,,,,,,,,,,,,,,0,0,0,,,,,,,,,,,,,,,,,0,0,0,,,,,,,,,,,,,,,,,0,0,0,,,,,,,,,,,,,,,,,0,0,0,,,,,,,,,,,,,,,,,0,0,0,,,,,,,0,0,0,,,,,,,0,0,0,,,,,,,,,,,,,,,,,,ramona,Unincorporated San Diego County,False,False,70.0,
1106972,SORRENTO TOWER,2875 Cowley Way,San Diego,CA,92110.0,41740.0,Metropolitan Statistical Area,San Diego,6073.0,6073009102.0,51.0,32.793986,-117.191087,Active,2,0,2,198,1977-03-01,2043-05-31,2065-01-01,SORRENTO TOWER HOUSING PARTNERS LP,Profit Motivated,ROYAL PROPERTY MANAGEMENT GROUP INC,Profit Motivated,800002462.0,94,2025-07-15,99b,2022-08-25,95b,2019-09-17,197.0,1.0,0.0,96.0,Elderly,2240.0,1974-01-01,1974-01-01,99.0,126.0,1,0,0,CA33M000055,Active,LMSA,1b: Discretionary Authority Eligibility Mark-Up-To-Market,2023-06-01,2043-05-31,165.0,114.55,,,,,,,,,,,0,0,0,,,,,,,,,,,,,,,,,0,0,0,,,,,,,,,,,,,,,0,0,0,,,,,,,,,,,,,,,,,1,0,0,CAA2011442,Active,4% Tax Credit,2011-01-01,2065-01-01,196.0,Acquisition and Rehab,,,,,,,,,,0,0,0,,,,,,,,,,,,,,,,,0,0,0,,,,,,,,,,,,,,,,,0,0,0,,,,,,,,,,,,,,,,,0,0,0,,,,,,,,,,,,,,,,,0,0,0,,,,,,,,,,,,,,,,,0,0,0,,,,,,,0,0,0,,,,,,,0,0,0,,,,,,,,,,,,,,,,,,san diego,San Diego,False,False,196.0,
1107403,GOLDEN AGE GARDENS APARTMENTS,740 S 36th St,San Diego,CA,92113.0,41740.0,Metropolitan Statistical Area,San Diego,6073.0,6073003502.0,52.0,32.698594,-117.118086,Active,3,0,1,76,2010-01-01,2042-04-30,2064-01-01,Golden Age Garden Housing Partners L.P.,Profit Motivated,LOGAN PROPERTY MANAGEMENT INC,Profit Motivated,800001572.0,88,2025-06-13,97b,2022-05-26,98b,2018-05-10,75.0,1.0,0.0,100.0,Elderly,1620.0,1980-01-01,1980-01-01,99.0,110.0,1,0,0,CA16H113068,Active,HFDA/8 NC,1b: Discretionary Authority Eligibility Mark-Up-To-Market,2022-05-01,2042-04-30,75.0,75.09,,,,,,,,,,,0,0,0,,,,,,,,,,,,,,,,,0,0,0,,,,,,,,,,,,,,,1,0,0,12911137.0,Active,207/ 223(F) PUR/ REFIN HSG,2023-03-01,2058-02-01,76.0,13053940.0,,,,,,,,,,1,0,0,CAA2010107,Active,4% Tax Credit,2010-01-01,2064-01-01,75.0,Acquisition and Rehab,,,,,,,,,,0,0,0,,,,,,,,,,,,,,,,,0,0,0,,,,,,,,,,,,,,,,,0,0,0,,,,,,,,,,,,,,,,,0,0,0,,,,,,,,,,,,,,,,,0,0,0,,,,,,,,,,,,,,,,,0,0,0,,,,,,,0,0,0,,,,,,,0,0,0,,,,,,,,,,,,,,,,,,san diego,San Diego,False,False,76.0,
1107687,CARLTON COUNTRY CLUB VILLAS,9345 Carlton Oaks Dr,Santee,CA,92071.0,41740.0,Metropolitan Statistical Area,San Diego,6073.0,6073016614.0,48.0,32.846006,-116.995754,Active,2,0,3,130,1973-10-01,2038-04-30,2073-01-01,Santee Affordable Communities L.P.,Profit Motivated,LOGAN PROPERTY MANAGEMENT INC,Profit Motivated,800001172.0,86c,2022-07-14,96b,2019-06-06,94b*,2014-10-24,24.0,68.0,38.0,88.0,Family,2140.0,1971-01-01,1971-01-01,99.0,36.0,1,0,0,CA33M000101,Active,Preservation,5b: Request Contract Renewal for a Preservation Project,2018-05-01,2038-04-30,121.0,73.69,,,,,,,,,,,0,0,0,,,,,,,,,,,,,,,,,0,0,0,,,,,,,,,,,,,,,0,0,0,,,,,,,,,,,,,,,,,1,0,1,CAA20181017,Active,4% Tax Credit,2018-01-01,2073-01-01,129.0,Acquisition and Rehab,,,,,,,,,,0,0,0,,,,,,,,,,,,,,,,,0,0,0,,,,,,,,,,,,,,,,,0,0,0,,,,,,,,,,,,,,,,,0,0,0,,,,,,,,,,,,,,,,,0,0,0,,,,,,,,,,,,,,,,,0,0,0,,,,,,,0,0,0,,,,,,,0,0,0,,,,,,,,,,,,,,,,,,santee,Santee,False,False,129.0,
1108368,CHAMBERS SENIOR RESIDENCES SITE A,360 Linda Way,El Cajon,CA,92020.0,41740.0,Metropolitan Statistical Area,San Diego,6073.0,6073015801.0,51.0,32.79632,-116.96583,Active,1,0,1,49,2013-01-01,2068-01-01,2068-01-01,,,,,,,,,,,,,,,,,1840.0,,,,,0,0,0,,,,,,,,,,,,,,,,,,,0,0,0,,,,,,,,,,,,,,,,,0,0,0,,,,,,,,,,,,,,,0,0,0,,,,,,,,,,,,,,,,,1,0,1,CAA20139493,Active,,2013-01-01,2068-01-01,48.0,,,,,,,,,,,0,0,0,,,,,,,,,,,,,,,,,0,0,0,,,,,,,,,,,,,,,,,0,0,0,,,,,,,,,,,,,,,,,0,0,0,,,,,,,,,,,,,,,,,0,0,0,,,,,,,,,,,,,,,,,0,0,0,,,,,,,0,0,0,,,,,,,0,0,0,,,,,,,,,,,,,,,,,,el cajon,El Cajon,False,False,,
1108452,OXFORD TERRACE,555 Oxford St,Chula Vista,CA,91911.0,41740.0,Metropolitan Statistical Area,San Diego,6073.0,6073013206.0,52.0,32.607003,-117.077439,Active,2,0,2,132,1972-03-01,2045-04-30,2062-01-01,Oxford Terrace Housing L.P.,Profit Motivated,ROYAL PROPERTY MANAGEMENT GROUP INC,Profit Motivated,800002109.0,96b,2023-06-08,87c,2021-07-19,91c*,2018-10-02,40.0,61.0,6.0,100.0,Family,1980.0,1969-01-01,1969-01-01,100.0,199.0,1,0,0,CA33M000028,Active,LMSA,5b: Request Contract Renewal for a Preservation Project,2025-05-01,2045-04-30,26.0,72.95,,,,,,,,,,,0,0,0,,,,,,,,,,,,,,,,,0,0,0,,,,,,,,,,,,,,,0,0,0,,,,,,,,,,,,,,,,,1,0,0,CAA2008600,Active,4% Tax Credit,2008-01-01,2062-01-01,105.0,Acquisition and Rehab,,,,,,,,,,0,0,0,,,,,,,,,,,,,,,,,0,0,0,,,,,,,,,,,,,,,,,0,0,0,,,,,,,,,,,,,,,,,0,0,0,,,,,,,,,,,,,,,,,0,0,0,,,,,,,,,,,,,,,,,0,0,0,,,,,,,0,0,0,,,,,,,0,0,0,,,,,,,,,,,,,,,,,,chula vista,Chula Vista,False,False,105.0,
1116680,FIREBIRD MANOR,444 Firebird Ln,San Marcos,CA,92069.0,41740.0,Metropolitan Statistical Area,San Diego,6073.0,6073020021.0,50.0,33.14598,-117.164719,Active,1,0,1,38,1995-07-03,2028-04-24,2028-04-24,HOUSING AUTHORITY OF THE COUNTY OF SAN DIEGO,Non-Profit,HYDER & COMPANY,,,,,,,,,0.0,30.0,38.0,,Family,1880.0,,,,,0,0,0,,,,,,,,,,,,,,,,,,,0,0,0,,,,,,,,,,,,,,,,,0,0,0,,,,,,,,,,,,,,,0,0,0,,,,,,,,,,,,,,,,,0,0,0,,,,,,,,,,,,,,,,,1,0,0,592185452016.0,Active,514 Off-Farm,1995-07-03,2028-04-24,37.0,,,,,,,,,,,0,0,0,,,,,,,,,,,,,,,,,0,0,0,,,,,,,,,,,,,,,,,0,0,0,,,,,,,,,,,,,,,,,0,0,0,,,,,,,,,,,,,,,,,0,0,0,,,,,,,0,0,0,,,,,,,0,0,0,,,,,,,,,,,,,,,,,45544.0,san marcos,San Marcos,False,True,37.0,37.0
1117136,PEPPERTREE APARTMENTS,130 14th St,Ramona,CA,92065.0,41740.0,Metropolitan Statistical Area,San Diego,6073.0,6073020806.0,48.0,33.041094,-116.875581,Active,2,0,0,32,1981-01-15,2035-12-04,2038-06-23,SAWTOOTH PROPERTIES,For Profit,HYDER & COMPANY,For Profit,800002179.0,83,2025-06-03,96a*,2022-02-11,85c,2019-12-09,32.0,32.0,0.0,90.0,Family,1960.0,1978-01-01,1978-01-01,86.0,166.0,1,0,0,CA16R000004,Active,515/8 NC,4: Request Renewal for Projects Exempt from OAHP,2015-12-05,2035-12-04,32.0,55.24,,,,,,,,,,,0,0,0,,,,,,,,,,,,,,,,,0,0,0,,,,,,,,,,,,,,,0,0,0,,,,,,,,,,,,,,,,,0,0,0,,,,,,,,,,,,,,,,,1,0,0,625700107017.0,Active,515 Rural Housing,1981-01-15,2038-06-23,,1168698.0,,,,,,,,,,0,0,0,,,,,,,,,,,,,,,,,0,0,0,,,,,,,,,,,,,,,,,0,0,0,,,,,,,,,,,,,,,,,0,0,0,,,,,,,,,,,,,,,,,0,0,0,,,,,,,0,0,0,,,,,,,0,0,0,,,,,,,,,,,,,,,,,14144.0,ramona,Unincorporated San Diego County,False,False,32.0,
1117514,COUNTRYSIDE APARTMENTS I,612 14th St,Ramona,CA,92065.0,41740.0,Metropolitan Statistical Area,San Diego,6073.0,6073020806.0,48.0,33.03614,-116.871889,Active,1,0,0,34,1985-11-22,2035-10-27,2035-10-27,RAMONA INV GRP GP,Limited Profit,THE CBM GROUP INC,For Profit,,,,,,,,6.0,23.0,5.0,,Family,1960.0,,,,,0,0,0,,,,,,,,,,,,,,,,,,,0,0,0,,,,,,,,,,,,,,,,,0,0,0,,,,,,,,,,,,,,,0,0,0,,,,,,,,,,,,,,,,,0,0,0,,,,,,,,,,,,,,,,,1,0,0,653278588019.0,Active,515 Rural Housing,1985-11-22,2035-10-27,27.0,1404822.0,,,,,,,,,,0,0,0,,,,,,,,,,,,,,,,,0,0,0,,,,,,,,,,,,,,,,,0,0,0,,,,,,,,,,,,,,,,,0,0,0,,,,,,,,,,,,,,,,,0,0,0,,,,,,,0,0,0,,,,,,,0,0,0,,,,,,,,,,,,,,,,,51477.0,ramona,Unincorporated San Diego County,False,False,27.0,
1121108,COUNTRYSIDE APARTMENTS II,620 14th St,Ramona,CA,92065.0,41740.0,Metropolitan Statistical Area,San Diego,6073.0,6073020806.0,48.0,33.035701,-116.871544,Active,1,0,0,34,1985-11-22,2035-09-27,2035-09-27,RAMONA INV GRP 2 LP,Limited Profit,THE CBM GROUP INC,For Profit,,,,,,,,4.0,23.0,7.0,,Family,1960.0,,,,,0,0,0,,,,,,,,,,,,,,,,,,,0,0,0,,,,,,,,,,,,,,,,,0,0,0,,,,,,,,,,,,,,,0,0,0,,,,,,,,,,,,,,,,,0,0,0,,,,,,,,,,,,,,,,,1,0,0,902123384010.0,Active,515 Rural Housing,1985-11-22,2035-09-27,23.0,1404838.0,,,,,,,,,,0,0,0,,,,,,,,,,,,,,,,,0,0,0,,,,,,,,,,,,,,,,,0,0,0,,,,,,,,,,,,,,,,,0,0,0,,,,,,,,,,,,,,,,,0,0,0,,,,,,,0,0,0,,,,,,,0,0,0,,,,,,,,,,,,,,,,,51478.0,ramona,Unincorporated San Diego County,False,False,23.0,
1127093,,1715 Orion Ave,Chula Vista,CA,91915.0,41740.0,Metropolitan Statistical Area,San Diego,6073.0,6073013319.0,52.0,32.6166,-116.964,Active,1,0,0,11,2018-07-02,2038-07-02,2038-07-02,F STREET FAMILY CIC LP C O CHELSEA INVESTMENT,,,,,,,,,,,,,,,,,,,,,0,0,0,,,,,,,,,,,,,,,,,,,0,0,0,,,,,,,,,,,,,,,,,0,0,0,,,,,,,,,,,,,,,0,0,0,,,,,,,,,,,,,,,,,0,0,0,,,,,,,,,,,,,,,,,0,0,0,,,,,,,,,,,,,,,,,0,0,0,,,,,,,,,,,,,,,,,1,0,0,3311601018.0,Active,HOME,2018-07-02,2038-07-02,11.0,New Construction Only,,,,,,,,,,0,0,0,,,,,,,,,,,,,,,,,0,0,0,,,,,,,,,,,,,,,,,0,0,0,,,,,,,0,0,0,,,,,,,0,0,0,,,,,,,,,,,,,,,,,,chula vista,Chula Vista,False,False,11.0,
1127094,,536 Anita St,Chula Vista,CA,91911.0,41740.0,Metropolitan Statistical Area,San Diego,6073.0,6073013206.0,52.0,32.598627,-117.07543,Active,1,0,0,1,2015-09-17,2030-09-17,2030-09-17,,,,,,,,,,,,,,,,,1980.0,,,,,0,0,0,,,,,,,,,,,,,,,,,,,0,0,0,,,,,,,,,,,,,,,,,0,0,0,,,,,,,,,,,,,,,0,0,0,,,,,,,,,,,,,,,,,0,0,0,,,,,,,,,,,,,,,,,0,0,0,,,,,,,,,,,,,,,,,0,0,0,,,,,,,,,,,,,,,,,1,0,0,3311600989.0,Active,HOME,2015-09-17,2030-09-17,1.0,Acquisition and Rehabilitation,,,,,,,,,,0,0,0,,,,,,,,,,,,,,,,,0,0,0,,,,,,,,,,,,,,,,,0,0,0,,,,,,,0,0,0,,,,,,,0,0,0,,,,,,,,,,,,,,,,,,chula vista,Chula Vista,False,True,1.0,1.0
1127101,CROSSINGS @ ESCONDIDO MANOR,1150 N BROADWAY,Escondido,CA,92026.0,41740.0,,San Diego,6073.0,6073020108.0,48.0,33.136779,-117.087959,Active,1,0,0,28,2016-04-05,2031-04-05,2031-04-05,URBAN HOUSING COMMUNITIES,,,,,,,,,,,,,,,,1990.0,,,,,0,0,0,,,,,,,,,,,,,,,,,,,0,0,0,,,,,,,,,,,,,,,,,0,0,0,,,,,,,,,,,,,,,0,0,0,,,,,,,,,,,,,,,,,0,0,0,,,,,,,,,,,,,,,,,0,0,0,,,,,,,,,,,,,,,,,0,0,0,,,,,,,,,,,,,,,,,1,0,0,3326901458.0,Active,HOME,2016-04-05,2031-04-05,28.0,Acquisition and Rehabilitation,,,,,,,,,,0,0,0,,,,,,,,,,,,,,,,,0,0,0,,,,,,,,,,,,,,,,,0,0,0,,,,,,,0,0,0,,,,,,,0,0,0,,,,,,,,,,,,,,,,,,escondido,Escondido,False,True,28.0,28.0
1127102,,557 Aster St,Escondido,CA,92027.0,41740.0,Metropolitan Statistical Area,San Diego,6073.0,6073020206.0,48.0,33.137616,-117.058858,Active,1,0,0,4,2018-06-07,2033-06-07,2033-06-07,INTERFAITH COMMUNITY SERVICES,,,,,,,,,,,,,,,,1930.0,,,,,0,0,0,,,,,,,,,,,,,,,,,,,0,0,0,,,,,,,,,,,,,,,,,0,0,0,,,,,,,,,,,,,,,0,0,0,,,,,,,,,,,,,,,,,0,0,0,,,,,,,,,,,,,,,,,0,0,0,,,,,,,,,,,,,,,,,0,0,0,,,,,,,,,,,,,,,,,1,0,0,3326901504.0,Active,HOME,2018-06-07,2033-06-07,4.0,Acquisition and Rehabilitation,,,,,,,,,,0,0,0,,,,,,,,,,,,,,,,,0,0,0,,,,,,,,,,,,,,,,,0,0,0,,,,,,,0,0,0,,,,,,,0,0,0,,,,,,,,,,,,,,,,,,escondido,Escondido,False,False,4.0,
1127156,,3200 Mission Ave,Oceanside,CA,92058.0,41740.0,Metropolitan Statistical Area,San Diego,6073.0,6073018616.0,49.0,33.213845,-117.348246,Active,2,0,0,138,2015-06-30,2035-06-30,2036-06-30,NATIONAL COMMUNITY RENAISSANCE,,,,,,,,,,,,,,,,,,,,,0,0,0,,,,,,,,,,,,,,,,,,,0,0,0,,,,,,,,,,,,,,,,,0,0,0,,,,,,,,,,,,,,,0,0,0,,,,,,,,,,,,,,,,,0,0,0,,,,,,,,,,,,,,,,,0,0,0,,,,,,,,,,,,,,,,,0,0,0,,,,,,,,,,,,,,,,,2,0,0,3371101092.0,Active,HOME,2015-06-30,2035-06-30,11.0,New Construction Only,,3371101170.0,Active,HOME,2016-06-30,2036-06-30,11.0,New Construction Only,,0,0,0,,,,,,,,,,,,,,,,,0,0,0,,,,,,,,,,,,,,,,,0,0,0,,,,,,,0,0,0,,,,,,,0,0,0,,,,,,,,,,,,,,,,,,oceanside,Oceanside,False,False,11.0,
1127158,MISSION COVE FAMILY II D DVLP,3200D Mission Ave,Oceanside,CA,92058.0,41740.0,Metropolitan Statistical Area,San Diego,6073.0,6073018616.0,49.0,33.213845,-117.348246,Active,1,0,0,60,2017-08-28,2037-08-28,2037-08-28,NATIONAL COMMUNITY RENAUSANCE,,,,,,,,,,,,,,,,,,,,,0,0,0,,,,,,,,,,,,,,,,,,,0,0,0,,,,,,,,,,,,,,,,,0,0,0,,,,,,,,,,,,,,,0,0,0,,,,,,,,,,,,,,,,,0,0,0,,,,,,,,,,,,,,,,,0,0,0,,,,,,,,,,,,,,,,,0,0,0,,,,,,,,,,,,,,,,,1,0,0,3371101198.0,Active,HOME,2017-08-28,2037-08-28,11.0,New Construction Only,,,,,,,,,,0,0,0,,,,,,,,,,,,,,,,,0,0,0,,,,,,,,,,,,,,,,,0,0,0,,,,,,,0,0,0,,,,,,,0,0,0,,,,,,,,,,,,,,,,,,oceanside,Oceanside,False,False,11.0,
1127192,CYPRESS APARTMENTS,1435 Imperial Ave,San Diego,CA,92101.0,41740.0,Metropolitan Statistical Area,San Diego,6073.0,6073005103.0,50.0,32.706036,-117.151288,Active,2,0,0,63,2018-02-06,2038-02-06,2038-02-06,IMPERIAL URBAN HOUSING PARTNERS LP,,,,,,,,,,,,,,,,,,,,,0,0,0,,,,,,,,,,,,,,,,,,,0,0,0,,,,,,,,,,,,,,,,,0,0,0,,,,,,,,,,,,,,,0,0,0,,,,,,,,,,,,,,,,,0,0,0,,,,,,,,,,,,,,,,,0,0,0,,,,,,,,,,,,,,,,,0,0,0,,,,,,,,,,,,,,,,,1,0,0,3376206860.0,Active,HOME,2018-02-06,2038-02-06,23.0,Acquisition and New Construction,,,,,,,,,,0,0,0,,,,,,,,,,,,,,,,,0,0,0,,,,,,,,,,,,,,,,,1,0,0,Active,Project Based Vouchers,60.0,,,,0,0,0,,,,,,,0,0,0,,,,,,,,,,,,,,,,,,san diego,San Diego,False,False,60.0,
1127193,NORTH PARK SENIOR APARTMENTS,4200 Arizona St,San Diego,CA,92104.0,41740.0,,San Diego,6073.0,6073000901.0,50.0,32.754355,-117.137613,Active,1,0,0,76,2018-08-27,2038-08-27,2038-08-27,TEXAS STREET SENIOR HOUSING LP,,,,,,,,,,,,,,,,,,,,,0,0,0,,,,,,,,,,,,,,,,,,,0,0,0,,,,,,,,,,,,,,,,,0,0,0,,,,,,,,,,,,,,,0,0,0,,,,,,,,,,,,,,,,,0,0,0,,,,,,,,,,,,,,,,,0,0,0,,,,,,,,,,,,,,,,,0,0,0,,,,,,,,,,,,,,,,,1,0,0,3376206977.0,Active,HOME,2018-08-27,2038-08-27,11.0,Acquisition and New Construction,,,,,,,,,,0,0,0,,,,,,,,,,,,,,,,,0,0,0,,,,,,,,,,,,,,,,,0,0,0,,,,,,,0,0,0,,,,,,,0,0,0,,,,,,,,,,,,,,,,,,san diego,San Diego,False,False,11.0,
1127194,TALMADGE GATEWAY,4422 Euclid Ave,San Diego,CA,92115.0,41740.0,Metropolitan Statistical Area,San Diego,6073.0,6073002301.0,51.0,32.757046,-117.09256,Active,4,0,0,60,2017-01-01,2037-09-19,2072-01-01,TALMADGE GATEWAY LP,For Profit,CONAM Management Corporation,,,,,,,,,59.0,1.0,0.0,,Elderly or Disabled,1890.0,,,,,0,0,0,,,,,,,,,,,,,,,,,,,0,0,0,,,,,,,,,,,,,,,,,0,0,0,,,,,,,,,,,,,,,0,0,0,,,,,,,,,,,,,,,,,1,0,0,CAA2017058,Active,9% Tax Credit,2017-01-01,2072-01-01,59.0,New Construction,,,,,,,,,,0,0,0,,,,,,,,,,,,,,,,,0,0,0,,,,,,,,,,,,,,,,,1,0,0,3376206927.0,Active,HOME,2017-09-19,2037-09-19,22.0,Acquisition and New Construction,,,,,,,,,,0,0,0,,,,,,,,,,,,,,,,,1,0,0,CA-2015-138,Active,CA California State Low Income Housing Tax Credit,2017-05-31,2072-01-01,59.0,,New Construction Only,,,,,,,,,1,0,0,Active,Project Based Vouchers,57.0,,,,0,0,0,,,,,,,0,0,0,,,,,,,,,,,,,,,,,,san diego,San Diego,False,False,59.0,
1127195,,4982 MARKET ST,San Diego,CA,92102.0,41740.0,,San Diego,6073.0,6073003404.0,52.0,32.710632,-117.086685,Active,1,0,0,11,2017-06-19,2037-06-19,2037-06-19,TROLLEY RESIDENTIAL CIC LP,,,,,,,,,,,,,,,,1780.0,,,,,0,0,0,,,,,,,,,,,,,,,,,,,0,0,0,,,,,,,,,,,,,,,,,0,0,0,,,,,,,,,,,,,,,0,0,0,,,,,,,,,,,,,,,,,0,0,0,,,,,,,,,,,,,,,,,0,0,0,,,,,,,,,,,,,,,,,0,0,0,,,,,,,,,,,,,,,,,1,0,0,3376206851.0,Active,HOME,2017-06-19,2037-06-19,11.0,Acquisition and New Construction,,,,,,,,,,0,0,0,,,,,,,,,,,,,,,,,0,0,0,,,,,,,,,,,,,,,,,0,0,0,,,,,,,0,0,0,,,,,,,0,0,0,,,,,,,,,,,,,,,,,,san diego,San Diego,False,False,11.0,
1127196,,7811 Mission Gorge Rd,San Diego,CA,92120.0,41740.0,Metropolitan Statistical Area,San Diego,6073.0,6073009704.0,51.0,32.810761,-117.066153,Active,1,0,0,90,2018-10-16,2038-10-16,2038-10-16,MESA VERDE CIC LP,,,,,,,,,,,,,,,,2360.0,,,,,0,0,0,,,,,,,,,,,,,,,,,,,0,0,0,,,,,,,,,,,,,,,,,0,0,0,,,,,,,,,,,,,,,0,0,0,,,,,,,,,,,,,,,,,0,0,0,,,,,,,,,,,,,,,,,0,0,0,,,,,,,,,,,,,,,,,0,0,0,,,,,,,,,,,,,,,,,1,0,0,3376206975.0,Active,HOME,2018-10-16,2038-10-16,11.0,Acquisition and New Construction,,,,,,,,,,0,0,0,,,,,,,,,,,,,,,,,0,0,0,,,,,,,,,,,,,,,,,0,0,0,,,,,,,0,0,0,,,,,,,0,0,0,,,,,,,,,,,,,,,,,,san diego,San Diego,False,False,11.0,
1127197,,827 C Ave,San Diego,CA,92118.0,41740.0,Metropolitan Statistical Area,San Diego,6073.0,6073010900.0,50.0,32.687618,-117.176956,Active,1,0,0,72,2017-02-01,2032-02-01,2032-02-01,SAN DIEGO HOUSING COMMISSION,,,,,,,,,,,,,,,,3190.0,,,,,0,0,0,,,,,,,,,,,,,,,,,,,0,0,0,,,,,,,,,,,,,,,,,0,0,0,,,,,,,,,,,,,,,0,0,0,,,,,,,,,,,,,,,,,0,0,0,,,,,,,,,,,,,,,,,0,0,0,,,,,,,,,,,,,,,,,0,0,0,,,,,,,,,,,,,,,,,1,0,0,3376206578.0,Active,HOME,2017-02-01,2032-02-01,22.0,Rehabilitation Only,,,,,,,,,,0,0,0,,,,,,,,,,,,,,,,,0,0,0,,,,,,,,,,,,,,,,,0,0,0,,,,,,,0,0,0,,,,,,,0,0,0,,,,,,,,,,,,,,,,,,san diego,San Diego,False,False,22.0,
1127198,,2201 Commercial St,San Diego,CA,92102.0,41740.0,,San Diego,6073.0,6073004900.0,52.0,32.705019,-117.14377,Active,1,0,0,70,2015-07-28,2035-07-28,2035-07-28,COMM 22 SENIOR HOUSING LP,,,,,,,,,,,,,,,,1620.0,,,,,0,0,0,,,,,,,,,,,,,,,,,,,0,0,0,,,,,,,,,,,,,,,,,0,0,0,,,,,,,,,,,,,,,0,0,0,,,,,,,,,,,,,,,,,0,0,0,,,,,,,,,,,,,,,,,0,0,0,,,,,,,,,,,,,,,,,0,0,0,,,,,,,,,,,,,,,,,1,0,0,3376206347.0,Active,HOME,2015-07-28,2035-07-28,29.0,New Construction Only,,,,,,,,,,0,0,0,,,,,,,,,,,,,,,,,0,0,0,,,,,,,,,,,,,,,,,0,0,0,,,,,,,0,0,0,,,,,,,0,0,0,,,,,,,,,,,,,,,,,,san diego,San Diego,False,False,29.0,
1127203,EASTGATE,16 Creekside Dr,San Marcos,CA,92078.0,41740.0,Metropolitan Statistical Area,San Diego,6073.0,6073020029.0,50.0,33.135319,-117.179222,Active,2,0,0,42,2017-01-01,2038-02-02,2072-01-01,EASTGATE FAMILY HOUSING PARTNERS LP,For Profit,,,,,,,,,,11.0,18.0,13.0,,Family,1880.0,,,,,0,0,0,,,,,,,,,,,,,,,,,,,0,0,0,,,,,,,,,,,,,,,,,0,0,0,,,,,,,,,,,,,,,0,0,0,,,,,,,,,,,,,,,,,1,0,0,CAA20172004,Active,4% Tax Credit,2017-01-01,2072-01-01,41.0,New Construction,,,,,,,,,,0,0,0,,,,,,,,,,,,,,,,,0,0,0,,,,,,,,,,,,,,,,,1,0,0,3377902874.0,Active,HOME,2018-02-02,2038-02-02,11.0,Acquisition and New Construction,,,,,,,,,,0,0,0,,,,,,,,,,,,,,,,,0,0,0,,,,,,,,,,,,,,,,,0,0,0,,,,,,,0,0,0,,,,,,,0,0,0,,,,,,,,,,,,,,,,,,san marcos,San Marcos,False,False,41.0,
1129637,ATMOSPHERE II,1453 4th Ave,San Diego,CA,92101.0,41740.0,Metropolitan Statistical Area,San Diego,6073.0,6073005601.0,50.0,32.720613,-117.160839,Active,4,0,0,105,2017-01-01,2033-04-12,2072-01-01,WAKELAND ATMOSHPHERE II LP,Non-Profit,CONAM Management Corporation,,,,,,,,,30.0,60.0,15.0,,Family,,,,,,0,0,0,,,,,,,,,,,,,,,,,,,0,0,0,,,,,,,,,,,,,,,,,0,0,0,,,,,,,,,,,,,,,0,0,0,,,,,,,,,,,,,,,,,1,0,0,CAA2017015,Active,4% Tax Credit,2017-01-01,2072-01-01,103.0,New Construction,,,,,,,,,,0,0,0,,,,,,,,,,,,,,,,,0,0,0,,,,,,,,,,,,,,,,,1,0,0,3376206814.0,Active,HOME,2018-04-12,2033-04-12,11.0,Acquisition and Rehabilitation,,,,,,,,,,0,0,0,,,,,,,,,,,,,,,,,1,0,0,CA-2014-105,Active,CA California State Low Income Housing Tax Credit,2017-03-21,2072-01-01,99.0,,New Construction Only,,,,,,,,,1,0,0,Active,Project Based Vouchers,51.0,,,,0,0,0,,,,,,,0,0,0,,,,,,,,,,,,,,,,,,san diego,San Diego,False,False,103.0,
1129902,SOLUTIONS ESCONDIDO FKA ESCONDIDO SITE,1560 S Escondido Blvd,Escondido,CA,92025.0,41740.0,Metropolitan Statistical Area,San Diego,6073.0,6073020707.0,50.0,33.106908,-117.073958,Active,2,0,0,33,2016-01-01,2072-01-01,2072-01-01,SOLUTIONS ESCONDIDO BOULEVARD 33 LP,Non-Profit,Barker Management Inc,,,,,,,,,0.0,23.0,10.0,,Disabled,1830.0,,,,,0,0,0,,,,,,,,,,,,,,,,,,,0,0,0,,,,,,,,,,,,,,,,,0,0,0,,,,,,,,,,,,,,,0,0,0,,,,,,,,,,,,,,,,,1,0,0,CAA20161056,Active,9% Tax Credit,2016-01-01,2072-01-01,32.0,New Construction,,,,,,,,,,0,0,0,,,,,,,,,,,,,,,,,0,0,0,,,,,,,,,,,,,,,,,0,0,0,,,,,,,,,,,,,,,,,0,0,0,,,,,,,,,,,,,,,,,1,0,0,CA-2015-165,Active,CA California State Low Income Housing Tax Credit,2017-05-31,2072-01-01,32.0,,New Construction Only,,,,,,,,,0,0,0,,,,,,,0,0,0,,,,,,,0,0,0,,,,,,,,,,,,,,,,,,escondido,Escondido,False,False,32.0,
1129922,FAIRBANKS TERRACE APARTMENTS,16325 Paseo Del Sur,San Diego,CA,92127.0,41740.0,Metropolitan Statistical Area,San Diego,6073.0,6073017065.0,50.0,33.018,-117.1251,Active,1,0,0,83,2017-01-01,2072-01-01,2072-01-01,FAIRBANKS TERRACE CIC LP,Non-Profit,,,,,,,,,,66.0,17.0,0.0,,Elderly or Disabled,,,,,,0,0,0,,,,,,,,,,,,,,,,,,,0,0,0,,,,,,,,,,,,,,,,,0,0,0,,,,,,,,,,,,,,,0,0,0,,,,,,,,,,,,,,,,,1,0,0,CAA2017026,Active,4% Tax Credit,2017-01-01,2072-01-01,81.0,New Construction,,,,,,,,,,0,0,0,,,,,,,,,,,,,,,,,0,0,0,,,,,,,,,,,,,,,,,0,0,0,,,,,,,,,,,,,,,,,0,0,0,,,,,,,,,,,,,,,,,0,0,0,,,,,,,,,,,,,,,,,0,0,0,,,,,,,0,0,0,,,,,,,0,0,0,,,,,,,,,,,,,,,,,,san diego,San Diego,False,False,81.0,
1129923,OUCHI COURTYARDS,5003 Imperial Ave,San Diego,CA,92113.0,41740.0,Metropolitan Statistical Area,San Diego,6073.0,6073003305.0,52.0,32.70357,-117.086519,Active,1,0,0,45,2017-01-01,2072-01-01,2072-01-01,OUCHI CIC LP,For Profit,,,,,,,,,,0.0,30.0,15.0,,Family,1620.0,,,,,0,0,0,,,,,,,,,,,,,,,,,,,0,0,0,,,,,,,,,,,,,,,,,0,0,0,,,,,,,,,,,,,,,0,0,0,,,,,,,,,,,,,,,,,1,0,0,CAA2017042,Active,9% Tax Credit,2017-01-01,2072-01-01,43.0,New Construction,,,,,,,,,,0,0,0,,,,,,,,,,,,,,,,,0,0,0,,,,,,,,,,,,,,,,,0,0,0,,,,,,,,,,,,,,,,,0,0,0,,,,,,,,,,,,,,,,,0,0,0,,,,,,,,,,,,,,,,,0,0,0,,,,,,,0,0,0,,,,,,,0,0,0,,,,,,,,,,,,,,,,,,san diego,San Diego,False,False,43.0,
1146284,CORNERSTONE PLACE,230 S Sunshine Ave,El Cajon,CA,92020.0,41740.0,Metropolitan Statistical Area,San Diego,6073.0,6073015802.0,51.0,32.793198,-116.965034,Active,2,0,0,70,2019-01-01,2039-07-22,2074-01-01,DOMUS DEVELOPMENT LLC,Non-Profit,,,,,,,,,,48.0,0.0,22.0,,Family,1840.0,,,,,0,0,0,,,,,,,,,,,,,,,,,,,0,0,0,,,,,,,,,,,,,,,,,0,0,0,,,,,,,,,,,,,,,0,0,0,,,,,,,,,,,,,,,,,1,0,0,CAA20191039,Active,4% Tax Credit,2019-01-01,2074-01-01,69.0,New Construction,,,,,,,,,,0,0,0,,,,,,,,,,,,,,,,,0,0,0,,,,,,,,,,,,,,,,,1,0,0,3321800988.0,Active,HOME,2019-07-22,2039-07-22,11.0,Acquisition and New Construction,,,,,,,,,,0,0,0,,,,,,,,,,,,,,,,,0,0,0,,,,,,,,,,,,,,,,,0,0,0,,,,,,,0,0,0,,,,,,,0,0,0,,,,,,,,,,,,,,,,,,el cajon,El Cajon,False,False,69.0,
1146329,VILLA ENCANTADA,505 62ND ST,San Diego,CA,92114.0,41740.0,,San Diego,6073.0,6073003004.0,52.0,32.710462,-117.063521,Active,1,0,0,11,2019-05-06,2039-05-06,2039-05-06,AMCAL VILLA ENCANTADA FUND LP,,,,,,,,,,,,,,,,1750.0,,,,,0,0,0,,,,,,,,,,,,,,,,,,,0,0,0,,,,,,,,,,,,,,,,,0,0,0,,,,,,,,,,,,,,,0,0,0,,,,,,,,,,,,,,,,,0,0,0,,,,,,,,,,,,,,,,,0,0,0,,,,,,,,,,,,,,,,,0,0,0,,,,,,,,,,,,,,,,,1,0,0,3376206976.0,Active,HOME,2019-05-06,2039-05-06,11.0,Acquisition and New Construction,,,,,,,,,,0,0,0,,,,,,,,,,,,,,,,,0,0,0,,,,,,,,,,,,,,,,,0,0,0,,,,,,,0,0,0,,,,,,,0,0,0,,,,,,,,,,,,,,,,,,san diego,San Diego,False,False,11.0,
1153951,,150 W Renette Ave,El Cajon,CA,92020.0,41740.0,Metropolitan Statistical Area,San Diego,6073.0,6073015902.0,51.0,32.784461,-116.963723,Active,1,0,0,24,,,,,,,,,,,,,,,,,,,,1840.0,1960-01-01,1960-01-01,,,0,0,0,,,,,,,,,,,,,,,,,,,0,0,0,,,,,,,,,,,,,,,,,0,0,0,,,,,,,,,,,,,,,0,0,0,,,,,,,,,,,,,,,,,0,0,0,,,,,,,,,,,,,,,,,0,0,0,,,,,,,,,,,,,,,,,0,0,0,,,,,,,,,,,,,,,,,0,0,0,,,,,,,,,,,,,,,,,0,0,0,,,,,,,,,,,,,,,,,0,0,0,,,,,,,,,,,,,,,,,0,0,0,,,,,,,1,0,0,Active,Mod Rehab,24.0,,,,0,0,0,,,,,,,,,,,,,,,,,,el cajon,El Cajon,False,False,24.0,
1153952,PARK VILLA APARTMENTS,260 W Park Ave,El Cajon,CA,92020.0,41740.0,Metropolitan Statistical Area,San Diego,6073.0,6073015801.0,51.0,32.798201,-116.964767,Active,2,0,0,38,2022-08-01,2042-07-31,2042-07-31,Park Villa Community Partners LP,Profit Motivated,FPI MANAGEMENT INC,Profit Motivated,800255657.0,99,2026-03-05,,,,,18.0,16.0,0.0,82.0,Family,1840.0,1950-01-01,1980-01-01,93.0,69.0,1,0,0,CA16RM00001,Active,RAD Mod Rehab Conv,,2022-08-01,2042-07-31,34.0,75.17,,,,,,,,,,,0,0,0,,,,,,,,,,,,,,,,,0,0,0,,,,,,,,,,,,,,,0,0,0,,,,,,,,,,,,,,,,,0,0,0,,,,,,,,,,,,,,,,,0,0,0,,,,,,,,,,,,,,,,,0,0,0,,,,,,,,,,,,,,,,,0,0,0,,,,,,,,,,,,,,,,,0,0,0,,,,,,,,,,,,,,,,,0,0,0,,,,,,,,,,,,,,,,,0,0,0,,,,,,,1,0,0,Active,Mod Rehab,16.0,,,,0,0,0,,,,,,,,,,,,,,,,,,el cajon,El Cajon,False,False,34.0,
1153953,,280 W Park Ave,El Cajon,CA,92020.0,41740.0,Metropolitan Statistical Area,San Diego,6073.0,6073015801.0,51.0,32.798201,-116.964767,Active,1,0,0,14,,,,,,,,,,,,,,,,,,,,1840.0,1950-01-01,1950-01-01,,,0,0,0,,,,,,,,,,,,,,,,,,,0,0,0,,,,,,,,,,,,,,,,,0,0,0,,,,,,,,,,,,,,,0,0,0,,,,,,,,,,,,,,,,,0,0,0,,,,,,,,,,,,,,,,,0,0,0,,,,,,,,,,,,,,,,,0,0,0,,,,,,,,,,,,,,,,,0,0,0,,,,,,,,,,,,,,,,,0,0,0,,,,,,,,,,,,,,,,,0,0,0,,,,,,,,,,,,,,,,,0,0,0,,,,,,,1,0,0,Active,Mod Rehab,14.0,,,,0,0,0,,,,,,,,,,,,,,,,,,el cajon,El Cajon,False,False,14.0,
1153956,,344 S Willie James Jones Ave,San Diego,CA,92113.0,41740.0,Metropolitan Statistical Area,San Diego,6073.0,6073003305.0,52.0,32.701543,-117.088802,Active,1,0,0,11,,,,,,,,,,,,,,,,,,,,1620.0,1979-01-01,1983-01-01,,,0,0,0,,,,,,,,,,,,,,,,,,,0,0,0,,,,,,,,,,,,,,,,,0,0,0,,,,,,,,,,,,,,,0,0,0,,,,,,,,,,,,,,,,,0,0,0,,,,,,,,,,,,,,,,,0,0,0,,,,,,,,,,,,,,,,,0,0,0,,,,,,,,,,,,,,,,,0,0,0,,,,,,,,,,,,,,,,,0,0,0,,,,,,,,,,,,,,,,,0,0,0,,,,,,,,,,,,,,,,,0,0,0,,,,,,,1,0,0,Active,Mod Rehab,11.0,,,,0,0,0,,,,,,,,,,,,,,,,,,san diego,San Diego,False,False,11.0,
1154169,KIMBALL TOWER,1317 D Ave,National City,CA,91950.0,41740.0,Metropolitan Statistical Area,San Diego,6073.0,6073011700.0,52.0,32.672923,-117.101151,Active,2,0,0,151,2020-01-01,2075-01-01,2075-01-01,,Non-Profit,,,,,,,,,,150.0,1.0,0.0,,Elderly or Disabled,1660.0,1962-01-01,2001-01-01,,,0,0,0,,,,,,,,,,,,,,,,,,,0,0,0,,,,,,,,,,,,,,,,,0,0,0,,,,,,,,,,,,,,,0,0,0,,,,,,,,,,,,,,,,,1,0,0,CAA2020030,Active,4% Tax Credit,2020-01-01,2075-01-01,149.0,Acquisition and Rehab,,,,,,,,,,0,0,0,,,,,,,,,,,,,,,,,0,0,0,,,,,,,,,,,,,,,,,0,0,0,,,,,,,,,,,,,,,,,0,0,0,,,,,,,,,,,,,,,,,0,0,0,,,,,,,,,,,,,,,,,1,0,0,Active,Project Based Vouchers,138.0,,,,0,0,0,,,,,,,0,0,0,,,,,,,,,,,,,,,,,,national city,National City,False,False,149.0,
1154179,,402 N Weitzel St,Oceanside,CA,92054.0,41740.0,Metropolitan Statistical Area,San Diego,6073.0,6073018400.0,49.0,33.200772,-117.376011,Active,2,0,0,23,2017-06-21,2032-06-21,2032-06-21,CITY OF OCEANSIDE,,,,,,,,,,,,,,,,2110.0,2018-01-01,2018-01-01,,,0,0,0,,,,,,,,,,,,,,,,,,,0,0,0,,,,,,,,,,,,,,,,,0,0,0,,,,,,,,,,,,,,,0,0,0,,,,,,,,,,,,,,,,,0,0,0,,,,,,,,,,,,,,,,,0,0,0,,,,,,,,,,,,,,,,,0,0,0,,,,,,,,,,,,,,,,,1,0,0,3371101130.0,Active,HOME,2017-06-21,2032-06-21,6.0,Acquisition and Rehabilitation,,,,,,,,,,0,0,0,,,,,,,,,,,,,,,,,0,0,0,,,,,,,,,,,,,,,,,1,0,0,Active,Project Based Vouchers,23.0,,,,0,0,0,,,,,,,0,0,0,,,,,,,,,,,,,,,,,,oceanside,Oceanside,False,False,23.0,
1154191,WEST PARK APARTMENTS,1830 4th Ave,San Diego,CA,92101.0,41740.0,Metropolitan Statistical Area,San Diego,6073.0,6073005700.0,50.0,32.724518,-117.161451,Active,2,0,0,47,2020-01-01,2075-01-01,2075-01-01,,Non-Profit,,,,,,,,,,47.0,0.0,0.0,,,3190.0,,,,,0,0,0,,,,,,,,,,,,,,,,,,,0,0,0,,,,,,,,,,,,,,,,,0,0,0,,,,,,,,,,,,,,,0,0,0,,,,,,,,,,,,,,,,,1,0,0,CAA20201070,Active,4% Tax Credit,2020-01-01,2075-01-01,46.0,Acquisition and Rehab,,,,,,,,,,0,0,0,,,,,,,,,,,,,,,,,0,0,0,,,,,,,,,,,,,,,,,0,0,0,,,,,,,,,,,,,,,,,0,0,0,,,,,,,,,,,,,,,,,0,0,0,,,,,,,,,,,,,,,,,1,0,0,Active,Project Based Vouchers,35.0,,,,0,0,0,,,,,,,0,0,0,,,,,,,,,,,,,,,,,,san diego,San Diego,False,False,46.0,
1154192,,1840 4th Ave,San Diego,CA,92101.0,41740.0,Metropolitan Statistical Area,San Diego,6073.0,6073005700.0,50.0,32.724724,-117.161452,Active,1,0,0,83,,,,,,,,,,,,,,,,,,,,3190.0,,,,,0,0,0,,,,,,,,,,,,,,,,,,,0,0,0,,,,,,,,,,,,,,,,,0,0,0,,,,,,,,,,,,,,,0,0,0,,,,,,,,,,,,,,,,,0,0,0,,,,,,,,,,,,,,,,,0,0,0,,,,,,,,,,,,,,,,,0,0,0,,,,,,,,,,,,,,,,,0,0,0,,,,,,,,,,,,,,,,,0,0,0,,,,,,,,,,,,,,,,,0,0,0,,,,,,,,,,,,,,,,,1,0,0,Active,Project Based Vouchers,83.0,,,,0,0,0,,,,,,,0,0,0,,,,,,,,,,,,,,,,,,san diego,San Diego,False,False,83.0,
1154916,,1203 S Maple St,Escondido,CA,92025.0,41740.0,Metropolitan Statistical Area,San Diego,6073.0,6073020601.0,50.0,33.110839,-117.076016,Active,1,0,0,6,2020-07-23,2030-07-23,2030-07-23,COMMUNITY HOUSINGWORKS,,,,,,,,,,,,,,,,1830.0,,,,,0,0,0,,,,,,,,,,,,,,,,,,,0,0,0,,,,,,,,,,,,,,,,,0,0,0,,,,,,,,,,,,,,,0,0,0,,,,,,,,,,,,,,,,,0,0,0,,,,,,,,,,,,,,,,,0,0,0,,,,,,,,,,,,,,,,,0,0,0,,,,,,,,,,,,,,,,,1,0,0,3326901544.0,Active,HOME,2020-07-23,2030-07-23,6.0,Rehabilitation Only,,,,,,,,,,0,0,0,,,,,,,,,,,,,,,,,0,0,0,,,,,,,,,,,,,,,,,0,0,0,,,,,,,0,0,0,,,,,,,0,0,0,,,,,,,,,,,,,,,,,,escondido,Escondido,False,True,6.0,6.0
1154958,VISTA DEL PUENTE,1436 S 40th St,San Diego,CA,92113.0,41740.0,Metropolitan Statistical Area,San Diego,6073.0,6073003602.0,52.0,32.6973,-117.1159,Active,3,0,0,52,2018-01-01,2039-10-03,2073-01-01,VISTA DEL PUENTE LP,Non-Profit,National Community Renaissance of California,,,,,,,,,6.0,30.0,16.0,,Elderly or Disabled,1620.0,,,,,0,0,0,,,,,,,,,,,,,,,,,,,0,0,0,,,,,,,,,,,,,,,,,0,0,0,,,,,,,,,,,,,,,0,0,0,,,,,,,,,,,,,,,,,1,0,0,CAA20182020,Active,9% Tax Credit,2018-01-01,2073-01-01,51.0,New Construction,,,,,,,,,,0,0,0,,,,,,,,,,,,,,,,,0,0,0,,,,,,,,,,,,,,,,,1,0,0,3376207103.0,Active,HOME,2019-10-03,2039-10-03,20.0,New Construction Only,,,,,,,,,,0,0,0,,,,,,,,,,,,,,,,,1,0,0,CA-2016-140,Active,CA California State Low Income Housing Tax Credit,2018-10-31,2073-01-01,51.0,,New Construction Only,,,,,,,,,0,0,0,,,,,,,0,0,0,,,,,,,0,0,0,,,,,,,,,,,,,,,,,,san diego,San Diego,False,False,51.0,
1154959,THE LOFTS AT NORMAL HEIGHTS,3808 El Cajon Blvd,San Diego,CA,92105.0,41740.0,Metropolitan Statistical Area,San Diego,6073.0,6073002100.0,51.0,32.755516,-117.111206,Active,2,0,0,53,2019-01-01,2039-10-28,2074-01-01,FAIRMOUNT FAMILY HOUSING LP,For Profit,,,,,,,,,,52.0,1.0,0.0,,,2040.0,,,,,0,0,0,,,,,,,,,,,,,,,,,,,0,0,0,,,,,,,,,,,,,,,,,0,0,0,,,,,,,,,,,,,,,0,0,0,,,,,,,,,,,,,,,,,1,0,0,CAA2019029,Active,9% Tax Credit,2019-01-01,2074-01-01,52.0,New Construction,,,,,,,,,,0,0,0,,,,,,,,,,,,,,,,,0,0,0,,,,,,,,,,,,,,,,,1,0,0,3376207134.0,Active,HOME,2019-10-28,2039-10-28,26.0,Acquisition and New Construction,,,,,,,,,,0,0,0,,,,,,,,,,,,,,,,,0,0,0,,,,,,,,,,,,,,,,,0,0,0,,,,,,,0,0,0,,,,,,,0,0,0,,,,,,,,,,,,,,,,,,san diego,San Diego,False,False,52.0,
1154960,TWAIN HOUSING,4304 Twain Ave,San Diego,CA,92120.0,41740.0,Metropolitan Statistical Area,San Diego,6073.0,6073009603.0,51.0,32.78532,-117.101196,Active,2,0,0,80,2019-01-01,2040-03-09,2074-01-01,FAIRMOUNT FAMILY HOUSING LP,Non-Profit,,,,,,,,,,80.0,0.0,0.0,,,3190.0,,,,,0,0,0,,,,,,,,,,,,,,,,,,,0,0,0,,,,,,,,,,,,,,,,,0,0,0,,,,,,,,,,,,,,,0,0,0,,,,,,,,,,,,,,,,,1,0,0,CAA20191115,Active,9% Tax Credit,2019-01-01,2074-01-01,79.0,New Construction,,,,,,,,,,0,0,0,,,,,,,,,,,,,,,,,0,0,0,,,,,,,,,,,,,,,,,1,0,0,3376207100.0,Active,HOME,2020-03-09,2040-03-09,27.0,Acquisition and New Construction,,,,,,,,,,0,0,0,,,,,,,,,,,,,,,,,0,0,0,,,,,,,,,,,,,,,,,0,0,0,,,,,,,0,0,0,,,,,,,0,0,0,,,,,,,,,,,,,,,,,,san diego,San Diego,False,False,79.0,
1154961,BLUEWATER FKA FAIRMOUNT FAMILY HOUSING,6121 Fairmount Ave,San Diego,CA,92120.0,41740.0,Metropolitan Statistical Area,San Diego,6073.0,6073009603.0,51.0,32.785728,-117.101143,Active,2,0,0,80,2019-01-01,2040-05-26,2074-01-01,FAIRMOUNT FAMILY HOUSING LP,Non-Profit,,,,,,,,,,32.0,24.0,24.0,,Family,3190.0,,,,,0,0,0,,,,,,,,,,,,,,,,,,,0,0,0,,,,,,,,,,,,,,,,,0,0,0,,,,,,,,,,,,,,,0,0,0,,,,,,,,,,,,,,,,,1,0,0,CAA20191015,Active,4% Tax Credit,2019-01-01,2074-01-01,79.0,New Construction,,,,,,,,,,0,0,0,,,,,,,,,,,,,,,,,0,0,0,,,,,,,,,,,,,,,,,1,0,0,3376207099.0,Active,HOME,2020-05-26,2040-05-26,11.0,Acquisition and New Construction,,,,,,,,,,0,0,0,,,,,,,,,,,,,,,,,0,0,0,,,,,,,,,,,,,,,,,0,0,0,,,,,,,0,0,0,,,,,,,0,0,0,,,,,,,,,,,,,,,,,,san diego,San Diego,False,False,79.0,
1155634,,238 Cypress Dr,San Diego,CA,92173.0,41740.0,Metropolitan Statistical Area,San Diego,6073.0,6073010013.0,52.0,32.555905,-117.045756,Active,1,0,0,11,2020-06-29,2040-06-29,2040-06-29,SAN YSIDRO CIC LP,,,,,,,,,,,,,,,,1680.0,,,,,0,0,0,,,,,,,,,,,,,,,,,,,0,0,0,,,,,,,,,,,,,,,,,0,0,0,,,,,,,,,,,,,,,0,0,0,,,,,,,,,,,,,,,,,0,0,0,,,,,,,,,,,,,,,,,0,0,0,,,,,,,,,,,,,,,,,0,0,0,,,,,,,,,,,,,,,,,1,0,0,3376207262.0,Active,HOME,2020-06-29,2040-06-29,11.0,Acquisition and New Construction,,,,,,,,,,0,0,0,,,,,,,,,,,,,,,,,0,0,0,,,,,,,,,,,,,,,,,0,0,0,,,,,,,0,0,0,,,,,,,0,0,0,,,,,,,,,,,,,,,,,,san diego,San Diego,False,False,11.0,
1160555,SCHMALE FAMILY SENIORS RESIDENCE,430 16th St,Ramona,CA,92065.0,41740.0,Metropolitan Statistical Area,San Diego,6073.0,6073020806.0,48.0,33.035618,-116.876694,Active,4,0,0,62,2019-01-01,2040-12-29,2074-01-01,CALIFORNIA HOUSING FINANCE,Non-Profit,HYDER & COMPANY,,800246470.0,95,2024-07-09,88c,2022-06-22,,,50.0,12.0,0.0,,Elderly,1960.0,,,,,0,0,0,,,,,,,,,,,,,,,,,,,0,0,0,,,,,,,,,,,,,,,,,0,0,0,,,,,,,,,,,,,,,1,0,0,12998014.0,Active,542(C) HFA RISK SHG -- FFB NC/SR,2020-08-01,2060-07-01,62.0,6118878.0,,,,,,,,,,1,0,0,CAA20191099,Active,9% Tax Credit,2019-01-01,2074-01-01,61.0,New Construction,,,,,,,,,,0,0,0,,,,,,,,,,,,,,,,,0,0,0,,,,,,,,,,,,,,,,,1,0,0,3377903120.0,Active,HOME,2020-12-29,2040-12-29,61.0,New Construction Only,,,,,,,,,,0,0,0,,,,,,,,,,,,,,,,,1,0,0,CA-2017-103,Active,CA California State Low Income Housing Tax Credit,2019-05-23,2074-01-01,61.0,,New Construction Only,,,,,,,,,0,0,0,,,,,,,0,0,0,,,,,,,0,0,0,,,,,,,,,,,,,,,,,,ramona,Unincorporated San Diego County,False,False,62.0,
1161278,ZEPHYR,4370 Alvarado Canyon Rd,San Diego,CA,92120.0,41740.0,Metropolitan Statistical Area,San Diego,6073.0,6073009604.0,51.0,32.780296,-117.09948,Active,2,0,0,85,2019-01-01,2074-01-01,2074-01-01,Grantville Veteran Housing LP,For Profit,ConAm Management,,,,,,,,,84.0,1.0,0.0,,Disabled,2360.0,,,,,0,0,0,,,,,,,,,,,,,,,,,,,0,0,0,,,,,,,,,,,,,,,,,0,0,0,,,,,,,,,,,,,,,0,0,0,,,,,,,,,,,,,,,,,1,0,0,CAA2019036,Active,9% Tax Credit,2019-01-01,2074-01-01,84.0,New Construction,,,,,,,,,,0,0,0,,,,,,,,,,,,,,,,,0,0,0,,,,,,,,,,,,,,,,,0,0,0,,,,,,,,,,,,,,,,,0,0,0,,,,,,,,,,,,,,,,,1,0,0,CA-2017-061,Active,CA California State Low Income Housing Tax Credit,2019-01-29,2074-01-01,84.0,,New Construction Only,,,,,,,,,0,0,0,,,,,,,0,0,0,,,,,,,0,0,0,,,,,,,,,,,,,,,,,,san diego,San Diego,False,False,84.0,
1161279,THE ALLISON APARTMENTS,5020 Federal Blvd,San Diego,CA,92102.0,41740.0,Metropolitan Statistical Area,San Diego,6073.0,6073003401.0,52.0,32.72191,-117.086719,Active,1,0,0,58,2018-01-01,2073-01-01,2073-01-01,,Non-Profit,,,,,,,,,,44.0,14.0,0.0,,,1690.0,,,,,0,0,0,,,,,,,,,,,,,,,,,,,0,0,0,,,,,,,,,,,,,,,,,0,0,0,,,,,,,,,,,,,,,0,0,0,,,,,,,,,,,,,,,,,1,0,0,CAA20181093,Active,4% and 9% Tax Credit,2018-01-01,2073-01-01,57.0,Acquisition and Rehab,,,,,,,,,,0,0,0,,,,,,,,,,,,,,,,,0,0,0,,,,,,,,,,,,,,,,,0,0,0,,,,,,,,,,,,,,,,,0,0,0,,,,,,,,,,,,,,,,,0,0,0,,,,,,,,,,,,,,,,,0,0,0,,,,,,,0,0,0,,,,,,,0,0,0,,,,,,,,,,,,,,,,,,san diego,San Diego,False,False,57.0,
1161280,LUNA AT PACIFIC HIGHLANDS RANCH,6041 Village Way,San Diego,CA,92130.0,41740.0,Metropolitan Statistical Area,San Diego,6073.0,6073021502.0,50.0,32.9555,-117.1926,Active,1,0,0,79,2018-01-01,2073-01-01,2073-01-01,,For Profit,,,,,,,,,,15.0,40.0,24.0,,Family,,,,,,0,0,0,,,,,,,,,,,,,,,,,,,0,0,0,,,,,,,,,,,,,,,,,0,0,0,,,,,,,,,,,,,,,0,0,0,,,,,,,,,,,,,,,,,1,0,0,CAA20181054,Active,4% Tax Credit,2018-01-01,2073-01-01,77.0,New Construction,,,,,,,,,,0,0,0,,,,,,,,,,,,,,,,,0,0,0,,,,,,,,,,,,,,,,,0,0,0,,,,,,,,,,,,,,,,,0,0,0,,,,,,,,,,,,,,,,,0,0,0,,,,,,,,,,,,,,,,,0,0,0,,,,,,,0,0,0,,,,,,,0,0,0,,,,,,,,,,,,,,,,,,san diego,San Diego,False,False,77.0,
1162230,LUTHER TOWER,1455 2nd Ave,San Diego,CA,92101.0,41740.0,Metropolitan Statistical Area,San Diego,6073.0,6073005601.0,50.0,32.720593,-117.16259,Active,1,0,0,200,2018-01-01,2073-01-01,2073-01-01,,For Profit,,,,,,,,,,199.0,1.0,0.0,,,,,,,,0,0,0,,,,,,,,,,,,,,,,,,,0,0,0,,,,,,,,,,,,,,,,,0,0,0,,,,,,,,,,,,,,,0,0,0,,,,,,,,,,,,,,,,,1,0,0,CAA20181055,Active,4% Tax Credit,2018-01-01,2073-01-01,198.0,Acquisition and Rehab,,,,,,,,,,0,0,0,,,,,,,,,,,,,,,,,0,0,0,,,,,,,,,,,,,,,,,0,0,0,,,,,,,,,,,,,,,,,0,0,0,,,,,,,,,,,,,,,,,0,0,0,,,,,,,,,,,,,,,,,0,0,0,,,,,,,0,0,0,,,,,,,0,0,0,,,,,,,,,,,,,,,,,,san diego,San Diego,False,False,198.0,
1172217,RANCHO BERNARDO SENIOR HOUSING,11520 W Bernardo Ct,San Diego,CA,92127.0,41740.0,Metropolitan Statistical Area,San Diego,6073.0,6073017071.0,50.0,33.021041,-117.082376,Active,2,0,0,178,2023-01-01,2063-04-01,2078-01-01,ORIX REAL ESTATE CAPITAL LLC,Non-Profit,CONAM MANAGEMENT CORPORATION,,800253724.0,,,,,,,177.0,1.0,0.0,,Family,,,,,,0,0,0,,,,,,,,,,,,,,,,,,,0,0,0,,,,,,,,,,,,,,,,,0,0,0,,,,,,,,,,,,,,,1,0,0,12935127.0,Active,221(D)(4) MKT RATE MOD INC/ DISP FAMS,2023-05-01,2063-04-01,178.0,27546610.0,,,,,,,,,,1,0,0,CAA2023085,Active,4% Tax Credit,2023-01-01,2078-01-01,175.0,New Construction,,,,,,,,,,0,0,0,,,,,,,,,,,,,,,,,0,0,0,,,,,,,,,,,,,,,,,0,0,0,,,,,,,,,,,,,,,,,0,0,0,,,,,,,,,,,,,,,,,0,0,0,,,,,,,,,,,,,,,,,0,0,0,,,,,,,0,0,0,,,,,,,0,0,0,,,,,,,,,,,,,,,,,,san diego,San Diego,False,False,178.0,
1173160,C4,406 Orange Ave,Coronado,CA,92118.0,41740.0,Metropolitan Statistical Area,San Diego,6073.0,6073011100.0,50.0,32.694304,-117.175455,Active,1,0,0,35,2019-01-01,2074-01-01,2074-01-01,,Non-Profit,,,,,,,,,,3.0,32.0,0.0,,Mixed,3190.0,,,,,0,0,0,,,,,,,,,,,,,,,,,,,0,0,0,,,,,,,,,,,,,,,,,0,0,0,,,,,,,,,,,,,,,0,0,0,,,,,,,,,,,,,,,,,1,0,0,CAA20191022,Active,4% Tax Credit,2019-01-01,2074-01-01,35.0,Acquisition and Rehab,,,,,,,,,,0,0,0,,,,,,,,,,,,,,,,,0,0,0,,,,,,,,,,,,,,,,,0,0,0,,,,,,,,,,,,,,,,,0,0,0,,,,,,,,,,,,,,,,,0,0,0,,,,,,,,,,,,,,,,,0,0,0,,,,,,,0,0,0,,,,,,,0,0,0,,,,,,,,,,,,,,,,,,coronado,Coronado,False,False,35.0,
1173219,VILLA DE VIDA POWAY,12341 Oak Knoll Rd,Poway,CA,92064.0,41740.0,Metropolitan Statistical Area,San Diego,6073.0,6073017067.0,48.0,32.949532,-117.063278,Active,1,0,0,54,2021-01-01,2076-01-01,2076-01-01,,Non-Profit,,,,,,,,,,51.0,3.0,0.0,,Elderly or Disabled,,,,,,0,0,0,,,,,,,,,,,,,,,,,,,0,0,0,,,,,,,,,,,,,,,,,0,0,0,,,,,,,,,,,,,,,0,0,0,,,,,,,,,,,,,,,,,1,0,0,CAA2021007,Active,9% Tax Credit,2021-01-01,2076-01-01,53.0,New Construction,,,,,,,,,,0,0,0,,,,,,,,,,,,,,,,,0,0,0,,,,,,,,,,,,,,,,,0,0,0,,,,,,,,,,,,,,,,,0,0,0,,,,,,,,,,,,,,,,,0,0,0,,,,,,,,,,,,,,,,,0,0,0,,,,,,,0,0,0,,,,,,,0,0,0,,,,,,,,,,,,,,,,,,poway,Poway,False,False,53.0,
1173233,BENSON PLACE APARTMENTS FKA HOLLISTER APARTMENTS,1010 Outer Rd,San Diego,CA,92154.0,41740.0,Metropolitan Statistical Area,San Diego,6073.0,6073010107.0,52.0,32.578255,-117.083366,Active,1,0,0,83,2020-01-01,2075-01-01,2075-01-01,,Non-Profit,,,,,,,,,,82.0,1.0,0.0,,,2060.0,,,,,0,0,0,,,,,,,,,,,,,,,,,,,0,0,0,,,,,,,,,,,,,,,,,0,0,0,,,,,,,,,,,,,,,0,0,0,,,,,,,,,,,,,,,,,1,0,0,CAA2020007,Active,9% Tax Credit,2020-01-01,2075-01-01,82.0,Acquisition and Rehab,,,,,,,,,,0,0,0,,,,,,,,,,,,,,,,,0,0,0,,,,,,,,,,,,,,,,,0,0,0,,,,,,,,,,,,,,,,,0,0,0,,,,,,,,,,,,,,,,,0,0,0,,,,,,,,,,,,,,,,,0,0,0,,,,,,,0,0,0,,,,,,,0,0,0,,,,,,,,,,,,,,,,,,san diego,San Diego,False,False,82.0,
1173234,PASEO LA PAZ,160 W Seaward Ave Apt 118,San Diego,CA,92173.0,41740.0,Metropolitan Statistical Area,San Diego,6073.0,6073010013.0,52.0,32.556202,-117.045807,Active,1,0,0,139,2019-01-01,2074-01-01,2074-01-01,,Non-Profit,,,,,,,,,,24.0,79.0,36.0,,,1680.0,,,,,0,0,0,,,,,,,,,,,,,,,,,,,0,0,0,,,,,,,,,,,,,,,,,0,0,0,,,,,,,,,,,,,,,0,0,0,,,,,,,,,,,,,,,,,1,0,0,CAA20191086,Active,4% Tax Credit,2019-01-01,2074-01-01,137.0,New Construction,,,,,,,,,,0,0,0,,,,,,,,,,,,,,,,,0,0,0,,,,,,,,,,,,,,,,,0,0,0,,,,,,,,,,,,,,,,,0,0,0,,,,,,,,,,,,,,,,,0,0,0,,,,,,,,,,,,,,,,,0,0,0,,,,,,,0,0,0,,,,,,,0,0,0,,,,,,,,,,,,,,,,,,san diego,San Diego,False,False,137.0,
1173236,SAN YSIDRO SENIOR VILLAGE,517 W San Ysidro Blvd,San Diego,CA,92173.0,41740.0,Metropolitan Statistical Area,San Diego,6073.0,6073010012.0,52.0,32.556637,-117.055122,Active,2,0,0,51,2020-01-01,2041-06-24,2075-01-01,NATIONAL COMMUNITY RENAISSANCE OF CALIFORNIA,Non-Profit,,,,,,,,,,50.0,1.0,0.0,,,1680.0,,,,,0,0,0,,,,,,,,,,,,,,,,,,,0,0,0,,,,,,,,,,,,,,,,,0,0,0,,,,,,,,,,,,,,,0,0,0,,,,,,,,,,,,,,,,,1,0,0,CAA2020051,Active,9% Tax Credit,2020-01-01,2075-01-01,50.0,New Construction,,,,,,,,,,0,0,0,,,,,,,,,,,,,,,,,0,0,0,,,,,,,,,,,,,,,,,1,0,0,3376207291.0,Active,HOME,2021-06-24,2041-06-24,15.0,Acquisition and New Construction,,,,,,,,,,0,0,0,,,,,,,,,,,,,,,,,0,0,0,,,,,,,,,,,,,,,,,0,0,0,,,,,,,0,0,0,,,,,,,0,0,0,,,,,,,,,,,,,,,,,,san diego,San Diego,False,False,50.0,
1173237,VILLA ENCANTADA APARTMENTS,6290 Akins Ave,San Diego,CA,92114.0,41740.0,Metropolitan Statistical Area,San Diego,6073.0,6073003004.0,52.0,32.710356,-117.062806,Active,1,0,0,67,2018-01-01,2073-01-01,2073-01-01,,Non-Profit,,,,,,,,,,0.0,45.0,22.0,,Family,1750.0,,,,,0,0,0,,,,,,,,,,,,,,,,,,,0,0,0,,,,,,,,,,,,,,,,,0,0,0,,,,,,,,,,,,,,,0,0,0,,,,,,,,,,,,,,,,,1,0,0,CAA20182019,Active,9% Tax Credit,2018-01-01,2073-01-01,66.0,New Construction,,,,,,,,,,0,0,0,,,,,,,,,,,,,,,,,0,0,0,,,,,,,,,,,,,,,,,0,0,0,,,,,,,,,,,,,,,,,0,0,0,,,,,,,,,,,,,,,,,0,0,0,,,,,,,,,,,,,,,,,0,0,0,,,,,,,0,0,0,,,,,,,0,0,0,,,,,,,,,,,,,,,,,,san diego,San Diego,False,False,66.0,
1173238,ENCANTO VILLAGE,6315 Imperial Ave,San Diego,CA,92114.0,41740.0,Metropolitan Statistical Area,San Diego,6073.0,6073003112.0,52.0,32.70987,-117.062078,Active,3,0,0,66,2019-01-01,2040-06-11,2074-01-01,NCRC ENCANTO LP,Non-Profit,National Community Renaissance of California,,,,,,,,,30.0,18.0,18.0,,Family,1750.0,,,,,0,0,0,,,,,,,,,,,,,,,,,,,0,0,0,,,,,,,,,,,,,,,,,0,0,0,,,,,,,,,,,,,,,0,0,0,,,,,,,,,,,,,,,,,1,0,0,CAA20191049,Active,9% Tax Credit,2019-01-01,2074-01-01,65.0,New Construction,,,,,,,,,,0,0,0,,,,,,,,,,,,,,,,,0,0,0,,,,,,,,,,,,,,,,,1,0,0,3376207165.0,Active,HOME,2020-06-11,2040-06-11,11.0,Acquisition and New Construction,,,,,,,,,,0,0,0,,,,,,,,,,,,,,,,,1,0,0,CA-2017-118,Active,CA California State Low Income Housing Tax Credit,2019-12-02,2074-01-01,65.0,,New Construction Only,,,,,,,,,0,0,0,,,,,,,0,0,0,,,,,,,0,0,0,,,,,,,,,,,,,,,,,,san diego,San Diego,False,False,65.0,
1173250,RIO VISTA APARTMENTS SAN YSIDRO,1180 W San Ysidro Blvd,San Ysidro,CA,92173.0,41740.0,Metropolitan Statistical Area,San Diego,6073.0,6073010111.0,52.0,32.563004,-117.06715,Active,1,0,0,158,1998-01-01,2028-01-01,2028-01-01,STEADFAST RESIDENTIAL PROPERTIES,For Profit,,,,,,,,,,0.0,121.0,40.0,,,1680.0,,,,,0,0,0,,,,,,,,,,,,,,,,,,,0,0,0,,,,,,,,,,,,,,,,,0,0,0,,,,,,,,,,,,,,,0,0,0,,,,,,,,,,,,,,,,,1,0,0,CAA1998410,Active,4% Tax Credit,1998-01-01,2028-01-01,158.0,Acquisition and Rehab,,,,,,,,,,0,0,0,,,,,,,,,,,,,,,,,0,0,0,,,,,,,,,,,,,,,,,0,0,0,,,,,,,,,,,,,,,,,0,0,0,,,,,,,,,,,,,,,,,0,0,0,,,,,,,,,,,,,,,,,0,0,0,,,,,,,0,0,0,,,,,,,0,0,0,,,,,,,,,,,,,,,,,,san ysidro,San Diego,False,True,158.0,158.0
1173263,THE GROVE,815 Civic Center Dr,Vista,CA,92084.0,41740.0,Metropolitan Statistical Area,San Diego,6073.0,6073019503.0,49.0,33.195278,-117.234474,Active,2,0,0,81,2020-01-01,2042-05-10,2075-01-01,WAKELAND GROVE LP,Non-Profit,,,,,,,,,,66.0,15.0,0.0,,Elderly or Disabled,1930.0,,,,,0,0,0,,,,,,,,,,,,,,,,,,,0,0,0,,,,,,,,,,,,,,,,,0,0,0,,,,,,,,,,,,,,,0,0,0,,,,,,,,,,,,,,,,,1,0,0,CAA2020062,Active,9% Tax Credit,2020-01-01,2075-01-01,80.0,New Construction,,,,,,,,,,0,0,0,,,,,,,,,,,,,,,,,0,0,0,,,,,,,,,,,,,,,,,1,0,0,3377903150.0,Active,HOME,2022-05-10,2042-05-10,80.0,New Construction Only,,,,,,,,,,0,0,0,,,,,,,,,,,,,,,,,0,0,0,,,,,,,,,,,,,,,,,0,0,0,,,,,,,0,0,0,,,,,,,0,0,0,,,,,,,,,,,,,,,,,,vista,Vista,False,False,80.0,
1173456,PLAYA DEL SOL FAMILY APARTMENTS,5235 Calle Dorado,San Diego,CA,92154.0,41740.0,Metropolitan Statistical Area,San Diego,6073.0,6073010017.0,52.0,32.572685,-117.01903,Active,1,0,0,42,2019-01-01,2074-01-01,2074-01-01,,Non-Profit,,,,,,,,,,3.0,15.0,24.0,,,,,,,,0,0,0,,,,,,,,,,,,,,,,,,,0,0,0,,,,,,,,,,,,,,,,,0,0,0,,,,,,,,,,,,,,,0,0,0,,,,,,,,,,,,,,,,,1,0,0,CAA20191091,Active,4% Tax Credit,2019-01-01,2074-01-01,41.0,New Construction,,,,,,,,,,0,0,0,,,,,,,,,,,,,,,,,0,0,0,,,,,,,,,,,,,,,,,0,0,0,,,,,,,,,,,,,,,,,0,0,0,,,,,,,,,,,,,,,,,0,0,0,,,,,,,,,,,,,,,,,0,0,0,,,,,,,0,0,0,,,,,,,0,0,0,,,,,,,,,,,,,,,,,,san diego,San Diego,False,False,41.0,
1173641,SERENITY VILLAGE,619 E 2nd Ave,Escondido,CA,92025.0,41740.0,Metropolitan Statistical Area,San Diego,6073.0,6073020602.0,50.0,33.123379,-117.073311,Active,1,0,0,4,2007-06-18,2027-06-18,2027-06-18,NORTH COUNTY SERENITY HOUSE INC,,,,,,,,,,,,,,,,1830.0,,,,,0,0,0,,,,,,,,,,,,,,,,,,,0,0,0,,,,,,,,,,,,,,,,,0,0,0,,,,,,,,,,,,,,,0,0,0,,,,,,,,,,,,,,,,,0,0,0,,,,,,,,,,,,,,,,,0,0,0,,,,,,,,,,,,,,,,,0,0,0,,,,,,,,,,,,,,,,,1,0,0,3326900849.0,Active,HOME,2007-06-18,2027-06-18,4.0,Acquisition and New Construction,,,,,,,,,,0,0,0,,,,,,,,,,,,,,,,,0,0,0,,,,,,,,,,,,,,,,,0,0,0,,,,,,,0,0,0,,,,,,,0,0,0,,,,,,,,,,,,,,,,,,escondido,Escondido,False,True,4.0,4.0
1173743,,1492 K St,San Diego,CA,92101.0,41740.0,Metropolitan Statistical Area,San Diego,6073.0,6073005101.0,50.0,32.70857,-117.150578,Active,1,0,0,91,2021-01-05,2041-01-05,2041-01-05,NOOK EAST VILLAGE LP,,,,,,,,,,,,,,,,,,,,,0,0,0,,,,,,,,,,,,,,,,,,,0,0,0,,,,,,,,,,,,,,,,,0,0,0,,,,,,,,,,,,,,,0,0,0,,,,,,,,,,,,,,,,,0,0,0,,,,,,,,,,,,,,,,,0,0,0,,,,,,,,,,,,,,,,,0,0,0,,,,,,,,,,,,,,,,,1,0,0,3376207098.0,Active,HOME,2021-01-05,2041-01-05,6.0,Acquisition and New Construction,,,,,,,,,,0,0,0,,,,,,,,,,,,,,,,,0,0,0,,,,,,,,,,,,,,,,,0,0,0,,,,,,,0,0,0,,,,,,,0,0,0,,,,,,,,,,,,,,,,,,san diego,San Diego,False,False,6.0,
1173749,IVY SENIOR APARTMENTS,5858 Mount Alifan Dr,San Diego,CA,92111.0,41740.0,Metropolitan Statistical Area,San Diego,6073.0,6073008509.0,51.0,32.818461,-117.177742,Active,2,0,0,53,2021-01-01,2042-05-03,2076-01-01,MTALIFAN APTS LP,Non-Profit,,,,,,,,,,52.0,1.0,0.0,,,2140.0,,,,,0,0,0,,,,,,,,,,,,,,,,,,,0,0,0,,,,,,,,,,,,,,,,,0,0,0,,,,,,,,,,,,,,,0,0,0,,,,,,,,,,,,,,,,,1,0,0,CAA2021038,Active,9% Tax Credit,2021-01-01,2076-01-01,52.0,New Construction,,,,,,,,,,0,0,0,,,,,,,,,,,,,,,,,0,0,0,,,,,,,,,,,,,,,,,1,0,0,3376207442.0,Active,HOME,2022-05-03,2042-05-03,20.0,New Construction Only,,,,,,,,,,0,0,0,,,,,,,,,,,,,,,,,0,0,0,,,,,,,,,,,,,,,,,0,0,0,,,,,,,0,0,0,,,,,,,0,0,0,,,,,,,,,,,,,,,,,,san diego,San Diego,False,False,52.0,
1180006,CIVITA II FAMILY,2348 RUSSELL PKWY,San Diego,CA,92108.0,41740.0,,San Diego,6073.0,6073009203.0,51.0,32.784099,-117.1482,Active,1,0,0,203,2021-01-01,2076-01-01,2076-01-01,,Non-Profit,,,,,,,,,,0.0,104.0,99.0,,,,,,,,0,0,0,,,,,,,,,,,,,,,,,,,0,0,0,,,,,,,,,,,,,,,,,0,0,0,,,,,,,,,,,,,,,0,0,0,,,,,,,,,,,,,,,,,1,0,0,CAA2021022,Active,4% Tax Credit,2021-01-01,2076-01-01,201.0,New Construction,,,,,,,,,,0,0,0,,,,,,,,,,,,,,,,,0,0,0,,,,,,,,,,,,,,,,,0,0,0,,,,,,,,,,,,,,,,,0,0,0,,,,,,,,,,,,,,,,,0,0,0,,,,,,,,,,,,,,,,,0,0,0,,,,,,,0,0,0,,,,,,,0,0,0,,,,,,,,,,,,,,,,,,san diego,San Diego,False,False,201.0,
1180007,TRINITY PLACE APARTMENTS,4445 Glacier Ave,San Diego,CA,92120.0,41740.0,Metropolitan Statistical Area,San Diego,6073.0,6073009603.0,51.0,32.788484,-117.098601,Active,1,0,0,74,2021-01-01,2076-01-01,2076-01-01,,Non-Profit,,,,,,,,,,73.0,1.0,0.0,,,3190.0,,,,,0,0,0,,,,,,,,,,,,,,,,,,,0,0,0,,,,,,,,,,,,,,,,,0,0,0,,,,,,,,,,,,,,,0,0,0,,,,,,,,,,,,,,,,,1,0,0,CAA2021078,Active,9% Tax Credit,2021-01-01,2076-01-01,73.0,New Construction,,,,,,,,,,0,0,0,,,,,,,,,,,,,,,,,0,0,0,,,,,,,,,,,,,,,,,0,0,0,,,,,,,,,,,,,,,,,0,0,0,,,,,,,,,,,,,,,,,0,0,0,,,,,,,,,,,,,,,,,0,0,0,,,,,,,0,0,0,,,,,,,0,0,0,,,,,,,,,,,,,,,,,,san diego,San Diego,False,False,73.0,
1180008,THE MERIAN FKA PARK MARKET,601 11TH AVE,San Diego,CA,92101.0,41740.0,,San Diego,6073.0,6073005202.0,50.0,32.711582,-117.154479,Active,1,0,0,86,2020-01-01,2075-01-01,2075-01-01,,Non-Profit,,,,,,,,,,51.0,26.0,9.0,,,,,,,,0,0,0,,,,,,,,,,,,,,,,,,,0,0,0,,,,,,,,,,,,,,,,,0,0,0,,,,,,,,,,,,,,,0,0,0,,,,,,,,,,,,,,,,,1,0,0,CAA20201061,Active,4% Tax Credit,2020-01-01,2075-01-01,85.0,New Construction,,,,,,,,,,0,0,0,,,,,,,,,,,,,,,,,0,0,0,,,,,,,,,,,,,,,,,0,0,0,,,,,,,,,,,,,,,,,0,0,0,,,,,,,,,,,,,,,,,0,0,0,,,,,,,,,,,,,,,,,0,0,0,,,,,,,0,0,0,,,,,,,0,0,0,,,,,,,,,,,,,,,,,,san diego,San Diego,False,False,85.0,
1180009,THE LINK,707 17TH ST,San Diego,CA,92101.0,41740.0,,San Diego,6073.0,6073005201.0,50.0,32.712284,-117.148361,Active,2,0,0,88,2020-01-01,2075-01-01,2075-01-01,East Village PSH LP,Non-Profit,ConAm Management,,,,,,,,,86.0,2.0,0.0,,Disabled,,,,,,0,0,0,,,,,,,,,,,,,,,,,,,0,0,0,,,,,,,,,,,,,,,,,0,0,0,,,,,,,,,,,,,,,0,0,0,,,,,,,,,,,,,,,,,1,0,0,CAA20201060,Active,9% Tax Credit,2020-01-01,2075-01-01,86.0,New Construction,,,,,,,,,,0,0,0,,,,,,,,,,,,,,,,,0,0,0,,,,,,,,,,,,,,,,,0,0,0,,,,,,,,,,,,,,,,,0,0,0,,,,,,,,,,,,,,,,,1,0,0,CA-2019-902,Active,CA California State Low Income Housing Tax Credit,2020-07-30,2075-01-01,86.0,,New Construction Only,,,,,,,,,0,0,0,,,,,,,0,0,0,,,,,,,0,0,0,,,,,,,,,,,,,,,,,,san diego,San Diego,False,False,86.0,
1180028,PASEO ARTIST VILLAGE,501 S Santa Fe Ave,Vista,CA,92083.0,41740.0,Metropolitan Statistical Area,San Diego,6073.0,6073019503.0,49.0,33.197178,-117.239952,Active,1,0,0,60,2022-01-01,2077-01-01,2077-01-01,,Non-Profit,,,,,,,,,,22.0,22.0,16.0,,,1930.0,,,,,0,0,0,,,,,,,,,,,,,,,,,,,0,0,0,,,,,,,,,,,,,,,,,0,0,0,,,,,,,,,,,,,,,0,0,0,,,,,,,,,,,,,,,,,1,0,0,CAA2022004,Active,9% Tax Credit,2022-01-01,2077-01-01,59.0,New Construction,,,,,,,,,,0,0,0,,,,,,,,,,,,,,,,,0,0,0,,,,,,,,,,,,,,,,,0,0,0,,,,,,,,,,,,,,,,,0,0,0,,,,,,,,,,,,,,,,,0,0,0,,,,,,,,,,,,,,,,,0,0,0,,,,,,,0,0,0,,,,,,,0,0,0,,,,,,,,,,,,,,,,,,vista,Vista,False,False,59.0,
1183391,14TH COMMERCIAL APARTMENTS,1 14th St,San Diego,CA,92101.0,41740.0,Metropolitan Statistical Area,San Diego,6073.0,6073005103.0,50.0,32.705488,-117.151673,Active,4,0,0,326,2021-01-01,2043-02-27,2076-01-01,14 & COMMERCIAL CIC VHHP LP,Non-Profit,,,,,,,,,,299.0,27.0,0.0,,,,,,,,0,0,0,,,,,,,,,,,,,,,,,,,0,0,0,,,,,,,,,,,,,,,,,0,0,0,,,,,,,,,,,,,,,0,0,0,,,,,,,,,,,,,,,,,2,0,0,CAA20211003,Active,4% Tax Credit,2021-01-01,2076-01-01,323.0,New Construction,,CAA20211002,Active,4% Tax Credit,2021-01-01,2076-01-01,80.0,New Construction,,0,0,0,,,,,,,,,,,,,,,,,0,0,0,,,,,,,,,,,,,,,,,2,0,0,3376207421.0,Active,HOME,2023-02-27,2043-02-27,20.0,Acquisition and New Construction,,3376207420.0,Active,HOME,2023-02-27,2043-02-27,25.0,Acquisition and New Construction,,0,0,0,,,,,,,,,,,,,,,,,0,0,0,,,,,,,,,,,,,,,,,0,0,0,,,,,,,0,0,0,,,,,,,0,0,0,,,,,,,,,,,,,,,,,,san diego,San Diego,False,False,323.0,
1183392,TRINITY APARTMENTS,6240 Mission Gorge Rd,San Diego,CA,92120.0,41740.0,Metropolitan Statistical Area,San Diego,6073.0,6073009603.0,51.0,32.788572,-117.098277,Active,1,0,0,73,2023-02-27,2043-02-27,2043-02-27,WAKELAND HOUSING & DEVELOPMENT CORP,,,,,,,,,,,,,,,,3190.0,,,,,0,0,0,,,,,,,,,,,,,,,,,,,0,0,0,,,,,,,,,,,,,,,,,0,0,0,,,,,,,,,,,,,,,0,0,0,,,,,,,,,,,,,,,,,0,0,0,,,,,,,,,,,,,,,,,0,0,0,,,,,,,,,,,,,,,,,0,0,0,,,,,,,,,,,,,,,,,1,0,0,3376207443.0,Active,HOME,2023-02-27,2043-02-27,15.0,Acquisition and New Construction,,,,,,,,,,0,0,0,,,,,,,,,,,,,,,,,0,0,0,,,,,,,,,,,,,,,,,0,0,0,,,,,,,0,0,0,,,,,,,0,0,0,,,,,,,,,,,,,,,,,,san diego,San Diego,False,False,15.0,
1183393,ORCHARD AT HILLTOP FKA HILLTOP & EUCLID FAMILY,922 Euclid Ave,San Diego,CA,92114.0,41740.0,Metropolitan Statistical Area,San Diego,6073.0,6073003404.0,52.0,32.71536,-117.085399,Active,2,0,0,113,2022-09-29,2043-05-26,2077-01-01,AFFIRMED HOUSING GROUP,,ConAm Management,,,,,,,,,37.0,36.0,38.0,,Family,1780.0,,,,,0,0,0,,,,,,,,,,,,,,,,,,,0,0,0,,,,,,,,,,,,,,,,,0,0,0,,,,,,,,,,,,,,,0,0,0,,,,,,,,,,,,,,,,,0,0,0,,,,,,,,,,,,,,,,,0,0,0,,,,,,,,,,,,,,,,,0,0,0,,,,,,,,,,,,,,,,,1,0,0,3376207537.0,Active,HOME,2023-05-26,2043-05-26,20.0,Acquisition and New Construction,,,,,,,,,,0,0,0,,,,,,,,,,,,,,,,,1,0,0,CA-2020-500,Active,CA California State Low Income Housing Tax Credit,2022-09-29,2077-01-01,111.0,,New Construction Only,,,,,,,,,0,0,0,,,,,,,0,0,0,,,,,,,0,0,0,,,,,,,,,,,,,,,,,,san diego,San Diego,False,False,111.0,
1186762,GENESIS APARTMENTS FKA EL CAJON SENIOR APARTMENTS,735 El Cajon Blvd,El Cajon,CA,92020.0,41740.0,Metropolitan Statistical Area,San Diego,6073.0,6073015902.0,51.0,32.786982,-116.974937,Active,1,0,1,9,2020-01-01,2076-01-01,2076-01-01,,Non-Profit,,,,,,,,,,8.0,1.0,0.0,,,1840.0,,,,,0,0,0,,,,,,,,,,,,,,,,,,,0,0,0,,,,,,,,,,,,,,,,,0,0,0,,,,,,,,,,,,,,,0,0,0,,,,,,,,,,,,,,,,,1,0,1,CAA20212098,Active,9% Tax Credit,2021-01-01,2076-01-01,8.0,Acquisition and Rehab,,,,,,,,,,0,0,0,,,,,,,,,,,,,,,,,0,0,0,,,,,,,,,,,,,,,,,0,0,0,,,,,,,,,,,,,,,,,0,0,0,,,,,,,,,,,,,,,,,0,0,0,,,,,,,,,,,,,,,,,0,0,0,,,,,,,0,0,0,,,,,,,0,0,0,,,,,,,,,,,,,,,,,,el cajon,El Cajon,False,False,8.0,
1186844,KEELER COURT APARTMENTS,1290 KEELER CT,San Diego,CA,92113.0,41740.0,,San Diego,6073.0,6073003602.0,52.0,32.6986,-117.113296,Active,1,0,0,71,2021-01-01,2076-01-01,2076-01-01,,Non-Profit,,,,,,,,,,31.0,18.0,22.0,,,1620.0,,,,,0,0,0,,,,,,,,,,,,,,,,,,,0,0,0,,,,,,,,,,,,,,,,,0,0,0,,,,,,,,,,,,,,,0,0,0,,,,,,,,,,,,,,,,,1,0,0,CAA20211032,Active,4% Tax Credit,2021-01-01,2076-01-01,70.0,New Construction,,,,,,,,,,0,0,0,,,,,,,,,,,,,,,,,0,0,0,,,,,,,,,,,,,,,,,0,0,0,,,,,,,,,,,,,,,,,0,0,0,,,,,,,,,,,,,,,,,0,0,0,,,,,,,,,,,,,,,,,0,0,0,,,,,,,0,0,0,,,,,,,0,0,0,,,,,,,,,,,,,,,,,,san diego,San Diego,False,False,70.0,
1186893,VILLA SERENA PHASE 1,340 MARCOS ST,San Marcos,CA,92069.0,41740.0,,San Diego,6073.0,6073020021.0,50.0,33.145744,-117.170082,Active,1,0,1,85,2020-01-01,2078-01-01,2078-01-01,,Non-Profit,,,,,,,,,,18.0,41.0,26.0,,Family,1880.0,,,,,0,0,0,,,,,,,,,,,,,,,,,,,0,0,0,,,,,,,,,,,,,,,,,0,0,0,,,,,,,,,,,,,,,0,0,0,,,,,,,,,,,,,,,,,1,0,1,CAA2023108,Active,9% Tax Credit,2023-01-01,2078-01-01,84.0,New Construction,,,,,,,,,,0,0,0,,,,,,,,,,,,,,,,,0,0,0,,,,,,,,,,,,,,,,,0,0,0,,,,,,,,,,,,,,,,,0,0,0,,,,,,,,,,,,,,,,,0,0,0,,,,,,,,,,,,,,,,,0,0,0,,,,,,,0,0,0,,,,,,,0,0,0,,,,,,,,,,,,,,,,,,san marcos,San Marcos,False,False,84.0,
1186996,FAIRBANKS TERRACE II,16361 Paseo Del Sur,San Diego,CA,92127.0,41740.0,Metropolitan Statistical Area,San Diego,6073.0,6073017065.0,50.0,33.018301,-117.125142,Active,2,0,1,31,2020-01-01,2076-01-01,2076-01-01,Fairbanks Terrace II CIC LP,Non-Profit,Western National Property Management,,,,,,,,,25.0,6.0,0.0,,Elderly or Disabled,,,,,,0,0,0,,,,,,,,,,,,,,,,,,,0,0,0,,,,,,,,,,,,,,,,,0,0,0,,,,,,,,,,,,,,,0,0,0,,,,,,,,,,,,,,,,,1,0,1,CAA20212095,Active,4% Tax Credit,2021-01-01,2076-01-01,30.0,New Construction,,,,,,,,,,0,0,0,,,,,,,,,,,,,,,,,0,0,0,,,,,,,,,,,,,,,,,0,0,0,,,,,,,,,,,,,,,,,0,0,0,,,,,,,,,,,,,,,,,1,0,0,CA-2020-441,Active,CA California State Low Income Housing Tax Credit,2021-11-29,2076-01-01,30.0,,New Construction Only,,,,,,,,,0,0,0,,,,,,,0,0,0,,,,,,,0,0,0,,,,,,,,,,,,,,,,,,san diego,San Diego,False,False,30.0,
1187017,MARINERS VILLAGE,6847 Potomac St,San Diego,CA,92139.0,41740.0,Metropolitan Statistical Area,San Diego,6073.0,6073003208.0,52.0,32.687732,-117.047397,Active,1,0,0,172,2021-01-01,2076-01-01,2076-01-01,,Non-Profit,,,,,,,,,,20.0,108.0,44.0,,,2110.0,,,,,0,0,0,,,,,,,,,,,,,,,,,,,0,0,0,,,,,,,,,,,,,,,,,0,0,0,,,,,,,,,,,,,,,0,0,0,,,,,,,,,,,,,,,,,1,0,0,CAA20211040,Active,4% Tax Credit,2021-01-01,2076-01-01,155.0,Acquisition and Rehab,,,,,,,,,,0,0,0,,,,,,,,,,,,,,,,,0,0,0,,,,,,,,,,,,,,,,,0,0,0,,,,,,,,,,,,,,,,,0,0,0,,,,,,,,,,,,,,,,,0,0,0,,,,,,,,,,,,,,,,,0,0,0,,,,,,,0,0,0,,,,,,,0,0,0,,,,,,,,,,,,,,,,,,san diego,San Diego,False,False,155.0,
1187018,APOLLO APARTMENTS FKA POWAY COMMONS,POWAY RD & TARASCAN DR,Poway,CA,92064.0,41740.0,,San Diego,6073.0,6073017041.0,48.0,32.956752,-117.047035,Active,2,0,1,44,2020-01-01,2076-01-01,2076-01-01,Poway Commons Affordable CIC LP,Non-Profit,CONAM Management,,,,,,,,,35.0,9.0,0.0,,Elderly or Disabled,2170.0,,,,,0,0,0,,,,,,,,,,,,,,,,,,,0,0,0,,,,,,,,,,,,,,,,,0,0,0,,,,,,,,,,,,,,,0,0,0,,,,,,,,,,,,,,,,,1,0,1,CAA20212092,Active,4% Tax Credit,2021-01-01,2076-01-01,43.0,New Construction,,,,,,,,,,0,0,0,,,,,,,,,,,,,,,,,0,0,0,,,,,,,,,,,,,,,,,0,0,0,,,,,,,,,,,,,,,,,0,0,0,,,,,,,,,,,,,,,,,1,0,0,CA-2020-503,Active,CA California State Low Income Housing Tax Credit,2021-12-17,2076-01-01,43.0,,New Construction Only,,,,,,,,,0,0,0,,,,,,,0,0,0,,,,,,,0,0,0,,,,,,,,,,,,,,,,,,poway,Poway,False,False,43.0,
1187182,JAMBOREE SAN YSIDRO PERMANENT SUPPORTIVE HOUSING,429 W San Ysidro Blvd,San Diego,CA,92173.0,41740.0,Metropolitan Statistical Area,San Diego,6073.0,6073010013.0,52.0,32.556482,-117.052932,Active,1,0,0,65,2023-01-01,2078-01-01,2078-01-01,,Non-Profit,,,,,,,,,,52.0,10.0,3.0,,Elderly or Disabled,1680.0,,,,,0,0,0,,,,,,,,,,,,,,,,,,,0,0,0,,,,,,,,,,,,,,,,,0,0,0,,,,,,,,,,,,,,,0,0,0,,,,,,,,,,,,,,,,,1,0,0,CAA2023002,Active,9% Tax Credit,2023-01-01,2078-01-01,64.0,New Construction,,,,,,,,,,0,0,0,,,,,,,,,,,,,,,,,0,0,0,,,,,,,,,,,,,,,,,0,0,0,,,,,,,,,,,,,,,,,0,0,0,,,,,,,,,,,,,,,,,0,0,0,,,,,,,,,,,,,,,,,0,0,0,,,,,,,0,0,0,,,,,,,0,0,0,,,,,,,,,,,,,,,,,,san diego,San Diego,False,False,64.0,
1187322,ALORA,604 W RICHMAR AVE,San Marcos,CA,92069.0,41740.0,,San Diego,6073.0,6073020021.0,50.0,33.146419,-117.173019,Active,1,0,1,100,2021-01-01,2078-01-01,2078-01-01,,Non-Profit,,,,,,,,,,15.0,60.0,25.0,,Family,1880.0,,,,,0,0,0,,,,,,,,,,,,,,,,,,,0,0,0,,,,,,,,,,,,,,,,,0,0,0,,,,,,,,,,,,,,,0,0,0,,,,,,,,,,,,,,,,,1,0,1,CAA2023098,Active,9% Tax Credit,2023-01-01,2078-01-01,99.0,New Construction,,,,,,,,,,0,0,0,,,,,,,,,,,,,,,,,0,0,0,,,,,,,,,,,,,,,,,0,0,0,,,,,,,,,,,,,,,,,0,0,0,,,,,,,,,,,,,,,,,0,0,0,,,,,,,,,,,,,,,,,0,0,0,,,,,,,0,0,0,,,,,,,0,0,0,,,,,,,,,,,,,,,,,,san marcos,San Marcos,False,False,99.0,
1187390,WINDSOR POINTE,965 OAK AVE,Carlsbad,CA,92008.0,41740.0,,San Diego,6073.0,6073017902.0,49.0,33.161228,-117.342735,Active,2,0,1,50,2020-01-01,2077-01-01,2077-01-01,Carlsbad Veteran Housing LP,Non-Profit,Solari Enterprises Inc,,,,,,,,,41.0,7.0,2.0,,Disabled,,,,,,0,0,0,,,,,,,,,,,,,,,,,,,0,0,0,,,,,,,,,,,,,,,,,0,0,0,,,,,,,,,,,,,,,0,0,0,,,,,,,,,,,,,,,,,1,0,1,CAA20221124,Active,4% Tax Credit,2022-01-01,2077-01-01,48.0,New Construction,,,,,,,,,,0,0,0,,,,,,,,,,,,,,,,,0,0,0,,,,,,,,,,,,,,,,,0,0,0,,,,,,,,,,,,,,,,,0,0,0,,,,,,,,,,,,,,,,,1,0,0,CA-2020-437,Active,CA California State Low Income Housing Tax Credit,2022-04-11,2077-01-01,48.0,,New Construction Only,,,,,,,,,0,0,0,,,,,,,0,0,0,,,,,,,0,0,0,,,,,,,,,,,,,,,,,,carlsbad,Carlsbad,False,False,48.0,
1190156,ANITA STREET APARTMENTS,758 Anita St,Chula Vista,CA,91911.0,41740.0,Metropolitan Statistical Area,San Diego,6073.0,6073013205.0,52.0,32.598563,-117.086239,Active,1,0,0,96,2023-01-01,2077-01-01,2077-01-01,,Non-Profit,,,,,,,,,,45.0,27.0,24.0,,Family,1980.0,,,,,0,0,0,,,,,,,,,,,,,,,,,,,0,0,0,,,,,,,,,,,,,,,,,0,0,0,,,,,,,,,,,,,,,0,0,0,,,,,,,,,,,,,,,,,1,0,0,CAA2023012,Active,9% Tax Credit,2023-01-01,2077-01-01,95.0,New Construction,,,,,,,,,,0,0,0,,,,,,,,,,,,,,,,,0,0,0,,,,,,,,,,,,,,,,,0,0,0,,,,,,,,,,,,,,,,,0,0,0,,,,,,,,,,,,,,,,,0,0,0,,,,,,,,,,,,,,,,,0,0,0,,,,,,,0,0,0,,,,,,,0,0,0,,,,,,,,,,,,,,,,,,chula vista,Chula Vista,False,False,95.0,
1190238,HARRIS FAMILY SENIOR RESIDENCE FKA EAST BLOCK SENIOR APARTMENTS,4320 44th St,San Diego,CA,92115.0,41740.0,Metropolitan Statistical Area,San Diego,6073.0,6073002301.0,51.0,32.755589,-117.10041,Active,1,0,0,117,2022-01-01,2077-01-01,2077-01-01,,Non-Profit,,,,,,,,,,117.0,0.0,0.0,,Elderly or Disabled,1890.0,,,,,0,0,0,,,,,,,,,,,,,,,,,,,0,0,0,,,,,,,,,,,,,,,,,0,0,0,,,,,,,,,,,,,,,0,0,0,,,,,,,,,,,,,,,,,1,0,0,CAA20221036,Active,4% Tax Credit,2022-01-01,2077-01-01,115.0,New Construction,,,,,,,,,,0,0,0,,,,,,,,,,,,,,,,,0,0,0,,,,,,,,,,,,,,,,,0,0,0,,,,,,,,,,,,,,,,,0,0,0,,,,,,,,,,,,,,,,,0,0,0,,,,,,,,,,,,,,,,,0,0,0,,,,,,,0,0,0,,,,,,,0,0,0,,,,,,,,,,,,,,,,,,san diego,San Diego,False,False,115.0,
1190478,VALENCIA POINTE,5930 Division St,San Diego,CA,92114.0,41740.0,Metropolitan Statistical Area,San Diego,6073.0,6073003113.0,52.0,32.694566,-117.069634,Active,2,0,0,102,2022-01-01,2077-01-01,2077-01-01,CRP Valencia Pointe LP,Non-Profit,FPI MGT DBA Asset Living,,,,,,,,,0.0,58.0,44.0,,Family,1750.0,,,,,0,0,0,,,,,,,,,,,,,,,,,,,0,0,0,,,,,,,,,,,,,,,,,0,0,0,,,,,,,,,,,,,,,0,0,0,,,,,,,,,,,,,,,,,1,0,0,CAA20221084,Active,4% Tax Credit,2022-01-01,2077-01-01,101.0,New Construction,,,,,,,,,,0,0,0,,,,,,,,,,,,,,,,,0,0,0,,,,,,,,,,,,,,,,,0,0,0,,,,,,,,,,,,,,,,,0,0,0,,,,,,,,,,,,,,,,,1,0,0,CA-2020-431,Active,CA California State Low Income Housing Tax Credit,2022-09-12,2077-01-01,101.0,,New Construction Only,,,,,,,,,0,0,0,,,,,,,0,0,0,,,,,,,0,0,0,,,,,,,,,,,,,,,,,,san diego,San Diego,False,False,101.0,
1190743,ONE MISSISSIPPI FKA MISSISSIPPI ECB,4234 Mississippi St,San Diego,CA,92104.0,41740.0,Metropolitan Statistical Area,San Diego,6073.0,6073000901.0,50.0,32.754748,-117.141527,Active,1,0,0,61,2022-01-01,2077-01-01,2077-01-01,,Non-Profit,,,,,,,,,,49.0,12.0,0.0,,,,,,,,0,0,0,,,,,,,,,,,,,,,,,,,0,0,0,,,,,,,,,,,,,,,,,0,0,0,,,,,,,,,,,,,,,0,0,0,,,,,,,,,,,,,,,,,1,0,0,CAA20221058,Active,4% Tax Credit,2022-01-01,2077-01-01,60.0,New Construction,,,,,,,,,,0,0,0,,,,,,,,,,,,,,,,,0,0,0,,,,,,,,,,,,,,,,,0,0,0,,,,,,,,,,,,,,,,,0,0,0,,,,,,,,,,,,,,,,,0,0,0,,,,,,,,,,,,,,,,,0,0,0,,,,,,,0,0,0,,,,,,,0,0,0,,,,,,,,,,,,,,,,,,san diego,San Diego,False,False,60.0,
1190801,THE COURTYARDS AT KIMBALL,1105 NATIONAL CITY BLVD,National City,CA,91950.0,41740.0,,San Diego,6073.0,6073011700.0,52.0,32.673023,-117.10556,Active,2,0,0,131,2023-01-01,2078-01-01,2078-01-01,Riverside Charitable Corporation a California Non,Non-Profit,ConAm Management,,,,,,,,,0.0,24.0,107.0,,Family,1660.0,,,,,0,0,0,,,,,,,,,,,,,,,,,,,0,0,0,,,,,,,,,,,,,,,,,0,0,0,,,,,,,,,,,,,,,0,0,0,,,,,,,,,,,,,,,,,1,0,0,CAA2023079,Active,4% Tax Credit,2023-01-01,2078-01-01,130.0,New Construction,,,,,,,,,,0,0,0,,,,,,,,,,,,,,,,,0,0,0,,,,,,,,,,,,,,,,,0,0,0,,,,,,,,,,,,,,,,,0,0,0,,,,,,,,,,,,,,,,,1,0,0,CA-2020-535,Active,CA California State Low Income Housing Tax Credit,2023-04-01,2078-01-01,130.0,,New Construction Only,,,,,,,,,0,0,0,,,,,,,0,0,0,,,,,,,0,0,0,,,,,,,,,,,,,,,,,,national city,National City,False,False,130.0,
1191071,AMANECER APARTMENTS,2645 Ulric St,San Diego,CA,92111.0,41740.0,Metropolitan Statistical Area,San Diego,6073.0,6073008600.0,51.0,32.791641,-117.172083,Active,1,0,0,96,2022-01-01,2077-01-01,2077-01-01,,Non-Profit,,,,,,,,,,34.0,33.0,29.0,,Family,2140.0,,,,,0,0,0,,,,,,,,,,,,,,,,,,,0,0,0,,,,,,,,,,,,,,,,,0,0,0,,,,,,,,,,,,,,,0,0,0,,,,,,,,,,,,,,,,,1,0,0,CAA20221005,Active,4% Tax Credit,2022-01-01,2077-01-01,95.0,New Construction,,,,,,,,,,0,0,0,,,,,,,,,,,,,,,,,0,0,0,,,,,,,,,,,,,,,,,0,0,0,,,,,,,,,,,,,,,,,0,0,0,,,,,,,,,,,,,,,,,0,0,0,,,,,,,,,,,,,,,,,0,0,0,,,,,,,0,0,0,,,,,,,0,0,0,,,,,,,,,,,,,,,,,,san diego,San Diego,False,False,95.0,
1191193,EL DORADO II APARTMENTS,303 RICHMAR AVE,San Marcos,CA,92069.0,41740.0,,San Diego,6073.0,6073020021.0,50.0,33.144737,-117.167541,Active,1,0,0,84,2021-01-01,2076-01-01,2076-01-01,,Non-Profit,,,,,,,,,,0.0,12.0,72.0,,,1880.0,,,,,0,0,0,,,,,,,,,,,,,,,,,,,0,0,0,,,,,,,,,,,,,,,,,0,0,0,,,,,,,,,,,,,,,0,0,0,,,,,,,,,,,,,,,,,1,0,0,CAA20212007,Active,9% Tax Credit,2021-01-01,2076-01-01,83.0,Both New Construction and Acquisition and Rehab,,,,,,,,,,0,0,0,,,,,,,,,,,,,,,,,0,0,0,,,,,,,,,,,,,,,,,0,0,0,,,,,,,,,,,,,,,,,0,0,0,,,,,,,,,,,,,,,,,0,0,0,,,,,,,,,,,,,,,,,0,0,0,,,,,,,0,0,0,,,,,,,0,0,0,,,,,,,,,,,,,,,,,,san marcos,San Marcos,False,False,83.0,
1191198,MID CITY FAMILY APARTMENTS FKA EAST BLOCK FAMILY APARTMENTS,4340 44th St,San Diego,CA,92115.0,41740.0,Metropolitan Statistical Area,San Diego,6073.0,6073002301.0,51.0,32.755771,-117.10024,Active,1,0,0,78,2022-01-01,2077-01-01,2077-01-01,,Non-Profit,,,,,,,,,,0.0,33.0,45.0,,,1890.0,,,,,0,0,0,,,,,,,,,,,,,,,,,,,0,0,0,,,,,,,,,,,,,,,,,0,0,0,,,,,,,,,,,,,,,0,0,0,,,,,,,,,,,,,,,,,1,0,0,CAA20221051,Active,4% Tax Credit,2022-01-01,2077-01-01,77.0,New Construction,,,,,,,,,,0,0,0,,,,,,,,,,,,,,,,,0,0,0,,,,,,,,,,,,,,,,,0,0,0,,,,,,,,,,,,,,,,,0,0,0,,,,,,,,,,,,,,,,,0,0,0,,,,,,,,,,,,,,,,,0,0,0,,,,,,,0,0,0,,,,,,,0,0,0,,,,,,,,,,,,,,,,,,san diego,San Diego,False,False,77.0,
1191272,PARK CREST APARTMENTS,4531 Logan Ave,San Diego,CA,92113.0,41740.0,Metropolitan Statistical Area,San Diego,6073.0,6073003303.0,52.0,32.696303,-117.096936,Active,1,0,0,140,2022-01-01,2077-01-01,2077-01-01,,Non-Profit,,,,,,,,,,0.0,104.0,36.0,,Family,1620.0,,,,,0,0,0,,,,,,,,,,,,,,,,,,,0,0,0,,,,,,,,,,,,,,,,,0,0,0,,,,,,,,,,,,,,,0,0,0,,,,,,,,,,,,,,,,,1,0,0,CAA20221062,Active,4% Tax Credit,2022-01-01,2077-01-01,139.0,Acquisition and Rehab,,,,,,,,,,0,0,0,,,,,,,,,,,,,,,,,0,0,0,,,,,,,,,,,,,,,,,0,0,0,,,,,,,,,,,,,,,,,0,0,0,,,,,,,,,,,,,,,,,0,0,0,,,,,,,,,,,,,,,,,0,0,0,,,,,,,0,0,0,,,,,,,0,0,0,,,,,,,,,,,,,,,,,,san diego,San Diego,False,False,139.0,
1191330,THE HELM FKA FRONT & BEECH APARTMENTS,191 W BEECH ST,San Diego,CA,92101.0,41740.0,,San Diego,6073.0,6073005601.0,50.0,32.720714,-117.164657,Active,2,0,0,78,2023-01-01,2078-01-01,2078-01-01,Front & Beech SH LP,Non-Profit,Solari Enterprises Inc,,,,,,,,,77.0,1.0,0.0,,,,,,,,0,0,0,,,,,,,,,,,,,,,,,,,0,0,0,,,,,,,,,,,,,,,,,0,0,0,,,,,,,,,,,,,,,0,0,0,,,,,,,,,,,,,,,,,1,0,0,CAA2023082,Active,4% Tax Credit,2023-01-01,2078-01-01,77.0,New Construction,,,,,,,,,,0,0,0,,,,,,,,,,,,,,,,,0,0,0,,,,,,,,,,,,,,,,,0,0,0,,,,,,,,,,,,,,,,,0,0,0,,,,,,,,,,,,,,,,,1,0,0,CA-2020-634,Active,CA California State Low Income Housing Tax Credit,2023-03-03,2078-01-01,77.0,,New Construction Only,,,,,,,,,0,0,0,,,,,,,0,0,0,,,,,,,0,0,0,,,,,,,,,,,,,,,,,,san diego,San Diego,False,False,77.0,
1193720,KIMBALL HIGHLAND,605 E 14TH ST & 1221 D AVE,National City,CA,91950.0,41740.0,,San Diego,6073.0,6073011700.0,,32.672573,-117.098614,Active,1,0,0,145,2025-08-01,2055-07-01,2055-07-01,,,,,800500658.0,,,,,,,,,,,,1660.0,,,,,0,0,0,,,,,,,,,,,,,,,,,,,0,0,0,,,,,,,,,,,,,,,,,0,0,0,,,,,,,,,,,,,,,1,0,0,12998020.0,Active,542(C) HFA RISK SHARING-RECENT COMP,2025-08-01,2055-07-01,145.0,23582260.0,,,,,,,,,,0,0,0,,,,,,,,,,,,,,,,,0,0,0,,,,,,,,,,,,,,,,,0,0,0,,,,,,,,,,,,,,,,,0,0,0,,,,,,,,,,,,,,,,,0,0,0,,,,,,,,,,,,,,,,,0,0,0,,,,,,,,,,,,,,,,,0,0,0,,,,,,,0,0,0,,,,,,,0,0,0,,,,,,,,,,,,,,,,,,national city,National City,False,False,145.0,
1195388,ENCELIA AT COTA VERA,1910 Encelia Cir,Chula Vista,CA,91913.0,41740.0,Metropolitan Statistical Area,San Diego,6073.0,6073013317.0,52.0,32.603716,-116.97957,Active,1,0,0,175,2023-01-01,2078-01-01,2078-01-01,,Non-Profit,,,,,,,,,,55.0,74.0,46.0,,Family,,,,,,0,0,0,,,,,,,,,,,,,,,,,,,0,0,0,,,,,,,,,,,,,,,,,0,0,0,,,,,,,,,,,,,,,0,0,0,,,,,,,,,,,,,,,,,1,0,0,CAA20231043,Active,4% Tax Credit,2023-01-01,2078-01-01,173.0,New Construction,,,,,,,,,,0,0,0,,,,,,,,,,,,,,,,,0,0,0,,,,,,,,,,,,,,,,,0,0,0,,,,,,,,,,,,,,,,,0,0,0,,,,,,,,,,,,,,,,,0,0,0,,,,,,,,,,,,,,,,,0,0,0,,,,,,,0,0,0,,,,,,,0,0,0,,,,,,,,,,,,,,,,,,chula vista,Chula Vista,False,False,173.0,
1195450,SHORELINE,4470 Alvarado Canyon Rd Apt 417,San Diego,CA,92120.0,41740.0,Metropolitan Statistical Area,San Diego,6073.0,6073009604.0,51.0,32.780464,-117.097298,Active,2,0,0,126,2024-01-01,2079-01-01,2079-01-01,Grantville Trolley Family Housing LP,Non-Profit,ConAm Management Corporation,,,,,,,,,61.0,32.0,33.0,,Family,2360.0,,,,,0,0,0,,,,,,,,,,,,,,,,,,,0,0,0,,,,,,,,,,,,,,,,,0,0,0,,,,,,,,,,,,,,,0,0,0,,,,,,,,,,,,,,,,,1,0,0,CAA2024108,Active,4% Tax Credit,2024-01-01,2079-01-01,124.0,New Construction,,,,,,,,,,0,0,0,,,,,,,,,,,,,,,,,0,0,0,,,,,,,,,,,,,,,,,0,0,0,,,,,,,,,,,,,,,,,0,0,0,,,,,,,,,,,,,,,,,1,0,0,CA-2021-557,Active,CA California State Low Income Housing Tax Credit,2024-02-28,2079-01-01,124.0,,New Construction Only,,,,,,,,,0,0,0,,,,,,,0,0,0,,,,,,,0,0,0,,,,,,,,,,,,,,,,,,san diego,San Diego,False,False,124.0,
1195630,VALLEY SENIOR VILLAGE,337 E VALLEY PKWY,Escondido,CA,92025.0,,,San Diego,6073.0,6073020214.0,,33.124046,-117.078826,Active,1,0,0,50,2023-01-01,2078-01-01,2078-01-01,,Non-Profit,,,,,,,,,,49.0,1.0,0.0,,Elderly or Disabled,1830.0,,,,,0,0,0,,,,,,,,,,,,,,,,,,,0,0,0,,,,,,,,,,,,,,,,,0,0,0,,,,,,,,,,,,,,,0,0,0,,,,,,,,,,,,,,,,,1,0,0,CAA20231105,Active,4% Tax Credit,2023-01-01,2078-01-01,49.0,New Construction,,,,,,,,,,0,0,0,,,,,,,,,,,,,,,,,0,0,0,,,,,,,,,,,,,,,,,0,0,0,,,,,,,,,,,,,,,,,0,0,0,,,,,,,,,,,,,,,,,0,0,0,,,,,,,,,,,,,,,,,0,0,0,,,,,,,0,0,0,,,,,,,0,0,0,,,,,,,,,,,,,,,,,,escondido,Escondido,False,False,49.0,
1195709,GREENBRIER VILLAGE,563 Greenbrier Dr,Oceanside,CA,92054.0,41740.0,Metropolitan Statistical Area,San Diego,6073.0,6073018509.0,49.0,33.195296,-117.355736,Active,2,0,0,60,2024-01-01,2079-01-01,2079-01-01,Greenbrier Village LP,Non-Profit,National Community Renaissance of CA,,,,,,,,,59.0,1.0,0.0,,Elderly or Disabled,2110.0,,,,,0,0,0,,,,,,,,,,,,,,,,,,,0,0,0,,,,,,,,,,,,,,,,,0,0,0,,,,,,,,,,,,,,,0,0,0,,,,,,,,,,,,,,,,,1,0,0,CAA2024047,Active,9% Tax Credit,2024-01-01,2079-01-01,59.0,New Construction,,,,,,,,,,0,0,0,,,,,,,,,,,,,,,,,0,0,0,,,,,,,,,,,,,,,,,0,0,0,,,,,,,,,,,,,,,,,0,0,0,,,,,,,,,,,,,,,,,1,0,0,CA-2022-033,Active,CA California State Low Income Housing Tax Credit,2024-06-26,2079-01-01,59.0,,New Construction Only,,,,,,,,,0,0,0,,,,,,,0,0,0,,,,,,,0,0,0,,,,,,,,,,,,,,,,,,oceanside,Oceanside,False,False,59.0,
1195773,VISTA AZUL,1380 Laurel Tree Ln,Carlsbad,CA,92011.0,41740.0,Metropolitan Statistical Area,San Diego,6073.0,6073022102.0,49.0,33.121834,-117.300639,Active,1,0,0,70,2024-01-01,2079-01-01,2079-01-01,,Non-Profit,,,,,,,,,,32.0,19.0,19.0,,Family,,,,,,0,0,0,,,,,,,,,,,,,,,,,,,0,0,0,,,,,,,,,,,,,,,,,0,0,0,,,,,,,,,,,,,,,0,0,0,,,,,,,,,,,,,,,,,1,0,0,CAA2024139,Active,4% Tax Credit,2024-01-01,2079-01-01,69.0,New Construction,,,,,,,,,,0,0,0,,,,,,,,,,,,,,,,,0,0,0,,,,,,,,,,,,,,,,,0,0,0,,,,,,,,,,,,,,,,,0,0,0,,,,,,,,,,,,,,,,,0,0,0,,,,,,,,,,,,,,,,,0,0,0,,,,,,,0,0,0,,,,,,,0,0,0,,,,,,,,,,,,,,,,,,carlsbad,Carlsbad,False,False,69.0,
1195782,LEVANT SENIOR COTTAGES,6950 Levant St,San Diego,CA,92111.0,41740.0,Metropolitan Statistical Area,San Diego,6073.0,6073008600.0,51.0,32.792089,-117.168595,Active,1,0,0,127,2024-01-01,2079-01-01,2079-01-01,,Non-Profit,,,,,,,,,,126.0,1.0,0.0,,Elderly or Disabled,2140.0,,,,,0,0,0,,,,,,,,,,,,,,,,,,,0,0,0,,,,,,,,,,,,,,,,,0,0,0,,,,,,,,,,,,,,,0,0,0,,,,,,,,,,,,,,,,,1,0,0,CAA2024062,Active,4% Tax Credit,2024-01-01,2079-01-01,126.0,New Construction,,,,,,,,,,0,0,0,,,,,,,,,,,,,,,,,0,0,0,,,,,,,,,,,,,,,,,0,0,0,,,,,,,,,,,,,,,,,0,0,0,,,,,,,,,,,,,,,,,0,0,0,,,,,,,,,,,,,,,,,0,0,0,,,,,,,0,0,0,,,,,,,0,0,0,,,,,,,,,,,,,,,,,,san diego,San Diego,False,False,126.0,
1195824,ALPINE FAMILY APARTMENTS,1460 MARSHALL RD,Alpine,CA,91901.0,,,San Diego,6073.0,6073021205.0,,32.833797,-116.765678,Active,1,0,0,38,2023-01-01,2078-01-01,2078-01-01,,Non-Profit,,,,,,,,,,17.0,11.0,10.0,,Family,1970.0,,,,,0,0,0,,,,,,,,,,,,,,,,,,,0,0,0,,,,,,,,,,,,,,,,,0,0,0,,,,,,,,,,,,,,,0,0,0,,,,,,,,,,,,,,,,,1,0,0,CAA20231007,Active,9% Tax Credit,2023-01-01,2078-01-01,37.0,New Construction,,,,,,,,,,0,0,0,,,,,,,,,,,,,,,,,0,0,0,,,,,,,,,,,,,,,,,0,0,0,,,,,,,,,,,,,,,,,0,0,0,,,,,,,,,,,,,,,,,0,0,0,,,,,,,,,,,,,,,,,0,0,0,,,,,,,0,0,0,,,,,,,0,0,0,,,,,,,,,,,,,,,,,,alpine,Unincorporated San Diego County,False,False,37.0,
1195854,PAUL DOWNEY SENIOR RESIDENCE F K A MESSINA,5255 Mount Etna Dr,San Diego,CA,92117.0,41740.0,Metropolitan Statistical Area,San Diego,6073.0,6073008504.0,51.0,32.820839,-117.183708,Active,2,0,0,94,2025-01-01,2080-01-01,2080-01-01,Southern California Housing Collaborative on behal,Non-Profit,Hyder & Co,,,,,,,,,78.0,1.0,25.0,,Elderly or Disabled,2240.0,,,,,0,0,0,,,,,,,,,,,,,,,,,,,0,0,0,,,,,,,,,,,,,,,,,0,0,0,,,,,,,,,,,,,,,0,0,0,,,,,,,,,,,,,,,,,1,0,0,CAA2025012,Active,9% Tax Credit,2025-01-01,2080-01-01,78.0,New Construction,,,,,,,,,,0,0,0,,,,,,,,,,,,,,,,,0,0,0,,,,,,,,,,,,,,,,,0,0,0,,,,,,,,,,,,,,,,,0,0,0,,,,,,,,,,,,,,,,,1,0,0,CA-2022-561,Active,CA California State Low Income Housing Tax Credit,2025-08-01,2080-01-01,93.0,,New Construction Only,,,,,,,,,0,0,0,,,,,,,0,0,0,,,,,,,0,0,0,,,,,,,,,,,,,,,,,,san diego,San Diego,False,False,93.0,
1195923,AQUILA APARTMENTS,7251 Naval Way,San Diego,CA,92126.0,41740.0,Metropolitan Statistical Area,San Diego,6073.0,6073008350.0,51.0,32.895173,-117.166113,Active,2,0,0,180,2023-01-01,2078-01-01,2078-01-01,3Roots CIC LP,Non-Profit,CONAM Management,,,,,,,,,24.0,79.0,77.0,,Family,2620.0,,,,,0,0,0,,,,,,,,,,,,,,,,,,,0,0,0,,,,,,,,,,,,,,,,,0,0,0,,,,,,,,,,,,,,,0,0,0,,,,,,,,,,,,,,,,,1,0,0,CAA20231010,Active,4% Tax Credit,2023-01-01,2078-01-01,178.0,New Construction,,,,,,,,,,0,0,0,,,,,,,,,,,,,,,,,0,0,0,,,,,,,,,,,,,,,,,0,0,0,,,,,,,,,,,,,,,,,0,0,0,,,,,,,,,,,,,,,,,1,0,0,CA-2021-513,Active,CA California State Low Income Housing Tax Credit,2023-12-13,2078-01-01,178.0,,New Construction Only,,,,,,,,,0,0,0,,,,,,,0,0,0,,,,,,,0,0,0,,,,,,,,,,,,,,,,,,san diego,San Diego,False,False,178.0,
1195932,NESTOR SENIOR VILLAGE,1120 Nestor Way,San Diego,CA,92154.0,41740.0,Metropolitan Statistical Area,San Diego,6073.0,6073010110.0,52.0,32.576025,-117.085937,Active,1,0,0,74,2023-01-01,2078-01-01,2078-01-01,,Non-Profit,,,,,,,,,,73.0,1.0,0.0,,Elderly or Disabled,2060.0,,,,,0,0,0,,,,,,,,,,,,,,,,,,,0,0,0,,,,,,,,,,,,,,,,,0,0,0,,,,,,,,,,,,,,,0,0,0,,,,,,,,,,,,,,,,,1,0,0,CAA20231069,Active,9% Tax Credit,2023-01-01,2078-01-01,73.0,New Construction,,,,,,,,,,0,0,0,,,,,,,,,,,,,,,,,0,0,0,,,,,,,,,,,,,,,,,0,0,0,,,,,,,,,,,,,,,,,0,0,0,,,,,,,,,,,,,,,,,0,0,0,,,,,,,,,,,,,,,,,0,0,0,,,,,,,0,0,0,,,,,,,0,0,0,,,,,,,,,,,,,,,,,,san diego,San Diego,False,False,73.0,
1196136,LIVIA AT SCRIPPS RANCH FKA SCRIPPS MESA APARTMENTS,10380 Spring Canyon Rd Unit 223,San Diego,CA,92131.0,41740.0,Metropolitan Statistical Area,San Diego,6073.0,6073017044.0,51.0,32.935542,-117.095519,Active,1,0,0,53,2023-01-01,2078-01-01,2078-01-01,,Non-Profit,,,,,,,,,,18.0,29.0,6.0,,,3170.0,,,,,0,0,0,,,,,,,,,,,,,,,,,,,0,0,0,,,,,,,,,,,,,,,,,0,0,0,,,,,,,,,,,,,,,0,0,0,,,,,,,,,,,,,,,,,1,0,0,CAA20231056,Active,4% Tax Credit,2023-01-01,2078-01-01,53.0,New Construction,,,,,,,,,,0,0,0,,,,,,,,,,,,,,,,,0,0,0,,,,,,,,,,,,,,,,,0,0,0,,,,,,,,,,,,,,,,,0,0,0,,,,,,,,,,,,,,,,,0,0,0,,,,,,,,,,,,,,,,,0,0,0,,,,,,,0,0,0,,,,,,,0,0,0,,,,,,,,,,,,,,,,,,san diego,San Diego,False,False,53.0,
1196171,PACIFIC WIND APARTMENTS,CAROL PL & HARDING ST,Carlsbad,CA,92008.0,,,San Diego,6073.0,6073017809.0,,33.157901,-117.328598,Active,2,0,0,89,2024-01-01,2079-01-01,2079-01-01,Harding Street Neighbors LP,Non-Profit,Advanced Property Services Management Inc,,,,,,,,,23.0,18.0,48.0,,Family,2550.0,,,,,0,0,0,,,,,,,,,,,,,,,,,,,0,0,0,,,,,,,,,,,,,,,,,0,0,0,,,,,,,,,,,,,,,0,0,0,,,,,,,,,,,,,,,,,1,0,0,CAA2024083,Active,4% Tax Credit,2024-01-01,2079-01-01,88.0,Both New Construction and Acquisition and Rehab,,,,,,,,,,0,0,0,,,,,,,,,,,,,,,,,0,0,0,,,,,,,,,,,,,,,,,0,0,0,,,,,,,,,,,,,,,,,0,0,0,,,,,,,,,,,,,,,,,1,0,0,CA-2021-616,Active,CA California State Low Income Housing Tax Credit,2024-03-29,2079-01-01,88.0,,Acquisition and Rehabilitation,,,,,,,,,0,0,0,,,,,,,0,0,0,,,,,,,0,0,0,,,,,,,,,,,,,,,,,,carlsbad,Carlsbad,False,False,88.0,
1196184,COLUMBA APARTMENTS,2040 Transit Guideway,Chula Vista,CA,91915.0,41740.0,Metropolitan Statistical Area,San Diego,6073.0,6073013319.0,52.0,32.624626,-116.964612,Active,2,0,0,200,2023-01-01,2078-01-01,2078-01-01,Millenia II CIC LP,Non-Profit,CONAM Management,,,,,,,,,56.0,86.0,58.0,,Family,,,,,,0,0,0,,,,,,,,,,,,,,,,,,,0,0,0,,,,,,,,,,,,,,,,,0,0,0,,,,,,,,,,,,,,,0,0,0,,,,,,,,,,,,,,,,,1,0,0,CAA20231038,Active,4% Tax Credit,2023-01-01,2078-01-01,198.0,New Construction,,,,,,,,,,0,0,0,,,,,,,,,,,,,,,,,0,0,0,,,,,,,,,,,,,,,,,0,0,0,,,,,,,,,,,,,,,,,0,0,0,,,,,,,,,,,,,,,,,1,0,0,CA-2021-502,Active,CA California State Low Income Housing Tax Credit,2023-11-30,2078-01-01,198.0,,New Construction Only,,,,,,,,,0,0,0,,,,,,,0,0,0,,,,,,,0,0,0,,,,,,,,,,,,,,,,,,chula vista,Chula Vista,False,False,198.0,
1196191,ULRIC STREET APARTMENTS II,2601 Ulric St,San Diego,CA,92111.0,41740.0,Metropolitan Statistical Area,San Diego,6073.0,6073008600.0,51.0,32.790759,-117.172184,Active,2,0,0,60,2024-01-01,2079-01-01,2079-01-01,Linda Vista Housing Associates LP,Non-Profit,ConAm Management,,,,,,,,,59.0,1.0,0.0,,Elderly or Disabled,2140.0,,,,,0,0,0,,,,,,,,,,,,,,,,,,,0,0,0,,,,,,,,,,,,,,,,,0,0,0,,,,,,,,,,,,,,,0,0,0,,,,,,,,,,,,,,,,,1,0,0,CAA2024132,Active,9% Tax Credit,2024-01-01,2079-01-01,59.0,New Construction,,,,,,,,,,0,0,0,,,,,,,,,,,,,,,,,0,0,0,,,,,,,,,,,,,,,,,0,0,0,,,,,,,,,,,,,,,,,0,0,0,,,,,,,,,,,,,,,,,1,0,0,CA-2021-081,Active,CA California State Low Income Housing Tax Credit,2024-03-28,2079-01-01,59.0,,New Construction Only,,,,,,,,,0,0,0,,,,,,,0,0,0,,,,,,,0,0,0,,,,,,,,,,,,,,,,,,san diego,San Diego,False,False,59.0,
1196192,WEST FKA COURTHOUSE COMMONS,1011 UNION ST,San Diego,CA,92101.0,,,San Diego,6073.0,6073005300.0,,32.716125,-117.165412,Active,1,0,0,82,2024-01-01,2079-01-01,2079-01-01,,Non-Profit,,,,,,,,,,65.0,6.0,11.0,,,3190.0,,,,,0,0,0,,,,,,,,,,,,,,,,,,,0,0,0,,,,,,,,,,,,,,,,,0,0,0,,,,,,,,,,,,,,,0,0,0,,,,,,,,,,,,,,,,,1,0,0,CAA2024150,Active,4% Tax Credit,2024-01-01,2079-01-01,41.0,New Construction,,,,,,,,,,0,0,0,,,,,,,,,,,,,,,,,0,0,0,,,,,,,,,,,,,,,,,0,0,0,,,,,,,,,,,,,,,,,0,0,0,,,,,,,,,,,,,,,,,0,0,0,,,,,,,,,,,,,,,,,0,0,0,,,,,,,0,0,0,,,,,,,0,0,0,,,,,,,,,,,,,,,,,,san diego,San Diego,False,False,41.0,
1196204,CORALLINA,6151 Village Way,San Diego,CA,92130.0,41740.0,Metropolitan Statistical Area,San Diego,6073.0,6073021502.0,50.0,32.962065,-117.189325,Active,1,0,0,17,2024-01-01,2079-01-01,2079-01-01,,Non-Profit,,,,,,,,,,4.0,7.0,6.0,,Family,,,,,,0,0,0,,,,,,,,,,,,,,,,,,,0,0,0,,,,,,,,,,,,,,,,,0,0,0,,,,,,,,,,,,,,,0,0,0,,,,,,,,,,,,,,,,,1,0,0,CAA2024027,Active,4% Tax Credit,2024-01-01,2079-01-01,16.0,New Construction,,,,,,,,,,0,0,0,,,,,,,,,,,,,,,,,0,0,0,,,,,,,,,,,,,,,,,0,0,0,,,,,,,,,,,,,,,,,0,0,0,,,,,,,,,,,,,,,,,0,0,0,,,,,,,,,,,,,,,,,0,0,0,,,,,,,0,0,0,,,,,,,0,0,0,,,,,,,,,,,,,,,,,,san diego,San Diego,False,False,16.0,
1196222,ESTRELLA,600 W RICHMAR AVE,San Marcos,CA,92069.0,,,San Diego,6073.0,6073020021.0,,33.146408,-117.172996,Active,1,0,0,96,2024-01-01,2079-01-01,2079-01-01,,Non-Profit,,,,,,,,,,46.0,24.0,26.0,,Family,1880.0,,,,,0,0,0,,,,,,,,,,,,,,,,,,,0,0,0,,,,,,,,,,,,,,,,,0,0,0,,,,,,,,,,,,,,,0,0,0,,,,,,,,,,,,,,,,,1,0,0,CAA2024041,Active,9% Tax Credit,2024-01-01,2079-01-01,94.0,New Construction,,,,,,,,,,0,0,0,,,,,,,,,,,,,,,,,0,0,0,,,,,,,,,,,,,,,,,0,0,0,,,,,,,,,,,,,,,,,0,0,0,,,,,,,,,,,,,,,,,0,0,0,,,,,,,,,,,,,,,,,0,0,0,,,,,,,0,0,0,,,,,,,0,0,0,,,,,,,,,,,,,,,,,,san marcos,San Marcos,False,False,94.0,
1196397,CITY HEIGHTS PLAZA DEL SOL,4061 Fairmount Ave,San Diego,CA,92105.0,41740.0,Metropolitan Statistical Area,San Diego,6073.0,6073002302.0,52.0,32.750773,-117.100582,Active,1,0,0,75,2023-01-01,2078-01-01,2078-01-01,,Non-Profit,,,,,,,,,,0.0,55.0,20.0,,Family,1690.0,,,,,0,0,0,,,,,,,,,,,,,,,,,,,0,0,0,,,,,,,,,,,,,,,,,0,0,0,,,,,,,,,,,,,,,0,0,0,,,,,,,,,,,,,,,,,1,0,0,CAA20231033,Active,9% Tax Credit,2023-01-01,2078-01-01,74.0,New Construction,,,,,,,,,,0,0,0,,,,,,,,,,,,,,,,,0,0,0,,,,,,,,,,,,,,,,,0,0,0,,,,,,,,,,,,,,,,,0,0,0,,,,,,,,,,,,,,,,,0,0,0,,,,,,,,,,,,,,,,,0,0,0,,,,,,,0,0,0,,,,,,,0,0,0,,,,,,,,,,,,,,,,,,san diego,San Diego,False,False,74.0,
1198042,IRIS AT SAN YSIDRO,1663 Dairy Mart Rd,San Diego,CA,92173.0,41740.0,Metropolitan Statistical Area,San Diego,6073.0,6073010012.0,52.0,32.565739,-117.061729,Active,1,0,0,100,2025-08-01,2080-01-01,2080-01-01,Iris at San Ysidro LP,,National Community Renaissance of California,,,,,,,,,42.0,32.0,26.0,,Family,1680.0,,,,,0,0,0,,,,,,,,,,,,,,,,,,,0,0,0,,,,,,,,,,,,,,,,,0,0,0,,,,,,,,,,,,,,,0,0,0,,,,,,,,,,,,,,,,,0,0,0,,,,,,,,,,,,,,,,,0,0,0,,,,,,,,,,,,,,,,,0,0,0,,,,,,,,,,,,,,,,,0,0,0,,,,,,,,,,,,,,,,,0,0,0,,,,,,,,,,,,,,,,,1,0,0,CA-2023-485,Active,CA California State Low Income Housing Tax Credit,2025-08-01,2080-01-01,99.0,,New Construction Only,,,,,,,,,0,0,0,,,,,,,0,0,0,,,,,,,0,0,0,,,,,,,,,,,,,,,,,,san diego,San Diego,False,False,99.0,
1198055,NORTH CITY AFFORDABLE,337 E Carmel St,San Marcos,CA,92078.0,41740.0,Metropolitan Statistical Area,San Diego,6073.0,6073020310.0,50.0,33.137247,-117.155731,Active,1,0,0,224,,,,Carmel Enterprise LLC,,Aperto Property Management,,,,,,,,,98.0,66.0,60.0,,Family,,,,,,0,0,0,,,,,,,,,,,,,,,,,,,0,0,0,,,,,,,,,,,,,,,,,0,0,0,,,,,,,,,,,,,,,0,0,0,,,,,,,,,,,,,,,,,0,0,0,,,,,,,,,,,,,,,,,0,0,0,,,,,,,,,,,,,,,,,0,0,0,,,,,,,,,,,,,,,,,0,0,0,,,,,,,,,,,,,,,,,0,0,0,,,,,,,,,,,,,,,,,1,0,0,CA-2024-539,Active,CA California State Low Income Housing Tax Credit,,,222.0,End Date Missing,New Construction Only,,,,,,,,,0,0,0,,,,,,,0,0,0,,,,,,,0,0,0,,,,,,,,,,,,,,,,,,san marcos,San Marcos,False,False,222.0,
1198070,LA SABILA FKA SANTA FE APARTMENTS,2357 S Santa Fe Ave,Vista,CA,92083.0,41740.0,Metropolitan Statistical Area,San Diego,6073.0,6073019902.0,49.0,33.166283,-117.206832,Active,1,0,0,85,2025-12-17,2080-01-01,2080-01-01,Wakeland Santa Fe Senior LP,,ConAm Management Corporation,,,,,,,,,84.0,1.0,0.0,,Disabled,1930.0,,,,,0,0,0,,,,,,,,,,,,,,,,,,,0,0,0,,,,,,,,,,,,,,,,,0,0,0,,,,,,,,,,,,,,,0,0,0,,,,,,,,,,,,,,,,,0,0,0,,,,,,,,,,,,,,,,,0,0,0,,,,,,,,,,,,,,,,,0,0,0,,,,,,,,,,,,,,,,,0,0,0,,,,,,,,,,,,,,,,,0,0,0,,,,,,,,,,,,,,,,,1,0,0,CA-2023-147,Active,CA California State Low Income Housing Tax Credit,2025-12-17,2080-01-01,84.0,,New Construction Only,,,,,,,,,0,0,0,,,,,,,0,0,0,,,,,,,0,0,0,,,,,,,,,,,,,,,,,,vista,Vista,False,False,84.0,
